,,,,,,,,,,,,,,,,,,,,,,,,,,,,,,,,,,,,,,,,,,,,,,,,,,,,,,,,,,,,,,,,,,,,,,,,,,,,,,,,,,,,,,,,,,,,,,,,,,,,,,,,,,,,,,,,,,,,,,,,,,,,,,,,,,,,,,,,,,,,,,,,,,,,,,,,,,,,,,,,,,,,,,,,,,,,,,,,,,,,,,,,,,,,,,,,,,,,,,,,,,,,,,,,,,,,,,,,,,,,,,,,,,,,,,,,,,,,,,,,,,,,,,,,,,,,,,,,,,,,,,
,,Singles,,,,,,,,,,,,,,,,,,,,,,,,,,,,,,,,,,,,,,,,,,,,,,,,,,,,,,,,,,,,,,,,,,,,,,,,,,,,,,,,,,,,,,,,,,,,,,,,,,,,,,,,,,,,,,,,,,,,,,,,,,,,,,,,,,,,,,,,,,,,,,,,,,,,,,,,,,,,,,,,,,,,,,,,,,,,,,,,,,,,,,,,,,,,,,,,,,,,,,,,,,,,,,,,,,,,,,,,,,,,,,,,,,,,,,,,,,,,,,,,,,,,,,,,,,,,,,,,,,,,
2,,brandenburg_gun_76_x1,0.826,0.997,0.66,,,2,,jap_tb_gun_76_x1,1.326,1.497,0.66,,,2,,bouvet_gun_100_x1,0.826,0.997,0.66,,,2,,friedrich_gun_152_x1,0.763,0.8985,0.92,,,2,40,dd_s_gun_b_102_x1,0.763,0.8985,0.66,,,2,45,dd_s_gun_b_102_x1,0.763,0.8985,0.66,,,2,50,dd_s_gun_b_102_x1,0.763,0.8985,0.66,,,2,40,dd_s_gun_c_102_x1,0.763,0.8985,0.66,,,2,45,dd_s_gun_c_102_x1,0.763,0.8985,0.66,,,2,50,dd_s_gun_c_102_x1,0.763,0.8985,0.66,,,2,40,dd_s_gun_d_102_x1,0.763,0.8985,0.66,,,2,45,dd_s_gun_d_102_x1,0.763,0.8985,0.66,,,2,50,dd_s_gun_d_102_x1,0.763,0.8985,0.66,,,,,,,,,,,,,,,,,,,,,,,,,,,,,,,,,,,,,,,,,,,,,,,,,,,,,,,,,,,,,,,,,,,,,,,,,,,,,,,,,,,,,,,,,,,,,,,,,,,,,,,,,,,,,,,,,,,,,,,,,,,,,,,,,,,,,,,,,,,,,,,,,,,,,,,,,,,,,,,,,
,,,,,,,,,,,,,,,,,,,,,,,,,,,,,,,,,40,,,,,,,,45,,,,,,,,50,,,,,,,,40,,,,,,,,45,,,,,,,,50,,,,,,,,40,,,,,,,,45,,,,,,,,50,,,,,,,,,,,,,,,,,,,,,,,,,,,,,,,,,,,,,,,,,,,,,,,,,,,,,,,,,,,,,,,,,,,,,,,,,,,,,,,,,,,,,,,,,,,,,,,,,,,,,,,,,,,,,,,,,,,,,,,,,,,,,,,,,,,,,,,,,,,,,,,,,,,,,,,,,,,,,,,,,,,,,
,,,,,,,,,,,,,,,,,,,,,,,,,,,,,,,,,40,,,,,,,,45,,,,,,,,50,,,,,,,,40,,,,,,,,45,,,,,,,,50,,,,,,,,40,,,,,,,,45,,,,,,,,50,,,,,,,,,,,,,,,,,,,,,,,,,,,,,,,,,,,,,,,,,,,,,,,,,,,,,,,,,,,,,,,,,,,,,,,,,,,,,,,,,,,,,,,,,,,,,,,,,,,,,,,,,,,,,,,,,,,,,,,,,,,,,,,,,,,,,,,,,,,,,,,,,,,,,,,,,,,,,,,,,,,,,
,,,,,,,,,,,,,,,,,,,,,,,,,,,,,,,,,40,,,,,,,,45,,,,,,,,50,,,,,,,,40,,,,,,,,45,,,,,,,,50,,,,,,,,40,,,,,,,,45,,,,,,,,50,,,,,,,,,,,,,,,,,,,,,,,,,,,,,,,,,,,,,,,,,,,,,,,,,,,,,,,,,,,,,,,,,,,,,,,,,,,,,,,,,,,,,,,,,,,,,,,,,,,,,,,,,,,,,,,,,,,,,,,,,,,,,,,,,,,,,,,,,,,,,,,,,,,,,,,,,,,,,,,,,,,,,
3,,brandenburg_gun_76_x1,1.017,2.288,1,,,3,,jap_tb_gun_76_x1,1.517,1.688,1,,,3,,bouvet_gun_100_x1,1.017,2.288,1,,,3,,friedrich_gun_152_x1,0.9085,1.044,1.45,,,3,40,dd_s_gun_b_102_x1,0.9085,1.044,1,,,3,45,dd_s_gun_b_102_x1,0.9085,1.044,1,,,3,50,dd_s_gun_b_102_x1,0.9085,1.044,1,,,3,40,dd_s_gun_c_102_x1,0.9085,1.044,1,,,3,45,dd_s_gun_c_102_x1,0.9085,1.044,1,,,3,50,dd_s_gun_c_102_x1,0.9085,1.044,1,,,3,40,dd_s_gun_d_102_x1,0.9085,1.044,1,,,3,45,dd_s_gun_d_102_x1,0.9085,1.044,1,,,3,50,dd_s_gun_d_102_x1,0.9085,1.044,1,,,,,,,,,,,,,,,,,,,,,,,,,,,,,,,,,,,,,,,,,,,,,,,,,,,,,,,,,,,,,,,,,,,,,,,,,,,,,,,,,,,,,,,,,,,,,,,,,,,,,,,,,,,,,,,,,,,,,,,,,,,,,,,,,,,,,,,,,,,,,,,,,,,,,,,,,,,,,,,,,
,,,,,,,,,,,,,,,,,,,,,,,,,,,,,,,,,40,,,,,,,,45,,,,,,,,50,,,,,,,,40,,,,,,,,45,,,,,,,,50,,,,,,,,40,,,,,,,,45,,,,,,,,50,,,,,,,,,,,,,,,,,,,,,,,,,,,,,,,,,,,,,,,,,,,,,,,,,,,,,,,,,,,,,,,,,,,,,,,,,,,,,,,,,,,,,,,,,,,,,,,,,,,,,,,,,,,,,,,,,,,,,,,,,,,,,,,,,,,,,,,,,,,,,,,,,,,,,,,,,,,,,,,,,,,,,
,,,,,,,,,,,,,,,,,,,,,,,,,,,,,,,,,40,,,,,,,,45,,,,,,,,50,,,,,,,,40,,,,,,,,45,,,,,,,,50,,,,,,,,40,,,,,,,,45,,,,,,,,50,,,,,,,,,,,,,,,,,,,,,,,,,,,,,,,,,,,,,,,,,,,,,,,,,,,,,,,,,,,,,,,,,,,,,,,,,,,,,,,,,,,,,,,,,,,,,,,,,,,,,,,,,,,,,,,,,,,,,,,,,,,,,,,,,,,,,,,,,,,,,,,,,,,,,,,,,,,,,,,,,,,,,
,,,,,,,,,,,,,,,,,,,,,,,,,,,,,,,,,40,,,,,,,,45,,,,,,,,50,,,,,,,,40,,,,,,,,45,,,,,,,,50,,,,,,,,40,,,,,,,,45,,,,,,,,50,,,,,,,,,,,,,,,,,,,,,,,,,,,,,,,,,,,,,,,,,,,,,,,,,,,,,,,,,,,,,,,,,,,,,,,,,,,,,,,,,,,,,,,,,,,,,,,,,,,,,,,,,,,,,,,,,,,,,,,,,,,,,,,,,,,,,,,,,,,,,,,,,,,,,,,,,,,,,,,,,,,,,
4,,brandenburg_gun_76_x1,1.208,1.379,1.1,,,4,,jap_tb_gun_76_x1,1.708,1.879,1.1,,,4,,bouvet_gun_100_x1,1.208,1.379,1.1,,,4,,friedrich_gun_152_x1,1.054,1.1895,1.7,,,4,40,dd_s_gun_b_102_x1,1.054,1.1895,1.1,,,4,45,dd_s_gun_b_102_x1,1.054,1.1895,1.1,,,4,50,dd_s_gun_b_102_x1,1.054,1.1895,1.1,,,4,40,dd_s_gun_c_102_x1,1.054,1.1895,1.1,,,4,45,dd_s_gun_c_102_x1,1.054,1.1895,1.1,,,4,50,dd_s_gun_c_102_x1,1.054,1.1895,1.1,,,4,40,dd_s_gun_d_102_x1,1.054,1.1895,1.1,,,4,45,dd_s_gun_d_102_x1,1.054,1.1895,1.1,,,4,50,dd_s_gun_d_102_x1,1.054,1.1895,1.1,,,,,,,,,,,,,,,,,,,,,,,,,,,,,,,,,,,,,,,,,,,,,,,,,,,,,,,,,,,,,,,,,,,,,,,,,,,,,,,,,,,,,,,,,,,,,,,,,,,,,,,,,,,,,,,,,,,,,,,,,,,,,,,,,,,,,,,,,,,,,,,,,,,,,,,,,,,,,,,,,
,,,,,,,,,,,,,,,,,,,,,,,,,,,,,,,,,40,,,,,,,,45,,,,,,,,50,,,,,,,,40,,,,,,,,45,,,,,,,,50,,,,,,,,40,,,,,,,,45,,,,,,,,50,,,,,,,,,,,,,,,,,,,,,,,,,,,,,,,,,,,,,,,,,,,,,,,,,,,,,,,,,,,,,,,,,,,,,,,,,,,,,,,,,,,,,,,,,,,,,,,,,,,,,,,,,,,,,,,,,,,,,,,,,,,,,,,,,,,,,,,,,,,,,,,,,,,,,,,,,,,,,,,,,,,,,
,,,,,,,,,,,,,,,,,,,,,,,,,,,,,,,,,40,,,,,,,,45,,,,,,,,50,,,,,,,,40,,,,,,,,45,,,,,,,,50,,,,,,,,40,,,,,,,,45,,,,,,,,50,,,,,,,,,,,,,,,,,,,,,,,,,,,,,,,,,,,,,,,,,,,,,,,,,,,,,,,,,,,,,,,,,,,,,,,,,,,,,,,,,,,,,,,,,,,,,,,,,,,,,,,,,,,,,,,,,,,,,,,,,,,,,,,,,,,,,,,,,,,,,,,,,,,,,,,,,,,,,,,,,,,,,
,,,,,,,,,,,,,,,,,,,,,,,,,,,,,,,,,40,,,,,,,,45,,,,,,,,50,,,,,,,,40,,,,,,,,45,,,,,,,,50,,,,,,,,40,,,,,,,,45,,,,,,,,50,,,,,,,,,,,,,,,,,,,,,,,,,,,,,,,,,,,,,,,,,,,,,,,,,,,,,,,,,,,,,,,,,,,,,,,,,,,,,,,,,,,,,,,,,,,,,,,,,,,,,,,,,,,,,,,,,,,,,,,,,,,,,,,,,,,,,,,,,,,,,,,,,,,,,,,,,,,,,,,,,,,,,
5,,brandenburg_gun_76_x1,1.399,1.57,0.85,,,5,,jap_tb_gun_76_x1,1.899,1.97,0.85,,,5,,bouvet_gun_100_x1,1.399,1.57,0.85,,,5,,friedrich_gun_152_x1,1.1995,1.335,1.25,,,5,40,dd_s_gun_b_102_x1,1.1995,1.335,0.85,,,5,45,dd_s_gun_b_102_x1,1.1995,1.335,0.85,,,5,50,dd_s_gun_b_102_x1,1.1995,1.335,0.85,,,5,40,dd_s_gun_c_102_x1,1.1995,1.335,0.85,,,5,45,dd_s_gun_c_102_x1,1.1995,1.335,0.85,,,5,50,dd_s_gun_c_102_x1,1.1995,1.335,0.85,,,5,40,dd_s_gun_d_102_x1,1.1995,1.335,0.85,,,5,45,dd_s_gun_d_102_x1,1.1995,1.335,0.85,,,5,50,dd_s_gun_d_102_x1,1.1995,1.335,0.85,,,,,,,,,,,,,,,,,,,,,,,,,,,,,,,,,,,,,,,,,,,,,,,,,,,,,,,,,,,,,,,,,,,,,,,,,,,,,,,,,,,,,,,,,,,,,,,,,,,,,,,,,,,,,,,,,,,,,,,,,,,,,,,,,,,,,,,,,,,,,,,,,,,,,,,,,,,,,,,,,
,,,,,,,,,,,,,,,,,,,,,,,,,,,,,,,,,40,,,,,,,,45,,,,,,,,50,,,,,,,,40,,,,,,,,45,,,,,,,,50,,,,,,,,40,,,,,,,,45,,,,,,,,50,,,,,,,,,,,,,,,,,,,,,,,,,,,,,,,,,,,,,,,,,,,,,,,,,,,,,,,,,,,,,,,,,,,,,,,,,,,,,,,,,,,,,,,,,,,,,,,,,,,,,,,,,,,,,,,,,,,,,,,,,,,,,,,,,,,,,,,,,,,,,,,,,,,,,,,,,,,,,,,,,,,,,
,,,,,,,,,,,,,,,,,,,,,,,,,,,,,,,,,40,,,,,,,,45,,,,,,,,50,,,,,,,,40,,,,,,,,45,,,,,,,,50,,,,,,,,40,,,,,,,,45,,,,,,,,50,,,,,,,,,,,,,,,,,,,,,,,,,,,,,,,,,,,,,,,,,,,,,,,,,,,,,,,,,,,,,,,,,,,,,,,,,,,,,,,,,,,,,,,,,,,,,,,,,,,,,,,,,,,,,,,,,,,,,,,,,,,,,,,,,,,,,,,,,,,,,,,,,,,,,,,,,,,,,,,,,,,,,
,,,,,,,,,,,,,,,,,,,,,,,,,,,,,,,,,40,,,,,,,,45,,,,,,,,50,,,,,,,,40,,,,,,,,45,,,,,,,,50,,,,,,,,40,,,,,,,,45,,,,,,,,50,,,,,,,,,,,,,,,,,,,,,,,,,,,,,,,,,,,,,,,,,,,,,,,,,,,,,,,,,,,,,,,,,,,,,,,,,,,,,,,,,,,,,,,,,,,,,,,,,,,,,,,,,,,,,,,,,,,,,,,,,,,,,,,,,,,,,,,,,,,,,,,,,,,,,,,,,,,,,,,,,,,,,
6,,brandenburg_gun_76_x1,1.59,1.761,0.75,,,6,,jap_tb_gun_76_x1,2.09,2.261,0.75,,,6,,bouvet_gun_100_x1,1.59,1.761,0.75,,,6,,friedrich_gun_152_x1,1.345,1.4805,1.185,,,6,40,dd_s_gun_b_102_x1,1.345,1.4805,0.75,,,6,45,dd_s_gun_b_102_x1,1.345,1.4805,0.75,,,6,50,dd_s_gun_b_102_x1,1.345,1.4805,0.75,,,6,40,dd_s_gun_c_102_x1,1.345,1.4805,0.75,,,6,45,dd_s_gun_c_102_x1,1.345,1.4805,0.75,,,6,50,dd_s_gun_c_102_x1,1.345,1.4805,0.75,,,6,40,dd_s_gun_d_102_x1,1.345,1.4805,0.75,,,6,45,dd_s_gun_d_102_x1,1.345,1.4805,0.75,,,6,50,dd_s_gun_d_102_x1,1.345,1.4805,0.75,,,,,,,,,,,,,,,,,,,,,,,,,,,,,,,,,,,,,,,,,,,,,,,,,,,,,,,,,,,,,,,,,,,,,,,,,,,,,,,,,,,,,,,,,,,,,,,,,,,,,,,,,,,,,,,,,,,,,,,,,,,,,,,,,,,,,,,,,,,,,,,,,,,,,,,,,,,,,,,,,
,,,,,,,,,,,,,,,,,,,,,,,,,,,,,,,,,40,,,,,,,,45,,,,,,,,50,,,,,,,,40,,,,,,,,45,,,,,,,,50,,,,,,,,40,,,,,,,,45,,,,,,,,50,,,,,,,,,,,,,,,,,,,,,,,,,,,,,,,,,,,,,,,,,,,,,,,,,,,,,,,,,,,,,,,,,,,,,,,,,,,,,,,,,,,,,,,,,,,,,,,,,,,,,,,,,,,,,,,,,,,,,,,,,,,,,,,,,,,,,,,,,,,,,,,,,,,,,,,,,,,,,,,,,,,,,
,,,,,,,,,,,,,,,,,,,,,,,,,,,,,,,,,40,,,,,,,,45,,,,,,,,50,,,,,,,,40,,,,,,,,45,,,,,,,,50,,,,,,,,40,,,,,,,,45,,,,,,,,50,,,,,,,,,,,,,,,,,,,,,,,,,,,,,,,,,,,,,,,,,,,,,,,,,,,,,,,,,,,,,,,,,,,,,,,,,,,,,,,,,,,,,,,,,,,,,,,,,,,,,,,,,,,,,,,,,,,,,,,,,,,,,,,,,,,,,,,,,,,,,,,,,,,,,,,,,,,,,,,,,,,,,
,,,,,,,,,,,,,,,,,,,,,,,,,,,,,,,,,40,,,,,,,,45,,,,,,,,50,,,,,,,,40,,,,,,,,45,,,,,,,,50,,,,,,,,40,,,,,,,,45,,,,,,,,50,,,,,,,,,,,,,,,,,,,,,,,,,,,,,,,,,,,,,,,,,,,,,,,,,,,,,,,,,,,,,,,,,,,,,,,,,,,,,,,,,,,,,,,,,,,,,,,,,,,,,,,,,,,,,,,,,,,,,,,,,,,,,,,,,,,,,,,,,,,,,,,,,,,,,,,,,,,,,,,,,,,,,
7,,brandenburg_gun_76_x1,1.781,1.952,0.8,,,7,,jap_tb_gun_76_x1,2.281,2.451,0.8,,,7,,bouvet_gun_100_x1,1.781,1.952,0.8,,,7,,friedrich_gun_152_x1,1.4905,1.626,1.21,,,7,40,dd_s_gun_b_102_x1,1.4905,1.626,0.8,,,7,45,dd_s_gun_b_102_x1,1.4905,1.626,0.8,,,7,50,dd_s_gun_b_102_x1,1.4905,1.626,0.8,,,7,40,dd_s_gun_c_102_x1,1.4905,1.626,0.8,,,7,45,dd_s_gun_c_102_x1,1.4905,1.626,0.8,,,7,50,dd_s_gun_c_102_x1,1.4905,1.626,0.8,,,7,40,dd_s_gun_d_102_x1,1.4905,1.626,0.8,,,7,45,dd_s_gun_d_102_x1,1.4905,1.626,0.8,,,7,50,dd_s_gun_d_102_x1,1.4905,1.626,0.8,,,,,,,,,,,,,,,,,,,,,,,,,,,,,,,,,,,,,,,,,,,,,,,,,,,,,,,,,,,,,,,,,,,,,,,,,,,,,,,,,,,,,,,,,,,,,,,,,,,,,,,,,,,,,,,,,,,,,,,,,,,,,,,,,,,,,,,,,,,,,,,,,,,,,,,,,,,,,,,,,
,,,,,,,,,,,,,,,,,,,,,,,,,,,,,,,,,40,,,,,,,,45,,,,,,,,50,,,,,,,,40,,,,,,,,45,,,,,,,,50,,,,,,,,40,,,,,,,,45,,,,,,,,50,,,,,,,,,,,,,,,,,,,,,,,,,,,,,,,,,,,,,,,,,,,,,,,,,,,,,,,,,,,,,,,,,,,,,,,,,,,,,,,,,,,,,,,,,,,,,,,,,,,,,,,,,,,,,,,,,,,,,,,,,,,,,,,,,,,,,,,,,,,,,,,,,,,,,,,,,,,,,,,,,,,,,
,,,,,,,,,,,,,,,,,,,,,,,,,,,,,,,,,40,,,,,,,,45,,,,,,,,50,,,,,,,,40,,,,,,,,45,,,,,,,,50,,,,,,,,40,,,,,,,,45,,,,,,,,50,,,,,,,,,,,,,,,,,,,,,,,,,,,,,,,,,,,,,,,,,,,,,,,,,,,,,,,,,,,,,,,,,,,,,,,,,,,,,,,,,,,,,,,,,,,,,,,,,,,,,,,,,,,,,,,,,,,,,,,,,,,,,,,,,,,,,,,,,,,,,,,,,,,,,,,,,,,,,,,,,,,,,
,,,,,,,,,,,,,,,,,,,,,,,,,,,,,,,,,40,,,,,,,,45,,,,,,,,50,,,,,,,,40,,,,,,,,45,,,,,,,,50,,,,,,,,40,,,,,,,,45,,,,,,,,50,,,,,,,,,,,,,,,,,,,,,,,,,,,,,,,,,,,,,,,,,,,,,,,,,,,,,,,,,,,,,,,,,,,,,,,,,,,,,,,,,,,,,,,,,,,,,,,,,,,,,,,,,,,,,,,,,,,,,,,,,,,,,,,,,,,,,,,,,,,,,,,,,,,,,,,,,,,,,,,,,,,,,
8,,brandenburg_gun_76_x1,1.972,2.143,0.78,,,8,,jap_tb_gun_76_x1,2.471,2.643,0.78,,,8,,bouvet_gun_100_x1,1.972,2.143,0.78,,,8,,friedrich_gun_152_x1,1.636,1.7715,1.17,,,8,40,dd_s_gun_b_102_x1,1.636,1.7715,0.78,,,8,45,dd_s_gun_b_102_x1,1.636,1.7715,0.78,,,8,50,dd_s_gun_b_102_x1,1.636,1.7715,0.78,,,8,40,dd_s_gun_c_102_x1,1.636,1.7715,0.78,,,8,45,dd_s_gun_c_102_x1,1.636,1.7715,0.78,,,8,50,dd_s_gun_c_102_x1,1.636,1.7715,0.78,,,8,40,dd_s_gun_d_102_x1,1.636,1.7715,0.78,,,8,45,dd_s_gun_d_102_x1,1.636,1.7715,0.78,,,8,50,dd_s_gun_d_102_x1,1.636,1.7715,0.78,,,,,,,,,,,,,,,,,,,,,,,,,,,,,,,,,,,,,,,,,,,,,,,,,,,,,,,,,,,,,,,,,,,,,,,,,,,,,,,,,,,,,,,,,,,,,,,,,,,,,,,,,,,,,,,,,,,,,,,,,,,,,,,,,,,,,,,,,,,,,,,,,,,,,,,,,,,,,,,,,
,,,,,,,,,,,,,,,,,,,,,,,,,,,,,,,,,40,,,,,,,,45,,,,,,,,50,,,,,,,,40,,,,,,,,45,,,,,,,,50,,,,,,,,40,,,,,,,,45,,,,,,,,50,,,,,,,,,,,,,,,,,,,,,,,,,,,,,,,,,,,,,,,,,,,,,,,,,,,,,,,,,,,,,,,,,,,,,,,,,,,,,,,,,,,,,,,,,,,,,,,,,,,,,,,,,,,,,,,,,,,,,,,,,,,,,,,,,,,,,,,,,,,,,,,,,,,,,,,,,,,,,,,,,,,,,
,,,,,,,,,,,,,,,,,,,,,,,,,,,,,,,,,40,,,,,,,,45,,,,,,,,50,,,,,,,,40,,,,,,,,45,,,,,,,,50,,,,,,,,40,,,,,,,,45,,,,,,,,50,,,,,,,,,,,,,,,,,,,,,,,,,,,,,,,,,,,,,,,,,,,,,,,,,,,,,,,,,,,,,,,,,,,,,,,,,,,,,,,,,,,,,,,,,,,,,,,,,,,,,,,,,,,,,,,,,,,,,,,,,,,,,,,,,,,,,,,,,,,,,,,,,,,,,,,,,,,,,,,,,,,,,
,,,,,,,,,,,,,,,,,,,,,,,,,,,,,,,,,40,,,,,,,,45,,,,,,,,50,,,,,,,,40,,,,,,,,45,,,,,,,,50,,,,,,,,40,,,,,,,,45,,,,,,,,50,,,,,,,,,,,,,,,,,,,,,,,,,,,,,,,,,,,,,,,,,,,,,,,,,,,,,,,,,,,,,,,,,,,,,,,,,,,,,,,,,,,,,,,,,,,,,,,,,,,,,,,,,,,,,,,,,,,,,,,,,,,,,,,,,,,,,,,,,,,,,,,,,,,,,,,,,,,,,,,,,,,,,
9,,brandenburg_gun_76_x1,2.163,2.334,0.7,,,9,,jap_tb_gun_76_x1,2.663,2.834,0.7,,,9,,bouvet_gun_100_x1,2.163,2.334,0.7,,,9,,friedrich_gun_152_x1,1.7815,1.917,1.1,,,9,40,dd_s_gun_b_102_x1,1.7815,1.917,0.7,,,9,45,dd_s_gun_b_102_x1,1.7815,1.917,0.7,,,9,50,dd_s_gun_b_102_x1,1.7815,1.917,0.7,,,9,40,dd_s_gun_c_102_x1,1.7815,1.917,0.7,,,9,45,dd_s_gun_c_102_x1,1.7815,1.917,0.7,,,9,50,dd_s_gun_c_102_x1,1.7815,1.917,0.7,,,9,40,dd_s_gun_d_102_x1,1.7815,1.917,0.7,,,9,45,dd_s_gun_d_102_x1,1.7815,1.917,0.7,,,9,50,dd_s_gun_d_102_x1,1.7815,1.917,0.7,,,,,,,,,,,,,,,,,,,,,,,,,,,,,,,,,,,,,,,,,,,,,,,,,,,,,,,,,,,,,,,,,,,,,,,,,,,,,,,,,,,,,,,,,,,,,,,,,,,,,,,,,,,,,,,,,,,,,,,,,,,,,,,,,,,,,,,,,,,,,,,,,,,,,,,,,,,,,,,,,
,,,,,,,,,,,,,,,,,,,,,,,,,,,,,,,,,40,,,,,,,,45,,,,,,,,50,,,,,,,,40,,,,,,,,45,,,,,,,,50,,,,,,,,40,,,,,,,,45,,,,,,,,50,,,,,,,,,,,,,,,,,,,,,,,,,,,,,,,,,,,,,,,,,,,,,,,,,,,,,,,,,,,,,,,,,,,,,,,,,,,,,,,,,,,,,,,,,,,,,,,,,,,,,,,,,,,,,,,,,,,,,,,,,,,,,,,,,,,,,,,,,,,,,,,,,,,,,,,,,,,,,,,,,,,,,
,,,,,,,,,,,,,,,,,,,,,,,,,,,,,,,,,40,,,,,,,,45,,,,,,,,50,,,,,,,,40,,,,,,,,45,,,,,,,,50,,,,,,,,40,,,,,,,,45,,,,,,,,50,,,,,,,,,,,,,,,,,,,,,,,,,,,,,,,,,,,,,,,,,,,,,,,,,,,,,,,,,,,,,,,,,,,,,,,,,,,,,,,,,,,,,,,,,,,,,,,,,,,,,,,,,,,,,,,,,,,,,,,,,,,,,,,,,,,,,,,,,,,,,,,,,,,,,,,,,,,,,,,,,,,,,
,,,,,,,,,,,,,,,,,,,,,,,,,,,,,,,,,40,,,,,,,,45,,,,,,,,50,,,,,,,,40,,,,,,,,45,,,,,,,,50,,,,,,,,40,,,,,,,,45,,,,,,,,50,,,,,,,,,,,,,,,,,,,,,,,,,,,,,,,,,,,,,,,,,,,,,,,,,,,,,,,,,,,,,,,,,,,,,,,,,,,,,,,,,,,,,,,,,,,,,,,,,,,,,,,,,,,,,,,,,,,,,,,,,,,,,,,,,,,,,,,,,,,,,,,,,,,,,,,,,,,,,,,,,,,,,
10,,brandenburg_gun_76_x1,2.354,2.525,0.765,,,10,,jap_tb_gun_76_x1,2.854,3.025,0.765,,,10,,bouvet_gun_100_x1,2.354,2.525,0.765,,,10,,friedrich_gun_152_x1,1.927,2.0625,1.2,,,10,40,dd_s_gun_b_102_x1,1.927,2.0625,0.765,,,10,45,dd_s_gun_b_102_x1,1.927,2.0625,0.765,,,10,50,dd_s_gun_b_102_x1,1.927,2.0625,0.765,,,10,40,dd_s_gun_c_102_x1,1.927,2.0625,0.765,,,10,45,dd_s_gun_c_102_x1,1.927,2.0625,0.765,,,10,50,dd_s_gun_c_102_x1,1.927,2.0625,0.765,,,10,40,dd_s_gun_d_102_x1,1.927,2.0625,0.765,,,10,45,dd_s_gun_d_102_x1,1.927,2.0625,0.765,,,10,50,dd_s_gun_d_102_x1,1.927,2.0625,0.765,,,,,,,,,,,,,,,,,,,,,,,,,,,,,,,,,,,,,,,,,,,,,,,,,,,,,,,,,,,,,,,,,,,,,,,,,,,,,,,,,,,,,,,,,,,,,,,,,,,,,,,,,,,,,,,,,,,,,,,,,,,,,,,,,,,,,,,,,,,,,,,,,,,,,,,,,,,,,,,,,
,,,,,,,,,,,,,,,,,,,,,,,,,,,,,,,,,40,,,,,,,,45,,,,,,,,50,,,,,,,,40,,,,,,,,45,,,,,,,,50,,,,,,,,40,,,,,,,,45,,,,,,,,50,,,,,,,,,,,,,,,,,,,,,,,,,,,,,,,,,,,,,,,,,,,,,,,,,,,,,,,,,,,,,,,,,,,,,,,,,,,,,,,,,,,,,,,,,,,,,,,,,,,,,,,,,,,,,,,,,,,,,,,,,,,,,,,,,,,,,,,,,,,,,,,,,,,,,,,,,,,,,,,,,,,,,
,,,,,,,,,,,,,,,,,,,,,,,,,,,,,,,,,40,,,,,,,,45,,,,,,,,50,,,,,,,,40,,,,,,,,45,,,,,,,,50,,,,,,,,40,,,,,,,,45,,,,,,,,50,,,,,,,,,,,,,,,,,,,,,,,,,,,,,,,,,,,,,,,,,,,,,,,,,,,,,,,,,,,,,,,,,,,,,,,,,,,,,,,,,,,,,,,,,,,,,,,,,,,,,,,,,,,,,,,,,,,,,,,,,,,,,,,,,,,,,,,,,,,,,,,,,,,,,,,,,,,,,,,,,,,,,
,,,,,,,,,,,,,,,,,,,,,,,,,,,,,,,,,40,,,,,,,,45,,,,,,,,50,,,,,,,,40,,,,,,,,45,,,,,,,,50,,,,,,,,40,,,,,,,,45,,,,,,,,50,,,,,,,,,,,,,,,,,,,,,,,,,,,,,,,,,,,,,,,,,,,,,,,,,,,,,,,,,,,,,,,,,,,,,,,,,,,,,,,,,,,,,,,,,,,,,,,,,,,,,,,,,,,,,,,,,,,,,,,,,,,,,,,,,,,,,,,,,,,,,,,,,,,,,,,,,,,,,,,,,,,,,
11,,brandenburg_gun_76_x1,2.545,2.716,0.7,,,11,,jap_tb_gun_76_x1,3.045,3.216,0.7,,,11,,bouvet_gun_100_x1,2.545,2.716,0.7,,,11,,friedrich_gun_152_x1,2.0725,2.208,1.07,,,11,40,dd_s_gun_b_102_x1,2.0725,2.208,0.7,,,11,45,dd_s_gun_b_102_x1,2.0725,2.208,0.7,,,11,50,dd_s_gun_b_102_x1,2.0725,2.208,0.7,,,11,40,dd_s_gun_c_102_x1,2.0725,2.208,0.7,,,11,45,dd_s_gun_c_102_x1,2.0725,2.208,0.7,,,11,50,dd_s_gun_c_102_x1,2.0725,2.208,0.7,,,11,40,dd_s_gun_d_102_x1,2.0725,2.208,0.7,,,11,45,dd_s_gun_d_102_x1,2.0725,2.208,0.7,,,11,50,dd_s_gun_d_102_x1,2.0725,2.208,0.7,,,,,,,,,,,,,,,,,,,,,,,,,,,,,,,,,,,,,,,,,,,,,,,,,,,,,,,,,,,,,,,,,,,,,,,,,,,,,,,,,,,,,,,,,,,,,,,,,,,,,,,,,,,,,,,,,,,,,,,,,,,,,,,,,,,,,,,,,,,,,,,,,,,,,,,,,,,,,,,,,
,,,,,,,,,,,,,,,,,,,,,,,,,,,,,,,,,40,,,,,,,,45,,,,,,,,50,,,,,,,,40,,,,,,,,45,,,,,,,,50,,,,,,,,40,,,,,,,,45,,,,,,,,50,,,,,,,,,,,,,,,,,,,,,,,,,,,,,,,,,,,,,,,,,,,,,,,,,,,,,,,,,,,,,,,,,,,,,,,,,,,,,,,,,,,,,,,,,,,,,,,,,,,,,,,,,,,,,,,,,,,,,,,,,,,,,,,,,,,,,,,,,,,,,,,,,,,,,,,,,,,,,,,,,,,,,
,,,,,,,,,,,,,,,,,,,,,,,,,,,,,,,,,40,,,,,,,,45,,,,,,,,50,,,,,,,,40,,,,,,,,45,,,,,,,,50,,,,,,,,40,,,,,,,,45,,,,,,,,50,,,,,,,,,,,,,,,,,,,,,,,,,,,,,,,,,,,,,,,,,,,,,,,,,,,,,,,,,,,,,,,,,,,,,,,,,,,,,,,,,,,,,,,,,,,,,,,,,,,,,,,,,,,,,,,,,,,,,,,,,,,,,,,,,,,,,,,,,,,,,,,,,,,,,,,,,,,,,,,,,,,,,
,,,,,,,,,,,,,,,,,,,,,,,,,,,,,,,,,40,,,,,,,,45,,,,,,,,50,,,,,,,,40,,,,,,,,45,,,,,,,,50,,,,,,,,40,,,,,,,,45,,,,,,,,50,,,,,,,,,,,,,,,,,,,,,,,,,,,,,,,,,,,,,,,,,,,,,,,,,,,,,,,,,,,,,,,,,,,,,,,,,,,,,,,,,,,,,,,,,,,,,,,,,,,,,,,,,,,,,,,,,,,,,,,,,,,,,,,,,,,,,,,,,,,,,,,,,,,,,,,,,,,,,,,,,,,,,
12,,brandenburg_gun_76_x1,2.736,2.907,0.71,,,12,,jap_tb_gun_76_x1,3.236,3.407,0.71,,,12,,bouvet_gun_100_x1,2.736,2.907,0.71,,,12,,friedrich_gun_152_x1,2.218,2.3535,1.07,,,12,40,dd_s_gun_b_102_x1,2.218,2.3535,0.71,,,12,45,dd_s_gun_b_102_x1,2.218,2.3535,0.71,,,12,50,dd_s_gun_b_102_x1,2.218,2.3535,0.71,,,12,40,dd_s_gun_c_102_x1,2.218,2.3535,0.71,,,12,45,dd_s_gun_c_102_x1,2.218,2.3535,0.71,,,12,50,dd_s_gun_c_102_x1,2.218,2.3535,0.71,,,12,40,dd_s_gun_d_102_x1,2.218,2.3535,0.71,,,12,45,dd_s_gun_d_102_x1,2.218,2.3535,0.71,,,12,50,dd_s_gun_d_102_x1,2.218,2.3535,0.71,,,,,,,,,,,,,,,,,,,,,,,,,,,,,,,,,,,,,,,,,,,,,,,,,,,,,,,,,,,,,,,,,,,,,,,,,,,,,,,,,,,,,,,,,,,,,,,,,,,,,,,,,,,,,,,,,,,,,,,,,,,,,,,,,,,,,,,,,,,,,,,,,,,,,,,,,,,,,,,,,
,,,,,,,,,,,,,,,,,,,,,,,,,,,,,,,,,40,,,,,,,,45,,,,,,,,50,,,,,,,,40,,,,,,,,45,,,,,,,,50,,,,,,,,40,,,,,,,,45,,,,,,,,50,,,,,,,,,,,,,,,,,,,,,,,,,,,,,,,,,,,,,,,,,,,,,,,,,,,,,,,,,,,,,,,,,,,,,,,,,,,,,,,,,,,,,,,,,,,,,,,,,,,,,,,,,,,,,,,,,,,,,,,,,,,,,,,,,,,,,,,,,,,,,,,,,,,,,,,,,,,,,,,,,,,,,
,,,,,,,,,,,,,,,,,,,,,,,,,,,,,,,,,40,,,,,,,,45,,,,,,,,50,,,,,,,,40,,,,,,,,45,,,,,,,,50,,,,,,,,40,,,,,,,,45,,,,,,,,50,,,,,,,,,,,,,,,,,,,,,,,,,,,,,,,,,,,,,,,,,,,,,,,,,,,,,,,,,,,,,,,,,,,,,,,,,,,,,,,,,,,,,,,,,,,,,,,,,,,,,,,,,,,,,,,,,,,,,,,,,,,,,,,,,,,,,,,,,,,,,,,,,,,,,,,,,,,,,,,,,,,,,
,,,,,,,,,,,,,,,,,,,,,,,,,,,,,,,,,40,,,,,,,,45,,,,,,,,50,,,,,,,,40,,,,,,,,45,,,,,,,,50,,,,,,,,40,,,,,,,,45,,,,,,,,50,,,,,,,,,,,,,,,,,,,,,,,,,,,,,,,,,,,,,,,,,,,,,,,,,,,,,,,,,,,,,,,,,,,,,,,,,,,,,,,,,,,,,,,,,,,,,,,,,,,,,,,,,,,,,,,,,,,,,,,,,,,,,,,,,,,,,,,,,,,,,,,,,,,,,,,,,,,,,,,,,,,,,
13,,brandenburg_gun_76_x1,2.927,3.098,0.745,,,13,,jap_tb_gun_76_x1,3.427,3.598,0.745,,,13,,bouvet_gun_100_x1,2.927,3.098,0.745,,,13,,friedrich_gun_152_x1,2.3635,2.499,1.13,,,13,40,dd_s_gun_b_102_x1,2.3635,2.499,0.745,,,13,45,dd_s_gun_b_102_x1,2.3635,2.499,0.745,,,13,50,dd_s_gun_b_102_x1,2.3635,2.499,0.745,,,13,40,dd_s_gun_c_102_x1,2.3635,2.499,0.745,,,13,45,dd_s_gun_c_102_x1,2.3635,2.499,0.745,,,13,50,dd_s_gun_c_102_x1,2.3635,2.499,0.745,,,13,40,dd_s_gun_d_102_x1,2.3635,2.499,0.745,,,13,45,dd_s_gun_d_102_x1,2.3635,2.499,0.745,,,13,50,dd_s_gun_d_102_x1,2.3635,2.499,0.745,,,,,,,,,,,,,,,,,,,,,,,,,,,,,,,,,,,,,,,,,,,,,,,,,,,,,,,,,,,,,,,,,,,,,,,,,,,,,,,,,,,,,,,,,,,,,,,,,,,,,,,,,,,,,,,,,,,,,,,,,,,,,,,,,,,,,,,,,,,,,,,,,,,,,,,,,,,,,,,,,
,,,,,,,,,,,,,,,,,,,,,,,,,,,,,,,,,40,,,,,,,,45,,,,,,,,50,,,,,,,,40,,,,,,,,45,,,,,,,,50,,,,,,,,40,,,,,,,,45,,,,,,,,50,,,,,,,,,,,,,,,,,,,,,,,,,,,,,,,,,,,,,,,,,,,,,,,,,,,,,,,,,,,,,,,,,,,,,,,,,,,,,,,,,,,,,,,,,,,,,,,,,,,,,,,,,,,,,,,,,,,,,,,,,,,,,,,,,,,,,,,,,,,,,,,,,,,,,,,,,,,,,,,,,,,,,
,,,,,,,,,,,,,,,,,,,,,,,,,,,,,,,,,40,,,,,,,,45,,,,,,,,50,,,,,,,,40,,,,,,,,45,,,,,,,,50,,,,,,,,40,,,,,,,,45,,,,,,,,50,,,,,,,,,,,,,,,,,,,,,,,,,,,,,,,,,,,,,,,,,,,,,,,,,,,,,,,,,,,,,,,,,,,,,,,,,,,,,,,,,,,,,,,,,,,,,,,,,,,,,,,,,,,,,,,,,,,,,,,,,,,,,,,,,,,,,,,,,,,,,,,,,,,,,,,,,,,,,,,,,,,,,
,,,,,,,,,,,,,,,,,,,,,,,,,,,,,,,,,40,,,,,,,,45,,,,,,,,50,,,,,,,,40,,,,,,,,45,,,,,,,,50,,,,,,,,40,,,,,,,,45,,,,,,,,50,,,,,,,,,,,,,,,,,,,,,,,,,,,,,,,,,,,,,,,,,,,,,,,,,,,,,,,,,,,,,,,,,,,,,,,,,,,,,,,,,,,,,,,,,,,,,,,,,,,,,,,,,,,,,,,,,,,,,,,,,,,,,,,,,,,,,,,,,,,,,,,,,,,,,,,,,,,,,,,,,,,,,
14,,brandenburg_gun_76_x1,3.118,3.289,0.75,,,14,,jap_tb_gun_76_x1,3.618,3.789,0.75,,,14,,bouvet_gun_100_x1,3.118,3.289,0.75,,,14,,friedrich_gun_152_x1,2.509,2.6445,1.13,,,14,40,dd_s_gun_b_102_x1,2.509,2.6445,0.75,,,14,45,dd_s_gun_b_102_x1,2.509,2.6445,0.75,,,14,50,dd_s_gun_b_102_x1,2.509,2.6445,0.75,,,14,40,dd_s_gun_c_102_x1,2.509,2.6445,0.75,,,14,45,dd_s_gun_c_102_x1,2.509,2.6445,0.75,,,14,50,dd_s_gun_c_102_x1,2.509,2.6445,0.75,,,14,40,dd_s_gun_d_102_x1,2.509,2.6445,0.75,,,14,45,dd_s_gun_d_102_x1,2.509,2.6445,0.75,,,14,50,dd_s_gun_d_102_x1,2.509,2.6445,0.75,,,,,,,,,,,,,,,,,,,,,,,,,,,,,,,,,,,,,,,,,,,,,,,,,,,,,,,,,,,,,,,,,,,,,,,,,,,,,,,,,,,,,,,,,,,,,,,,,,,,,,,,,,,,,,,,,,,,,,,,,,,,,,,,,,,,,,,,,,,,,,,,,,,,,,,,,,,,,,,,,
,,,,,,,,,,,,,,,,,,,,,,,,,,,,,,,,,40,,,,,,,,45,,,,,,,,50,,,,,,,,40,,,,,,,,45,,,,,,,,50,,,,,,,,40,,,,,,,,45,,,,,,,,50,,,,,,,,,,,,,,,,,,,,,,,,,,,,,,,,,,,,,,,,,,,,,,,,,,,,,,,,,,,,,,,,,,,,,,,,,,,,,,,,,,,,,,,,,,,,,,,,,,,,,,,,,,,,,,,,,,,,,,,,,,,,,,,,,,,,,,,,,,,,,,,,,,,,,,,,,,,,,,,,,,,,,
,,,,,,,,,,,,,,,,,,,,,,,,,,,,,,,,,40,,,,,,,,45,,,,,,,,50,,,,,,,,40,,,,,,,,45,,,,,,,,50,,,,,,,,40,,,,,,,,45,,,,,,,,50,,,,,,,,,,,,,,,,,,,,,,,,,,,,,,,,,,,,,,,,,,,,,,,,,,,,,,,,,,,,,,,,,,,,,,,,,,,,,,,,,,,,,,,,,,,,,,,,,,,,,,,,,,,,,,,,,,,,,,,,,,,,,,,,,,,,,,,,,,,,,,,,,,,,,,,,,,,,,,,,,,,,,
,,,,,,,,,,,,,,,,,,,,,,,,,,,,,,,,,40,,,,,,,,45,,,,,,,,50,,,,,,,,40,,,,,,,,45,,,,,,,,50,,,,,,,,40,,,,,,,,45,,,,,,,,50,,,,,,,,,,,,,,,,,,,,,,,,,,,,,,,,,,,,,,,,,,,,,,,,,,,,,,,,,,,,,,,,,,,,,,,,,,,,,,,,,,,,,,,,,,,,,,,,,,,,,,,,,,,,,,,,,,,,,,,,,,,,,,,,,,,,,,,,,,,,,,,,,,,,,,,,,,,,,,,,,,,,,
15,,brandenburg_gun_76_x1,3.309,3.48,0.76,,,15,,jap_tb_gun_76_x1,3.809,3.98,0.76,,,15,,bouvet_gun_100_x1,3.309,3.48,0.76,,,15,,friedrich_gun_152_x1,2.6545,2.79,1.14,,,15,40,dd_s_gun_b_102_x1,2.6545,2.79,0.76,,,15,45,dd_s_gun_b_102_x1,2.6545,2.79,0.76,,,15,50,dd_s_gun_b_102_x1,2.6545,2.79,0.76,,,15,40,dd_s_gun_c_102_x1,2.6545,2.79,0.76,,,15,45,dd_s_gun_c_102_x1,2.6545,2.79,0.76,,,15,50,dd_s_gun_c_102_x1,2.6545,2.79,0.76,,,15,40,dd_s_gun_d_102_x1,2.6545,2.79,0.76,,,15,45,dd_s_gun_d_102_x1,2.6545,2.79,0.76,,,15,50,dd_s_gun_d_102_x1,2.6545,2.79,0.76,,,,,,,,,,,,,,,,,,,,,,,,,,,,,,,,,,,,,,,,,,,,,,,,,,,,,,,,,,,,,,,,,,,,,,,,,,,,,,,,,,,,,,,,,,,,,,,,,,,,,,,,,,,,,,,,,,,,,,,,,,,,,,,,,,,,,,,,,,,,,,,,,,,,,,,,,,,,,,,,,
,,,,,,,,,,,,,,,,,,,,,,,,,,,,,,,,,40,,,,,,,,45,,,,,,,,50,,,,,,,,40,,,,,,,,45,,,,,,,,50,,,,,,,,40,,,,,,,,45,,,,,,,,50,,,,,,,,,,,,,,,,,,,,,,,,,,,,,,,,,,,,,,,,,,,,,,,,,,,,,,,,,,,,,,,,,,,,,,,,,,,,,,,,,,,,,,,,,,,,,,,,,,,,,,,,,,,,,,,,,,,,,,,,,,,,,,,,,,,,,,,,,,,,,,,,,,,,,,,,,,,,,,,,,,,,,
,,,,,,,,,,,,,,,,,,,,,,,,,,,,,,,,,40,,,,,,,,45,,,,,,,,50,,,,,,,,40,,,,,,,,45,,,,,,,,50,,,,,,,,40,,,,,,,,45,,,,,,,,50,,,,,,,,,,,,,,,,,,,,,,,,,,,,,,,,,,,,,,,,,,,,,,,,,,,,,,,,,,,,,,,,,,,,,,,,,,,,,,,,,,,,,,,,,,,,,,,,,,,,,,,,,,,,,,,,,,,,,,,,,,,,,,,,,,,,,,,,,,,,,,,,,,,,,,,,,,,,,,,,,,,,,
,,,,,,,,,,,,,,,,,,,,,,,,,,,,,,,,,40,,,,,,,,45,,,,,,,,50,,,,,,,,40,,,,,,,,45,,,,,,,,50,,,,,,,,40,,,,,,,,45,,,,,,,,50,,,,,,,,,,,,,,,,,,,,,,,,,,,,,,,,,,,,,,,,,,,,,,,,,,,,,,,,,,,,,,,,,,,,,,,,,,,,,,,,,,,,,,,,,,,,,,,,,,,,,,,,,,,,,,,,,,,,,,,,,,,,,,,,,,,,,,,,,,,,,,,,,,,,,,,,,,,,,,,,,,,,,
16,,brandenburg_gun_76_x1,3.5,3.671,0.78,,,16,,jap_tb_gun_76_x1,4,4.171,0.78,,,16,,bouvet_gun_100_x1,3.5,3.671,0.78,,,16,,friedrich_gun_152_x1,2.8,2.9355,1.15,,,16,40,dd_s_gun_b_102_x1,2.8,2.9355,0.78,,,16,45,dd_s_gun_b_102_x1,2.8,2.9355,0.78,,,16,50,dd_s_gun_b_102_x1,2.8,2.9355,0.78,,,16,40,dd_s_gun_c_102_x1,2.8,2.9355,0.78,,,16,45,dd_s_gun_c_102_x1,2.8,2.9355,0.78,,,16,50,dd_s_gun_c_102_x1,2.8,2.9355,0.78,,,16,40,dd_s_gun_d_102_x1,2.8,2.9355,0.78,,,16,45,dd_s_gun_d_102_x1,2.8,2.9355,0.78,,,16,50,dd_s_gun_d_102_x1,2.8,2.9355,0.78,,,,,,,,,,,,,,,,,,,,,,,,,,,,,,,,,,,,,,,,,,,,,,,,,,,,,,,,,,,,,,,,,,,,,,,,,,,,,,,,,,,,,,,,,,,,,,,,,,,,,,,,,,,,,,,,,,,,,,,,,,,,,,,,,,,,,,,,,,,,,,,,,,,,,,,,,,,,,,,,,
,,,,,,,,,,,,,,,,,,,,,,,,,,,,,,,,,40,,,,,,,,45,,,,,,,,50,,,,,,,,40,,,,,,,,45,,,,,,,,50,,,,,,,,40,,,,,,,,45,,,,,,,,50,,,,,,,,,,,,,,,,,,,,,,,,,,,,,,,,,,,,,,,,,,,,,,,,,,,,,,,,,,,,,,,,,,,,,,,,,,,,,,,,,,,,,,,,,,,,,,,,,,,,,,,,,,,,,,,,,,,,,,,,,,,,,,,,,,,,,,,,,,,,,,,,,,,,,,,,,,,,,,,,,,,,,
,,,,,,,,,,,,,,,,,,,,,,,,,,,,,,,,,40,,,,,,,,45,,,,,,,,50,,,,,,,,40,,,,,,,,45,,,,,,,,50,,,,,,,,40,,,,,,,,45,,,,,,,,50,,,,,,,,,,,,,,,,,,,,,,,,,,,,,,,,,,,,,,,,,,,,,,,,,,,,,,,,,,,,,,,,,,,,,,,,,,,,,,,,,,,,,,,,,,,,,,,,,,,,,,,,,,,,,,,,,,,,,,,,,,,,,,,,,,,,,,,,,,,,,,,,,,,,,,,,,,,,,,,,,,,,,
,,,,,,,,,,,,,,,,,,,,,,,,,,,,,,,,,40,,,,,,,,45,,,,,,,,50,,,,,,,,40,,,,,,,,45,,,,,,,,50,,,,,,,,40,,,,,,,,45,,,,,,,,50,,,,,,,,,,,,,,,,,,,,,,,,,,,,,,,,,,,,,,,,,,,,,,,,,,,,,,,,,,,,,,,,,,,,,,,,,,,,,,,,,,,,,,,,,,,,,,,,,,,,,,,,,,,,,,,,,,,,,,,,,,,,,,,,,,,,,,,,,,,,,,,,,,,,,,,,,,,,,,,,,,,,,
17,,brandenburg_gun_76_x1,3.691,3.862,0.81,,,17,,jap_tb_gun_76_x1,4.191,4.362,0.81,,,17,,bouvet_gun_100_x1,3.691,3.862,0.81,,,17,,friedrich_gun_152_x1,2.9455,3.081,1.2,,,17,40,dd_s_gun_b_102_x1,2.9455,3.081,0.81,,,17,45,dd_s_gun_b_102_x1,2.9455,3.081,0.81,,,17,50,dd_s_gun_b_102_x1,2.9455,3.081,0.81,,,17,40,dd_s_gun_c_102_x1,2.9455,3.081,0.81,,,17,45,dd_s_gun_c_102_x1,2.9455,3.081,0.81,,,17,50,dd_s_gun_c_102_x1,2.9455,3.081,0.81,,,17,40,dd_s_gun_d_102_x1,2.9455,3.081,0.81,,,17,45,dd_s_gun_d_102_x1,2.9455,3.081,0.81,,,17,50,dd_s_gun_d_102_x1,2.9455,3.081,0.81,,,,,,,,,,,,,,,,,,,,,,,,,,,,,,,,,,,,,,,,,,,,,,,,,,,,,,,,,,,,,,,,,,,,,,,,,,,,,,,,,,,,,,,,,,,,,,,,,,,,,,,,,,,,,,,,,,,,,,,,,,,,,,,,,,,,,,,,,,,,,,,,,,,,,,,,,,,,,,,,,
,,,,,,,,,,,,,,,,,,,,,,,,,,,,,,,,,40,,,,,,,,45,,,,,,,,50,,,,,,,,40,,,,,,,,45,,,,,,,,50,,,,,,,,40,,,,,,,,45,,,,,,,,50,,,,,,,,,,,,,,,,,,,,,,,,,,,,,,,,,,,,,,,,,,,,,,,,,,,,,,,,,,,,,,,,,,,,,,,,,,,,,,,,,,,,,,,,,,,,,,,,,,,,,,,,,,,,,,,,,,,,,,,,,,,,,,,,,,,,,,,,,,,,,,,,,,,,,,,,,,,,,,,,,,,,,
,,,,,,,,,,,,,,,,,,,,,,,,,,,,,,,,,40,,,,,,,,45,,,,,,,,50,,,,,,,,40,,,,,,,,45,,,,,,,,50,,,,,,,,40,,,,,,,,45,,,,,,,,50,,,,,,,,,,,,,,,,,,,,,,,,,,,,,,,,,,,,,,,,,,,,,,,,,,,,,,,,,,,,,,,,,,,,,,,,,,,,,,,,,,,,,,,,,,,,,,,,,,,,,,,,,,,,,,,,,,,,,,,,,,,,,,,,,,,,,,,,,,,,,,,,,,,,,,,,,,,,,,,,,,,,,
,,,,,,,,,,,,,,,,,,,,,,,,,,,,,,,,,40,,,,,,,,45,,,,,,,,50,,,,,,,,40,,,,,,,,45,,,,,,,,50,,,,,,,,40,,,,,,,,45,,,,,,,,50,,,,,,,,,,,,,,,,,,,,,,,,,,,,,,,,,,,,,,,,,,,,,,,,,,,,,,,,,,,,,,,,,,,,,,,,,,,,,,,,,,,,,,,,,,,,,,,,,,,,,,,,,,,,,,,,,,,,,,,,,,,,,,,,,,,,,,,,,,,,,,,,,,,,,,,,,,,,,,,,,,,,,
18,,brandenburg_gun_76_x1,3.882,4.053,0.84,,,18,,jap_tb_gun_76_x1,4.382,4.553,0.84,,,18,,bouvet_gun_100_x1,3.882,4.053,0.84,,,18,,friedrich_gun_152_x1,3.091,3.2265,1.23,,,18,40,dd_s_gun_b_102_x1,3.091,3.2265,0.84,,,18,45,dd_s_gun_b_102_x1,3.091,3.2265,0.84,,,18,50,dd_s_gun_b_102_x1,3.091,3.2265,0.84,,,18,40,dd_s_gun_c_102_x1,3.091,3.2265,0.84,,,18,45,dd_s_gun_c_102_x1,3.091,3.2265,0.84,,,18,50,dd_s_gun_c_102_x1,3.091,3.2265,0.84,,,18,40,dd_s_gun_d_102_x1,3.091,3.2265,0.84,,,18,45,dd_s_gun_d_102_x1,3.091,3.2265,0.84,,,18,50,dd_s_gun_d_102_x1,3.091,3.2265,0.84,,,,,,,,,,,,,,,,,,,,,,,,,,,,,,,,,,,,,,,,,,,,,,,,,,,,,,,,,,,,,,,,,,,,,,,,,,,,,,,,,,,,,,,,,,,,,,,,,,,,,,,,,,,,,,,,,,,,,,,,,,,,,,,,,,,,,,,,,,,,,,,,,,,,,,,,,,,,,,,,,
,,,,,,,,,,,,,,,,,,,,,,,,,,,,,,,,,40,,,,,,,,45,,,,,,,,50,,,,,,,,40,,,,,,,,45,,,,,,,,50,,,,,,,,40,,,,,,,,45,,,,,,,,50,,,,,,,,,,,,,,,,,,,,,,,,,,,,,,,,,,,,,,,,,,,,,,,,,,,,,,,,,,,,,,,,,,,,,,,,,,,,,,,,,,,,,,,,,,,,,,,,,,,,,,,,,,,,,,,,,,,,,,,,,,,,,,,,,,,,,,,,,,,,,,,,,,,,,,,,,,,,,,,,,,,,,
,,,,,,,,,,,,,,,,,,,,,,,,,,,,,,,,,40,,,,,,,,45,,,,,,,,50,,,,,,,,40,,,,,,,,45,,,,,,,,50,,,,,,,,40,,,,,,,,45,,,,,,,,50,,,,,,,,,,,,,,,,,,,,,,,,,,,,,,,,,,,,,,,,,,,,,,,,,,,,,,,,,,,,,,,,,,,,,,,,,,,,,,,,,,,,,,,,,,,,,,,,,,,,,,,,,,,,,,,,,,,,,,,,,,,,,,,,,,,,,,,,,,,,,,,,,,,,,,,,,,,,,,,,,,,,,
,,,,,,,,,,,,,,,,,,,,,,,,,,,,,,,,,40,,,,,,,,45,,,,,,,,50,,,,,,,,40,,,,,,,,45,,,,,,,,50,,,,,,,,40,,,,,,,,45,,,,,,,,50,,,,,,,,,,,,,,,,,,,,,,,,,,,,,,,,,,,,,,,,,,,,,,,,,,,,,,,,,,,,,,,,,,,,,,,,,,,,,,,,,,,,,,,,,,,,,,,,,,,,,,,,,,,,,,,,,,,,,,,,,,,,,,,,,,,,,,,,,,,,,,,,,,,,,,,,,,,,,,,,,,,,,
19,,brandenburg_gun_76_x1,4.073,4.244,0.81,,,19,,jap_tb_gun_76_x1,4.573,4.745,0.81,,,19,,bouvet_gun_100_x1,4.073,4.244,0.81,,,19,,friedrich_gun_152_x1,3.2365,3.372,1.16,,,19,40,dd_s_gun_b_102_x1,3.2365,3.372,0.81,,,19,45,dd_s_gun_b_102_x1,3.2365,3.372,0.81,,,19,50,dd_s_gun_b_102_x1,3.2365,3.372,0.81,,,19,40,dd_s_gun_c_102_x1,3.2365,3.372,0.81,,,19,45,dd_s_gun_c_102_x1,3.2365,3.372,0.81,,,19,50,dd_s_gun_c_102_x1,3.2365,3.372,0.81,,,19,40,dd_s_gun_d_102_x1,3.2365,3.372,0.81,,,19,45,dd_s_gun_d_102_x1,3.2365,3.372,0.81,,,19,50,dd_s_gun_d_102_x1,3.2365,3.372,0.81,,,,,,,,,,,,,,,,,,,,,,,,,,,,,,,,,,,,,,,,,,,,,,,,,,,,,,,,,,,,,,,,,,,,,,,,,,,,,,,,,,,,,,,,,,,,,,,,,,,,,,,,,,,,,,,,,,,,,,,,,,,,,,,,,,,,,,,,,,,,,,,,,,,,,,,,,,,,,,,,,
,,,,,,,,,,,,,,,,,,,,,,,,,,,,,,,,,40,,,,,,,,45,,,,,,,,50,,,,,,,,40,,,,,,,,45,,,,,,,,50,,,,,,,,40,,,,,,,,45,,,,,,,,50,,,,,,,,,,,,,,,,,,,,,,,,,,,,,,,,,,,,,,,,,,,,,,,,,,,,,,,,,,,,,,,,,,,,,,,,,,,,,,,,,,,,,,,,,,,,,,,,,,,,,,,,,,,,,,,,,,,,,,,,,,,,,,,,,,,,,,,,,,,,,,,,,,,,,,,,,,,,,,,,,,,,,
,,,,,,,,,,,,,,,,,,,,,,,,,,,,,,,,,40,,,,,,,,45,,,,,,,,50,,,,,,,,40,,,,,,,,45,,,,,,,,50,,,,,,,,40,,,,,,,,45,,,,,,,,50,,,,,,,,,,,,,,,,,,,,,,,,,,,,,,,,,,,,,,,,,,,,,,,,,,,,,,,,,,,,,,,,,,,,,,,,,,,,,,,,,,,,,,,,,,,,,,,,,,,,,,,,,,,,,,,,,,,,,,,,,,,,,,,,,,,,,,,,,,,,,,,,,,,,,,,,,,,,,,,,,,,,,
,,,,,,,,,,,,,,,,,,,,,,,,,,,,,,,,,40,,,,,,,,45,,,,,,,,50,,,,,,,,40,,,,,,,,45,,,,,,,,50,,,,,,,,40,,,,,,,,45,,,,,,,,50,,,,,,,,,,,,,,,,,,,,,,,,,,,,,,,,,,,,,,,,,,,,,,,,,,,,,,,,,,,,,,,,,,,,,,,,,,,,,,,,,,,,,,,,,,,,,,,,,,,,,,,,,,,,,,,,,,,,,,,,,,,,,,,,,,,,,,,,,,,,,,,,,,,,,,,,,,,,,,,,,,,,,
20,,brandenburg_gun_76_x1,4.264,4.435,0.7275,,,20,,jap_tb_gun_76_x1,4.765,4.936,0.7275,,,20,,bouvet_gun_100_x1,4.264,4.435,0.7275,,,20,,friedrich_gun_152_x1,3.382,3.5175,1.05,,,20,40,dd_s_gun_b_102_x1,3.382,3.5175,0.7275,,,20,45,dd_s_gun_b_102_x1,3.382,3.5175,0.7275,,,20,50,dd_s_gun_b_102_x1,3.382,3.5175,0.7275,,,20,40,dd_s_gun_c_102_x1,3.382,3.5175,0.7275,,,20,45,dd_s_gun_c_102_x1,3.382,3.5175,0.7275,,,20,50,dd_s_gun_c_102_x1,3.382,3.5175,0.7275,,,20,40,dd_s_gun_d_102_x1,3.382,3.5175,0.7275,,,20,45,dd_s_gun_d_102_x1,3.382,3.5175,0.7275,,,20,50,dd_s_gun_d_102_x1,3.382,3.5175,0.7275,,,,,,,,,,,,,,,,,,,,,,,,,,,,,,,,,,,,,,,,,,,,,,,,,,,,,,,,,,,,,,,,,,,,,,,,,,,,,,,,,,,,,,,,,,,,,,,,,,,,,,,,,,,,,,,,,,,,,,,,,,,,,,,,,,,,,,,,,,,,,,,,,,,,,,,,,,,,,,,,,
,,,,,,,,,,,,,,,,,,,,,,,,,,,,,,,,,,,,,,,,,,,,,,,,,,,,,,,,,,,,,,,,,,,,,,,,,,,,,,,,,,,,,,,,,,,,,,,,,,,,,,,,,,,,,,,,,,,,,,,,,,,,,,,,,,,,,,,,,,,,,,,,,,,,,,,,,,,,,,,,,,,,,,,,,,,,,,,,,,,,,,,,,,,,,,,,,,,,,,,,,,,,,,,,,,,,,,,,,,,,,,,,,,,,,,,,,,,,,,,,,,,,,,,,,,,,,,,,,,,,,,
,,,,,,,,,,,,,,,,,,,,,,,,,,,,,,,,,,,,,,,,,,,,,,,,,,,,,,,,,,,,,,,,,,,,,,,,,,,,,,,,,,,,,,,,,,,,,,,,,,,,,,,,,,,,,,,,,,,,,,,,,,,,,,,,,,,,,,,,,,,,,,,,,,,,,,,,,,,,,,,,,,,,,,,,,,,,,,,,,,,,,,,,,,,,,,,,,,,,,,,,,,,,,,,,,,,,,,,,,,,,,,,,,,,,,,,,,,,,,,,,,,,,,,,,,,,,,,,,,,,,,,
,,,,,,,,,,,,,,,,,,,,,,,,,,,,,,,,,,,,,,,,,,,,,,,,,,,,,,,,,,,,,,,,,,,,,,,,,,,,,,,,,,,,,,,,,,,,,,,,,,,,,,,,,,,,,,,,,,,,,,,,,,,,,,,,,,,,,,,,,,,,,,,,,,,,,,,,,,,,,,,,,,,,,,,,,,,,,,,,,,,,,,,,,,,,,,,,,,,,,,,,,,,,,,,,,,,,,,,,,,,,,,,,,,,,,,,,,,,,,,,,,,,,,,,,,,,,,,,,,,,,,,
,,GERMANY,,,,,,,,,,,,,,,,,,,,,,,,,,,,,,,,,,,,,,,,,,,,,,,,,,,,,,,,,,,,,,,,,,,,,,,,,,,,,,,,,,,,,,,,,,,,,,,,,,,,,,,,,,,,,,,,,,,,,,,,,,,,,,,,,,,,,,,,,,,,,,,,,,,,,,,,,,,,,,,,,,,,,,,,,,,,,,,,,,,,,,,,,,,,,,,,,,,,,,,,,,,,,,,,,,,,,,,,,,,,,,,,,,,,,,,,,,,,,,,,,,,,,,,,,,,,,,,,,,,,
2,35,brandenburg_gun_279_x1,0.251,0.332,0.92,,,2,40,friedrich_gun_228_x1,0.2902,0.3684,0.92,,,2,35,friedrich_gun_305_x1,0.2668,0.3431,0.92,,,2,45,vdt_gun_280_x1,0.2276,0.3067,0.92,,,2,50,vdt_gun_280_x1,0.2276,0.3067,0.92,,,2,40,vdt_gun_200_x1,0.5404,0.6404,0.92,,,2,45,spee_gun_var_280_x1,0.252,0.324,0.92,,,2,50,spee_gun_var_280_x1,0.252,0.324,0.92,,,2,45,spee_gun_280_x1_a,0.252,0.324,0.92,,,2,50,spee_gun_280_x1_a,0.252,0.324,0.92,,,2,55,bismarck_gun_105_x1,0.596,0.722,0.92,,,2,50,spee_gun_150_x1,0.596,0.722,0.92,,,2,50,bismarck_gun_150_x1,0.337,0.4715,0.92,,,2,50,bismarck_gun_b_150_x1,0.337,0.4715,0.92,,,2,45,bismarck_gun_380_short_x1,0.1904,0.2668,0.92,,,2,50,bismarck_gun_380_x1,0.1904,0.2668,0.92,,,,,,,,,,,,,,,,,,,,,,,,,,,,,,,,,,,,,,,,,,,,,,,,,,,,,,,,,,,,,,,,,,,,,,,,,,,,,,,,,,,,,,,,,,,,,,,,,,,,,,,,,,,,,,,,,,,,,,,,,,,,,,,,,,,,,,,,,
2,35,brandenburg_gun_279_x2,0.251,0.332,0.7,,,2,40,friedrich_gun_228_x2,0.2902,0.3684,0.7,,,2,35,friedrich_gun_305_x2,0.2668,0.3431,0.7,,,2,45,vdt_gun_280_x2,0.2276,0.3067,0.7,,,2,50,vdt_gun_280_x2,0.2276,0.3067,0.7,,,2,40,vdt_gun_200_x2,0.5404,0.6404,0.7,,,2,45,spee_gun_var_280_x2,0.252,0.324,0.7,,,2,50,spee_gun_var_280_x2,0.252,0.324,0.7,,,2,45,spee_gun_280_x2_a,0.252,0.324,0.7,,,2,50,spee_gun_280_x2_a,0.252,0.324,0.7,,,2,55,bismarck_gun_105_x2,0.596,0.722,0.7,,,2,50,spee_gun_150_x2,0.596,0.722,0.7,,,2,50,bismarck_gun_150_x2,0.337,0.4715,0.7,,,2,50,bismarck_gun_b_150_x2,0.337,0.4715,0.7,,,2,45,bismarck_gun_380_short_x2,0.1904,0.2668,0.7,,,2,50,bismarck_gun_380_x2,0.1904,0.2668,0.7,,,,,,,,,,,,,,,,,,,,,,,,,,,,,,,,,,,,,,,,,,,,,,,,,,,,,,,,,,,,,,,,,,,,,,,,,,,,,,,,,,,,,,,,,,,,,,,,,,,,,,,,,,,,,,,,,,,,,,,,,,,,,,,,,,,,,,,,,
2,35,brandenburg_gun_279_x3,0.251,0.332,0.55,,,2,40,friedrich_gun_228_x3,0.2902,0.3684,0.55,,,2,35,friedrich_gun_305_x3,0.2668,0.3431,0.55,,,2,45,vdt_gun_280_x3,0.2276,0.3067,0.55,,,2,50,vdt_gun_280_x3,0.2276,0.3067,0.55,,,2,40,,,,0.55,,,2,45,spee_gun_var_280_x3,0.252,0.324,0.55,,,2,50,spee_gun_var_280_x3,0.252,0.324,0.55,,,2,45,spee_gun_280_x3_a,0.252,0.324,0.55,,,2,50,spee_gun_280_x3_a,0.252,0.324,0.55,,,2,55,bismarck_gun_105_x3,0.596,0.722,0.55,,,2,50,spee_gun_150_x3,0.596,0.722,0.55,,,2,50,bismarck_gun_150_x3,0.337,0.4715,0.55,,,2,50,bismarck_gun_b_150_x3,0.337,0.4715,0.55,,,2,45,bismarck_gun_380_short_x3,0.1904,0.2668,0.55,,,2,50,bismarck_gun_380_x3,0.1904,0.2668,0.55,,,,,,,,,,,,,,,,,,,,,,,,,,,,,,,,,,,,,,,,,,,,,,,,,,,,,,,,,,,,,,,,,,,,,,,,,,,,,,,,,,,,,,,,,,,,,,,,,,,,,,,,,,,,,,,,,,,,,,,,,,,,,,,,,,,,,,,,,
,35,,,,0.5,,,,40,,,,0.5,,,,35,,,,0.5,,,2,45,vdt_gun_280_x4,0.2276,0.3067,0.5,,,2,50,vdt_gun_280_x4,0.2276,0.3067,0.5,,,,40,,,,0.5,,,,45,spee_gun_280_x4_a,0.252,0.324,0.5,,,2,50,spee_gun_280_x4_a,0.252,0.324,0.5,,,2,45,spee_gun_280_x4_a,0.252,0.324,0.5,,,2,50,spee_gun_280_x4_a,0.252,0.324,0.5,,,2,55,bismarck_gun_105_x4,0.596,0.722,0.5,,,,50,,0.596,0.722,0.5,,,2,50,bismarck_gun_150_x4,0.337,0.4715,0.5,,,2,50,bismarck_gun_b_150_x4,0.337,0.4715,0.5,,,2,45,bismarck_gun_380_short_x4,0.1904,0.2668,0.5,,,2,50,bismarck_gun_380_x4,0.1904,0.2668,0.5,,,,,,,,,,,,,,,,,,,,,,,,,,,,,,,,,,,,,,,,,,,,,,,,,,,,,,,,,,,,,,,,,,,,,,,,,,,,,,,,,,,,,,,,,,,,,,,,,,,,,,,,,,,,,,,,,,,,,,,,,,,,,,,,,,,,,,,,,
3,35,brandenburg_gun_279_x1,0.342,0.423,1.45,,,3,40,friedrich_gun_228_x1,0.3784,0.4566,1.45,,,3,35,friedrich_gun_305_x1,0.3531,0.4294,1.45,,,3,45,vdt_gun_280_x1,0.3167,0.3958,1.45,,,3,50,vdt_gun_280_x1,0.3167,0.3958,1.45,,,3,40,vdt_gun_200_x1,0.6518,0.7518,1.45,,,3,45,spee_gun_var_280_x1,0.334,0.406,1.45,,,3,50,spee_gun_var_280_x1,0.334,0.406,1.45,,,3,45,spee_gun_280_x1_a,0.334,0.406,1.45,,,3,50,spee_gun_280_x1_a,0.334,0.406,1.45,,,3,55,bismarck_gun_105_x1,0.732,0.858,1.45,,,3,50,spee_gun_150_x1,0.732,0.858,1.45,,,3,50,bismarck_gun_150_x1,0.4915,0.626,1.45,,,3,50,bismarck_gun_b_150_x1,0.4915,0.626,1.45,,,3,45,bismarck_gun_380_short_x1,0.2768,0.3532,1.45,,,3,50,bismarck_gun_380_x1,0.2768,0.3532,1.45,,,,,,,,,,,,,,,,,,,,,,,,,,,,,,,,,,,,,,,,,,,,,,,,,,,,,,,,,,,,,,,,,,,,,,,,,,,,,,,,,,,,,,,,,,,,,,,,,,,,,,,,,,,,,,,,,,,,,,,,,,,,,,,,,,,,,,,,,
3,35,brandenburg_gun_279_x2,0.342,0.423,1.08,,,3,40,friedrich_gun_228_x2,0.3784,0.4566,1.08,,,3,35,friedrich_gun_305_x2,0.3531,0.4294,1.08,,,3,45,vdt_gun_280_x2,0.3167,0.3958,1.08,,,3,50,vdt_gun_280_x2,0.3167,0.3958,1.08,,,3,40,vdt_gun_200_x2,0.6518,0.7518,1.08,,,3,45,spee_gun_var_280_x2,0.334,0.406,1.08,,,3,50,spee_gun_var_280_x2,0.334,0.406,1.08,,,3,45,spee_gun_280_x2_a,0.334,0.406,1.08,,,3,50,spee_gun_280_x2_a,0.334,0.406,1.08,,,3,55,bismarck_gun_105_x2,0.732,0.858,1.08,,,3,50,spee_gun_150_x2,0.732,0.858,1.08,,,3,50,bismarck_gun_150_x2,0.4915,0.626,1.08,,,3,50,bismarck_gun_b_150_x2,0.4915,0.626,1.08,,,3,45,bismarck_gun_380_short_x2,0.2768,0.3532,1.08,,,3,50,bismarck_gun_380_x2,0.2768,0.3532,1.08,,,,,,,,,,,,,,,,,,,,,,,,,,,,,,,,,,,,,,,,,,,,,,,,,,,,,,,,,,,,,,,,,,,,,,,,,,,,,,,,,,,,,,,,,,,,,,,,,,,,,,,,,,,,,,,,,,,,,,,,,,,,,,,,,,,,,,,,,
3,35,brandenburg_gun_279_x3,0.342,0.423,0.83,,,3,40,friedrich_gun_228_x3,0.3784,0.4566,0.83,,,3,35,friedrich_gun_305_x3,0.3531,0.4294,0.83,,,3,45,vdt_gun_280_x3,0.3167,0.3958,0.83,,,3,50,vdt_gun_280_x3,0.3167,0.3958,0.83,,,3,40,,,,0.83,,,3,45,spee_gun_var_280_x3,0.334,0.406,0.83,,,3,50,spee_gun_var_280_x3,0.334,0.406,0.83,,,3,45,spee_gun_280_x3_a,0.334,0.406,0.83,,,3,50,spee_gun_280_x3_a,0.334,0.406,0.83,,,3,55,bismarck_gun_105_x3,0.732,0.858,0.83,,,3,50,spee_gun_150_x3,0.732,0.858,0.83,,,3,50,bismarck_gun_150_x3,0.4915,0.626,0.83,,,3,50,bismarck_gun_b_150_x3,0.4915,0.626,0.83,,,3,45,bismarck_gun_380_short_x3,0.2768,0.3532,0.83,,,3,50,bismarck_gun_380_x3,0.2768,0.3532,0.83,,,,,,,,,,,,,,,,,,,,,,,,,,,,,,,,,,,,,,,,,,,,,,,,,,,,,,,,,,,,,,,,,,,,,,,,,,,,,,,,,,,,,,,,,,,,,,,,,,,,,,,,,,,,,,,,,,,,,,,,,,,,,,,,,,,,,,,,,
,35,,,,0.74,,,,40,,,,0.74,,,,35,,,,0.74,,,3,45,vdt_gun_280_x4,0.3167,0.3958,0.74,,,3,50,vdt_gun_280_x4,0.3167,0.3958,0.74,,,,40,,,,0.74,,,,45,spee_gun_280_x4_a,0.334,0.406,0.74,,,3,50,spee_gun_280_x4_a,0.334,0.406,0.74,,,3,45,spee_gun_280_x4_a,0.334,0.406,0.74,,,3,50,spee_gun_280_x4_a,0.334,0.406,0.74,,,3,55,bismarck_gun_105_x4,0.732,0.858,0.74,,,,50,,0.732,0.858,0.74,,,3,50,bismarck_gun_150_x4,0.4915,0.626,0.74,,,3,50,bismarck_gun_b_150_x4,0.4915,0.626,0.74,,,3,45,bismarck_gun_380_short_x4,0.2768,0.3532,0.74,,,3,50,bismarck_gun_380_x4,0.2768,0.3532,0.74,,,,,,,,,,,,,,,,,,,,,,,,,,,,,,,,,,,,,,,,,,,,,,,,,,,,,,,,,,,,,,,,,,,,,,,,,,,,,,,,,,,,,,,,,,,,,,,,,,,,,,,,,,,,,,,,,,,,,,,,,,,,,,,,,,,,,,,,,
4,35,brandenburg_gun_279_x1,0.433,0.514,1.7,,,4,40,friedrich_gun_228_x1,0.4666,0.5448,1.7,,,4,35,friedrich_gun_305_x1,0.4394,0.5157,1.7,,,4,45,vdt_gun_280_x1,0.4058,0.4849,1.7,,,4,50,vdt_gun_280_x1,0.4058,0.4849,1.7,,,4,40,vdt_gun_200_x1,0.7632,0.8632,1.7,,,4,45,spee_gun_var_280_x1,0.416,0.488,1.7,,,4,50,spee_gun_var_280_x1,0.416,0.488,1.7,,,4,45,spee_gun_280_x1_a,0.416,0.488,1.7,,,4,50,spee_gun_280_x1_a,0.416,0.488,1.7,,,4,55,bismarck_gun_105_x1,0.868,0.994,1.7,,,4,50,spee_gun_150_x1,0.868,0.994,1.7,,,4,50,bismarck_gun_150_x1,0.646,0.7805,1.7,,,4,50,bismarck_gun_b_150_x1,0.646,0.7805,1.7,,,4,45,bismarck_gun_380_short_x1,0.3632,0.4396,1.7,,,4,50,bismarck_gun_380_x1,0.3632,0.4396,1.7,,,,,,,,,,,,,,,,,,,,,,,,,,,,,,,,,,,,,,,,,,,,,,,,,,,,,,,,,,,,,,,,,,,,,,,,,,,,,,,,,,,,,,,,,,,,,,,,,,,,,,,,,,,,,,,,,,,,,,,,,,,,,,,,,,,,,,,,,
4,35,brandenburg_gun_279_x2,0.433,0.514,1.28,,,4,40,friedrich_gun_228_x2,0.4666,0.5448,1.28,,,4,35,friedrich_gun_305_x2,0.4394,0.5157,1.28,,,4,45,vdt_gun_280_x2,0.4058,0.4849,1.28,,,4,50,vdt_gun_280_x2,0.4058,0.4849,1.28,,,4,40,vdt_gun_200_x2,0.7632,0.8632,1.28,,,4,45,spee_gun_var_280_x2,0.416,0.488,1.28,,,4,50,spee_gun_var_280_x2,0.416,0.488,1.28,,,4,45,spee_gun_280_x2_a,0.416,0.488,1.28,,,4,50,spee_gun_280_x2_a,0.416,0.488,1.28,,,4,55,bismarck_gun_105_x2,0.868,0.994,1.28,,,4,50,spee_gun_150_x2,0.868,0.994,1.28,,,4,50,bismarck_gun_150_x2,0.646,0.7805,1.28,,,4,50,bismarck_gun_b_150_x2,0.646,0.7805,1.28,,,4,45,bismarck_gun_380_short_x2,0.3632,0.4396,1.28,,,4,50,bismarck_gun_380_x2,0.3632,0.4396,1.28,,,,,,,,,,,,,,,,,,,,,,,,,,,,,,,,,,,,,,,,,,,,,,,,,,,,,,,,,,,,,,,,,,,,,,,,,,,,,,,,,,,,,,,,,,,,,,,,,,,,,,,,,,,,,,,,,,,,,,,,,,,,,,,,,,,,,,,,,
4,35,brandenburg_gun_279_x3,0.433,0.514,1,,,4,40,friedrich_gun_228_x3,0.4666,0.5448,1,,,4,35,friedrich_gun_305_x3,0.4394,0.5157,1,,,4,45,vdt_gun_280_x3,0.4058,0.4849,1,,,4,50,vdt_gun_280_x3,0.4058,0.4849,1,,,4,40,,,,1,,,4,45,spee_gun_var_280_x3,0.416,0.488,1,,,4,50,spee_gun_var_280_x3,0.416,0.488,1,,,4,45,spee_gun_280_x3_a,0.416,0.488,1,,,4,50,spee_gun_280_x3_a,0.416,0.488,1,,,4,55,bismarck_gun_105_x3,0.868,0.994,1,,,4,50,spee_gun_150_x3,0.868,0.994,1,,,4,50,bismarck_gun_150_x3,0.646,0.7805,1,,,4,50,bismarck_gun_b_150_x3,0.646,0.7805,1,,,4,45,bismarck_gun_380_short_x3,0.3632,0.4396,1,,,4,50,bismarck_gun_380_x3,0.3632,0.4396,1,,,,,,,,,,,,,,,,,,,,,,,,,,,,,,,,,,,,,,,,,,,,,,,,,,,,,,,,,,,,,,,,,,,,,,,,,,,,,,,,,,,,,,,,,,,,,,,,,,,,,,,,,,,,,,,,,,,,,,,,,,,,,,,,,,,,,,,,,
,35,,,,0.85,,,,40,,,,0.85,,,,35,,,,0.85,,,4,45,vdt_gun_280_x4,0.4058,0.4849,0.85,,,4,50,vdt_gun_280_x4,0.4058,0.4849,0.85,,,,40,,,,0.85,,,,45,spee_gun_280_x4_a,0.416,0.488,0.85,,,4,50,spee_gun_280_x4_a,0.416,0.488,0.85,,,4,45,spee_gun_280_x4_a,0.416,0.488,0.85,,,4,50,spee_gun_280_x4_a,0.416,0.488,0.85,,,4,55,bismarck_gun_105_x4,0.868,0.994,0.85,,,,50,,0.868,0.994,0.85,,,4,50,bismarck_gun_150_x4,0.646,0.7805,0.85,,,4,50,bismarck_gun_b_150_x4,0.646,0.7805,0.85,,,4,45,bismarck_gun_380_short_x4,0.3632,0.4396,0.85,,,4,50,bismarck_gun_380_x4,0.3632,0.4396,0.85,,,,,,,,,,,,,,,,,,,,,,,,,,,,,,,,,,,,,,,,,,,,,,,,,,,,,,,,,,,,,,,,,,,,,,,,,,,,,,,,,,,,,,,,,,,,,,,,,,,,,,,,,,,,,,,,,,,,,,,,,,,,,,,,,,,,,,,,,
5,35,brandenburg_gun_279_x1,0.524,0.605,1.25,,,5,40,friedrich_gun_228_x1,0.5548,0.633,1.25,,,5,35,friedrich_gun_305_x1,0.5257,0.602,1.25,,,5,45,vdt_gun_280_x1,0.4949,0.574,1.25,,,5,50,vdt_gun_280_x1,0.4949,0.574,1.25,,,5,40,vdt_gun_200_x1,0.8746,0.9746,1.25,,,5,45,spee_gun_var_280_x1,0.498,0.57,1.25,,,5,50,spee_gun_var_280_x1,0.498,0.57,1.25,,,5,45,spee_gun_280_x1_a,0.498,0.57,1.25,,,5,50,spee_gun_280_x1_a,0.498,0.57,1.25,,,5,55,bismarck_gun_105_x1,1.004,1.13,1.25,,,5,50,spee_gun_150_x1,1.004,1.13,1.25,,,5,50,bismarck_gun_150_x1,0.8005,0.935,1.25,,,5,50,bismarck_gun_b_150_x1,0.8005,0.935,1.25,,,5,45,bismarck_gun_380_short_x1,0.4496,0.526,1.25,,,5,50,bismarck_gun_380_x1,0.4496,0.526,1.25,,,,,,,,,,,,,,,,,,,,,,,,,,,,,,,,,,,,,,,,,,,,,,,,,,,,,,,,,,,,,,,,,,,,,,,,,,,,,,,,,,,,,,,,,,,,,,,,,,,,,,,,,,,,,,,,,,,,,,,,,,,,,,,,,,,,,,,,,
5,35,brandenburg_gun_279_x2,0.524,0.605,0.95,,,5,40,friedrich_gun_228_x2,0.5548,0.633,0.95,,,5,35,friedrich_gun_305_x2,0.5257,0.602,0.95,,,5,45,vdt_gun_280_x2,0.4949,0.574,0.95,,,5,50,vdt_gun_280_x2,0.4949,0.574,0.95,,,5,40,vdt_gun_200_x2,0.8746,0.9746,0.95,,,5,45,spee_gun_var_280_x2,0.498,0.57,0.95,,,5,50,spee_gun_var_280_x2,0.498,0.57,0.95,,,5,45,spee_gun_280_x2_a,0.498,0.57,0.95,,,5,50,spee_gun_280_x2_a,0.498,0.57,0.95,,,5,55,bismarck_gun_105_x2,1.004,1.13,0.95,,,5,50,spee_gun_150_x2,1.004,1.13,0.95,,,5,50,bismarck_gun_150_x2,0.8005,0.935,0.95,,,5,50,bismarck_gun_b_150_x2,0.8005,0.935,0.95,,,5,45,bismarck_gun_380_short_x2,0.4496,0.526,0.95,,,5,50,bismarck_gun_380_x2,0.4496,0.526,0.95,,,,,,,,,,,,,,,,,,,,,,,,,,,,,,,,,,,,,,,,,,,,,,,,,,,,,,,,,,,,,,,,,,,,,,,,,,,,,,,,,,,,,,,,,,,,,,,,,,,,,,,,,,,,,,,,,,,,,,,,,,,,,,,,,,,,,,,,,
5,35,brandenburg_gun_279_x3,0.524,0.605,0.75,,,5,40,friedrich_gun_228_x3,0.5548,0.633,0.75,,,5,35,friedrich_gun_305_x3,0.5257,0.602,0.75,,,5,45,vdt_gun_280_x3,0.4949,0.574,0.75,,,5,50,vdt_gun_280_x3,0.4949,0.574,0.75,,,5,40,,,,0.75,,,5,45,spee_gun_var_280_x3,0.498,0.57,0.75,,,5,50,spee_gun_var_280_x3,0.498,0.57,0.75,,,5,45,spee_gun_280_x3_a,0.498,0.57,0.75,,,5,50,spee_gun_280_x3_a,0.498,0.57,0.75,,,5,55,bismarck_gun_105_x3,1.004,1.13,0.75,,,5,50,spee_gun_150_x3,1.004,1.13,0.75,,,5,50,bismarck_gun_150_x3,0.8005,0.935,0.75,,,5,50,bismarck_gun_b_150_x3,0.8005,0.935,0.75,,,5,45,bismarck_gun_380_short_x3,0.4496,0.526,0.75,,,5,50,bismarck_gun_380_x3,0.4496,0.526,0.75,,,,,,,,,,,,,,,,,,,,,,,,,,,,,,,,,,,,,,,,,,,,,,,,,,,,,,,,,,,,,,,,,,,,,,,,,,,,,,,,,,,,,,,,,,,,,,,,,,,,,,,,,,,,,,,,,,,,,,,,,,,,,,,,,,,,,,,,,
,35,,,,0.68,,,,40,,,,0.68,,,,35,,,,0.68,,,5,45,vdt_gun_280_x4,0.4949,0.574,0.68,,,5,50,vdt_gun_280_x4,0.4949,0.574,0.68,,,,40,,,,0.68,,,,45,spee_gun_280_x4_a,0.498,0.57,0.68,,,5,50,spee_gun_280_x4_a,0.498,0.57,0.68,,,5,45,spee_gun_280_x4_a,0.498,0.57,0.68,,,5,50,spee_gun_280_x4_a,0.498,0.57,0.68,,,5,55,bismarck_gun_105_x4,1.004,1.13,0.68,,,,50,,1.004,1.13,0.68,,,5,50,bismarck_gun_150_x4,0.8005,0.935,0.68,,,5,50,bismarck_gun_b_150_x4,0.8005,0.935,0.68,,,5,45,bismarck_gun_380_short_x4,0.4496,0.526,0.68,,,5,50,bismarck_gun_380_x4,0.4496,0.526,0.68,,,,,,,,,,,,,,,,,,,,,,,,,,,,,,,,,,,,,,,,,,,,,,,,,,,,,,,,,,,,,,,,,,,,,,,,,,,,,,,,,,,,,,,,,,,,,,,,,,,,,,,,,,,,,,,,,,,,,,,,,,,,,,,,,,,,,,,,,
6,35,brandenburg_gun_279_x1,0.615,0.696,1.185,,,6,40,friedrich_gun_228_x1,0.643,0.7212,1.185,,,6,35,friedrich_gun_305_x1,0.612,0.6883,1.185,,,6,45,vdt_gun_280_x1,0.584,0.6631,1.185,,,6,50,vdt_gun_280_x1,0.584,0.6631,1.185,,,6,40,vdt_gun_200_x1,0.986,1.086,1.185,,,6,45,spee_gun_var_280_x1,0.58,0.652,1.185,,,6,50,spee_gun_var_280_x1,0.58,0.652,1.185,,,6,45,spee_gun_280_x1_a,0.58,0.652,1.185,,,6,50,spee_gun_280_x1_a,0.58,0.652,1.185,,,6,55,bismarck_gun_105_x1,1.14,1.266,1.185,,,6,50,spee_gun_150_x1,1.14,1.266,1.185,,,6,50,bismarck_gun_150_x1,0.955,1.0895,1.185,,,6,50,bismarck_gun_b_150_x1,0.955,1.0895,1.185,,,6,45,bismarck_gun_380_short_x1,0.536,0.6124,1.185,,,6,50,bismarck_gun_380_x1,0.536,0.6124,1.185,,,,,,,,,,,,,,,,,,,,,,,,,,,,,,,,,,,,,,,,,,,,,,,,,,,,,,,,,,,,,,,,,,,,,,,,,,,,,,,,,,,,,,,,,,,,,,,,,,,,,,,,,,,,,,,,,,,,,,,,,,,,,,,,,,,,,,,,,
6,35,brandenburg_gun_279_x2,0.615,0.696,0.86,,,6,40,friedrich_gun_228_x2,0.643,0.7212,0.86,,,6,35,friedrich_gun_305_x2,0.612,0.6883,0.86,,,6,45,vdt_gun_280_x2,0.584,0.6631,0.86,,,6,50,vdt_gun_280_x2,0.584,0.6631,0.86,,,6,40,vdt_gun_200_x2,0.986,1.086,0.86,,,6,45,spee_gun_var_280_x2,0.58,0.652,0.86,,,6,50,spee_gun_var_280_x2,0.58,0.652,0.86,,,6,45,spee_gun_280_x2_a,0.58,0.652,0.86,,,6,50,spee_gun_280_x2_a,0.58,0.652,0.86,,,6,55,bismarck_gun_105_x2,1.14,1.266,0.86,,,6,50,spee_gun_150_x2,1.14,1.266,0.86,,,6,50,bismarck_gun_150_x2,0.955,1.0895,0.86,,,6,50,bismarck_gun_b_150_x2,0.955,1.0895,0.86,,,6,45,bismarck_gun_380_short_x2,0.536,0.6124,0.86,,,6,50,bismarck_gun_380_x2,0.536,0.6124,0.86,,,,,,,,,,,,,,,,,,,,,,,,,,,,,,,,,,,,,,,,,,,,,,,,,,,,,,,,,,,,,,,,,,,,,,,,,,,,,,,,,,,,,,,,,,,,,,,,,,,,,,,,,,,,,,,,,,,,,,,,,,,,,,,,,,,,,,,,,
6,35,brandenburg_gun_279_x3,0.615,0.696,0.66,,,6,40,friedrich_gun_228_x3,0.643,0.7212,0.66,,,6,35,friedrich_gun_305_x3,0.612,0.6883,0.66,,,6,45,vdt_gun_280_x3,0.584,0.6631,0.66,,,6,50,vdt_gun_280_x3,0.584,0.6631,0.66,,,6,40,,,,0.66,,,6,45,spee_gun_var_280_x3,0.58,0.652,0.66,,,6,50,spee_gun_var_280_x3,0.58,0.652,0.66,,,6,45,spee_gun_280_x3_a,0.58,0.652,0.66,,,6,50,spee_gun_280_x3_a,0.58,0.652,0.66,,,6,55,bismarck_gun_105_x3,1.14,1.266,0.66,,,6,50,spee_gun_150_x3,1.14,1.266,0.66,,,6,50,bismarck_gun_150_x3,0.955,1.0895,0.66,,,6,50,bismarck_gun_b_150_x3,0.955,1.0895,0.66,,,6,45,bismarck_gun_380_short_x3,0.536,0.6124,0.66,,,6,50,bismarck_gun_380_x3,0.536,0.6124,0.66,,,,,,,,,,,,,,,,,,,,,,,,,,,,,,,,,,,,,,,,,,,,,,,,,,,,,,,,,,,,,,,,,,,,,,,,,,,,,,,,,,,,,,,,,,,,,,,,,,,,,,,,,,,,,,,,,,,,,,,,,,,,,,,,,,,,,,,,,
,35,,,,0.6,,,,40,,,,0.6,,,,35,,,,0.6,,,6,45,vdt_gun_280_x4,0.584,0.6631,0.6,,,6,50,vdt_gun_280_x4,0.584,0.6631,0.6,,,,40,,,,0.6,,,,45,spee_gun_280_x4_a,0.58,0.652,0.6,,,6,50,spee_gun_280_x4_a,0.58,0.652,0.6,,,6,45,spee_gun_280_x4_a,0.58,0.652,0.6,,,6,50,spee_gun_280_x4_a,0.58,0.652,0.6,,,6,55,bismarck_gun_105_x4,1.14,1.266,0.6,,,,50,,1.14,1.266,0.6,,,6,50,bismarck_gun_150_x4,0.955,1.0895,0.6,,,6,50,bismarck_gun_b_150_x4,0.955,1.0895,0.6,,,6,45,bismarck_gun_380_short_x4,0.536,0.6124,0.6,,,6,50,bismarck_gun_380_x4,0.536,0.6124,0.6,,,,,,,,,,,,,,,,,,,,,,,,,,,,,,,,,,,,,,,,,,,,,,,,,,,,,,,,,,,,,,,,,,,,,,,,,,,,,,,,,,,,,,,,,,,,,,,,,,,,,,,,,,,,,,,,,,,,,,,,,,,,,,,,,,,,,,,,,
7,35,brandenburg_gun_279_x1,0.706,0.787,1.21,,,7,40,friedrich_gun_228_x1,0.7312,0.8094,1.21,,,7,35,friedrich_gun_305_x1,0.6983,0.7746,1.21,,,7,45,vdt_gun_280_x1,0.6731,0.7522,1.21,,,7,50,vdt_gun_280_x1,0.6731,0.7522,1.21,,,7,40,vdt_gun_200_x1,1.0974,1.1974,1.21,,,7,45,spee_gun_var_280_x1,0.662,0.734,1.21,,,7,50,spee_gun_var_280_x1,0.662,0.734,1.21,,,7,45,spee_gun_280_x1_a,0.662,0.734,1.21,,,7,50,spee_gun_280_x1_a,0.662,0.734,1.21,,,7,55,bismarck_gun_105_x1,1.276,1.402,1.21,,,7,50,spee_gun_150_x1,1.276,1.402,1.21,,,7,50,bismarck_gun_150_x1,1.1095,1.244,1.21,,,7,50,bismarck_gun_b_150_x1,1.1095,1.244,1.21,,,7,45,bismarck_gun_380_short_x1,0.6224,0.6988,1.21,,,7,50,bismarck_gun_380_x1,0.6224,0.6988,1.21,,,,,,,,,,,,,,,,,,,,,,,,,,,,,,,,,,,,,,,,,,,,,,,,,,,,,,,,,,,,,,,,,,,,,,,,,,,,,,,,,,,,,,,,,,,,,,,,,,,,,,,,,,,,,,,,,,,,,,,,,,,,,,,,,,,,,,,,,
7,35,brandenburg_gun_279_x2,0.706,0.787,0.9,,,7,40,friedrich_gun_228_x2,0.7312,0.8094,0.9,,,7,35,friedrich_gun_305_x2,0.6983,0.7746,0.9,,,7,45,vdt_gun_280_x2,0.6731,0.7522,0.9,,,7,50,vdt_gun_280_x2,0.6731,0.7522,0.9,,,7,40,vdt_gun_200_x2,1.0974,1.1974,0.9,,,7,45,spee_gun_var_280_x2,0.662,0.734,0.9,,,7,50,spee_gun_var_280_x2,0.662,0.734,0.9,,,7,45,spee_gun_280_x2_a,0.662,0.734,0.9,,,7,50,spee_gun_280_x2_a,0.662,0.734,0.9,,,7,55,bismarck_gun_105_x2,1.276,1.402,0.9,,,7,50,spee_gun_150_x2,1.276,1.402,0.9,,,7,50,bismarck_gun_150_x2,1.1095,1.244,0.9,,,7,50,bismarck_gun_b_150_x2,1.1095,1.244,0.9,,,7,45,bismarck_gun_380_short_x2,0.6224,0.6988,0.9,,,7,50,bismarck_gun_380_x2,0.6224,0.6988,0.9,,,,,,,,,,,,,,,,,,,,,,,,,,,,,,,,,,,,,,,,,,,,,,,,,,,,,,,,,,,,,,,,,,,,,,,,,,,,,,,,,,,,,,,,,,,,,,,,,,,,,,,,,,,,,,,,,,,,,,,,,,,,,,,,,,,,,,,,,
7,35,brandenburg_gun_279_x3,0.706,0.787,0.705,,,7,40,friedrich_gun_228_x3,0.7312,0.8094,0.705,,,7,35,friedrich_gun_305_x3,0.6983,0.7746,0.705,,,7,45,vdt_gun_280_x3,0.6731,0.7522,0.705,,,7,50,vdt_gun_280_x3,0.6731,0.7522,0.705,,,7,40,,,,0.705,,,7,45,spee_gun_var_280_x3,0.662,0.734,0.705,,,7,50,spee_gun_var_280_x3,0.662,0.734,0.705,,,7,45,spee_gun_280_x3_a,0.662,0.734,0.705,,,7,50,spee_gun_280_x3_a,0.662,0.734,0.705,,,7,55,bismarck_gun_105_x3,1.276,1.402,0.705,,,7,50,spee_gun_150_x3,1.276,1.402,0.705,,,7,50,bismarck_gun_150_x3,1.1095,1.244,0.705,,,7,50,bismarck_gun_b_150_x3,1.1095,1.244,0.705,,,7,45,bismarck_gun_380_short_x3,0.6224,0.6988,0.705,,,7,50,bismarck_gun_380_x3,0.6224,0.6988,0.705,,,,,,,,,,,,,,,,,,,,,,,,,,,,,,,,,,,,,,,,,,,,,,,,,,,,,,,,,,,,,,,,,,,,,,,,,,,,,,,,,,,,,,,,,,,,,,,,,,,,,,,,,,,,,,,,,,,,,,,,,,,,,,,,,,,,,,,,,
,35,,,,0.64,,,,40,,,,0.64,,,,35,,,,0.64,,,7,45,vdt_gun_280_x4,0.6731,0.7522,0.64,,,7,50,vdt_gun_280_x4,0.6731,0.7522,0.64,,,,40,,,,0.64,,,,45,spee_gun_280_x4_a,0.662,0.734,0.64,,,7,50,spee_gun_280_x4_a,0.662,0.734,0.64,,,7,45,spee_gun_280_x4_a,0.662,0.734,0.64,,,7,50,spee_gun_280_x4_a,0.662,0.734,0.64,,,7,55,bismarck_gun_105_x4,1.276,1.402,0.64,,,,50,,1.276,1.402,0.64,,,7,50,bismarck_gun_150_x4,1.1095,1.244,0.64,,,7,50,bismarck_gun_b_150_x4,1.1095,1.244,0.64,,,7,45,bismarck_gun_380_short_x4,0.6224,0.6988,0.64,,,7,50,bismarck_gun_380_x4,0.6224,0.6988,0.64,,,,,,,,,,,,,,,,,,,,,,,,,,,,,,,,,,,,,,,,,,,,,,,,,,,,,,,,,,,,,,,,,,,,,,,,,,,,,,,,,,,,,,,,,,,,,,,,,,,,,,,,,,,,,,,,,,,,,,,,,,,,,,,,,,,,,,,,,
8,35,brandenburg_gun_279_x1,0.797,0.878,1.17,,,8,40,friedrich_gun_228_x1,0.8194,0.8976,1.17,,,8,35,friedrich_gun_305_x1,0.7846,0.8609,1.17,,,8,45,vdt_gun_280_x1,0.7622,0.8413,1.17,,,8,50,vdt_gun_280_x1,0.7622,0.8413,1.17,,,8,40,vdt_gun_200_x1,1.2088,1.3088,1.17,,,8,45,spee_gun_var_280_x1,0.744,0.816,1.17,,,8,50,spee_gun_var_280_x1,0.744,0.816,1.17,,,8,45,spee_gun_280_x1_a,0.744,0.816,1.17,,,8,50,spee_gun_280_x1_a,0.744,0.816,1.17,,,8,55,bismarck_gun_105_x1,1.412,1.538,1.17,,,8,50,spee_gun_150_x1,1.412,1.538,1.17,,,8,50,bismarck_gun_150_x1,1.264,1.3985,1.17,,,8,50,bismarck_gun_b_150_x1,1.264,1.3985,1.17,,,8,45,bismarck_gun_380_short_x1,0.7088,0.7852,1.17,,,8,50,bismarck_gun_380_x1,0.7088,0.7852,1.17,,,,,,,,,,,,,,,,,,,,,,,,,,,,,,,,,,,,,,,,,,,,,,,,,,,,,,,,,,,,,,,,,,,,,,,,,,,,,,,,,,,,,,,,,,,,,,,,,,,,,,,,,,,,,,,,,,,,,,,,,,,,,,,,,,,,,,,,,
8,35,brandenburg_gun_279_x2,0.797,0.878,0.88,,,8,40,friedrich_gun_228_x2,0.8194,0.8976,0.88,,,8,35,friedrich_gun_305_x2,0.7846,0.8609,0.88,,,8,45,vdt_gun_280_x2,0.7622,0.8413,0.88,,,8,50,vdt_gun_280_x2,0.7622,0.8413,0.88,,,8,40,vdt_gun_200_x2,1.2088,1.3088,0.88,,,8,45,spee_gun_var_280_x2,0.744,0.816,0.88,,,8,50,spee_gun_var_280_x2,0.744,0.816,0.88,,,8,45,spee_gun_280_x2_a,0.744,0.816,0.88,,,8,50,spee_gun_280_x2_a,0.744,0.816,0.88,,,8,55,bismarck_gun_105_x2,1.412,1.538,0.88,,,8,50,spee_gun_150_x2,1.412,1.538,0.88,,,8,50,bismarck_gun_150_x2,1.264,1.3985,0.88,,,8,50,bismarck_gun_b_150_x2,1.264,1.3985,0.88,,,8,45,bismarck_gun_380_short_x2,0.7088,0.7852,0.88,,,8,50,bismarck_gun_380_x2,0.7088,0.7852,0.88,,,,,,,,,,,,,,,,,,,,,,,,,,,,,,,,,,,,,,,,,,,,,,,,,,,,,,,,,,,,,,,,,,,,,,,,,,,,,,,,,,,,,,,,,,,,,,,,,,,,,,,,,,,,,,,,,,,,,,,,,,,,,,,,,,,,,,,,,
8,35,brandenburg_gun_279_x3,0.797,0.878,0.69,,,8,40,friedrich_gun_228_x3,0.8194,0.8976,0.69,,,8,35,friedrich_gun_305_x3,0.7846,0.8609,0.69,,,8,45,vdt_gun_280_x3,0.7622,0.8413,0.69,,,8,50,vdt_gun_280_x3,0.7622,0.8413,0.69,,,8,40,,,,0.69,,,8,45,spee_gun_var_280_x3,0.744,0.816,0.69,,,8,50,spee_gun_var_280_x3,0.744,0.816,0.69,,,8,45,spee_gun_280_x3_a,0.744,0.816,0.69,,,8,50,spee_gun_280_x3_a,0.744,0.816,0.69,,,8,55,bismarck_gun_105_x3,1.412,1.538,0.69,,,8,50,spee_gun_150_x3,1.412,1.538,0.69,,,8,50,bismarck_gun_150_x3,1.264,1.3985,0.69,,,8,50,bismarck_gun_b_150_x3,1.264,1.3985,0.69,,,8,45,bismarck_gun_380_short_x3,0.7088,0.7852,0.69,,,8,50,bismarck_gun_380_x3,0.7088,0.7852,0.69,,,,,,,,,,,,,,,,,,,,,,,,,,,,,,,,,,,,,,,,,,,,,,,,,,,,,,,,,,,,,,,,,,,,,,,,,,,,,,,,,,,,,,,,,,,,,,,,,,,,,,,,,,,,,,,,,,,,,,,,,,,,,,,,,,,,,,,,,
,35,,,,0.63,,,,40,,,,0.63,,,,35,,,,0.63,,,8,45,vdt_gun_280_x4,0.7622,0.8413,0.63,,,8,50,vdt_gun_280_x4,0.7622,0.8413,0.63,,,,40,,,,0.63,,,,45,spee_gun_280_x4_a,0.744,0.816,0.63,,,8,50,spee_gun_280_x4_a,0.744,0.816,0.63,,,8,45,spee_gun_280_x4_a,0.744,0.816,0.63,,,8,50,spee_gun_280_x4_a,0.744,0.816,0.63,,,8,55,bismarck_gun_105_x4,1.412,1.538,0.63,,,,50,,1.412,1.538,0.63,,,8,50,bismarck_gun_150_x4,1.264,1.3985,0.63,,,8,50,bismarck_gun_b_150_x4,1.264,1.3985,0.63,,,8,45,bismarck_gun_380_short_x4,0.7088,0.7852,0.63,,,8,50,bismarck_gun_380_x4,0.7088,0.7852,0.63,,,,,,,,,,,,,,,,,,,,,,,,,,,,,,,,,,,,,,,,,,,,,,,,,,,,,,,,,,,,,,,,,,,,,,,,,,,,,,,,,,,,,,,,,,,,,,,,,,,,,,,,,,,,,,,,,,,,,,,,,,,,,,,,,,,,,,,,,
9,35,brandenburg_gun_279_x1,0.888,0.969,1.1,,,9,40,friedrich_gun_228_x1,0.9076,0.9858,1.1,,,9,35,friedrich_gun_305_x1,0.8709,0.9472,1.1,,,9,45,vdt_gun_280_x1,0.8513,0.9304,1.1,,,9,50,vdt_gun_280_x1,0.8513,0.9304,1.1,,,9,40,vdt_gun_200_x1,1.3202,1.4202,1.1,,,9,45,spee_gun_var_280_x1,0.826,0.898,1.1,,,9,50,spee_gun_var_280_x1,0.826,0.898,1.1,,,9,45,spee_gun_280_x1_a,0.826,0.898,1.1,,,9,50,spee_gun_280_x1_a,0.826,0.898,1.1,,,9,55,bismarck_gun_105_x1,1.548,1.674,1.1,,,9,50,spee_gun_150_x1,1.548,1.674,1.1,,,9,50,bismarck_gun_150_x1,1.4185,1.553,1.1,,,9,50,bismarck_gun_b_150_x1,1.4185,1.553,1.1,,,9,45,bismarck_gun_380_short_x1,0.7952,0.8716,1.1,,,9,50,bismarck_gun_380_x1,0.7952,0.8716,1.1,,,,,,,,,,,,,,,,,,,,,,,,,,,,,,,,,,,,,,,,,,,,,,,,,,,,,,,,,,,,,,,,,,,,,,,,,,,,,,,,,,,,,,,,,,,,,,,,,,,,,,,,,,,,,,,,,,,,,,,,,,,,,,,,,,,,,,,,,
9,35,brandenburg_gun_279_x2,0.888,0.969,0.82,,,9,40,friedrich_gun_228_x2,0.9076,0.9858,0.82,,,9,35,friedrich_gun_305_x2,0.8709,0.9472,0.82,,,9,45,vdt_gun_280_x2,0.8513,0.9304,0.82,,,9,50,vdt_gun_280_x2,0.8513,0.9304,0.82,,,9,40,vdt_gun_200_x2,1.3202,1.4202,0.82,,,9,45,spee_gun_var_280_x2,0.826,0.898,0.82,,,9,50,spee_gun_var_280_x2,0.826,0.898,0.82,,,9,45,spee_gun_280_x2_a,0.826,0.898,0.82,,,9,50,spee_gun_280_x2_a,0.826,0.898,0.82,,,9,55,bismarck_gun_105_x2,1.548,1.674,0.82,,,9,50,spee_gun_150_x2,1.548,1.674,0.82,,,9,50,bismarck_gun_150_x2,1.4185,1.553,0.82,,,9,50,bismarck_gun_b_150_x2,1.4185,1.553,0.82,,,9,45,bismarck_gun_380_short_x2,0.7952,0.8716,0.82,,,9,50,bismarck_gun_380_x2,0.7952,0.8716,0.82,,,,,,,,,,,,,,,,,,,,,,,,,,,,,,,,,,,,,,,,,,,,,,,,,,,,,,,,,,,,,,,,,,,,,,,,,,,,,,,,,,,,,,,,,,,,,,,,,,,,,,,,,,,,,,,,,,,,,,,,,,,,,,,,,,,,,,,,,
9,35,brandenburg_gun_279_x3,0.888,0.969,0.64,,,9,40,friedrich_gun_228_x3,0.9076,0.9858,0.64,,,9,35,friedrich_gun_305_x3,0.8709,0.9472,0.64,,,9,45,vdt_gun_280_x3,0.8513,0.9304,0.64,,,9,50,vdt_gun_280_x3,0.8513,0.9304,0.64,,,9,40,,,,0.64,,,9,45,spee_gun_var_280_x3,0.826,0.898,0.64,,,9,50,spee_gun_var_280_x3,0.826,0.898,0.64,,,9,45,spee_gun_280_x3_a,0.826,0.898,0.64,,,9,50,spee_gun_280_x3_a,0.826,0.898,0.64,,,9,55,bismarck_gun_105_x3,1.548,1.674,0.64,,,9,50,spee_gun_150_x3,1.548,1.674,0.64,,,9,50,bismarck_gun_150_x3,1.4185,1.553,0.64,,,9,50,bismarck_gun_b_150_x3,1.4185,1.553,0.64,,,9,45,bismarck_gun_380_short_x3,0.7952,0.8716,0.64,,,9,50,bismarck_gun_380_x3,0.7952,0.8716,0.64,,,,,,,,,,,,,,,,,,,,,,,,,,,,,,,,,,,,,,,,,,,,,,,,,,,,,,,,,,,,,,,,,,,,,,,,,,,,,,,,,,,,,,,,,,,,,,,,,,,,,,,,,,,,,,,,,,,,,,,,,,,,,,,,,,,,,,,,,
,35,,,,0.58,,,,40,,,,0.58,,,,35,,,,0.58,,,9,45,vdt_gun_280_x4,0.8513,0.9304,0.58,,,9,50,vdt_gun_280_x4,0.8513,0.9304,0.58,,,,40,,,,0.58,,,,45,spee_gun_280_x4_a,0.826,0.898,0.58,,,9,50,spee_gun_280_x4_a,0.826,0.898,0.58,,,9,45,spee_gun_280_x4_a,0.826,0.898,0.58,,,9,50,spee_gun_280_x4_a,0.826,0.898,0.58,,,9,55,bismarck_gun_105_x4,1.548,1.674,0.58,,,,50,,1.548,1.674,0.58,,,9,50,bismarck_gun_150_x4,1.4185,1.553,0.58,,,9,50,bismarck_gun_b_150_x4,1.4185,1.553,0.58,,,9,45,bismarck_gun_380_short_x4,0.7952,0.8716,0.58,,,9,50,bismarck_gun_380_x4,0.7952,0.8716,0.58,,,,,,,,,,,,,,,,,,,,,,,,,,,,,,,,,,,,,,,,,,,,,,,,,,,,,,,,,,,,,,,,,,,,,,,,,,,,,,,,,,,,,,,,,,,,,,,,,,,,,,,,,,,,,,,,,,,,,,,,,,,,,,,,,,,,,,,,,
10,35,brandenburg_gun_279_x1,0.979,1.06,1.2,,,10,40,friedrich_gun_228_x1,0.9958,1.074,1.2,,,10,35,friedrich_gun_305_x1,0.9572,1.0335,1.2,,,10,45,vdt_gun_280_x1,0.9404,1.0195,1.2,,,10,50,vdt_gun_280_x1,0.9404,1.0195,1.2,,,10,40,vdt_gun_200_x1,1.4316,1.5316,1.2,,,10,45,spee_gun_var_280_x1,0.908,0.98,1.2,,,10,50,spee_gun_var_280_x1,0.908,0.98,1.2,,,10,45,spee_gun_280_x1_a,0.908,0.98,1.2,,,10,50,spee_gun_280_x1_a,0.908,0.98,1.2,,,10,55,bismarck_gun_105_x1,1.684,1.81,1.2,,,10,50,spee_gun_150_x1,1.684,1.81,1.2,,,10,50,bismarck_gun_150_x1,1.573,1.7075,1.2,,,10,50,bismarck_gun_b_150_x1,1.573,1.7075,1.2,,,10,45,bismarck_gun_380_short_x1,0.8816,0.958,1.2,,,10,50,bismarck_gun_380_x1,0.8816,0.958,1.2,,,,,,,,,,,,,,,,,,,,,,,,,,,,,,,,,,,,,,,,,,,,,,,,,,,,,,,,,,,,,,,,,,,,,,,,,,,,,,,,,,,,,,,,,,,,,,,,,,,,,,,,,,,,,,,,,,,,,,,,,,,,,,,,,,,,,,,,,
10,35,brandenburg_gun_279_x2,0.979,1.06,0.9,,,10,40,friedrich_gun_228_x2,0.9958,1.074,0.9,,,10,35,friedrich_gun_305_x2,0.9572,1.0335,0.9,,,10,45,vdt_gun_280_x2,0.9404,1.0195,0.9,,,10,50,vdt_gun_280_x2,0.9404,1.0195,0.9,,,10,40,vdt_gun_200_x2,1.4316,1.5316,0.9,,,10,45,spee_gun_var_280_x2,0.908,0.98,0.9,,,10,50,spee_gun_var_280_x2,0.908,0.98,0.9,,,10,45,spee_gun_280_x2_a,0.908,0.98,0.9,,,10,50,spee_gun_280_x2_a,0.908,0.98,0.9,,,10,55,bismarck_gun_105_x2,1.684,1.81,0.9,,,10,50,spee_gun_150_x2,1.684,1.81,0.9,,,10,50,bismarck_gun_150_x2,1.573,1.7075,0.9,,,10,50,bismarck_gun_b_150_x2,1.573,1.7075,0.9,,,10,45,bismarck_gun_380_short_x2,0.8816,0.958,0.9,,,10,50,bismarck_gun_380_x2,0.8816,0.958,0.9,,,,,,,,,,,,,,,,,,,,,,,,,,,,,,,,,,,,,,,,,,,,,,,,,,,,,,,,,,,,,,,,,,,,,,,,,,,,,,,,,,,,,,,,,,,,,,,,,,,,,,,,,,,,,,,,,,,,,,,,,,,,,,,,,,,,,,,,,
10,35,brandenburg_gun_279_x3,0.979,1.06,0.68,,,10,40,friedrich_gun_228_x3,0.9958,1.074,0.68,,,10,35,friedrich_gun_305_x3,0.9572,1.0335,0.68,,,10,45,vdt_gun_280_x3,0.9404,1.0195,0.68,,,10,50,vdt_gun_280_x3,0.9404,1.0195,0.68,,,10,40,,,,0.68,,,10,45,spee_gun_var_280_x3,0.908,0.98,0.68,,,10,50,spee_gun_var_280_x3,0.908,0.98,0.68,,,10,45,spee_gun_280_x3_a,0.908,0.98,0.68,,,10,50,spee_gun_280_x3_a,0.908,0.98,0.68,,,10,55,bismarck_gun_105_x3,1.684,1.81,0.68,,,10,50,spee_gun_150_x3,1.684,1.81,0.68,,,10,50,bismarck_gun_150_x3,1.573,1.7075,0.68,,,10,50,bismarck_gun_b_150_x3,1.573,1.7075,0.68,,,10,45,bismarck_gun_380_short_x3,0.8816,0.958,0.68,,,10,50,bismarck_gun_380_x3,0.8816,0.958,0.68,,,,,,,,,,,,,,,,,,,,,,,,,,,,,,,,,,,,,,,,,,,,,,,,,,,,,,,,,,,,,,,,,,,,,,,,,,,,,,,,,,,,,,,,,,,,,,,,,,,,,,,,,,,,,,,,,,,,,,,,,,,,,,,,,,,,,,,,,
,35,,,,0.63,,,,40,,,,0.63,,,,35,,,,0.63,,,10,45,vdt_gun_280_x4,0.9404,1.0195,0.63,,,10,50,vdt_gun_280_x4,0.9404,1.0195,0.63,,,,40,,,,0.63,,,,45,spee_gun_280_x4_a,0.908,0.98,0.63,,,10,50,spee_gun_280_x4_a,0.908,0.98,0.63,,,10,45,spee_gun_280_x4_a,0.908,0.98,0.63,,,10,50,spee_gun_280_x4_a,0.908,0.98,0.63,,,10,55,bismarck_gun_105_x4,1.684,1.81,0.63,,,,50,,1.684,1.81,0.63,,,10,50,bismarck_gun_150_x4,1.573,1.7075,0.63,,,10,50,bismarck_gun_b_150_x4,1.573,1.7075,0.63,,,10,45,bismarck_gun_380_short_x4,0.8816,0.958,0.63,,,10,50,bismarck_gun_380_x4,0.8816,0.958,0.63,,,,,,,,,,,,,,,,,,,,,,,,,,,,,,,,,,,,,,,,,,,,,,,,,,,,,,,,,,,,,,,,,,,,,,,,,,,,,,,,,,,,,,,,,,,,,,,,,,,,,,,,,,,,,,,,,,,,,,,,,,,,,,,,,,,,,,,,,
11,35,brandenburg_gun_279_x1,1.07,1.151,1.07,,,11,40,friedrich_gun_228_x1,1.084,1.1622,1.07,,,11,35,friedrich_gun_305_x1,1.0435,1.1198,1.07,,,11,45,vdt_gun_280_x1,1.0295,1.1086,1.07,,,11,50,vdt_gun_280_x1,1.0295,1.1086,1.07,,,11,40,vdt_gun_200_x1,1.543,1.643,1.07,,,11,45,spee_gun_var_280_x1,0.99,1.062,1.07,,,11,50,spee_gun_var_280_x1,0.99,1.062,1.07,,,11,45,spee_gun_280_x1_a,0.99,1.062,1.07,,,11,50,spee_gun_280_x1_a,0.99,1.062,1.07,,,11,55,bismarck_gun_105_x1,1.82,1.946,1.07,,,11,50,spee_gun_150_x1,1.82,1.946,1.07,,,11,50,bismarck_gun_150_x1,1.7275,1.862,1.07,,,11,50,bismarck_gun_b_150_x1,1.7275,1.862,1.07,,,11,45,bismarck_gun_380_short_x1,0.968,1.0444,1.07,,,11,50,bismarck_gun_380_x1,0.968,1.0444,1.07,,,,,,,,,,,,,,,,,,,,,,,,,,,,,,,,,,,,,,,,,,,,,,,,,,,,,,,,,,,,,,,,,,,,,,,,,,,,,,,,,,,,,,,,,,,,,,,,,,,,,,,,,,,,,,,,,,,,,,,,,,,,,,,,,,,,,,,,,
11,35,brandenburg_gun_279_x2,1.07,1.151,0.82,,,11,40,friedrich_gun_228_x2,1.084,1.1622,0.82,,,11,35,friedrich_gun_305_x2,1.0435,1.1198,0.82,,,11,45,vdt_gun_280_x2,1.0295,1.1086,0.82,,,11,50,vdt_gun_280_x2,1.0295,1.1086,0.82,,,11,40,vdt_gun_200_x2,1.543,1.643,0.82,,,11,45,spee_gun_var_280_x2,0.99,1.062,0.82,,,11,50,spee_gun_var_280_x2,0.99,1.062,0.82,,,11,45,spee_gun_280_x2_a,0.99,1.062,0.82,,,11,50,spee_gun_280_x2_a,0.99,1.062,0.82,,,11,55,bismarck_gun_105_x2,1.82,1.946,0.82,,,11,50,spee_gun_150_x2,1.82,1.946,0.82,,,11,50,bismarck_gun_150_x2,1.7275,1.862,0.82,,,11,50,bismarck_gun_b_150_x2,1.7275,1.862,0.82,,,11,45,bismarck_gun_380_short_x2,0.968,1.0444,0.82,,,11,50,bismarck_gun_380_x2,0.968,1.0444,0.82,,,,,,,,,,,,,,,,,,,,,,,,,,,,,,,,,,,,,,,,,,,,,,,,,,,,,,,,,,,,,,,,,,,,,,,,,,,,,,,,,,,,,,,,,,,,,,,,,,,,,,,,,,,,,,,,,,,,,,,,,,,,,,,,,,,,,,,,,
11,35,brandenburg_gun_279_x3,1.07,1.151,0.66,,,11,40,friedrich_gun_228_x3,1.084,1.1622,0.66,,,11,35,friedrich_gun_305_x3,1.0435,1.1198,0.66,,,11,45,vdt_gun_280_x3,1.0295,1.1086,0.66,,,11,50,vdt_gun_280_x3,1.0295,1.1086,0.66,,,11,40,,,,0.66,,,11,45,spee_gun_var_280_x3,0.99,1.062,0.66,,,11,50,spee_gun_var_280_x3,0.99,1.062,0.66,,,11,45,spee_gun_280_x3_a,0.99,1.062,0.66,,,11,50,spee_gun_280_x3_a,0.99,1.062,0.66,,,11,55,bismarck_gun_105_x3,1.82,1.946,0.66,,,11,50,spee_gun_150_x3,1.82,1.946,0.66,,,11,50,bismarck_gun_150_x3,1.7275,1.862,0.66,,,11,50,bismarck_gun_b_150_x3,1.7275,1.862,0.66,,,11,45,bismarck_gun_380_short_x3,0.968,1.0444,0.66,,,11,50,bismarck_gun_380_x3,0.968,1.0444,0.66,,,,,,,,,,,,,,,,,,,,,,,,,,,,,,,,,,,,,,,,,,,,,,,,,,,,,,,,,,,,,,,,,,,,,,,,,,,,,,,,,,,,,,,,,,,,,,,,,,,,,,,,,,,,,,,,,,,,,,,,,,,,,,,,,,,,,,,,,
,35,,,,0.61,,,,40,,,,0.61,,,,35,,,,0.61,,,11,45,vdt_gun_280_x4,1.0295,1.1086,0.61,,,11,50,vdt_gun_280_x4,1.0295,1.1086,0.61,,,,40,,,,0.61,,,,45,spee_gun_280_x4_a,0.99,1.062,0.61,,,11,50,spee_gun_280_x4_a,0.99,1.062,0.61,,,11,45,spee_gun_280_x4_a,0.99,1.062,0.61,,,11,50,spee_gun_280_x4_a,0.99,1.062,0.61,,,11,55,bismarck_gun_105_x4,1.82,1.946,0.61,,,,50,,1.82,1.946,0.61,,,11,50,bismarck_gun_150_x4,1.7275,1.862,0.61,,,11,50,bismarck_gun_b_150_x4,1.7275,1.862,0.61,,,11,45,bismarck_gun_380_short_x4,0.968,1.0444,0.61,,,11,50,bismarck_gun_380_x4,0.968,1.0444,0.61,,,,,,,,,,,,,,,,,,,,,,,,,,,,,,,,,,,,,,,,,,,,,,,,,,,,,,,,,,,,,,,,,,,,,,,,,,,,,,,,,,,,,,,,,,,,,,,,,,,,,,,,,,,,,,,,,,,,,,,,,,,,,,,,,,,,,,,,,
12,35,brandenburg_gun_279_x1,1.161,1.242,1.07,,,12,40,friedrich_gun_228_x1,1.1722,1.2504,1.07,,,12,35,friedrich_gun_305_x1,1.1298,1.2061,1.07,,,12,45,vdt_gun_280_x1,1.1186,1.1977,1.07,,,12,50,vdt_gun_280_x1,1.1186,1.1977,1.07,,,12,40,vdt_gun_200_x1,1.6544,1.7544,1.07,,,12,45,spee_gun_var_280_x1,1.072,1.144,1.07,,,12,50,spee_gun_var_280_x1,1.072,1.144,1.07,,,12,45,spee_gun_280_x1_a,1.072,1.144,1.07,,,12,50,spee_gun_280_x1_a,1.072,1.144,1.07,,,12,55,bismarck_gun_105_x1,1.956,2.082,1.07,,,12,50,spee_gun_150_x1,1.956,2.082,1.07,,,12,50,bismarck_gun_150_x1,1.882,2.0165,1.07,,,12,50,bismarck_gun_b_150_x1,1.882,2.0165,1.07,,,12,45,bismarck_gun_380_short_x1,1.0544,1.1308,1.07,,,12,50,bismarck_gun_380_x1,1.0544,1.1308,1.07,,,,,,,,,,,,,,,,,,,,,,,,,,,,,,,,,,,,,,,,,,,,,,,,,,,,,,,,,,,,,,,,,,,,,,,,,,,,,,,,,,,,,,,,,,,,,,,,,,,,,,,,,,,,,,,,,,,,,,,,,,,,,,,,,,,,,,,,,
12,35,brandenburg_gun_279_x2,1.161,1.242,0.82,,,12,40,friedrich_gun_228_x2,1.1722,1.2504,0.82,,,12,35,friedrich_gun_305_x2,1.1298,1.2061,0.82,,,12,45,vdt_gun_280_x2,1.1186,1.1977,0.82,,,12,50,vdt_gun_280_x2,1.1186,1.1977,0.82,,,12,40,vdt_gun_200_x2,1.6544,1.7544,0.82,,,12,45,spee_gun_var_280_x2,1.072,1.144,0.82,,,12,50,spee_gun_var_280_x2,1.072,1.144,0.82,,,12,45,spee_gun_280_x2_a,1.072,1.144,0.82,,,12,50,spee_gun_280_x2_a,1.072,1.144,0.82,,,12,55,bismarck_gun_105_x2,1.956,2.082,0.82,,,12,50,spee_gun_150_x2,1.956,2.082,0.82,,,12,50,bismarck_gun_150_x2,1.882,2.0165,0.82,,,12,50,bismarck_gun_b_150_x2,1.882,2.0165,0.82,,,12,45,bismarck_gun_380_short_x2,1.0544,1.1308,0.82,,,12,50,bismarck_gun_380_x2,1.0544,1.1308,0.82,,,,,,,,,,,,,,,,,,,,,,,,,,,,,,,,,,,,,,,,,,,,,,,,,,,,,,,,,,,,,,,,,,,,,,,,,,,,,,,,,,,,,,,,,,,,,,,,,,,,,,,,,,,,,,,,,,,,,,,,,,,,,,,,,,,,,,,,,
12,35,brandenburg_gun_279_x3,1.161,1.242,0.66,,,12,40,friedrich_gun_228_x3,1.1722,1.2504,0.66,,,12,35,friedrich_gun_305_x3,1.1298,1.2061,0.66,,,12,45,vdt_gun_280_x3,1.1186,1.1977,0.66,,,12,50,vdt_gun_280_x3,1.1186,1.1977,0.66,,,12,40,,,,0.66,,,12,45,spee_gun_var_280_x3,1.072,1.144,0.66,,,12,50,spee_gun_var_280_x3,1.072,1.144,0.66,,,12,45,spee_gun_280_x3_a,1.072,1.144,0.66,,,12,50,spee_gun_280_x3_a,1.072,1.144,0.66,,,12,55,bismarck_gun_105_x3,1.956,2.082,0.66,,,12,50,spee_gun_150_x3,1.956,2.082,0.66,,,12,50,bismarck_gun_150_x3,1.882,2.0165,0.66,,,12,50,bismarck_gun_b_150_x3,1.882,2.0165,0.66,,,12,45,bismarck_gun_380_short_x3,1.0544,1.1308,0.66,,,12,50,bismarck_gun_380_x3,1.0544,1.1308,0.66,,,,,,,,,,,,,,,,,,,,,,,,,,,,,,,,,,,,,,,,,,,,,,,,,,,,,,,,,,,,,,,,,,,,,,,,,,,,,,,,,,,,,,,,,,,,,,,,,,,,,,,,,,,,,,,,,,,,,,,,,,,,,,,,,,,,,,,,,
,35,,,,0.61,,,,40,,,,0.61,,,,35,,,,0.61,,,12,45,vdt_gun_280_x4,1.1186,1.1977,0.61,,,12,50,vdt_gun_280_x4,1.1186,1.1977,0.61,,,,40,,,,0.61,,,,45,spee_gun_280_x4_a,1.072,1.144,0.61,,,12,50,spee_gun_280_x4_a,1.072,1.144,0.61,,,12,45,spee_gun_280_x4_a,1.072,1.144,0.61,,,12,50,spee_gun_280_x4_a,1.072,1.144,0.61,,,12,55,bismarck_gun_105_x4,1.956,2.082,0.61,,,,50,,1.956,2.082,0.61,,,12,50,bismarck_gun_150_x4,1.882,2.0165,0.61,,,12,50,bismarck_gun_b_150_x4,1.882,2.0165,0.61,,,12,45,bismarck_gun_380_short_x4,1.0544,1.1308,0.61,,,12,50,bismarck_gun_380_x4,1.0544,1.1308,0.61,,,,,,,,,,,,,,,,,,,,,,,,,,,,,,,,,,,,,,,,,,,,,,,,,,,,,,,,,,,,,,,,,,,,,,,,,,,,,,,,,,,,,,,,,,,,,,,,,,,,,,,,,,,,,,,,,,,,,,,,,,,,,,,,,,,,,,,,,
13,35,brandenburg_gun_279_x1,1.252,1.333,1.13,,,13,40,friedrich_gun_228_x1,1.2604,1.3386,1.13,,,13,35,friedrich_gun_305_x1,1.2161,1.2924,1.13,,,13,45,vdt_gun_280_x1,1.2077,1.2868,1.13,,,13,50,vdt_gun_280_x1,1.2077,1.2868,1.13,,,13,40,vdt_gun_200_x1,1.7658,1.8658,1.13,,,13,45,spee_gun_var_280_x1,1.154,1.226,1.13,,,13,50,spee_gun_var_280_x1,1.154,1.226,1.13,,,13,45,spee_gun_280_x1_a,1.154,1.226,1.13,,,13,50,spee_gun_280_x1_a,1.154,1.226,1.13,,,13,55,bismarck_gun_105_x1,2.092,2.218,1.13,,,13,50,spee_gun_150_x1,2.092,2.218,1.13,,,13,50,bismarck_gun_150_x1,2.0365,2.171,1.13,,,13,50,bismarck_gun_b_150_x1,2.0365,2.171,1.13,,,13,45,bismarck_gun_380_short_x1,1.1408,1.2172,1.13,,,13,50,bismarck_gun_380_x1,1.1408,1.2172,1.13,,,,,,,,,,,,,,,,,,,,,,,,,,,,,,,,,,,,,,,,,,,,,,,,,,,,,,,,,,,,,,,,,,,,,,,,,,,,,,,,,,,,,,,,,,,,,,,,,,,,,,,,,,,,,,,,,,,,,,,,,,,,,,,,,,,,,,,,,
13,35,brandenburg_gun_279_x2,1.252,1.333,0.88,,,13,40,friedrich_gun_228_x2,1.2604,1.3386,0.88,,,13,35,friedrich_gun_305_x2,1.2161,1.2924,0.88,,,13,45,vdt_gun_280_x2,1.2077,1.2868,0.88,,,13,50,vdt_gun_280_x2,1.2077,1.2868,0.88,,,13,40,vdt_gun_200_x2,1.7658,1.8658,0.88,,,13,45,spee_gun_var_280_x2,1.154,1.226,0.88,,,13,50,spee_gun_var_280_x2,1.154,1.226,0.88,,,13,45,spee_gun_280_x2_a,1.154,1.226,0.88,,,13,50,spee_gun_280_x2_a,1.154,1.226,0.88,,,13,55,bismarck_gun_105_x2,2.092,2.218,0.88,,,13,50,spee_gun_150_x2,2.092,2.218,0.88,,,13,50,bismarck_gun_150_x2,2.0365,2.171,0.88,,,13,50,bismarck_gun_b_150_x2,2.0365,2.171,0.88,,,13,45,bismarck_gun_380_short_x2,1.1408,1.2172,0.88,,,13,50,bismarck_gun_380_x2,1.1408,1.2172,0.88,,,,,,,,,,,,,,,,,,,,,,,,,,,,,,,,,,,,,,,,,,,,,,,,,,,,,,,,,,,,,,,,,,,,,,,,,,,,,,,,,,,,,,,,,,,,,,,,,,,,,,,,,,,,,,,,,,,,,,,,,,,,,,,,,,,,,,,,,
13,35,brandenburg_gun_279_x3,1.252,1.333,0.705,,,13,40,friedrich_gun_228_x3,1.2604,1.3386,0.705,,,13,35,friedrich_gun_305_x3,1.2161,1.2924,0.705,,,13,45,vdt_gun_280_x3,1.2077,1.2868,0.705,,,13,50,vdt_gun_280_x3,1.2077,1.2868,0.705,,,13,40,,,,0.705,,,13,45,spee_gun_var_280_x3,1.154,1.226,0.705,,,13,50,spee_gun_var_280_x3,1.154,1.226,0.705,,,13,45,spee_gun_280_x3_a,1.154,1.226,0.705,,,13,50,spee_gun_280_x3_a,1.154,1.226,0.705,,,13,55,bismarck_gun_105_x3,2.092,2.218,0.705,,,13,50,spee_gun_150_x3,2.092,2.218,0.705,,,13,50,bismarck_gun_150_x3,2.0365,2.171,0.705,,,13,50,bismarck_gun_b_150_x3,2.0365,2.171,0.705,,,13,45,bismarck_gun_380_short_x3,1.1408,1.2172,0.705,,,13,50,bismarck_gun_380_x3,1.1408,1.2172,0.705,,,,,,,,,,,,,,,,,,,,,,,,,,,,,,,,,,,,,,,,,,,,,,,,,,,,,,,,,,,,,,,,,,,,,,,,,,,,,,,,,,,,,,,,,,,,,,,,,,,,,,,,,,,,,,,,,,,,,,,,,,,,,,,,,,,,,,,,,
,35,,,,0.65,,,,40,,,,0.65,,,,35,,,,0.65,,,13,45,vdt_gun_280_x4,1.2077,1.2868,0.65,,,13,50,vdt_gun_280_x4,1.2077,1.2868,0.65,,,,40,,,,0.65,,,,45,spee_gun_280_x4_a,1.154,1.226,0.65,,,13,50,spee_gun_280_x4_a,1.154,1.226,0.65,,,13,45,spee_gun_280_x4_a,1.154,1.226,0.65,,,13,50,spee_gun_280_x4_a,1.154,1.226,0.65,,,13,55,bismarck_gun_105_x4,2.092,2.218,0.65,,,,50,,2.092,2.218,0.65,,,13,50,bismarck_gun_150_x4,2.0365,2.171,0.65,,,13,50,bismarck_gun_b_150_x4,2.0365,2.171,0.65,,,13,45,bismarck_gun_380_short_x4,1.1408,1.2172,0.65,,,13,50,bismarck_gun_380_x4,1.1408,1.2172,0.65,,,,,,,,,,,,,,,,,,,,,,,,,,,,,,,,,,,,,,,,,,,,,,,,,,,,,,,,,,,,,,,,,,,,,,,,,,,,,,,,,,,,,,,,,,,,,,,,,,,,,,,,,,,,,,,,,,,,,,,,,,,,,,,,,,,,,,,,,
14,35,brandenburg_gun_279_x1,1.343,1.424,1.13,,,14,40,friedrich_gun_228_x1,1.3486,1.4268,1.13,,,14,35,friedrich_gun_305_x1,1.3024,1.3787,1.13,,,14,45,vdt_gun_280_x1,1.2968,1.3759,1.13,,,14,50,vdt_gun_280_x1,1.2968,1.3759,1.13,,,14,40,vdt_gun_200_x1,1.8772,1.9772,1.13,,,14,45,spee_gun_var_280_x1,1.236,1.308,1.13,,,14,50,spee_gun_var_280_x1,1.236,1.308,1.13,,,14,45,spee_gun_280_x1_a,1.236,1.308,1.13,,,14,50,spee_gun_280_x1_a,1.236,1.308,1.13,,,14,55,bismarck_gun_105_x1,2.228,2.354,1.13,,,14,50,spee_gun_150_x1,2.228,2.354,1.13,,,14,50,bismarck_gun_150_x1,2.191,2.3255,1.13,,,14,50,bismarck_gun_b_150_x1,2.191,2.3255,1.13,,,14,45,bismarck_gun_380_short_x1,1.2272,1.3036,1.13,,,14,50,bismarck_gun_380_x1,1.2272,1.3036,1.13,,,,,,,,,,,,,,,,,,,,,,,,,,,,,,,,,,,,,,,,,,,,,,,,,,,,,,,,,,,,,,,,,,,,,,,,,,,,,,,,,,,,,,,,,,,,,,,,,,,,,,,,,,,,,,,,,,,,,,,,,,,,,,,,,,,,,,,,,
14,35,brandenburg_gun_279_x2,1.343,1.424,0.88,,,14,40,friedrich_gun_228_x2,1.3486,1.4268,0.88,,,14,35,friedrich_gun_305_x2,1.3024,1.3787,0.88,,,14,45,vdt_gun_280_x2,1.2968,1.3759,0.88,,,14,50,vdt_gun_280_x2,1.2968,1.3759,0.88,,,14,40,vdt_gun_200_x2,1.8772,1.9772,0.88,,,14,45,spee_gun_var_280_x2,1.236,1.308,0.88,,,14,50,spee_gun_var_280_x2,1.236,1.308,0.88,,,14,45,spee_gun_280_x2_a,1.236,1.308,0.88,,,14,50,spee_gun_280_x2_a,1.236,1.308,0.88,,,14,55,bismarck_gun_105_x2,2.228,2.354,0.88,,,14,50,spee_gun_150_x2,2.228,2.354,0.88,,,14,50,bismarck_gun_150_x2,2.191,2.3255,0.88,,,14,50,bismarck_gun_b_150_x2,2.191,2.3255,0.88,,,14,45,bismarck_gun_380_short_x2,1.2272,1.3036,0.88,,,14,50,bismarck_gun_380_x2,1.2272,1.3036,0.88,,,,,,,,,,,,,,,,,,,,,,,,,,,,,,,,,,,,,,,,,,,,,,,,,,,,,,,,,,,,,,,,,,,,,,,,,,,,,,,,,,,,,,,,,,,,,,,,,,,,,,,,,,,,,,,,,,,,,,,,,,,,,,,,,,,,,,,,,
14,35,brandenburg_gun_279_x3,1.343,1.424,0.705,,,14,40,friedrich_gun_228_x3,1.3486,1.4268,0.705,,,14,35,friedrich_gun_305_x3,1.3024,1.3787,0.705,,,14,45,vdt_gun_280_x3,1.2968,1.3759,0.705,,,14,50,vdt_gun_280_x3,1.2968,1.3759,0.705,,,14,40,,,,0.705,,,14,45,spee_gun_var_280_x3,1.236,1.308,0.705,,,14,50,spee_gun_var_280_x3,1.236,1.308,0.705,,,14,45,spee_gun_280_x3_a,1.236,1.308,0.705,,,14,50,spee_gun_280_x3_a,1.236,1.308,0.705,,,14,55,bismarck_gun_105_x3,2.228,2.354,0.705,,,14,50,spee_gun_150_x3,2.228,2.354,0.705,,,14,50,bismarck_gun_150_x3,2.191,2.3255,0.705,,,14,50,bismarck_gun_b_150_x3,2.191,2.3255,0.705,,,14,45,bismarck_gun_380_short_x3,1.2272,1.3036,0.705,,,14,50,bismarck_gun_380_x3,1.2272,1.3036,0.705,,,,,,,,,,,,,,,,,,,,,,,,,,,,,,,,,,,,,,,,,,,,,,,,,,,,,,,,,,,,,,,,,,,,,,,,,,,,,,,,,,,,,,,,,,,,,,,,,,,,,,,,,,,,,,,,,,,,,,,,,,,,,,,,,,,,,,,,,
,35,,,,0.66,,,,40,,,,0.66,,,,35,,,,0.66,,,14,45,vdt_gun_280_x4,1.2968,1.3759,0.66,,,14,50,vdt_gun_280_x4,1.2968,1.3759,0.66,,,,40,,,,0.66,,,,45,spee_gun_280_x4_a,1.236,1.308,0.66,,,14,50,spee_gun_280_x4_a,1.236,1.308,0.66,,,14,45,spee_gun_280_x4_a,1.236,1.308,0.66,,,14,50,spee_gun_280_x4_a,1.236,1.308,0.66,,,14,55,bismarck_gun_105_x4,2.228,2.354,0.66,,,,50,,2.228,2.354,0.66,,,14,50,bismarck_gun_150_x4,2.191,2.3255,0.66,,,14,50,bismarck_gun_b_150_x4,2.191,2.3255,0.66,,,14,45,bismarck_gun_380_short_x4,1.2272,1.3036,0.66,,,14,50,bismarck_gun_380_x4,1.2272,1.3036,0.66,,,,,,,,,,,,,,,,,,,,,,,,,,,,,,,,,,,,,,,,,,,,,,,,,,,,,,,,,,,,,,,,,,,,,,,,,,,,,,,,,,,,,,,,,,,,,,,,,,,,,,,,,,,,,,,,,,,,,,,,,,,,,,,,,,,,,,,,,
15,35,brandenburg_gun_279_x1,1.434,1.515,1.14,,,15,40,friedrich_gun_228_x1,1.4368,1.515,1.14,,,15,35,friedrich_gun_305_x1,1.3887,1.465,1.14,,,15,45,vdt_gun_280_x1,1.3859,1.465,1.14,,,15,50,vdt_gun_280_x1,1.3859,1.465,1.14,,,15,40,vdt_gun_200_x1,1.9886,2.0886,1.14,,,15,45,spee_gun_var_280_x1,1.318,1.39,1.14,,,15,50,spee_gun_var_280_x1,1.318,1.39,1.14,,,15,45,spee_gun_280_x1_a,1.318,1.39,1.14,,,15,50,spee_gun_280_x1_a,1.318,1.39,1.14,,,15,55,bismarck_gun_105_x1,2.364,2.49,1.14,,,15,50,spee_gun_150_x1,2.364,2.49,1.14,,,15,50,bismarck_gun_150_x1,2.3455,2.48,1.14,,,15,50,bismarck_gun_b_150_x1,2.3455,2.48,1.14,,,15,45,bismarck_gun_380_short_x1,1.3136,1.39,1.14,,,15,50,bismarck_gun_380_x1,1.3136,1.39,1.14,,,,,,,,,,,,,,,,,,,,,,,,,,,,,,,,,,,,,,,,,,,,,,,,,,,,,,,,,,,,,,,,,,,,,,,,,,,,,,,,,,,,,,,,,,,,,,,,,,,,,,,,,,,,,,,,,,,,,,,,,,,,,,,,,,,,,,,,,
15,35,brandenburg_gun_279_x2,1.434,1.515,0.9,,,15,40,friedrich_gun_228_x2,1.4368,1.515,0.9,,,15,35,friedrich_gun_305_x2,1.3887,1.465,0.9,,,15,45,vdt_gun_280_x2,1.3859,1.465,0.9,,,15,50,vdt_gun_280_x2,1.3859,1.465,0.9,,,15,40,vdt_gun_200_x2,1.9886,2.0886,0.9,,,15,45,spee_gun_var_280_x2,1.318,1.39,0.9,,,15,50,spee_gun_var_280_x2,1.318,1.39,0.9,,,15,45,spee_gun_280_x2_a,1.318,1.39,0.9,,,15,50,spee_gun_280_x2_a,1.318,1.39,0.9,,,15,55,bismarck_gun_105_x2,2.364,2.49,0.9,,,15,50,spee_gun_150_x2,2.364,2.49,0.9,,,15,50,bismarck_gun_150_x2,2.3455,2.48,0.9,,,15,50,bismarck_gun_b_150_x2,2.3455,2.48,0.9,,,15,45,bismarck_gun_380_short_x2,1.3136,1.39,0.9,,,15,50,bismarck_gun_380_x2,1.3136,1.39,0.9,,,,,,,,,,,,,,,,,,,,,,,,,,,,,,,,,,,,,,,,,,,,,,,,,,,,,,,,,,,,,,,,,,,,,,,,,,,,,,,,,,,,,,,,,,,,,,,,,,,,,,,,,,,,,,,,,,,,,,,,,,,,,,,,,,,,,,,,,
15,35,brandenburg_gun_279_x3,1.434,1.515,0.72,,,15,40,friedrich_gun_228_x3,1.4368,1.515,0.72,,,15,35,friedrich_gun_305_x3,1.3887,1.465,0.72,,,15,45,vdt_gun_280_x3,1.3859,1.465,0.72,,,15,50,vdt_gun_280_x3,1.3859,1.465,0.72,,,15,40,,,,0.72,,,15,45,spee_gun_var_280_x3,1.318,1.39,0.72,,,15,50,spee_gun_var_280_x3,1.318,1.39,0.72,,,15,45,spee_gun_280_x3_a,1.318,1.39,0.72,,,15,50,spee_gun_280_x3_a,1.318,1.39,0.72,,,15,55,bismarck_gun_105_x3,2.364,2.49,0.72,,,15,50,spee_gun_150_x3,2.364,2.49,0.72,,,15,50,bismarck_gun_150_x3,2.3455,2.48,0.72,,,15,50,bismarck_gun_b_150_x3,2.3455,2.48,0.72,,,15,45,bismarck_gun_380_short_x3,1.3136,1.39,0.72,,,15,50,bismarck_gun_380_x3,1.3136,1.39,0.72,,,,,,,,,,,,,,,,,,,,,,,,,,,,,,,,,,,,,,,,,,,,,,,,,,,,,,,,,,,,,,,,,,,,,,,,,,,,,,,,,,,,,,,,,,,,,,,,,,,,,,,,,,,,,,,,,,,,,,,,,,,,,,,,,,,,,,,,,
,35,,,,0.675,,,,40,,,,0.675,,,,35,,,,0.675,,,15,45,vdt_gun_280_x4,1.3859,1.465,0.675,,,15,50,vdt_gun_280_x4,1.3859,1.465,0.675,,,,40,,,,0.675,,,,45,spee_gun_280_x4_a,1.318,1.39,0.675,,,15,50,spee_gun_280_x4_a,1.318,1.39,0.675,,,15,45,spee_gun_280_x4_a,1.318,1.39,0.675,,,15,50,spee_gun_280_x4_a,1.318,1.39,0.675,,,15,55,bismarck_gun_105_x4,2.364,2.49,0.675,,,,50,,2.364,2.49,0.675,,,15,50,bismarck_gun_150_x4,2.3455,2.48,0.675,,,15,50,bismarck_gun_b_150_x4,2.3455,2.48,0.675,,,15,45,bismarck_gun_380_short_x4,1.3136,1.39,0.675,,,15,50,bismarck_gun_380_x4,1.3136,1.39,0.675,,,,,,,,,,,,,,,,,,,,,,,,,,,,,,,,,,,,,,,,,,,,,,,,,,,,,,,,,,,,,,,,,,,,,,,,,,,,,,,,,,,,,,,,,,,,,,,,,,,,,,,,,,,,,,,,,,,,,,,,,,,,,,,,,,,,,,,,,
16,35,brandenburg_gun_279_x1,1.525,1.606,1.15,,,16,40,friedrich_gun_228_x1,1.525,1.6032,1.15,,,16,35,friedrich_gun_305_x1,1.475,1.5513,1.15,,,16,45,vdt_gun_280_x1,1.475,1.5541,1.15,,,16,50,vdt_gun_280_x1,1.475,1.5541,1.15,,,16,40,vdt_gun_200_x1,2.1,2.2,1.15,,,16,45,spee_gun_var_280_x1,1.4,1.472,1.15,,,16,50,spee_gun_var_280_x1,1.4,1.472,1.15,,,16,45,spee_gun_280_x1_a,1.4,1.472,1.15,,,16,50,spee_gun_280_x1_a,1.4,1.472,1.15,,,16,55,bismarck_gun_105_x1,2.5,2.626,1.15,,,16,50,spee_gun_150_x1,2.5,2.626,1.15,,,16,50,bismarck_gun_150_x1,2.5,2.6345,1.15,,,16,50,bismarck_gun_b_150_x1,2.5,2.6345,1.15,,,16,45,bismarck_gun_380_short_x1,1.4,1.4764,1.15,,,16,50,bismarck_gun_380_x1,1.4,1.4764,1.15,,,,,,,,,,,,,,,,,,,,,,,,,,,,,,,,,,,,,,,,,,,,,,,,,,,,,,,,,,,,,,,,,,,,,,,,,,,,,,,,,,,,,,,,,,,,,,,,,,,,,,,,,,,,,,,,,,,,,,,,,,,,,,,,,,,,,,,,,
16,35,brandenburg_gun_279_x2,1.525,1.606,0.93,,,16,40,friedrich_gun_228_x2,1.525,1.6032,0.93,,,16,35,friedrich_gun_305_x2,1.475,1.5513,0.93,,,16,45,vdt_gun_280_x2,1.475,1.5541,0.93,,,16,50,vdt_gun_280_x2,1.475,1.5541,0.93,,,16,40,vdt_gun_200_x2,2.1,2.2,0.93,,,16,45,spee_gun_var_280_x2,1.4,1.472,0.93,,,16,50,spee_gun_var_280_x2,1.4,1.472,0.93,,,16,45,spee_gun_280_x2_a,1.4,1.472,0.93,,,16,50,spee_gun_280_x2_a,1.4,1.472,0.93,,,16,55,bismarck_gun_105_x2,2.5,2.626,0.93,,,16,50,spee_gun_150_x2,2.5,2.626,0.93,,,16,50,bismarck_gun_150_x2,2.5,2.6345,0.93,,,16,50,bismarck_gun_b_150_x2,2.5,2.6345,0.93,,,16,45,bismarck_gun_380_short_x2,1.4,1.4764,0.93,,,16,50,bismarck_gun_380_x2,1.4,1.4764,0.93,,,,,,,,,,,,,,,,,,,,,,,,,,,,,,,,,,,,,,,,,,,,,,,,,,,,,,,,,,,,,,,,,,,,,,,,,,,,,,,,,,,,,,,,,,,,,,,,,,,,,,,,,,,,,,,,,,,,,,,,,,,,,,,,,,,,,,,,,
16,35,brandenburg_gun_279_x3,1.525,1.606,0.75,,,16,40,friedrich_gun_228_x3,1.525,1.6032,0.75,,,16,35,friedrich_gun_305_x3,1.475,1.5513,0.75,,,16,45,vdt_gun_280_x3,1.475,1.5541,0.75,,,16,50,vdt_gun_280_x3,1.475,1.5541,0.75,,,16,40,,,,0.75,,,16,45,spee_gun_var_280_x3,1.4,1.472,0.75,,,16,50,spee_gun_var_280_x3,1.4,1.472,0.75,,,16,45,spee_gun_280_x3_a,1.4,1.472,0.75,,,16,50,spee_gun_280_x3_a,1.4,1.472,0.75,,,16,55,bismarck_gun_105_x3,2.5,2.626,0.75,,,16,50,spee_gun_150_x3,2.5,2.626,0.75,,,16,50,bismarck_gun_150_x3,2.5,2.6345,0.75,,,16,50,bismarck_gun_b_150_x3,2.5,2.6345,0.75,,,16,45,bismarck_gun_380_short_x3,1.4,1.4764,0.75,,,16,50,bismarck_gun_380_x3,1.4,1.4764,0.75,,,,,,,,,,,,,,,,,,,,,,,,,,,,,,,,,,,,,,,,,,,,,,,,,,,,,,,,,,,,,,,,,,,,,,,,,,,,,,,,,,,,,,,,,,,,,,,,,,,,,,,,,,,,,,,,,,,,,,,,,,,,,,,,,,,,,,,,,
,35,,,,0.68,,,,40,,,,0.68,,,,35,,,,0.68,,,16,45,vdt_gun_280_x4,1.475,1.5541,0.68,,,16,50,vdt_gun_280_x4,1.475,1.5541,0.68,,,,40,,,,0.68,,,,45,spee_gun_280_x4_a,1.4,1.472,0.68,,,16,50,spee_gun_280_x4_a,1.4,1.472,0.68,,,16,45,spee_gun_280_x4_a,1.4,1.472,0.68,,,16,50,spee_gun_280_x4_a,1.4,1.472,0.68,,,16,55,bismarck_gun_105_x4,2.5,2.626,0.68,,,,50,,2.5,2.626,0.68,,,16,50,bismarck_gun_150_x4,2.5,2.6345,0.68,,,16,50,bismarck_gun_b_150_x4,2.5,2.6345,0.68,,,16,45,bismarck_gun_380_short_x4,1.4,1.4764,0.68,,,16,50,bismarck_gun_380_x4,1.4,1.4764,0.68,,,,,,,,,,,,,,,,,,,,,,,,,,,,,,,,,,,,,,,,,,,,,,,,,,,,,,,,,,,,,,,,,,,,,,,,,,,,,,,,,,,,,,,,,,,,,,,,,,,,,,,,,,,,,,,,,,,,,,,,,,,,,,,,,,,,,,,,,
17,35,brandenburg_gun_279_x1,1.616,1.788,1.2,,,17,40,friedrich_gun_228_x1,1.6132,1.6914,1.2,,,17,35,friedrich_gun_305_x1,1.5613,1.6376,1.2,,,17,45,vdt_gun_280_x1,1.5641,1.6432,1.2,,,17,50,vdt_gun_280_x1,1.5641,1.6432,1.2,,,17,40,vdt_gun_200_x1,2.2114,2.3114,1.2,,,17,45,spee_gun_var_280_x1,1.482,1.554,1.2,,,17,50,spee_gun_var_280_x1,1.482,1.554,1.2,,,17,45,spee_gun_280_x1_a,1.482,1.554,1.2,,,17,50,spee_gun_280_x1_a,1.482,1.554,1.2,,,17,55,bismarck_gun_105_x1,2.636,2.762,1.2,,,17,50,spee_gun_150_x1,2.636,2.762,1.2,,,17,50,bismarck_gun_150_x1,2.6545,2.789,1.2,,,17,50,bismarck_gun_b_150_x1,2.6545,2.789,1.2,,,17,45,bismarck_gun_380_short_x1,1.4864,1.5628,1.2,,,17,50,bismarck_gun_380_x1,1.4864,1.5628,1.2,,,,,,,,,,,,,,,,,,,,,,,,,,,,,,,,,,,,,,,,,,,,,,,,,,,,,,,,,,,,,,,,,,,,,,,,,,,,,,,,,,,,,,,,,,,,,,,,,,,,,,,,,,,,,,,,,,,,,,,,,,,,,,,,,,,,,,,,,
17,35,brandenburg_gun_279_x2,1.616,1.788,0.95,,,17,40,friedrich_gun_228_x2,1.6132,1.6914,0.95,,,17,35,friedrich_gun_305_x2,1.5613,1.6376,0.95,,,17,45,vdt_gun_280_x2,1.5641,1.6432,0.95,,,17,50,vdt_gun_280_x2,1.5641,1.6432,0.95,,,17,40,vdt_gun_200_x2,2.2114,2.3114,0.95,,,17,45,spee_gun_var_280_x2,1.482,1.554,0.95,,,17,50,spee_gun_var_280_x2,1.482,1.554,0.95,,,17,45,spee_gun_280_x2_a,1.482,1.554,0.95,,,17,50,spee_gun_280_x2_a,1.482,1.554,0.95,,,17,55,bismarck_gun_105_x2,2.636,2.762,0.95,,,17,50,spee_gun_150_x2,2.636,2.762,0.95,,,17,50,bismarck_gun_150_x2,2.6545,2.789,0.95,,,17,50,bismarck_gun_b_150_x2,2.6545,2.789,0.95,,,17,45,bismarck_gun_380_short_x2,1.4864,1.5628,0.95,,,17,50,bismarck_gun_380_x2,1.4864,1.5628,0.95,,,,,,,,,,,,,,,,,,,,,,,,,,,,,,,,,,,,,,,,,,,,,,,,,,,,,,,,,,,,,,,,,,,,,,,,,,,,,,,,,,,,,,,,,,,,,,,,,,,,,,,,,,,,,,,,,,,,,,,,,,,,,,,,,,,,,,,,,
17,35,brandenburg_gun_279_x3,1.616,1.788,0.775,,,17,40,friedrich_gun_228_x3,1.6132,1.6914,0.775,,,17,35,friedrich_gun_305_x3,1.5613,1.6376,0.775,,,17,45,vdt_gun_280_x3,1.5641,1.6432,0.775,,,17,50,vdt_gun_280_x3,1.5641,1.6432,0.775,,,17,40,,,,0.775,,,17,45,spee_gun_var_280_x3,1.482,1.554,0.775,,,17,50,spee_gun_var_280_x3,1.482,1.554,0.775,,,17,45,spee_gun_280_x3_a,1.482,1.554,0.775,,,17,50,spee_gun_280_x3_a,1.482,1.554,0.775,,,17,55,bismarck_gun_105_x3,2.636,2.762,0.775,,,17,50,spee_gun_150_x3,2.636,2.762,0.775,,,17,50,bismarck_gun_150_x3,2.6545,2.789,0.775,,,17,50,bismarck_gun_b_150_x3,2.6545,2.789,0.775,,,17,45,bismarck_gun_380_short_x3,1.4864,1.5628,0.775,,,17,50,bismarck_gun_380_x3,1.4864,1.5628,0.775,,,,,,,,,,,,,,,,,,,,,,,,,,,,,,,,,,,,,,,,,,,,,,,,,,,,,,,,,,,,,,,,,,,,,,,,,,,,,,,,,,,,,,,,,,,,,,,,,,,,,,,,,,,,,,,,,,,,,,,,,,,,,,,,,,,,,,,,,
,35,,,,0.71,,,,40,,,,0.71,,,,35,,,,0.71,,,17,45,vdt_gun_280_x4,1.5641,1.6432,0.71,,,17,50,vdt_gun_280_x4,1.5641,1.6432,0.71,,,,40,,,,0.71,,,,45,spee_gun_280_x4_a,1.482,1.554,0.71,,,17,50,spee_gun_280_x4_a,1.482,1.554,0.71,,,17,45,spee_gun_280_x4_a,1.482,1.554,0.71,,,17,50,spee_gun_280_x4_a,1.482,1.554,0.71,,,17,55,bismarck_gun_105_x4,2.636,2.762,0.71,,,,50,,2.636,2.762,0.71,,,17,50,bismarck_gun_150_x4,2.6545,2.789,0.71,,,17,50,bismarck_gun_b_150_x4,2.6545,2.789,0.71,,,17,45,bismarck_gun_380_short_x4,1.4864,1.5628,0.71,,,17,50,bismarck_gun_380_x4,1.4864,1.5628,0.71,,,,,,,,,,,,,,,,,,,,,,,,,,,,,,,,,,,,,,,,,,,,,,,,,,,,,,,,,,,,,,,,,,,,,,,,,,,,,,,,,,,,,,,,,,,,,,,,,,,,,,,,,,,,,,,,,,,,,,,,,,,,,,,,,,,,,,,,,
18,35,brandenburg_gun_279_x1,1.798,1.879,1.23,,,18,40,friedrich_gun_228_x1,1.7014,1.7796,1.23,,,18,35,friedrich_gun_305_x1,1.6476,1.7239,1.23,,,18,45,vdt_gun_280_x1,1.6532,1.7323,1.23,,,18,50,vdt_gun_280_x1,1.6532,1.7323,1.23,,,18,40,vdt_gun_200_x1,2.3228,3.4228,1.23,,,18,45,spee_gun_var_280_x1,1.564,1.636,1.23,,,18,50,spee_gun_var_280_x1,1.564,1.636,1.23,,,18,45,spee_gun_280_x1_a,1.564,1.636,1.23,,,18,50,spee_gun_280_x1_a,1.564,1.636,1.23,,,18,55,bismarck_gun_105_x1,2.772,2.898,1.23,,,18,50,spee_gun_150_x1,2.772,2.898,1.23,,,18,50,bismarck_gun_150_x1,2.809,2.9435,1.23,,,18,50,bismarck_gun_b_150_x1,2.809,2.9435,1.23,,,18,45,bismarck_gun_380_short_x1,1.5728,1.6492,1.23,,,18,50,bismarck_gun_380_x1,1.5728,1.6492,1.23,,,,,,,,,,,,,,,,,,,,,,,,,,,,,,,,,,,,,,,,,,,,,,,,,,,,,,,,,,,,,,,,,,,,,,,,,,,,,,,,,,,,,,,,,,,,,,,,,,,,,,,,,,,,,,,,,,,,,,,,,,,,,,,,,,,,,,,,,
18,35,brandenburg_gun_279_x2,1.798,1.879,0.985,,,18,40,friedrich_gun_228_x2,1.7014,1.7796,0.985,,,18,35,friedrich_gun_305_x2,1.6476,1.7239,0.985,,,18,45,vdt_gun_280_x2,1.6532,1.7323,0.985,,,18,50,vdt_gun_280_x2,1.6532,1.7323,0.985,,,18,40,vdt_gun_200_x2,2.3228,3.4228,0.985,,,18,45,spee_gun_var_280_x2,1.564,1.636,0.985,,,18,50,spee_gun_var_280_x2,1.564,1.636,0.985,,,18,45,spee_gun_280_x2_a,1.564,1.636,0.985,,,18,50,spee_gun_280_x2_a,1.564,1.636,0.985,,,18,55,bismarck_gun_105_x2,2.772,2.898,0.985,,,18,50,spee_gun_150_x2,2.772,2.898,0.985,,,18,50,bismarck_gun_150_x2,2.809,2.9435,0.985,,,18,50,bismarck_gun_b_150_x2,2.809,2.9435,0.985,,,18,45,bismarck_gun_380_short_x2,1.5728,1.6492,0.81,,,18,50,bismarck_gun_380_x2,1.5728,1.6492,0.985,,,,,,,,,,,,,,,,,,,,,,,,,,,,,,,,,,,,,,,,,,,,,,,,,,,,,,,,,,,,,,,,,,,,,,,,,,,,,,,,,,,,,,,,,,,,,,,,,,,,,,,,,,,,,,,,,,,,,,,,,,,,,,,,,,,,,,,,,
18,35,brandenburg_gun_279_x3,1.798,1.879,0.81,,,18,40,friedrich_gun_228_x3,1.7014,1.7796,0.81,,,18,35,friedrich_gun_305_x3,1.6476,1.7239,0.81,,,18,45,vdt_gun_280_x4,1.6532,1.7323,0.81,,,18,50,vdt_gun_280_x4,1.6532,1.7323,0.81,,,,40,,,,0.81,,,,45,spee_gun_var_280_x3,1.564,1.636,0.81,,,18,50,spee_gun_var_280_x3,1.564,1.636,0.81,,,18,45,spee_gun_280_x3_a,1.564,1.636,0.81,,,18,50,spee_gun_280_x3_a,1.564,1.636,0.81,,,18,55,bismarck_gun_105_x3,2.772,2.898,0.81,,,18,50,spee_gun_150_x3,2.772,2.898,0.81,,,18,50,bismarck_gun_150_x3,2.809,2.9435,0.81,,,18,50,bismarck_gun_b_150_x3,2.809,2.9435,0.81,,,18,45,bismarck_gun_380_short_x3,1.5728,1.6492,0.985,,,18,50,bismarck_gun_380_x3,1.5728,1.6492,0.81,,,,,,,,,,,,,,,,,,,,,,,,,,,,,,,,,,,,,,,,,,,,,,,,,,,,,,,,,,,,,,,,,,,,,,,,,,,,,,,,,,,,,,,,,,,,,,,,,,,,,,,,,,,,,,,,,,,,,,,,,,,,,,,,,,,,,,,,,
,35,,,,0.735,,,,40,,,,0.735,,,,35,,,,0.735,,,18,45,vdt_gun_280_x4,1.6532,1.7323,0.735,,,18,50,vdt_gun_280_x4,1.6532,1.7323,0.735,,,,40,,,,0.735,,,,45,spee_gun_280_x4_a,1.564,1.636,0.735,,,18,50,spee_gun_280_x4_a,1.564,1.636,0.735,,,18,45,spee_gun_280_x4_a,1.564,1.636,0.735,,,18,50,spee_gun_280_x4_a,1.564,1.636,0.735,,,18,55,bismarck_gun_105_x4,2.772,2.898,0.735,,,,50,,2.772,2.898,0.735,,,18,50,bismarck_gun_150_x4,2.809,2.9435,0.735,,,18,50,bismarck_gun_b_150_x4,2.809,2.9435,0.735,,,18,45,bismarck_gun_380_short_x4,1.5728,1.6492,0.735,,,18,50,bismarck_gun_380_x4,1.5728,1.6492,0.735,,,,,,,,,,,,,,,,,,,,,,,,,,,,,,,,,,,,,,,,,,,,,,,,,,,,,,,,,,,,,,,,,,,,,,,,,,,,,,,,,,,,,,,,,,,,,,,,,,,,,,,,,,,,,,,,,,,,,,,,,,,,,,,,,,,,,,,,,
19,35,brandenburg_gun_279_x1,1.889,1.97,1.16,,,19,40,friedrich_gun_228_x1,1.7896,1.8678,1.16,,,19,35,friedrich_gun_305_x1,1.7339,1.8102,1.16,,,19,45,vdt_gun_280_x1,1.7423,1.8214,1.16,,,19,50,vdt_gun_280_x1,1.7423,1.8214,1.16,,,19,40,vdt_gun_200_x1,2.4342,2.5342,1.16,,,19,45,spee_gun_var_280_x1,1.646,1.728,1.16,,,19,50,spee_gun_var_280_x1,1.646,1.728,1.16,,,19,45,spee_gun_280_x1_a,1.646,1.728,1.16,,,19,50,spee_gun_280_x1_a,1.646,1.728,1.16,,,19,55,bismarck_gun_105_x1,2.908,3.034,1.16,,,19,50,spee_gun_150_x1,2.908,3.034,1.16,,,19,50,bismarck_gun_150_x1,2.9635,3.098,1.16,,,19,50,bismarck_gun_b_150_x1,2.9635,3.098,1.16,,,19,45,bismarck_gun_380_short_x1,1.6592,1.7356,1.16,,,19,50,bismarck_gun_380_x1,1.6592,1.7356,1.16,,,,,,,,,,,,,,,,,,,,,,,,,,,,,,,,,,,,,,,,,,,,,,,,,,,,,,,,,,,,,,,,,,,,,,,,,,,,,,,,,,,,,,,,,,,,,,,,,,,,,,,,,,,,,,,,,,,,,,,,,,,,,,,,,,,,,,,,,
19,35,brandenburg_gun_279_x2,1.889,1.97,0.95,,,19,40,friedrich_gun_228_x2,1.7896,1.8678,0.95,,,19,35,friedrich_gun_305_x2,1.7339,1.8102,0.95,,,19,45,vdt_gun_280_x2,1.7423,1.8214,0.95,,,19,50,vdt_gun_280_x2,1.7423,1.8214,0.95,,,19,40,vdt_gun_200_x2,2.4342,2.5342,0.95,,,19,45,spee_gun_var_280_x2,1.646,1.728,0.95,,,19,50,spee_gun_var_280_x2,1.646,1.728,0.95,,,19,45,spee_gun_280_x2_a,1.646,1.728,0.95,,,19,50,spee_gun_280_x2_a,1.646,1.728,0.95,,,19,55,bismarck_gun_105_x2,2.908,3.034,0.95,,,19,50,spee_gun_150_x2,2.908,3.034,0.95,,,19,50,bismarck_gun_150_x2,2.9635,3.098,0.95,,,19,50,bismarck_gun_b_150_x2,2.9635,3.098,0.95,,,19,45,bismarck_gun_380_short_x2,1.6592,1.7356,0.95,,,19,50,bismarck_gun_380_x2,1.6592,1.7356,0.95,,,,,,,,,,,,,,,,,,,,,,,,,,,,,,,,,,,,,,,,,,,,,,,,,,,,,,,,,,,,,,,,,,,,,,,,,,,,,,,,,,,,,,,,,,,,,,,,,,,,,,,,,,,,,,,,,,,,,,,,,,,,,,,,,,,,,,,,,
19,35,brandenburg_gun_279_x3,1.889,1.97,0.78,,,19,40,friedrich_gun_228_x3,1.7896,1.8678,0.78,,,19,35,friedrich_gun_305_x3,1.7339,1.8102,0.78,,,19,45,vdt_gun_280_x3,1.7423,1.8214,0.78,,,19,50,vdt_gun_280_x3,1.7423,1.8214,0.78,,,19,40,,,,0.78,,,19,45,spee_gun_var_280_x3,1.646,1.728,0.78,,,19,50,spee_gun_var_280_x3,1.646,1.728,0.78,,,19,45,spee_gun_280_x3_a,1.646,1.728,0.78,,,19,50,spee_gun_280_x3_a,1.646,1.728,0.78,,,19,55,bismarck_gun_105_x3,2.908,3.034,0.78,,,19,50,spee_gun_150_x3,2.908,3.034,0.78,,,19,50,bismarck_gun_150_x3,2.9635,3.098,0.78,,,19,50,bismarck_gun_b_150_x3,2.9635,3.098,0.78,,,19,45,bismarck_gun_380_short_x3,1.6592,1.7356,0.78,,,19,50,bismarck_gun_380_x3,1.6592,1.7356,0.78,,,,,,,,,,,,,,,,,,,,,,,,,,,,,,,,,,,,,,,,,,,,,,,,,,,,,,,,,,,,,,,,,,,,,,,,,,,,,,,,,,,,,,,,,,,,,,,,,,,,,,,,,,,,,,,,,,,,,,,,,,,,,,,,,,,,,,,,,
,35,,,,0.725,,,,40,,,,0.725,,,,35,,,,0.725,,,19,45,vdt_gun_280_x4,1.7423,1.8214,0.725,,,19,50,vdt_gun_280_x4,1.7423,1.8214,0.725,,,,40,,,,0.725,,,,45,spee_gun_280_x4_a,1.646,1.728,0.725,,,19,50,spee_gun_280_x4_a,1.646,1.728,0.725,,,19,45,spee_gun_280_x4_a,1.646,1.728,0.725,,,19,50,spee_gun_280_x4_a,1.646,1.728,0.725,,,19,55,bismarck_gun_105_x4,2.908,3.034,0.725,,,,50,,2.908,3.034,0.725,,,19,50,bismarck_gun_150_x4,2.9635,3.098,0.725,,,19,50,bismarck_gun_b_150_x4,2.9635,3.098,0.725,,,19,45,bismarck_gun_380_short_x4,1.6592,1.7356,0.725,,,19,50,bismarck_gun_380_x4,1.6592,1.7356,0.725,,,,,,,,,,,,,,,,,,,,,,,,,,,,,,,,,,,,,,,,,,,,,,,,,,,,,,,,,,,,,,,,,,,,,,,,,,,,,,,,,,,,,,,,,,,,,,,,,,,,,,,,,,,,,,,,,,,,,,,,,,,,,,,,,,,,,,,,,
20,35,brandenburg_gun_279_x1,1.98,2.061,1.05,,,20,40,friedrich_gun_228_x1,1.8778,1.956,1.05,,,20,35,friedrich_gun_305_x1,1.8202,1.8965,1.05,,,20,45,vdt_gun_280_x1,1.8314,1.9105,1.05,,,20,50,vdt_gun_280_x1,1.8314,1.9105,1.05,,,20,40,vdt_gun_200_x1,2.5456,2.6456,1.05,,,20,45,spee_gun_var_280_x1,1.728,1.81,1.05,,,20,50,spee_gun_var_280_x1,1.728,1.81,1.05,,,20,45,spee_gun_280_x1_a,1.728,1.81,1.05,,,20,50,spee_gun_280_x1_a,1.728,1.81,1.05,,,20,55,bismarck_gun_105_x1,3.044,3.18,1.05,,,20,50,spee_gun_150_x1,3.044,3.18,1.05,,,20,50,bismarck_gun_150_x1,3.118,3.2525,1.05,,,20,50,bismarck_gun_b_150_x1,3.118,3.2525,1.05,,,20,45,bismarck_gun_380_short_x1,1.7456,1.822,1.05,,,20,50,bismarck_gun_380_x1,1.7456,1.822,1.05,,,,,,,,,,,,,,,,,,,,,,,,,,,,,,,,,,,,,,,,,,,,,,,,,,,,,,,,,,,,,,,,,,,,,,,,,,,,,,,,,,,,,,,,,,,,,,,,,,,,,,,,,,,,,,,,,,,,,,,,,,,,,,,,,,,,,,,,,
20,35,brandenburg_gun_279_x2,1.98,2.061,0.85,,,20,40,friedrich_gun_228_x2,1.8778,1.956,0.85,,,20,35,friedrich_gun_305_x2,1.8202,1.8965,0.85,,,20,45,vdt_gun_280_x2,1.8314,1.9105,0.85,,,20,50,vdt_gun_280_x2,1.8314,1.9105,0.85,,,20,40,vdt_gun_200_x2,2.5456,2.6456,0.85,,,20,45,spee_gun_var_280_x2,1.728,1.81,0.85,,,20,50,spee_gun_var_280_x2,1.728,1.81,0.85,,,20,45,spee_gun_280_x2_a,1.728,1.81,0.85,,,20,50,spee_gun_280_x2_a,1.728,1.81,0.85,,,20,55,bismarck_gun_105_x2,3.044,3.18,0.85,,,20,50,spee_gun_150_x2,3.044,3.18,0.85,,,20,50,bismarck_gun_150_x2,3.118,3.2525,0.85,,,20,50,bismarck_gun_b_150_x2,3.118,3.2525,0.85,,,20,45,bismarck_gun_380_short_x2,1.7456,1.822,0.85,,,20,50,bismarck_gun_380_x2,1.7456,1.822,0.85,,,,,,,,,,,,,,,,,,,,,,,,,,,,,,,,,,,,,,,,,,,,,,,,,,,,,,,,,,,,,,,,,,,,,,,,,,,,,,,,,,,,,,,,,,,,,,,,,,,,,,,,,,,,,,,,,,,,,,,,,,,,,,,,,,,,,,,,,
20,35,brandenburg_gun_279_x3,1.98,2.061,0.7,,,20,40,friedrich_gun_228_x3,1.8778,1.956,0.7,,,20,35,friedrich_gun_305_x3,1.8202,1.8965,0.7,,,20,45,vdt_gun_280_x3,1.8314,1.9105,0.7,,,20,50,vdt_gun_280_x3,1.8314,1.9105,0.7,,,20,40,,,,0.7,,,20,45,spee_gun_var_280_x3,1.728,1.81,0.7,,,20,50,spee_gun_var_280_x3,1.728,1.81,0.7,,,20,45,spee_gun_280_x3_a,1.728,1.81,0.7,,,20,50,spee_gun_280_x3_a,1.728,1.81,0.7,,,20,55,bismarck_gun_105_x3,3.044,3.18,0.7,,,20,50,spee_gun_150_x3,3.044,3.18,0.7,,,20,50,bismarck_gun_150_x3,3.118,3.2525,0.7,,,20,50,bismarck_gun_b_150_x3,3.118,3.2525,0.7,,,20,45,bismarck_gun_380_short_x3,1.7456,1.822,0.7,,,20,50,bismarck_gun_380_x3,1.7456,1.822,0.7,,,,,,,,,,,,,,,,,,,,,,,,,,,,,,,,,,,,,,,,,,,,,,,,,,,,,,,,,,,,,,,,,,,,,,,,,,,,,,,,,,,,,,,,,,,,,,,,,,,,,,,,,,,,,,,,,,,,,,,,,,,,,,,,,,,,,,,,,
,35,,,,0.65,,,,40,,,,0.65,,,,35,,,,0.65,,,20,45,vdt_gun_280_x4,1.8314,1.9105,0.65,,,20,50,vdt_gun_280_x4,1.8314,1.9105,0.65,,,,40,,,,0.65,,,,45,spee_gun_280_x4_a,1.728,1.81,0.65,,,20,50,spee_gun_280_x4_a,1.728,1.81,0.65,,,20,45,spee_gun_280_x4_a,1.728,1.81,0.65,,,20,50,spee_gun_280_x4_a,1.728,1.81,0.65,,,20,55,bismarck_gun_105_x4,3.044,3.18,0.65,,,,50,,3.044,3.18,0.65,,,20,50,bismarck_gun_150_x4,3.118,3.2525,0.65,,,20,50,bismarck_gun_b_150_x4,3.118,3.2525,0.65,,,20,45,bismarck_gun_380_short_x4,1.7456,1.822,0.65,,,20,50,bismarck_gun_380_x4,1.7456,1.822,0.65,,,,,,,,,,,,,,,,,,,,,,,,,,,,,,,,,,,,,,,,,,,,,,,,,,,,,,,,,,,,,,,,,,,,,,,,,,,,,,,,,,,,,,,,,,,,,,,,,,,,,,,,,,,,,,,,,,,,,,,,,,,,,,,,,,,,,,,,,
,,USA,,,,,,,,,,,,,,,,,,,,,,,,,,,,,,,,,,,,,,,,,,,,,,,,,,,,,,,,,,,,,,,,,,,,,,,,,,,,,,,,,,,,,,,,,,,,,,,,,,,,,,,,,,,,,,,,,,,,,,,,,,,,,,,,,,,,,,,,,,,,,,,,,,,,,,,,,,,,,,,,,,,,,,,,,,,,,,,,,,,,,,,,,,,,,,,,,,,,,,,,,,,,,,,,,,,,,,,,,,,,,,,,,,,,,,,,,,,,,,,,,,,,,,,,,,,,,,,,,,,,
2,35,maine_gun_254_x1,0.23,0.325,0.92,,,2,35,maine_gun_254_x1_a,0.23,0.325,0.92,,,2,40,maine_gun_254_x1_b,0.178,0.291,0.92,,,2,45,maine_gun_230_x1,0.596,0.722,0.92,,,2,45,ny_gun_356_x1,0.248,0.356,0.92,,,2,50,ny_gun_356_x1,0.248,0.356,0.92,,,2,40,ny_gun_210_x1,0.596,0.722,0.92,,,2,40,maine_gun_152_x1,0.504,0.698,0.92,,,2,45,iowa_gun_406_x1,0.195,0.24,0.92,,,2,50,iowa_gun_406_x1,0.195,0.24,0.92,,,2,45,iowa_gun_b_127_x1,0.4,0.58,0.92,,,2,45,atl_gun_125_x1,0.596,0.722,0.92,,,2,45,brooklyn_gun_152_x1,0.222,0.339,0.92,,,2,50,brooklyn_gun_b_152_x1,0.222,0.339,0.92,,,2,55,iowa_gun_127_x1,0.5,0.68,0.92,,,2,35,pen_gun_127_x1,0.57,0.795,0.92,,,2,45,clev_gun_127_x1,0.596,0.722,0.92,,,2,45,arizona_gun_356_x1,0.248,0.356,0.92,,,2,50,arizona_gun_356_x1,0.248,0.356,0.92,,,,,,,,,,,,,,,,,,,,,,,,,,,,,,,,,,,,,,,,,,,,,,,,,,,,,,,,,,,,,,,,,,,,,,,,,,,,,,,,,,,,,,,,,,,,,,,,,,,,,,,,,,,,,,,,,
2,35,maine_gun_254_x2,0.23,0.325,0.7,,,2,35,maine_gun_254_x2_a,0.23,0.325,0.7,,,2,40,maine_gun_254_x2_b,0.178,0.291,0.7,,,2,45,maine_gun_230_x2,0.596,0.722,0.7,,,2,45,ny_gun_356_x2,0.248,0.356,0.7,,,2,50,ny_gun_356_x2,0.248,0.356,0.7,,,2,40,ny_gun_210_x2,0.596,0.722,0.7,,,2,40,maine_gun_152_x2,0.504,0.698,0.7,,,2,45,iowa_gun_406_x2,0.195,0.24,0.7,,,2,50,iowa_gun_406_x2,0.195,0.24,0.7,,,2,45,iowa_gun_b_127_x2,0.4,0.58,0.7,,,2,45,atl_gun_125_x2,0.596,0.722,0.7,,,2,45,brooklyn_gun_152_x2,0.222,0.339,0.7,,,2,50,brooklyn_gun_b_152_x2,0.222,0.339,0.7,,,2,55,iowa_gun_127_x2,0.5,0.68,0.7,,,2,35,pen_gun_127_x2,0.57,0.795,0.7,,,2,45,clev_gun_127_x2,0.596,0.722,0.7,,,2,45,arizona_gun_356_x2,0.248,0.356,0.7,,,2,50,arizona_gun_356_x2,0.248,0.356,0.7,,,,,,,,,,,,,,,,,,,,,,,,,,,,,,,,,,,,,,,,,,,,,,,,,,,,,,,,,,,,,,,,,,,,,,,,,,,,,,,,,,,,,,,,,,,,,,,,,,,,,,,,,,,,,,,,,
2,35,maine_gun_254_x3,0.23,0.325,0.55,,,2,35,maine_gun_254_x3_a,0.23,0.325,0.55,,,2,40,maine_gun_254_x3_b,0.178,0.291,0.55,,,2,45,maine_gun_230_x3,0.596,0.722,0.55,,,2,45,ny_gun_356_x3,0.248,0.356,0.55,,,2,50,ny_gun_356_x3,0.248,0.356,0.55,,,2,40,ny_gun_210_x3,0.596,0.722,0.55,,,2,40,maine_gun_152_x3,0.504,0.698,0.55,,,2,45,iowa_gun_406_x3,0.195,0.24,0.55,,,2,50,iowa_gun_406_x3,0.195,0.24,0.55,,,2,45,iowa_gun_b_127_x3,0.4,0.58,0.55,,,2,45,atl_gun_125_x3,0.596,0.722,0.55,,,2,45,brooklyn_gun_152_x3,0.222,0.339,0.55,,,2,50,brooklyn_gun_b_152_x3,0.222,0.339,0.55,,,2,55,iowa_gun_127_x3,0.5,0.68,0.55,,,2,35,pen_gun_127_x3,0.57,0.795,0.55,,,2,45,clev_gun_127_x3,0.596,0.722,0.55,,,2,45,arizona_gun_356_x3,0.248,0.356,0.55,,,2,50,arizona_gun_356_x3,0.248,0.356,0.55,,,,,,,,,,,,,,,,,,,,,,,,,,,,,,,,,,,,,,,,,,,,,,,,,,,,,,,,,,,,,,,,,,,,,,,,,,,,,,,,,,,,,,,,,,,,,,,,,,,,,,,,,,,,,,,,,
,35,,,,0.5,,,,35,,,,0.5,,,,40,,,,0.5,,,,45,,,,0.5,,,2,45,ny_gun_356_x4,0.248,0.356,0.5,,,2,50,ny_gun_356_x4,0.248,0.356,0.5,,,2,40,,0.596,0.722,0.5,,,,40,,,,0.5,,,2,45,iowa_gun_406_x4,0.195,0.24,0.5,,,2,50,iowa_gun_406_x4,0.195,0.24,0.5,,,2,45,,,,0.5,,,2,45,atl_gun_125_x4,0.596,0.722,0.5,,,2,45,brooklyn_gun_152_x4,0.222,0.339,0.5,,,2,50,brooklyn_gun_b_152_x4,0.222,0.339,0.5,,,2,55,iowa_gun_127_x4,0.5,0.68,0.5,,,,35,,,,0.5,,,2,45,clev_gun_127_x4,0.596,0.722,0.5,,,2,45,arizona_gun_356_x4,0.248,0.356,0.5,,,2,50,arizona_gun_356_x4,0.248,0.356,0.5,,,,,,,,,,,,,,,,,,,,,,,,,,,,,,,,,,,,,,,,,,,,,,,,,,,,,,,,,,,,,,,,,,,,,,,,,,,,,,,,,,,,,,,,,,,,,,,,,,,,,,,,,,,,,,,,,
3,35,maine_gun_254_x1,0.335,0.43,1.45,,,3,35,maine_gun_254_x1_a,0.335,0.43,1.45,,,3,40,maine_gun_254_x1_b,0.301,0.414,1.45,,,3,45,maine_gun_230_x1,0.732,0.858,1.45,,,3,45,ny_gun_356_x1,0.366,0.474,1.45,,,3,50,ny_gun_356_x1,0.366,0.474,1.45,,,3,40,ny_gun_210_x1,0.732,0.858,1.45,,,3,40,maine_gun_152_x1,0.718,0.912,1.45,,,3,45,iowa_gun_406_x1,0.245,0.29,1.45,,,3,50,iowa_gun_406_x1,0.245,0.29,1.45,,,3,45,iowa_gun_b_127_x1,0.6,0.78,1.45,,,3,45,atl_gun_125_x1,0.732,0.858,1.45,,,3,45,brooklyn_gun_152_x1,0.349,0.466,1.45,,,3,50,brooklyn_gun_b_152_x1,0.349,0.466,1.45,,,3,55,iowa_gun_127_x1,0.7,0.88,1.45,,,3,35,pen_gun_127_x1,0.815,1.04,1.45,,,3,45,clev_gun_127_x1,0.732,0.858,1.45,,,3,45,arizona_gun_356_x1,0.366,0.474,1.45,,,3,50,arizona_gun_356_x1,0.366,0.474,1.45,,,,,,,,,,,,,,,,,,,,,,,,,,,,,,,,,,,,,,,,,,,,,,,,,,,,,,,,,,,,,,,,,,,,,,,,,,,,,,,,,,,,,,,,,,,,,,,,,,,,,,,,,,,,,,,,,
3,35,maine_gun_254_x2,0.335,0.43,1.08,,,3,35,maine_gun_254_x2_a,0.335,0.43,1.08,,,3,40,maine_gun_254_x2_b,0.301,0.414,1.08,,,3,45,maine_gun_230_x2,0.732,0.858,1.08,,,3,45,ny_gun_356_x2,0.366,0.474,1.08,,,3,50,ny_gun_356_x2,0.366,0.474,1.08,,,3,40,ny_gun_210_x2,0.732,0.858,1.08,,,3,40,maine_gun_152_x2,0.718,0.912,1.08,,,3,45,iowa_gun_406_x2,0.245,0.29,1.08,,,3,50,iowa_gun_406_x2,0.245,0.29,1.08,,,3,45,iowa_gun_b_127_x2,0.6,0.78,1.08,,,3,45,atl_gun_125_x2,0.732,0.858,1.08,,,3,45,brooklyn_gun_152_x2,0.349,0.466,1.08,,,3,50,brooklyn_gun_b_152_x2,0.349,0.466,1.08,,,3,55,iowa_gun_127_x2,0.7,0.88,1.08,,,3,35,pen_gun_127_x2,0.815,1.04,1.08,,,3,45,clev_gun_127_x2,0.732,0.858,1.08,,,3,45,arizona_gun_356_x2,0.366,0.474,1.08,,,3,50,arizona_gun_356_x2,0.366,0.474,1.08,,,,,,,,,,,,,,,,,,,,,,,,,,,,,,,,,,,,,,,,,,,,,,,,,,,,,,,,,,,,,,,,,,,,,,,,,,,,,,,,,,,,,,,,,,,,,,,,,,,,,,,,,,,,,,,,,
3,35,maine_gun_254_x3,0.335,0.43,0.83,,,3,35,maine_gun_254_x3_a,0.335,0.43,0.83,,,3,40,maine_gun_254_x3_b,0.301,0.414,0.83,,,3,45,maine_gun_230_x3,0.732,0.858,0.83,,,3,45,ny_gun_356_x3,0.366,0.474,0.83,,,3,50,ny_gun_356_x3,0.366,0.474,0.83,,,3,40,ny_gun_210_x3,0.732,0.858,0.83,,,3,40,maine_gun_152_x3,0.718,0.912,0.83,,,3,45,iowa_gun_406_x3,0.245,0.29,0.83,,,3,50,iowa_gun_406_x3,0.245,0.29,0.83,,,3,45,iowa_gun_b_127_x3,0.6,0.78,0.83,,,3,45,atl_gun_125_x3,0.732,0.858,0.83,,,3,45,brooklyn_gun_152_x3,0.349,0.466,0.83,,,3,50,brooklyn_gun_b_152_x3,0.349,0.466,0.83,,,3,55,iowa_gun_127_x3,0.7,0.88,0.83,,,3,35,pen_gun_127_x3,0.815,1.04,0.83,,,3,45,clev_gun_127_x3,0.732,0.858,0.83,,,3,45,arizona_gun_356_x3,0.366,0.474,0.83,,,3,50,arizona_gun_356_x3,0.366,0.474,0.83,,,,,,,,,,,,,,,,,,,,,,,,,,,,,,,,,,,,,,,,,,,,,,,,,,,,,,,,,,,,,,,,,,,,,,,,,,,,,,,,,,,,,,,,,,,,,,,,,,,,,,,,,,,,,,,,,
,35,,,,0.74,,,,35,,,,0.74,,,,40,,,,0.74,,,,45,,,,0.74,,,3,45,ny_gun_356_x4,0.366,0.474,0.74,,,3,50,ny_gun_356_x4,0.366,0.474,0.74,,,3,40,,0.732,0.858,0.74,,,,40,,,,0.74,,,3,45,iowa_gun_406_x4,0.245,0.29,0.74,,,3,50,iowa_gun_406_x4,0.245,0.29,0.74,,,3,45,,,,0.74,,,3,45,atl_gun_125_x4,0.732,0.858,0.74,,,3,45,brooklyn_gun_152_x4,0.349,0.466,0.74,,,3,50,brooklyn_gun_b_152_x4,0.349,0.466,0.74,,,3,55,iowa_gun_127_x4,0.7,0.88,0.74,,,,35,,,,0.74,,,3,45,clev_gun_127_x4,0.732,0.858,0.74,,,3,45,arizona_gun_356_x4,0.366,0.474,0.74,,,3,50,arizona_gun_356_x4,0.366,0.474,0.74,,,,,,,,,,,,,,,,,,,,,,,,,,,,,,,,,,,,,,,,,,,,,,,,,,,,,,,,,,,,,,,,,,,,,,,,,,,,,,,,,,,,,,,,,,,,,,,,,,,,,,,,,,,,,,,,,
4,35,maine_gun_254_x1,0.44,0.535,1.7,,,4,35,maine_gun_254_x1_a,0.44,0.535,1.7,,,4,40,maine_gun_254_x1_b,0.424,0.537,1.7,,,4,45,maine_gun_230_x1,0.868,0.994,1.7,,,4,45,ny_gun_356_x1,0.484,0.592,1.7,,,4,50,ny_gun_356_x1,0.484,0.592,1.7,,,4,40,ny_gun_210_x1,0.868,0.994,1.7,,,4,40,maine_gun_152_x1,0.932,1.126,1.7,,,4,45,iowa_gun_406_x1,0.295,0.34,1.7,,,4,50,iowa_gun_406_x1,0.295,0.34,1.7,,,4,45,iowa_gun_b_127_x1,0.8,0.98,1.7,,,4,45,atl_gun_125_x1,0.868,0.994,1.7,,,4,45,brooklyn_gun_152_x1,0.476,0.593,1.7,,,4,50,brooklyn_gun_b_152_x1,0.476,0.593,1.7,,,4,55,iowa_gun_127_x1,0.9,1.08,1.7,,,4,35,pen_gun_127_x1,1.06,1.285,1.7,,,4,45,clev_gun_127_x1,0.868,0.994,1.7,,,4,45,arizona_gun_356_x1,0.484,0.592,1.7,,,4,50,arizona_gun_356_x1,0.484,0.592,1.7,,,,,,,,,,,,,,,,,,,,,,,,,,,,,,,,,,,,,,,,,,,,,,,,,,,,,,,,,,,,,,,,,,,,,,,,,,,,,,,,,,,,,,,,,,,,,,,,,,,,,,,,,,,,,,,,,
4,35,maine_gun_254_x2,0.44,0.535,1.28,,,4,35,maine_gun_254_x2_a,0.44,0.535,1.28,,,4,40,maine_gun_254_x2_b,0.424,0.537,1.28,,,4,45,maine_gun_230_x2,0.868,0.994,1.28,,,4,45,ny_gun_356_x2,0.484,0.592,1.28,,,4,50,ny_gun_356_x2,0.484,0.592,1.28,,,4,40,ny_gun_210_x2,0.868,0.994,1.28,,,4,40,maine_gun_152_x2,0.932,1.126,1.28,,,4,45,iowa_gun_406_x2,0.295,0.34,1.28,,,4,50,iowa_gun_406_x2,0.295,0.34,1.28,,,4,45,iowa_gun_b_127_x2,0.8,0.98,1.28,,,4,45,atl_gun_125_x2,0.868,0.994,1.28,,,4,45,brooklyn_gun_152_x2,0.476,0.593,1.28,,,4,50,brooklyn_gun_b_152_x2,0.476,0.593,1.28,,,4,55,iowa_gun_127_x2,0.9,1.08,1.28,,,4,35,pen_gun_127_x2,1.06,1.285,1.28,,,4,45,clev_gun_127_x2,0.868,0.994,1.28,,,4,45,arizona_gun_356_x2,0.484,0.592,1.28,,,4,50,arizona_gun_356_x2,0.484,0.592,1.28,,,,,,,,,,,,,,,,,,,,,,,,,,,,,,,,,,,,,,,,,,,,,,,,,,,,,,,,,,,,,,,,,,,,,,,,,,,,,,,,,,,,,,,,,,,,,,,,,,,,,,,,,,,,,,,,,
4,35,maine_gun_254_x3,0.44,0.535,1,,,4,35,maine_gun_254_x3_a,0.44,0.535,1,,,4,40,maine_gun_254_x3_b,0.424,0.537,1,,,4,45,maine_gun_230_x3,0.868,0.994,1,,,4,45,ny_gun_356_x3,0.484,0.592,1,,,4,50,ny_gun_356_x3,0.484,0.592,1,,,4,40,ny_gun_210_x3,0.868,0.994,1,,,4,40,maine_gun_152_x3,0.932,1.126,1,,,4,45,iowa_gun_406_x3,0.295,0.34,1,,,4,50,iowa_gun_406_x3,0.295,0.34,1,,,4,45,iowa_gun_b_127_x3,0.8,0.98,1,,,4,45,atl_gun_125_x3,0.868,0.994,1,,,4,45,brooklyn_gun_152_x3,0.476,0.593,1,,,4,50,brooklyn_gun_b_152_x3,0.476,0.593,1,,,4,55,iowa_gun_127_x3,0.9,1.08,1,,,4,35,pen_gun_127_x3,1.06,1.285,1,,,4,45,clev_gun_127_x3,0.868,0.994,1,,,4,45,arizona_gun_356_x3,0.484,0.592,1,,,4,50,arizona_gun_356_x3,0.484,0.592,1,,,,,,,,,,,,,,,,,,,,,,,,,,,,,,,,,,,,,,,,,,,,,,,,,,,,,,,,,,,,,,,,,,,,,,,,,,,,,,,,,,,,,,,,,,,,,,,,,,,,,,,,,,,,,,,,,
,35,,,,0.85,,,,35,,,,0.85,,,,40,,,,0.85,,,,45,,,,0.85,,,4,45,ny_gun_356_x4,0.484,0.592,0.85,,,4,50,ny_gun_356_x4,0.484,0.592,0.85,,,4,40,,0.868,0.994,0.85,,,,40,,,,0.85,,,4,45,iowa_gun_406_x4,0.295,0.34,0.85,,,4,50,iowa_gun_406_x4,0.295,0.34,0.85,,,4,45,,,,0.85,,,4,45,atl_gun_125_x4,0.868,0.994,0.85,,,4,45,brooklyn_gun_152_x4,0.476,0.593,0.85,,,4,50,brooklyn_gun_b_152_x4,0.476,0.593,0.85,,,4,55,iowa_gun_127_x4,0.9,1.08,0.85,,,,35,,,,0.85,,,4,45,clev_gun_127_x4,0.868,0.994,0.85,,,4,45,arizona_gun_356_x4,0.484,0.592,0.85,,,4,50,arizona_gun_356_x4,0.484,0.592,0.85,,,,,,,,,,,,,,,,,,,,,,,,,,,,,,,,,,,,,,,,,,,,,,,,,,,,,,,,,,,,,,,,,,,,,,,,,,,,,,,,,,,,,,,,,,,,,,,,,,,,,,,,,,,,,,,,,
5,35,maine_gun_254_x1,0.545,0.64,1.25,,,5,35,maine_gun_254_x1_a,0.545,0.64,1.25,,,5,40,maine_gun_254_x1_b,0.547,0.66,1.25,,,5,45,maine_gun_230_x1,1.004,1.13,1.25,,,5,45,ny_gun_356_x1,0.602,0.71,1.25,,,5,50,ny_gun_356_x1,0.602,0.71,1.25,,,5,40,ny_gun_210_x1,1.004,1.13,1.25,,,5,40,maine_gun_152_x1,1.146,1.34,1.25,,,5,45,iowa_gun_406_x1,0.345,0.39,1.25,,,5,50,iowa_gun_406_x1,0.345,0.39,1.25,,,5,45,iowa_gun_b_127_x1,1,1.18,1.25,,,5,45,atl_gun_125_x1,1.004,1.13,1.25,,,5,45,brooklyn_gun_152_x1,0.603,0.72,1.25,,,5,50,brooklyn_gun_b_152_x1,0.603,0.72,1.25,,,5,55,iowa_gun_127_x1,1.1,1.28,1.25,,,5,35,pen_gun_127_x1,1.305,1.53,1.25,,,5,45,clev_gun_127_x1,1.004,1.13,1.25,,,5,45,arizona_gun_356_x1,0.602,0.71,1.25,,,5,50,arizona_gun_356_x1,0.602,0.71,1.25,,,,,,,,,,,,,,,,,,,,,,,,,,,,,,,,,,,,,,,,,,,,,,,,,,,,,,,,,,,,,,,,,,,,,,,,,,,,,,,,,,,,,,,,,,,,,,,,,,,,,,,,,,,,,,,,,
5,35,maine_gun_254_x2,0.545,0.64,0.95,,,5,35,maine_gun_254_x2_a,0.545,0.64,0.95,,,5,40,maine_gun_254_x2_b,0.547,0.66,0.95,,,5,45,maine_gun_230_x2,1.004,1.13,0.95,,,5,45,ny_gun_356_x2,0.602,0.71,0.95,,,5,50,ny_gun_356_x2,0.602,0.71,0.95,,,5,40,ny_gun_210_x2,1.004,1.13,0.95,,,5,40,maine_gun_152_x2,1.146,1.34,0.95,,,5,45,iowa_gun_406_x2,0.345,0.39,0.95,,,5,50,iowa_gun_406_x2,0.345,0.39,0.95,,,5,45,iowa_gun_b_127_x2,1,1.18,0.95,,,5,45,atl_gun_125_x2,1.004,1.13,0.95,,,5,45,brooklyn_gun_152_x2,0.603,0.72,0.95,,,5,50,brooklyn_gun_b_152_x2,0.603,0.72,0.95,,,5,55,iowa_gun_127_x2,1.1,1.28,0.95,,,5,35,pen_gun_127_x2,1.305,1.53,0.95,,,5,45,clev_gun_127_x2,1.004,1.13,0.95,,,5,45,arizona_gun_356_x2,0.602,0.71,0.95,,,5,50,arizona_gun_356_x2,0.602,0.71,0.95,,,,,,,,,,,,,,,,,,,,,,,,,,,,,,,,,,,,,,,,,,,,,,,,,,,,,,,,,,,,,,,,,,,,,,,,,,,,,,,,,,,,,,,,,,,,,,,,,,,,,,,,,,,,,,,,,
5,35,maine_gun_254_x3,0.545,0.64,0.75,,,5,35,maine_gun_254_x3_a,0.545,0.64,0.75,,,5,40,maine_gun_254_x3_b,0.547,0.66,0.75,,,5,45,maine_gun_230_x3,1.004,1.13,0.75,,,5,45,ny_gun_356_x3,0.602,0.71,0.75,,,5,50,ny_gun_356_x3,0.602,0.71,0.75,,,5,40,ny_gun_210_x3,1.004,1.13,0.75,,,5,40,maine_gun_152_x3,1.146,1.34,0.75,,,5,45,iowa_gun_406_x3,0.345,0.39,0.75,,,5,50,iowa_gun_406_x3,0.345,0.39,0.75,,,5,45,iowa_gun_b_127_x3,1,1.18,0.75,,,5,45,atl_gun_125_x3,1.004,1.13,0.75,,,5,45,brooklyn_gun_152_x3,0.603,0.72,0.75,,,5,50,brooklyn_gun_b_152_x3,0.603,0.72,0.75,,,5,55,iowa_gun_127_x3,1.1,1.28,0.75,,,5,35,pen_gun_127_x3,1.305,1.53,0.75,,,5,45,clev_gun_127_x3,1.004,1.13,0.75,,,5,45,arizona_gun_356_x3,0.602,0.71,0.75,,,5,50,arizona_gun_356_x3,0.602,0.71,0.75,,,,,,,,,,,,,,,,,,,,,,,,,,,,,,,,,,,,,,,,,,,,,,,,,,,,,,,,,,,,,,,,,,,,,,,,,,,,,,,,,,,,,,,,,,,,,,,,,,,,,,,,,,,,,,,,,
,35,,,,0.68,,,,35,,,,0.68,,,,40,,,,0.68,,,,45,,,,0.68,,,5,45,ny_gun_356_x4,0.602,0.71,0.68,,,5,50,ny_gun_356_x4,0.602,0.71,0.68,,,5,40,,1.004,1.13,0.68,,,,40,,,,0.68,,,5,45,iowa_gun_406_x4,0.345,0.39,0.68,,,5,50,iowa_gun_406_x4,0.345,0.39,0.68,,,5,45,,,,0.68,,,5,45,atl_gun_125_x4,1.004,1.13,0.68,,,5,45,brooklyn_gun_152_x4,0.603,0.72,0.68,,,5,50,brooklyn_gun_b_152_x4,0.603,0.72,0.68,,,5,55,iowa_gun_127_x4,1.1,1.28,0.68,,,,35,,,,0.68,,,5,45,clev_gun_127_x4,1.004,1.13,0.68,,,5,45,arizona_gun_356_x4,0.602,0.71,0.68,,,5,50,arizona_gun_356_x4,0.602,0.71,0.68,,,,,,,,,,,,,,,,,,,,,,,,,,,,,,,,,,,,,,,,,,,,,,,,,,,,,,,,,,,,,,,,,,,,,,,,,,,,,,,,,,,,,,,,,,,,,,,,,,,,,,,,,,,,,,,,,
6,35,maine_gun_254_x1,0.65,0.745,1.185,,,6,35,maine_gun_254_x1_a,0.65,0.745,1.185,,,6,40,maine_gun_254_x1_b,0.67,0.783,1.185,,,6,45,maine_gun_230_x1,1.14,1.266,1.185,,,6,45,ny_gun_356_x1,0.72,0.828,1.185,,,6,50,ny_gun_356_x1,0.72,0.828,1.185,,,6,40,ny_gun_210_x1,1.14,1.266,1.185,,,6,40,maine_gun_152_x1,1.36,1.554,1.185,,,6,45,iowa_gun_406_x1,0.395,0.44,1.185,,,6,50,iowa_gun_406_x1,0.395,0.44,1.185,,,6,45,iowa_gun_b_127_x1,1.2,1.38,1.185,,,6,45,atl_gun_125_x1,1.14,1.266,1.185,,,6,45,brooklyn_gun_152_x1,0.73,0.847,1.185,,,6,50,brooklyn_gun_b_152_x1,0.73,0.847,1.185,,,6,55,iowa_gun_127_x1,1.3,1.48,1.185,,,6,35,pen_gun_127_x1,1.55,1.775,1.185,,,6,45,clev_gun_127_x1,1.14,1.266,1.185,,,6,45,arizona_gun_356_x1,0.72,0.828,1.185,,,6,50,arizona_gun_356_x1,0.72,0.828,1.185,,,,,,,,,,,,,,,,,,,,,,,,,,,,,,,,,,,,,,,,,,,,,,,,,,,,,,,,,,,,,,,,,,,,,,,,,,,,,,,,,,,,,,,,,,,,,,,,,,,,,,,,,,,,,,,,,
6,35,maine_gun_254_x2,0.65,0.745,0.86,,,6,35,maine_gun_254_x2_a,0.65,0.745,0.86,,,6,40,maine_gun_254_x2_b,0.67,0.783,0.86,,,6,45,maine_gun_230_x2,1.14,1.266,0.86,,,6,45,ny_gun_356_x2,0.72,0.828,0.86,,,6,50,ny_gun_356_x2,0.72,0.828,0.86,,,6,40,ny_gun_210_x2,1.14,1.266,0.86,,,6,40,maine_gun_152_x2,1.36,1.554,0.86,,,6,45,iowa_gun_406_x2,0.395,0.44,0.86,,,6,50,iowa_gun_406_x2,0.395,0.44,0.86,,,6,45,iowa_gun_b_127_x2,1.2,1.38,0.86,,,6,45,atl_gun_125_x2,1.14,1.266,0.86,,,6,45,brooklyn_gun_152_x2,0.73,0.847,0.86,,,6,50,brooklyn_gun_b_152_x2,0.73,0.847,0.86,,,6,55,iowa_gun_127_x2,1.3,1.48,0.86,,,6,35,pen_gun_127_x2,1.55,1.775,0.86,,,6,45,clev_gun_127_x2,1.14,1.266,0.86,,,6,45,arizona_gun_356_x2,0.72,0.828,0.86,,,6,50,arizona_gun_356_x2,0.72,0.828,0.86,,,,,,,,,,,,,,,,,,,,,,,,,,,,,,,,,,,,,,,,,,,,,,,,,,,,,,,,,,,,,,,,,,,,,,,,,,,,,,,,,,,,,,,,,,,,,,,,,,,,,,,,,,,,,,,,,
6,35,maine_gun_254_x3,0.65,0.745,0.66,,,6,35,maine_gun_254_x3_a,0.65,0.745,0.66,,,6,40,maine_gun_254_x3_b,0.67,0.783,0.66,,,6,45,maine_gun_230_x3,1.14,1.266,0.66,,,6,45,ny_gun_356_x3,0.72,0.828,0.66,,,6,50,ny_gun_356_x3,0.72,0.828,0.66,,,6,40,ny_gun_210_x3,1.14,1.266,0.66,,,6,40,maine_gun_152_x3,1.36,1.554,0.66,,,6,45,iowa_gun_406_x3,0.395,0.44,0.66,,,6,50,iowa_gun_406_x3,0.395,0.44,0.66,,,6,45,iowa_gun_b_127_x3,1.2,1.38,0.66,,,6,45,atl_gun_125_x3,1.14,1.266,0.66,,,6,45,brooklyn_gun_152_x3,0.73,0.847,0.66,,,6,50,brooklyn_gun_b_152_x3,0.73,0.847,0.66,,,6,55,iowa_gun_127_x3,1.3,1.48,0.66,,,6,35,pen_gun_127_x3,1.55,1.775,0.66,,,6,45,clev_gun_127_x3,1.14,1.266,0.66,,,6,45,arizona_gun_356_x3,0.72,0.828,0.66,,,6,50,arizona_gun_356_x3,0.72,0.828,0.66,,,,,,,,,,,,,,,,,,,,,,,,,,,,,,,,,,,,,,,,,,,,,,,,,,,,,,,,,,,,,,,,,,,,,,,,,,,,,,,,,,,,,,,,,,,,,,,,,,,,,,,,,,,,,,,,,
,35,,,,0.6,,,,35,,,,0.6,,,,40,,,,0.6,,,,45,,,,0.6,,,6,45,ny_gun_356_x4,0.72,0.828,0.6,,,6,50,ny_gun_356_x4,0.72,0.828,0.6,,,6,40,,1.14,1.266,0.6,,,,40,,,,0.6,,,6,45,iowa_gun_406_x4,0.395,0.44,0.6,,,6,50,iowa_gun_406_x4,0.395,0.44,0.6,,,6,45,,,,0.6,,,6,45,atl_gun_125_x4,1.14,1.266,0.6,,,6,45,brooklyn_gun_152_x4,0.73,0.847,0.6,,,6,50,brooklyn_gun_b_152_x4,0.73,0.847,0.6,,,6,55,iowa_gun_127_x4,1.3,1.48,0.6,,,,35,,,,0.6,,,6,45,clev_gun_127_x4,1.14,1.266,0.6,,,6,45,arizona_gun_356_x4,0.72,0.828,0.6,,,6,50,arizona_gun_356_x4,0.72,0.828,0.6,,,,,,,,,,,,,,,,,,,,,,,,,,,,,,,,,,,,,,,,,,,,,,,,,,,,,,,,,,,,,,,,,,,,,,,,,,,,,,,,,,,,,,,,,,,,,,,,,,,,,,,,,,,,,,,,,
7,35,maine_gun_254_x1,0.755,0.85,1.21,,,7,35,maine_gun_254_x1_a,0.755,0.85,1.21,,,7,40,maine_gun_254_x1_b,0.793,0.906,1.21,,,7,45,maine_gun_230_x1,1.276,1.402,1.21,,,7,45,ny_gun_356_x1,0.838,0.946,1.21,,,7,50,ny_gun_356_x1,0.838,0.946,1.21,,,7,40,ny_gun_210_x1,1.276,1.402,1.21,,,7,40,maine_gun_152_x1,1.574,1.748,1.21,,,7,45,iowa_gun_406_x1,0.445,0.49,1.21,,,7,50,iowa_gun_406_x1,0.445,0.49,1.21,,,7,45,iowa_gun_b_127_x1,1.4,1.58,1.21,,,7,45,atl_gun_125_x1,1.276,1.402,1.21,,,7,45,brooklyn_gun_152_x1,0.857,0.974,1.21,,,7,50,brooklyn_gun_b_152_x1,0.857,0.974,1.21,,,7,55,iowa_gun_127_x1,1.5,1.68,1.21,,,7,35,pen_gun_127_x1,1.795,2.02,1.21,,,7,45,clev_gun_127_x1,1.276,1.402,1.21,,,7,45,arizona_gun_356_x1,0.838,0.946,1.21,,,7,50,arizona_gun_356_x1,0.838,0.946,1.21,,,,,,,,,,,,,,,,,,,,,,,,,,,,,,,,,,,,,,,,,,,,,,,,,,,,,,,,,,,,,,,,,,,,,,,,,,,,,,,,,,,,,,,,,,,,,,,,,,,,,,,,,,,,,,,,,
7,35,maine_gun_254_x2,0.755,0.85,0.9,,,7,35,maine_gun_254_x2_a,0.755,0.85,0.9,,,7,40,maine_gun_254_x2_b,0.793,0.906,0.9,,,7,45,maine_gun_230_x2,1.276,1.402,0.9,,,7,45,ny_gun_356_x2,0.838,0.946,0.9,,,7,50,ny_gun_356_x2,0.838,0.946,0.9,,,7,40,ny_gun_210_x2,1.276,1.402,0.9,,,7,40,maine_gun_152_x2,1.574,1.748,0.9,,,7,45,iowa_gun_406_x2,0.445,0.49,0.9,,,7,50,iowa_gun_406_x2,0.445,0.49,0.9,,,7,45,iowa_gun_b_127_x2,1.4,1.58,0.9,,,7,45,atl_gun_125_x2,1.276,1.402,0.9,,,7,45,brooklyn_gun_152_x2,0.857,0.974,0.9,,,7,50,brooklyn_gun_b_152_x2,0.857,0.974,0.9,,,7,55,iowa_gun_127_x2,1.5,1.68,0.9,,,7,35,pen_gun_127_x2,1.795,2.02,0.9,,,7,45,clev_gun_127_x2,1.276,1.402,0.9,,,7,45,arizona_gun_356_x2,0.838,0.946,0.9,,,7,50,arizona_gun_356_x2,0.838,0.946,0.9,,,,,,,,,,,,,,,,,,,,,,,,,,,,,,,,,,,,,,,,,,,,,,,,,,,,,,,,,,,,,,,,,,,,,,,,,,,,,,,,,,,,,,,,,,,,,,,,,,,,,,,,,,,,,,,,,
7,35,maine_gun_254_x3,0.755,0.85,0.705,,,7,35,maine_gun_254_x3_a,0.755,0.85,0.705,,,7,40,maine_gun_254_x3_b,0.793,0.906,0.705,,,7,45,maine_gun_230_x3,1.276,1.402,0.705,,,7,45,ny_gun_356_x3,0.838,0.946,0.705,,,7,50,ny_gun_356_x3,0.838,0.946,0.705,,,7,40,ny_gun_210_x3,1.276,1.402,0.705,,,7,40,maine_gun_152_x3,1.574,1.748,0.705,,,7,45,iowa_gun_406_x3,0.445,0.49,0.705,,,7,50,iowa_gun_406_x3,0.445,0.49,0.705,,,7,45,iowa_gun_b_127_x3,1.4,1.58,0.705,,,7,45,atl_gun_125_x3,1.276,1.402,0.705,,,7,45,brooklyn_gun_152_x3,0.857,0.974,0.705,,,7,50,brooklyn_gun_b_152_x3,0.857,0.974,0.705,,,7,55,iowa_gun_127_x3,1.5,1.68,0.705,,,7,35,pen_gun_127_x3,1.795,2.02,0.705,,,7,45,clev_gun_127_x3,1.276,1.402,0.705,,,7,45,arizona_gun_356_x3,0.838,0.946,0.705,,,7,50,arizona_gun_356_x3,0.838,0.946,0.705,,,,,,,,,,,,,,,,,,,,,,,,,,,,,,,,,,,,,,,,,,,,,,,,,,,,,,,,,,,,,,,,,,,,,,,,,,,,,,,,,,,,,,,,,,,,,,,,,,,,,,,,,,,,,,,,,
,35,,,,0.64,,,,35,,,,0.64,,,,40,,,,0.64,,,,45,,,,0.64,,,7,45,ny_gun_356_x4,0.838,0.946,0.64,,,7,50,ny_gun_356_x4,0.838,0.946,0.64,,,7,40,,1.276,1.402,0.64,,,,40,,,,0.64,,,7,45,iowa_gun_406_x4,0.445,0.49,0.64,,,7,50,iowa_gun_406_x4,0.445,0.49,0.64,,,7,45,,,,0.64,,,7,45,atl_gun_125_x4,1.276,1.402,0.64,,,7,45,brooklyn_gun_152_x4,0.857,0.974,0.64,,,7,50,brooklyn_gun_b_152_x4,0.857,0.974,0.64,,,7,55,iowa_gun_127_x4,1.5,1.68,0.64,,,,35,,,,0.64,,,7,45,clev_gun_127_x4,1.276,1.402,0.64,,,7,45,arizona_gun_356_x4,0.838,0.946,0.64,,,7,50,arizona_gun_356_x4,0.838,0.946,0.64,,,,,,,,,,,,,,,,,,,,,,,,,,,,,,,,,,,,,,,,,,,,,,,,,,,,,,,,,,,,,,,,,,,,,,,,,,,,,,,,,,,,,,,,,,,,,,,,,,,,,,,,,,,,,,,,,
8,35,maine_gun_254_x1,0.86,0.955,1.17,,,8,35,maine_gun_254_x1_a,0.86,0.955,1.17,,,8,40,maine_gun_254_x1_b,0.916,1.029,1.17,,,8,45,maine_gun_230_x1,1.412,1.538,1.17,,,8,45,ny_gun_356_x1,0.956,1.064,1.17,,,8,50,ny_gun_356_x1,0.956,1.064,1.17,,,8,40,ny_gun_210_x1,1.412,1.538,1.17,,,8,40,maine_gun_152_x1,1.768,1.982,1.17,,,8,45,iowa_gun_406_x1,0.495,0.54,1.17,,,8,50,iowa_gun_406_x1,0.495,0.54,1.17,,,8,45,iowa_gun_b_127_x1,1.6,1.78,1.17,,,8,45,atl_gun_125_x1,1.412,1.538,1.17,,,8,45,brooklyn_gun_152_x1,0.984,1.101,1.17,,,8,50,brooklyn_gun_b_152_x1,0.984,1.101,1.17,,,8,55,iowa_gun_127_x1,1.7,1.88,1.17,,,8,35,pen_gun_127_x1,2.04,2.265,1.17,,,8,45,clev_gun_127_x1,1.412,1.538,1.17,,,8,45,arizona_gun_356_x1,0.956,1.064,1.17,,,8,50,arizona_gun_356_x1,0.956,1.064,1.17,,,,,,,,,,,,,,,,,,,,,,,,,,,,,,,,,,,,,,,,,,,,,,,,,,,,,,,,,,,,,,,,,,,,,,,,,,,,,,,,,,,,,,,,,,,,,,,,,,,,,,,,,,,,,,,,,
8,35,maine_gun_254_x2,0.86,0.955,0.88,,,8,35,maine_gun_254_x2_a,0.86,0.955,0.88,,,8,40,maine_gun_254_x2_b,0.916,1.029,0.88,,,8,45,maine_gun_230_x2,1.412,1.538,0.88,,,8,45,ny_gun_356_x2,0.956,1.064,0.88,,,8,50,ny_gun_356_x2,0.956,1.064,0.88,,,8,40,ny_gun_210_x2,1.412,1.538,0.88,,,8,40,maine_gun_152_x2,1.768,1.982,0.88,,,8,45,iowa_gun_406_x2,0.495,0.54,0.88,,,8,50,iowa_gun_406_x2,0.495,0.54,0.88,,,8,45,iowa_gun_b_127_x2,1.6,1.78,0.88,,,8,45,atl_gun_125_x2,1.412,1.538,0.88,,,8,45,brooklyn_gun_152_x2,0.984,1.101,0.88,,,8,50,brooklyn_gun_b_152_x2,0.984,1.101,0.88,,,8,55,iowa_gun_127_x2,1.7,1.88,0.88,,,8,35,pen_gun_127_x2,2.04,2.265,0.88,,,8,45,clev_gun_127_x2,1.412,1.538,0.88,,,8,45,arizona_gun_356_x2,0.956,1.064,0.88,,,8,50,arizona_gun_356_x2,0.956,1.064,0.88,,,,,,,,,,,,,,,,,,,,,,,,,,,,,,,,,,,,,,,,,,,,,,,,,,,,,,,,,,,,,,,,,,,,,,,,,,,,,,,,,,,,,,,,,,,,,,,,,,,,,,,,,,,,,,,,,
8,35,maine_gun_254_x3,0.86,0.955,0.69,,,8,35,maine_gun_254_x3_a,0.86,0.955,0.69,,,8,40,maine_gun_254_x3_b,0.916,1.029,0.69,,,8,45,maine_gun_230_x3,1.412,1.538,0.69,,,8,45,ny_gun_356_x3,0.956,1.064,0.69,,,8,50,ny_gun_356_x3,0.956,1.064,0.69,,,8,40,ny_gun_210_x3,1.412,1.538,0.69,,,8,40,maine_gun_152_x3,1.768,1.982,0.69,,,8,45,iowa_gun_406_x3,0.495,0.54,0.69,,,8,50,iowa_gun_406_x3,0.495,0.54,0.69,,,8,45,iowa_gun_b_127_x3,1.6,1.78,0.69,,,8,45,atl_gun_125_x3,1.412,1.538,0.69,,,8,45,brooklyn_gun_152_x3,0.984,1.101,0.69,,,8,50,brooklyn_gun_b_152_x3,0.984,1.101,0.69,,,8,55,iowa_gun_127_x3,1.7,1.88,0.69,,,8,35,pen_gun_127_x3,2.04,2.265,0.69,,,8,45,clev_gun_127_x3,1.412,1.538,0.69,,,8,45,arizona_gun_356_x3,0.956,1.064,0.69,,,8,50,arizona_gun_356_x3,0.956,1.064,0.69,,,,,,,,,,,,,,,,,,,,,,,,,,,,,,,,,,,,,,,,,,,,,,,,,,,,,,,,,,,,,,,,,,,,,,,,,,,,,,,,,,,,,,,,,,,,,,,,,,,,,,,,,,,,,,,,,
,35,,,,0.63,,,,35,,,,0.63,,,,40,,,,0.63,,,,45,,,,0.63,,,8,45,ny_gun_356_x4,0.956,1.064,0.63,,,8,50,ny_gun_356_x4,0.956,1.064,0.63,,,8,40,,1.412,1.538,0.63,,,,40,,,,0.63,,,8,45,iowa_gun_406_x4,0.495,0.54,0.63,,,8,50,iowa_gun_406_x4,0.495,0.54,0.63,,,8,45,,,,0.63,,,8,45,atl_gun_125_x4,1.412,1.538,0.63,,,8,45,brooklyn_gun_152_x4,0.984,1.101,0.63,,,8,50,brooklyn_gun_b_152_x4,0.984,1.101,0.63,,,8,55,iowa_gun_127_x4,1.7,1.88,0.63,,,,35,,,,0.63,,,8,45,clev_gun_127_x4,1.412,1.538,0.63,,,8,45,arizona_gun_356_x4,0.956,1.064,0.63,,,8,50,arizona_gun_356_x4,0.956,1.064,0.63,,,,,,,,,,,,,,,,,,,,,,,,,,,,,,,,,,,,,,,,,,,,,,,,,,,,,,,,,,,,,,,,,,,,,,,,,,,,,,,,,,,,,,,,,,,,,,,,,,,,,,,,,,,,,,,,,
9,35,maine_gun_254_x1,0.965,1.06,1.1,,,9,35,maine_gun_254_x1_a,0.965,1.06,1.1,,,9,40,maine_gun_254_x1_b,1.039,1.152,1.1,,,9,45,maine_gun_230_x1,1.548,1.674,1.1,,,9,45,ny_gun_356_x1,1.074,1.182,1.1,,,9,50,ny_gun_356_x1,1.074,1.182,1.1,,,9,40,ny_gun_210_x1,1.548,1.674,1.1,,,9,40,maine_gun_152_x1,2.002,2.196,1.1,,,9,45,iowa_gun_406_x1,0.545,0.59,1.1,,,9,50,iowa_gun_406_x1,0.545,0.59,1.1,,,9,45,iowa_gun_b_127_x1,1.8,1.98,1.1,,,9,45,atl_gun_125_x1,1.548,1.674,1.1,,,9,45,brooklyn_gun_152_x1,1.111,1.228,1.1,,,9,50,brooklyn_gun_b_152_x1,1.111,1.228,1.1,,,9,55,iowa_gun_127_x1,1.9,2.08,1.1,,,9,35,pen_gun_127_x1,2.285,2.51,1.1,,,9,45,clev_gun_127_x1,1.548,1.674,1.1,,,9,45,arizona_gun_356_x1,1.074,1.182,1.1,,,9,50,arizona_gun_356_x1,1.074,1.182,1.1,,,,,,,,,,,,,,,,,,,,,,,,,,,,,,,,,,,,,,,,,,,,,,,,,,,,,,,,,,,,,,,,,,,,,,,,,,,,,,,,,,,,,,,,,,,,,,,,,,,,,,,,,,,,,,,,,
9,35,maine_gun_254_x2,0.965,1.06,0.82,,,9,35,maine_gun_254_x2_a,0.965,1.06,0.82,,,9,40,maine_gun_254_x2_b,1.039,1.152,0.82,,,9,45,maine_gun_230_x2,1.548,1.674,0.82,,,9,45,ny_gun_356_x2,1.074,1.182,0.82,,,9,50,ny_gun_356_x2,1.074,1.182,0.82,,,9,40,ny_gun_210_x2,1.548,1.674,0.82,,,9,40,maine_gun_152_x2,2.002,2.196,0.82,,,9,45,iowa_gun_406_x2,0.545,0.59,0.82,,,9,50,iowa_gun_406_x2,0.545,0.59,0.82,,,9,45,iowa_gun_b_127_x2,1.8,1.98,0.82,,,9,45,atl_gun_125_x2,1.548,1.674,0.82,,,9,45,brooklyn_gun_152_x2,1.111,1.228,0.82,,,9,50,brooklyn_gun_b_152_x2,1.111,1.228,0.82,,,9,55,iowa_gun_127_x2,1.9,2.08,0.82,,,9,35,pen_gun_127_x2,2.285,2.51,0.82,,,9,45,clev_gun_127_x2,1.548,1.674,0.82,,,9,45,arizona_gun_356_x2,1.074,1.182,0.82,,,9,50,arizona_gun_356_x2,1.074,1.182,0.82,,,,,,,,,,,,,,,,,,,,,,,,,,,,,,,,,,,,,,,,,,,,,,,,,,,,,,,,,,,,,,,,,,,,,,,,,,,,,,,,,,,,,,,,,,,,,,,,,,,,,,,,,,,,,,,,,
9,35,maine_gun_254_x3,0.965,1.06,0.64,,,9,35,maine_gun_254_x3_a,0.965,1.06,0.64,,,9,40,maine_gun_254_x3_b,1.039,1.152,0.64,,,9,45,maine_gun_230_x3,1.548,1.674,0.64,,,9,45,ny_gun_356_x3,1.074,1.182,0.64,,,9,50,ny_gun_356_x3,1.074,1.182,0.64,,,9,40,ny_gun_210_x3,1.548,1.674,0.64,,,9,40,maine_gun_152_x3,2.002,2.196,0.64,,,9,45,iowa_gun_406_x3,0.545,0.59,0.64,,,9,50,iowa_gun_406_x3,0.545,0.59,0.64,,,9,45,iowa_gun_b_127_x3,1.8,1.98,0.64,,,9,45,atl_gun_125_x3,1.548,1.674,0.64,,,9,45,brooklyn_gun_152_x3,1.111,1.228,0.64,,,9,50,brooklyn_gun_b_152_x3,1.111,1.228,0.64,,,9,55,iowa_gun_127_x3,1.9,2.08,0.64,,,9,35,pen_gun_127_x3,2.285,2.51,0.64,,,9,45,clev_gun_127_x3,1.548,1.674,0.64,,,9,45,arizona_gun_356_x3,1.074,1.182,0.64,,,9,50,arizona_gun_356_x3,1.074,1.182,0.64,,,,,,,,,,,,,,,,,,,,,,,,,,,,,,,,,,,,,,,,,,,,,,,,,,,,,,,,,,,,,,,,,,,,,,,,,,,,,,,,,,,,,,,,,,,,,,,,,,,,,,,,,,,,,,,,,
,35,,,,0.58,,,,35,,,,0.58,,,,40,,,,0.58,,,,45,,,,0.58,,,9,45,ny_gun_356_x4,1.074,1.182,0.58,,,9,50,ny_gun_356_x4,1.074,1.182,0.58,,,9,40,,1.548,1.674,0.58,,,,40,,,,0.58,,,9,45,iowa_gun_406_x4,0.545,0.59,0.58,,,9,50,iowa_gun_406_x4,0.545,0.59,0.58,,,9,45,,,,0.58,,,9,45,atl_gun_125_x4,1.548,1.674,0.58,,,9,45,brooklyn_gun_152_x4,1.111,1.228,0.58,,,9,50,brooklyn_gun_b_152_x4,1.111,1.228,0.58,,,9,55,iowa_gun_127_x4,1.9,2.08,0.58,,,,35,,,,0.58,,,9,45,clev_gun_127_x4,1.548,1.674,0.58,,,9,45,arizona_gun_356_x4,1.074,1.182,0.58,,,9,50,arizona_gun_356_x4,1.074,1.182,0.58,,,,,,,,,,,,,,,,,,,,,,,,,,,,,,,,,,,,,,,,,,,,,,,,,,,,,,,,,,,,,,,,,,,,,,,,,,,,,,,,,,,,,,,,,,,,,,,,,,,,,,,,,,,,,,,,,
10,35,maine_gun_254_x1,1.07,1.165,1.2,,,10,35,maine_gun_254_x1_a,1.07,1.165,1.2,,,10,40,maine_gun_254_x1_b,1.162,1.275,1.2,,,10,45,maine_gun_230_x1,1.684,1.81,1.2,,,10,45,ny_gun_356_x1,1.192,1.3,1.2,,,10,50,ny_gun_356_x1,1.192,1.3,1.2,,,10,40,ny_gun_210_x1,1.684,1.81,1.2,,,10,40,maine_gun_152_x1,2.216,2.41,1.2,,,10,45,iowa_gun_406_x1,0.595,0.64,1.2,,,10,50,iowa_gun_406_x1,0.595,0.64,1.2,,,10,45,iowa_gun_b_127_x1,2,2.18,1.2,,,10,45,atl_gun_125_x1,1.684,1.81,1.2,,,10,45,brooklyn_gun_152_x1,1.238,1.355,1.2,,,10,50,brooklyn_gun_b_152_x1,1.238,1.355,1.2,,,10,55,iowa_gun_127_x1,2.1,2.28,1.2,,,10,35,pen_gun_127_x1,2.53,2.755,1.2,,,10,45,clev_gun_127_x1,1.684,1.81,1.2,,,10,45,arizona_gun_356_x1,1.192,1.3,1.2,,,10,50,arizona_gun_356_x1,1.192,1.3,1.2,,,,,,,,,,,,,,,,,,,,,,,,,,,,,,,,,,,,,,,,,,,,,,,,,,,,,,,,,,,,,,,,,,,,,,,,,,,,,,,,,,,,,,,,,,,,,,,,,,,,,,,,,,,,,,,,,
10,35,maine_gun_254_x2,1.07,1.165,0.9,,,10,35,maine_gun_254_x2_a,1.07,1.165,0.9,,,10,40,maine_gun_254_x2_b,1.162,1.275,0.9,,,10,45,maine_gun_230_x2,1.684,1.81,0.9,,,10,45,ny_gun_356_x2,1.192,1.3,0.9,,,10,50,ny_gun_356_x2,1.192,1.3,0.9,,,10,40,ny_gun_210_x2,1.684,1.81,0.9,,,10,40,maine_gun_152_x2,2.216,2.41,0.9,,,10,45,iowa_gun_406_x2,0.595,0.64,0.9,,,10,50,iowa_gun_406_x2,0.595,0.64,0.9,,,10,45,iowa_gun_b_127_x2,2,2.18,0.9,,,10,45,atl_gun_125_x2,1.684,1.81,0.9,,,10,45,brooklyn_gun_152_x2,1.238,1.355,0.9,,,10,50,brooklyn_gun_b_152_x2,1.238,1.355,0.9,,,10,55,iowa_gun_127_x2,2.1,2.28,0.9,,,10,35,pen_gun_127_x2,2.53,2.755,0.9,,,10,45,clev_gun_127_x2,1.684,1.81,0.9,,,10,45,arizona_gun_356_x2,1.192,1.3,0.9,,,10,50,arizona_gun_356_x2,1.192,1.3,0.9,,,,,,,,,,,,,,,,,,,,,,,,,,,,,,,,,,,,,,,,,,,,,,,,,,,,,,,,,,,,,,,,,,,,,,,,,,,,,,,,,,,,,,,,,,,,,,,,,,,,,,,,,,,,,,,,,
10,35,maine_gun_254_x3,1.07,1.165,0.68,,,10,35,maine_gun_254_x3_a,1.07,1.165,0.68,,,10,40,maine_gun_254_x3_b,1.162,1.275,0.68,,,10,45,maine_gun_230_x3,1.684,1.81,0.68,,,10,45,ny_gun_356_x3,1.192,1.3,0.68,,,10,50,ny_gun_356_x3,1.192,1.3,0.68,,,10,40,ny_gun_210_x3,1.684,1.81,0.68,,,10,40,maine_gun_152_x3,2.216,2.41,0.68,,,10,45,iowa_gun_406_x3,0.595,0.64,0.68,,,10,50,iowa_gun_406_x3,0.595,0.64,0.68,,,10,45,iowa_gun_b_127_x3,2,2.18,0.68,,,10,45,atl_gun_125_x3,1.684,1.81,0.68,,,10,45,brooklyn_gun_152_x3,1.238,1.355,0.68,,,10,50,brooklyn_gun_b_152_x3,1.238,1.355,0.68,,,10,55,iowa_gun_127_x3,2.1,2.28,0.68,,,10,35,pen_gun_127_x3,2.53,2.755,0.68,,,10,45,clev_gun_127_x3,1.684,1.81,0.68,,,10,45,arizona_gun_356_x3,1.192,1.3,0.68,,,10,50,arizona_gun_356_x3,1.192,1.3,0.68,,,,,,,,,,,,,,,,,,,,,,,,,,,,,,,,,,,,,,,,,,,,,,,,,,,,,,,,,,,,,,,,,,,,,,,,,,,,,,,,,,,,,,,,,,,,,,,,,,,,,,,,,,,,,,,,,
,35,,,,0.63,,,,35,,,,0.63,,,,40,,,,0.63,,,,45,,,,0.63,,,10,45,ny_gun_356_x4,1.192,1.3,0.63,,,10,50,ny_gun_356_x4,1.192,1.3,0.63,,,10,40,,1.684,1.81,0.63,,,,40,,,,0.63,,,10,45,iowa_gun_406_x4,0.595,0.64,0.63,,,10,50,iowa_gun_406_x4,0.595,0.64,0.63,,,10,45,,,,0.63,,,10,45,atl_gun_125_x4,1.684,1.81,0.63,,,10,45,brooklyn_gun_152_x4,1.238,1.355,0.63,,,10,50,brooklyn_gun_b_152_x4,1.238,1.355,0.63,,,10,55,iowa_gun_127_x4,2.1,2.28,0.63,,,,35,,,,0.63,,,10,45,clev_gun_127_x4,1.684,1.81,0.63,,,10,45,arizona_gun_356_x4,1.192,1.3,0.63,,,10,50,arizona_gun_356_x4,1.192,1.3,0.63,,,,,,,,,,,,,,,,,,,,,,,,,,,,,,,,,,,,,,,,,,,,,,,,,,,,,,,,,,,,,,,,,,,,,,,,,,,,,,,,,,,,,,,,,,,,,,,,,,,,,,,,,,,,,,,,,
11,35,maine_gun_254_x1,1.175,1.27,1.07,,,11,35,maine_gun_254_x1_a,1.175,1.27,1.07,,,11,40,maine_gun_254_x1_b,1.285,1.398,1.07,,,11,45,maine_gun_230_x1,1.82,1.946,1.07,,,11,45,ny_gun_356_x1,1.31,1.418,1.07,,,11,50,ny_gun_356_x1,1.31,1.418,1.07,,,11,40,ny_gun_210_x1,1.82,1.946,1.07,,,11,40,maine_gun_152_x1,2.43,2.624,1.07,,,11,45,iowa_gun_406_x1,0.645,0.69,1.07,,,11,50,iowa_gun_406_x1,0.645,0.69,1.07,,,11,45,iowa_gun_b_127_x1,2.2,2.38,1.07,,,11,45,atl_gun_125_x1,1.82,1.946,1.07,,,11,45,brooklyn_gun_152_x1,1.365,1.482,1.07,,,11,50,brooklyn_gun_b_152_x1,1.365,1.482,1.07,,,11,55,iowa_gun_127_x1,2.3,2.48,1.07,,,11,35,pen_gun_127_x1,2.775,3,1.07,,,11,45,clev_gun_127_x1,1.82,1.946,1.07,,,11,45,arizona_gun_356_x1,1.31,1.418,1.07,,,11,50,arizona_gun_356_x1,1.31,1.418,1.07,,,,,,,,,,,,,,,,,,,,,,,,,,,,,,,,,,,,,,,,,,,,,,,,,,,,,,,,,,,,,,,,,,,,,,,,,,,,,,,,,,,,,,,,,,,,,,,,,,,,,,,,,,,,,,,,,
11,35,maine_gun_254_x2,1.175,1.27,0.82,,,11,35,maine_gun_254_x2_a,1.175,1.27,0.82,,,11,40,maine_gun_254_x2_b,1.285,1.398,0.82,,,11,45,maine_gun_230_x2,1.82,1.946,0.82,,,11,45,ny_gun_356_x2,1.31,1.418,0.82,,,11,50,ny_gun_356_x2,1.31,1.418,0.82,,,11,40,ny_gun_210_x2,1.82,1.946,0.82,,,11,40,maine_gun_152_x2,2.43,2.624,0.82,,,11,45,iowa_gun_406_x2,0.645,0.69,0.82,,,11,50,iowa_gun_406_x2,0.645,0.69,0.82,,,11,45,iowa_gun_b_127_x2,2.2,2.38,0.82,,,11,45,atl_gun_125_x2,1.82,1.946,0.82,,,11,45,brooklyn_gun_152_x2,1.365,1.482,0.82,,,11,50,brooklyn_gun_b_152_x2,1.365,1.482,0.82,,,11,55,iowa_gun_127_x2,2.3,2.48,0.82,,,11,35,pen_gun_127_x2,2.775,3,0.82,,,11,45,clev_gun_127_x2,1.82,1.946,0.82,,,11,45,arizona_gun_356_x2,1.31,1.418,0.82,,,11,50,arizona_gun_356_x2,1.31,1.418,0.82,,,,,,,,,,,,,,,,,,,,,,,,,,,,,,,,,,,,,,,,,,,,,,,,,,,,,,,,,,,,,,,,,,,,,,,,,,,,,,,,,,,,,,,,,,,,,,,,,,,,,,,,,,,,,,,,,
11,35,maine_gun_254_x3,1.175,1.27,0.66,,,11,35,maine_gun_254_x3_a,1.175,1.27,0.66,,,11,40,maine_gun_254_x3_b,1.285,1.398,0.66,,,11,45,maine_gun_230_x3,1.82,1.946,0.66,,,11,45,ny_gun_356_x3,1.31,1.418,0.66,,,11,50,ny_gun_356_x3,1.31,1.418,0.66,,,11,40,ny_gun_210_x3,1.82,1.946,0.66,,,11,40,maine_gun_152_x3,2.43,2.624,0.66,,,11,45,iowa_gun_406_x3,0.645,0.69,0.66,,,11,50,iowa_gun_406_x3,0.645,0.69,0.66,,,11,45,iowa_gun_b_127_x3,2.2,2.38,0.66,,,11,45,atl_gun_125_x3,1.82,1.946,0.66,,,11,45,brooklyn_gun_152_x3,1.365,1.482,0.66,,,11,50,brooklyn_gun_b_152_x3,1.365,1.482,0.66,,,11,55,iowa_gun_127_x3,2.3,2.48,0.66,,,11,35,pen_gun_127_x3,2.775,3,0.66,,,11,45,clev_gun_127_x3,1.82,1.946,0.66,,,11,45,arizona_gun_356_x3,1.31,1.418,0.66,,,11,50,arizona_gun_356_x3,1.31,1.418,0.66,,,,,,,,,,,,,,,,,,,,,,,,,,,,,,,,,,,,,,,,,,,,,,,,,,,,,,,,,,,,,,,,,,,,,,,,,,,,,,,,,,,,,,,,,,,,,,,,,,,,,,,,,,,,,,,,,
,35,,,,0.61,,,,35,,,,0.61,,,,40,,,,0.61,,,,45,,,,0.61,,,11,45,ny_gun_356_x4,1.31,1.418,0.61,,,11,50,ny_gun_356_x4,1.31,1.418,0.61,,,11,40,,1.82,1.946,0.61,,,,40,,,,0.61,,,11,45,iowa_gun_406_x4,0.645,0.69,0.61,,,11,50,iowa_gun_406_x4,0.645,0.69,0.61,,,11,45,,,,0.61,,,11,45,atl_gun_125_x4,1.82,1.946,0.61,,,11,45,brooklyn_gun_152_x4,1.365,1.482,0.61,,,11,50,brooklyn_gun_b_152_x4,1.365,1.482,0.61,,,11,55,iowa_gun_127_x4,2.3,2.48,0.61,,,,35,,,,0.61,,,11,45,clev_gun_127_x4,1.82,1.946,0.61,,,11,45,arizona_gun_356_x4,1.31,1.418,0.61,,,11,50,arizona_gun_356_x4,1.31,1.418,0.61,,,,,,,,,,,,,,,,,,,,,,,,,,,,,,,,,,,,,,,,,,,,,,,,,,,,,,,,,,,,,,,,,,,,,,,,,,,,,,,,,,,,,,,,,,,,,,,,,,,,,,,,,,,,,,,,,
12,35,maine_gun_254_x1,1.28,1.375,1.07,,,12,35,maine_gun_254_x1_a,1.28,1.375,1.07,,,12,40,maine_gun_254_x1_b,1.408,1.521,1.07,,,12,45,maine_gun_230_x1,1.956,2.082,1.07,,,12,45,ny_gun_356_x1,1.428,1.536,1.07,,,12,50,ny_gun_356_x1,1.428,1.536,1.07,,,12,40,ny_gun_210_x1,1.956,2.082,1.07,,,12,40,maine_gun_152_x1,2.644,2.838,1.07,,,12,45,iowa_gun_406_x1,0.695,0.74,1.07,,,12,50,iowa_gun_406_x1,0.695,0.74,1.07,,,12,45,iowa_gun_b_127_x1,2.4,2.58,1.07,,,12,45,atl_gun_125_x1,1.956,2.082,1.07,,,12,45,brooklyn_gun_152_x1,1.492,1.609,1.07,,,12,50,brooklyn_gun_b_152_x1,1.492,1.609,1.07,,,12,55,iowa_gun_127_x1,2.5,2.68,1.07,,,12,35,pen_gun_127_x1,3.02,3.245,1.07,,,12,45,clev_gun_127_x1,1.956,2.082,1.07,,,12,45,arizona_gun_356_x1,1.428,1.536,1.07,,,12,50,arizona_gun_356_x1,1.428,1.536,1.07,,,,,,,,,,,,,,,,,,,,,,,,,,,,,,,,,,,,,,,,,,,,,,,,,,,,,,,,,,,,,,,,,,,,,,,,,,,,,,,,,,,,,,,,,,,,,,,,,,,,,,,,,,,,,,,,,
12,35,maine_gun_254_x2,1.28,1.375,0.82,,,12,35,maine_gun_254_x2_a,1.28,1.375,0.82,,,12,40,maine_gun_254_x2_b,1.408,1.521,0.82,,,12,45,maine_gun_230_x2,1.956,2.082,0.82,,,12,45,ny_gun_356_x2,1.428,1.536,0.82,,,12,50,ny_gun_356_x2,1.428,1.536,0.82,,,12,40,ny_gun_210_x2,1.956,2.082,0.82,,,12,40,maine_gun_152_x2,2.644,2.838,0.82,,,12,45,iowa_gun_406_x2,0.695,0.74,0.82,,,12,50,iowa_gun_406_x2,0.695,0.74,0.82,,,12,45,iowa_gun_b_127_x2,2.4,2.58,0.82,,,12,45,atl_gun_125_x2,1.956,2.082,0.82,,,12,45,brooklyn_gun_152_x2,1.492,1.609,0.82,,,12,50,brooklyn_gun_b_152_x2,1.492,1.609,0.82,,,12,55,iowa_gun_127_x2,2.5,2.68,0.82,,,12,35,pen_gun_127_x2,3.02,3.245,0.82,,,12,45,clev_gun_127_x2,1.956,2.082,0.82,,,12,45,arizona_gun_356_x2,1.428,1.536,0.82,,,12,50,arizona_gun_356_x2,1.428,1.536,0.82,,,,,,,,,,,,,,,,,,,,,,,,,,,,,,,,,,,,,,,,,,,,,,,,,,,,,,,,,,,,,,,,,,,,,,,,,,,,,,,,,,,,,,,,,,,,,,,,,,,,,,,,,,,,,,,,,
12,35,maine_gun_254_x3,1.28,1.375,0.66,,,12,35,maine_gun_254_x3_a,1.28,1.375,0.66,,,12,40,maine_gun_254_x3_b,1.408,1.521,0.66,,,12,45,maine_gun_230_x3,1.956,2.082,0.66,,,12,45,ny_gun_356_x3,1.428,1.536,0.66,,,12,50,ny_gun_356_x3,1.428,1.536,0.66,,,12,40,ny_gun_210_x3,1.956,2.082,0.66,,,12,40,maine_gun_152_x3,2.644,2.838,0.66,,,12,45,iowa_gun_406_x3,0.695,0.74,0.66,,,12,50,iowa_gun_406_x3,0.695,0.74,0.66,,,12,45,iowa_gun_b_127_x3,2.4,2.58,0.66,,,12,45,atl_gun_125_x3,1.956,2.082,0.66,,,12,45,brooklyn_gun_152_x3,1.492,1.609,0.66,,,12,50,brooklyn_gun_b_152_x3,1.492,1.609,0.66,,,12,55,iowa_gun_127_x3,2.5,2.68,0.66,,,12,35,pen_gun_127_x3,3.02,3.245,0.66,,,12,45,clev_gun_127_x3,1.956,2.082,0.66,,,12,45,arizona_gun_356_x3,1.428,1.536,0.66,,,12,50,arizona_gun_356_x3,1.428,1.536,0.66,,,,,,,,,,,,,,,,,,,,,,,,,,,,,,,,,,,,,,,,,,,,,,,,,,,,,,,,,,,,,,,,,,,,,,,,,,,,,,,,,,,,,,,,,,,,,,,,,,,,,,,,,,,,,,,,,
,35,,,,0.61,,,,35,,,,0.61,,,,40,,,,0.61,,,,45,,,,0.61,,,12,45,ny_gun_356_x4,1.428,1.536,0.61,,,12,50,ny_gun_356_x4,1.428,1.536,0.61,,,12,40,,1.956,2.082,0.61,,,,40,,,,0.61,,,12,45,iowa_gun_406_x4,0.695,0.74,0.61,,,12,50,iowa_gun_406_x4,0.695,0.74,0.61,,,12,45,,,,0.61,,,12,45,atl_gun_125_x4,1.956,2.082,0.61,,,12,45,brooklyn_gun_152_x4,1.492,1.609,0.61,,,12,50,brooklyn_gun_b_152_x4,1.492,1.609,0.61,,,12,55,iowa_gun_127_x4,2.5,2.68,0.61,,,,35,,,,0.61,,,12,45,clev_gun_127_x4,1.956,2.082,0.61,,,12,45,arizona_gun_356_x4,1.428,1.536,0.61,,,12,50,arizona_gun_356_x4,1.428,1.536,0.61,,,,,,,,,,,,,,,,,,,,,,,,,,,,,,,,,,,,,,,,,,,,,,,,,,,,,,,,,,,,,,,,,,,,,,,,,,,,,,,,,,,,,,,,,,,,,,,,,,,,,,,,,,,,,,,,,
13,35,maine_gun_254_x1,1.385,1.48,1.13,,,13,35,maine_gun_254_x1_a,1.385,1.48,1.13,,,13,40,maine_gun_254_x1_b,1.531,1.644,1.13,,,13,45,maine_gun_230_x1,2.092,2.218,1.13,,,13,45,ny_gun_356_x1,1.546,1.654,1.13,,,13,50,ny_gun_356_x1,1.546,1.654,1.13,,,13,40,ny_gun_210_x1,2.092,2.218,1.13,,,13,40,maine_gun_152_x1,2.858,3.052,1.13,,,13,45,iowa_gun_406_x1,0.745,0.79,1.13,,,13,50,iowa_gun_406_x1,0.745,0.79,1.13,,,13,45,iowa_gun_b_127_x1,2.6,2.78,1.13,,,13,45,atl_gun_125_x1,2.092,2.218,1.13,,,13,45,brooklyn_gun_152_x1,1.619,1.736,1.13,,,13,50,brooklyn_gun_b_152_x1,1.619,1.736,1.13,,,13,55,iowa_gun_127_x1,2.7,2.88,1.13,,,13,35,pen_gun_127_x1,3.265,3.49,1.13,,,13,45,clev_gun_127_x1,2.092,2.218,1.13,,,13,45,arizona_gun_356_x1,1.546,1.654,1.13,,,13,50,arizona_gun_356_x1,1.546,1.654,1.13,,,,,,,,,,,,,,,,,,,,,,,,,,,,,,,,,,,,,,,,,,,,,,,,,,,,,,,,,,,,,,,,,,,,,,,,,,,,,,,,,,,,,,,,,,,,,,,,,,,,,,,,,,,,,,,,,
13,35,maine_gun_254_x2,1.385,1.48,0.88,,,13,35,maine_gun_254_x2_a,1.385,1.48,0.88,,,13,40,maine_gun_254_x2_b,1.531,1.644,0.88,,,13,45,maine_gun_230_x2,2.092,2.218,0.88,,,13,45,ny_gun_356_x2,1.546,1.654,0.88,,,13,50,ny_gun_356_x2,1.546,1.654,0.88,,,13,40,ny_gun_210_x2,2.092,2.218,0.88,,,13,40,maine_gun_152_x2,2.858,3.052,0.88,,,13,45,iowa_gun_406_x2,0.745,0.79,0.88,,,13,50,iowa_gun_406_x2,0.745,0.79,0.88,,,13,45,iowa_gun_b_127_x2,2.6,2.78,0.88,,,13,45,atl_gun_125_x2,2.092,2.218,0.88,,,13,45,brooklyn_gun_152_x2,1.619,1.736,0.88,,,13,50,brooklyn_gun_b_152_x2,1.619,1.736,0.88,,,13,55,iowa_gun_127_x2,2.7,2.88,0.88,,,13,35,pen_gun_127_x2,3.265,3.49,0.88,,,13,45,clev_gun_127_x2,2.092,2.218,0.88,,,13,45,arizona_gun_356_x2,1.546,1.654,0.88,,,13,50,arizona_gun_356_x2,1.546,1.654,0.88,,,,,,,,,,,,,,,,,,,,,,,,,,,,,,,,,,,,,,,,,,,,,,,,,,,,,,,,,,,,,,,,,,,,,,,,,,,,,,,,,,,,,,,,,,,,,,,,,,,,,,,,,,,,,,,,,
13,35,maine_gun_254_x3,1.385,1.48,0.705,,,13,35,maine_gun_254_x3_a,1.385,1.48,0.705,,,13,40,maine_gun_254_x3_b,1.531,1.644,0.705,,,13,45,maine_gun_230_x3,2.092,2.218,0.705,,,13,45,ny_gun_356_x3,1.546,1.654,0.705,,,13,50,ny_gun_356_x3,1.546,1.654,0.705,,,13,40,ny_gun_210_x3,2.092,2.218,0.705,,,13,40,maine_gun_152_x3,2.858,3.052,0.705,,,13,45,iowa_gun_406_x3,0.745,0.79,0.705,,,13,50,iowa_gun_406_x3,0.745,0.79,0.705,,,13,45,iowa_gun_b_127_x3,2.6,2.78,0.705,,,13,45,atl_gun_125_x3,2.092,2.218,0.705,,,13,45,brooklyn_gun_152_x3,1.619,1.736,0.705,,,13,50,brooklyn_gun_b_152_x3,1.619,1.736,0.705,,,13,55,iowa_gun_127_x3,2.7,2.88,0.705,,,13,35,pen_gun_127_x3,3.265,3.49,0.705,,,13,45,clev_gun_127_x3,2.092,2.218,0.705,,,13,45,arizona_gun_356_x3,1.546,1.654,0.705,,,13,50,arizona_gun_356_x3,1.546,1.654,0.705,,,,,,,,,,,,,,,,,,,,,,,,,,,,,,,,,,,,,,,,,,,,,,,,,,,,,,,,,,,,,,,,,,,,,,,,,,,,,,,,,,,,,,,,,,,,,,,,,,,,,,,,,,,,,,,,,
,35,,,,0.65,,,,35,,,,0.65,,,,40,,,,0.65,,,,45,,,,0.65,,,13,45,ny_gun_356_x4,1.546,1.654,0.65,,,13,50,ny_gun_356_x4,1.546,1.654,0.65,,,13,40,,2.092,2.218,0.65,,,,40,,,,0.65,,,13,45,iowa_gun_406_x4,0.745,0.79,0.65,,,13,50,iowa_gun_406_x4,0.745,0.79,0.65,,,13,45,,,,0.65,,,13,45,atl_gun_125_x4,2.092,2.218,0.65,,,13,45,brooklyn_gun_152_x4,1.619,1.736,0.65,,,13,50,brooklyn_gun_b_152_x4,1.619,1.736,0.65,,,13,55,iowa_gun_127_x4,2.7,2.88,0.65,,,,35,,,,0.65,,,13,45,clev_gun_127_x4,2.092,2.218,0.65,,,13,45,arizona_gun_356_x4,1.546,1.654,0.65,,,13,50,arizona_gun_356_x4,1.546,1.654,0.65,,,,,,,,,,,,,,,,,,,,,,,,,,,,,,,,,,,,,,,,,,,,,,,,,,,,,,,,,,,,,,,,,,,,,,,,,,,,,,,,,,,,,,,,,,,,,,,,,,,,,,,,,,,,,,,,,
14,35,maine_gun_254_x1,1.49,1.585,1.13,,,14,35,maine_gun_254_x1_a,1.49,1.585,1.13,,,14,40,maine_gun_254_x1_b,1.654,1.767,1.13,,,14,45,maine_gun_230_x1,2.228,2.354,1.13,,,14,45,ny_gun_356_x1,1.664,1.772,1.13,,,14,50,ny_gun_356_x1,1.664,1.772,1.13,,,14,40,ny_gun_210_x1,2.228,2.354,1.13,,,14,40,maine_gun_152_x1,3.072,3.266,1.13,,,14,45,iowa_gun_406_x1,0.795,0.84,1.13,,,14,50,iowa_gun_406_x1,0.795,0.84,1.13,,,14,45,iowa_gun_b_127_x1,2.8,2.98,1.13,,,14,45,atl_gun_125_x1,2.228,2.354,1.13,,,14,45,brooklyn_gun_152_x1,1.746,1.863,1.13,,,14,50,brooklyn_gun_b_152_x1,1.746,1.863,1.13,,,14,55,iowa_gun_127_x1,2.9,3.08,1.13,,,14,35,pen_gun_127_x1,3.51,3.735,1.13,,,14,45,clev_gun_127_x1,2.228,2.354,1.13,,,14,45,arizona_gun_356_x1,1.664,1.772,1.13,,,14,50,arizona_gun_356_x1,1.664,1.772,1.13,,,,,,,,,,,,,,,,,,,,,,,,,,,,,,,,,,,,,,,,,,,,,,,,,,,,,,,,,,,,,,,,,,,,,,,,,,,,,,,,,,,,,,,,,,,,,,,,,,,,,,,,,,,,,,,,,
14,35,maine_gun_254_x2,1.49,1.585,0.88,,,14,35,maine_gun_254_x2_a,1.49,1.585,0.88,,,14,40,maine_gun_254_x2_b,1.654,1.767,0.88,,,14,45,maine_gun_230_x2,2.228,2.354,0.88,,,14,45,ny_gun_356_x2,1.664,1.772,0.88,,,14,50,ny_gun_356_x2,1.664,1.772,0.88,,,14,40,ny_gun_210_x2,2.228,2.354,0.88,,,14,40,maine_gun_152_x2,3.072,3.266,0.88,,,14,45,iowa_gun_406_x2,0.795,0.84,0.88,,,14,50,iowa_gun_406_x2,0.795,0.84,0.88,,,14,45,iowa_gun_b_127_x2,2.8,2.98,0.88,,,14,45,atl_gun_125_x2,2.228,2.354,0.88,,,14,45,brooklyn_gun_152_x2,1.746,1.863,0.88,,,14,50,brooklyn_gun_b_152_x2,1.746,1.863,0.88,,,14,55,iowa_gun_127_x2,2.9,3.08,0.88,,,14,35,pen_gun_127_x2,3.51,3.735,0.88,,,14,45,clev_gun_127_x2,2.228,2.354,0.88,,,14,45,arizona_gun_356_x2,1.664,1.772,0.88,,,14,50,arizona_gun_356_x2,1.664,1.772,0.88,,,,,,,,,,,,,,,,,,,,,,,,,,,,,,,,,,,,,,,,,,,,,,,,,,,,,,,,,,,,,,,,,,,,,,,,,,,,,,,,,,,,,,,,,,,,,,,,,,,,,,,,,,,,,,,,,
14,35,maine_gun_254_x3,1.49,1.585,0.705,,,14,35,maine_gun_254_x3_a,1.49,1.585,0.705,,,14,40,maine_gun_254_x3_b,1.654,1.767,0.705,,,14,45,maine_gun_230_x3,2.228,2.354,0.705,,,14,45,ny_gun_356_x3,1.664,1.772,0.705,,,14,50,ny_gun_356_x3,1.664,1.772,0.705,,,14,40,ny_gun_210_x3,2.228,2.354,0.705,,,14,40,maine_gun_152_x3,3.072,3.266,0.705,,,14,45,iowa_gun_406_x3,0.795,0.84,0.705,,,14,50,iowa_gun_406_x3,0.795,0.84,0.705,,,14,45,iowa_gun_b_127_x3,2.8,2.98,0.705,,,14,45,atl_gun_125_x3,2.228,2.354,0.705,,,14,45,brooklyn_gun_152_x3,1.746,1.863,0.705,,,14,50,brooklyn_gun_b_152_x3,1.746,1.863,0.705,,,14,55,iowa_gun_127_x3,2.9,3.08,0.705,,,14,35,pen_gun_127_x3,3.51,3.735,0.705,,,14,45,clev_gun_127_x3,2.228,2.354,0.705,,,14,45,arizona_gun_356_x3,1.664,1.772,0.705,,,14,50,arizona_gun_356_x3,1.664,1.772,0.705,,,,,,,,,,,,,,,,,,,,,,,,,,,,,,,,,,,,,,,,,,,,,,,,,,,,,,,,,,,,,,,,,,,,,,,,,,,,,,,,,,,,,,,,,,,,,,,,,,,,,,,,,,,,,,,,,
,35,,,,0.66,,,,35,,,,0.66,,,,40,,,,0.66,,,,45,,,,0.66,,,14,45,ny_gun_356_x4,1.664,1.772,0.66,,,14,50,ny_gun_356_x4,1.664,1.772,0.66,,,14,40,,2.228,2.354,0.66,,,,40,,,,0.66,,,14,45,iowa_gun_406_x4,0.795,0.84,0.66,,,14,50,iowa_gun_406_x4,0.795,0.84,0.66,,,14,45,,,,0.66,,,14,45,atl_gun_125_x4,2.228,2.354,0.66,,,14,45,brooklyn_gun_152_x4,1.746,1.863,0.66,,,14,50,brooklyn_gun_b_152_x4,1.746,1.863,0.66,,,14,55,iowa_gun_127_x4,2.9,3.08,0.66,,,,35,,,,0.66,,,14,45,clev_gun_127_x4,2.228,2.354,0.66,,,14,45,arizona_gun_356_x4,1.664,1.772,0.66,,,14,50,arizona_gun_356_x4,1.664,1.772,0.66,,,,,,,,,,,,,,,,,,,,,,,,,,,,,,,,,,,,,,,,,,,,,,,,,,,,,,,,,,,,,,,,,,,,,,,,,,,,,,,,,,,,,,,,,,,,,,,,,,,,,,,,,,,,,,,,,
15,35,maine_gun_254_x1,1.595,1.69,1.14,,,15,35,maine_gun_254_x1_a,1.595,1.69,1.14,,,15,40,maine_gun_254_x1_b,1.777,1.89,1.14,,,15,45,maine_gun_230_x1,2.364,2.49,1.14,,,15,45,ny_gun_356_x1,1.782,1.89,1.14,,,15,50,ny_gun_356_x1,1.782,1.89,1.14,,,15,40,ny_gun_210_x1,2.364,2.49,1.14,,,15,40,maine_gun_152_x1,3.286,3.48,1.14,,,15,45,iowa_gun_406_x1,0.845,0.89,1.14,,,15,50,iowa_gun_406_x1,0.845,0.89,1.14,,,15,45,iowa_gun_b_127_x1,3,3.18,1.14,,,15,45,atl_gun_125_x1,2.364,2.49,1.14,,,15,45,brooklyn_gun_152_x1,1.873,1.99,1.14,,,15,50,brooklyn_gun_b_152_x1,1.873,1.99,1.14,,,15,55,iowa_gun_127_x1,3.1,3.28,1.14,,,15,35,pen_gun_127_x1,3.755,3.98,1.14,,,15,45,clev_gun_127_x1,2.364,2.49,1.14,,,15,45,arizona_gun_356_x1,1.782,1.89,1.14,,,15,50,arizona_gun_356_x1,1.782,1.89,1.14,,,,,,,,,,,,,,,,,,,,,,,,,,,,,,,,,,,,,,,,,,,,,,,,,,,,,,,,,,,,,,,,,,,,,,,,,,,,,,,,,,,,,,,,,,,,,,,,,,,,,,,,,,,,,,,,,
15,35,maine_gun_254_x2,1.595,1.69,0.9,,,15,35,maine_gun_254_x2_a,1.595,1.69,0.9,,,15,40,maine_gun_254_x2_b,1.777,1.89,0.9,,,15,45,maine_gun_230_x2,2.364,2.49,0.9,,,15,45,ny_gun_356_x2,1.782,1.89,0.9,,,15,50,ny_gun_356_x2,1.782,1.89,0.9,,,15,40,ny_gun_210_x2,2.364,2.49,0.9,,,15,40,maine_gun_152_x2,3.286,3.48,0.9,,,15,45,iowa_gun_406_x2,0.845,0.89,0.9,,,15,50,iowa_gun_406_x2,0.845,0.89,0.9,,,15,45,iowa_gun_b_127_x2,3,3.18,0.9,,,15,45,atl_gun_125_x2,2.364,2.49,0.9,,,15,45,brooklyn_gun_152_x2,1.873,1.99,0.9,,,15,50,brooklyn_gun_b_152_x2,1.873,1.99,0.9,,,15,55,iowa_gun_127_x2,3.1,3.28,0.9,,,15,35,pen_gun_127_x2,3.755,3.98,0.9,,,15,45,clev_gun_127_x2,2.364,2.49,0.9,,,15,45,arizona_gun_356_x2,1.782,1.89,0.9,,,15,50,arizona_gun_356_x2,1.782,1.89,0.9,,,,,,,,,,,,,,,,,,,,,,,,,,,,,,,,,,,,,,,,,,,,,,,,,,,,,,,,,,,,,,,,,,,,,,,,,,,,,,,,,,,,,,,,,,,,,,,,,,,,,,,,,,,,,,,,,
15,35,maine_gun_254_x3,1.595,1.69,0.72,,,15,35,maine_gun_254_x3_a,1.595,1.69,0.72,,,15,40,maine_gun_254_x3_b,1.777,1.89,0.72,,,15,45,maine_gun_230_x3,2.364,2.49,0.72,,,15,45,ny_gun_356_x3,1.782,1.89,0.72,,,15,50,ny_gun_356_x3,1.782,1.89,0.72,,,15,40,ny_gun_210_x3,2.364,2.49,0.72,,,15,40,maine_gun_152_x3,3.286,3.48,0.72,,,15,45,iowa_gun_406_x3,0.845,0.89,0.72,,,15,50,iowa_gun_406_x3,0.845,0.89,0.72,,,15,45,iowa_gun_b_127_x3,3,3.18,0.72,,,15,45,atl_gun_125_x3,2.364,2.49,0.72,,,15,45,brooklyn_gun_152_x3,1.873,1.99,0.72,,,15,50,brooklyn_gun_b_152_x3,1.873,1.99,0.72,,,15,55,iowa_gun_127_x3,3.1,3.28,0.72,,,15,35,pen_gun_127_x3,3.755,3.98,0.72,,,15,45,clev_gun_127_x3,2.364,2.49,0.72,,,15,45,arizona_gun_356_x3,1.782,1.89,0.72,,,15,50,arizona_gun_356_x3,1.782,1.89,0.72,,,,,,,,,,,,,,,,,,,,,,,,,,,,,,,,,,,,,,,,,,,,,,,,,,,,,,,,,,,,,,,,,,,,,,,,,,,,,,,,,,,,,,,,,,,,,,,,,,,,,,,,,,,,,,,,,
,35,,,,0.675,,,,35,,,,0.675,,,,40,,,,0.675,,,,45,,,,0.675,,,15,45,ny_gun_356_x4,1.782,1.89,0.675,,,15,50,ny_gun_356_x4,1.782,1.89,0.675,,,15,40,,2.364,2.49,0.675,,,,40,,,,0.675,,,15,45,iowa_gun_406_x4,0.845,0.89,0.675,,,15,50,iowa_gun_406_x4,0.845,0.89,0.675,,,15,45,,,,0.675,,,15,45,atl_gun_125_x4,2.364,2.49,0.675,,,15,45,brooklyn_gun_152_x4,1.873,1.99,0.675,,,15,50,brooklyn_gun_b_152_x4,1.873,1.99,0.675,,,15,55,iowa_gun_127_x4,3.1,3.28,0.675,,,,35,,,,0.675,,,15,45,clev_gun_127_x4,2.364,2.49,0.675,,,15,45,arizona_gun_356_x4,1.782,1.89,0.675,,,15,50,arizona_gun_356_x4,1.782,1.89,0.675,,,,,,,,,,,,,,,,,,,,,,,,,,,,,,,,,,,,,,,,,,,,,,,,,,,,,,,,,,,,,,,,,,,,,,,,,,,,,,,,,,,,,,,,,,,,,,,,,,,,,,,,,,,,,,,,,
16,35,maine_gun_254_x1,1.7,1.795,1.15,,,16,35,maine_gun_254_x1_a,1.7,1.795,1.15,,,16,40,maine_gun_254_x1_b,1.9,2.013,1.15,,,16,45,maine_gun_230_x1,2.5,2.626,1.15,,,16,45,ny_gun_356_x1,1.9,2.008,1.15,,,16,50,ny_gun_356_x1,1.9,2.008,1.15,,,16,40,ny_gun_210_x1,2.5,2.626,1.15,,,16,40,maine_gun_152_x1,3.5,3.694,1.15,,,16,45,iowa_gun_406_x1,0.895,0.94,1.15,,,16,50,iowa_gun_406_x1,0.895,0.94,1.15,,,16,45,iowa_gun_b_127_x1,3.2,3.38,1.15,,,16,45,atl_gun_125_x1,2.5,2.626,1.15,,,16,45,brooklyn_gun_152_x1,2,2.117,1.15,,,16,50,brooklyn_gun_b_152_x1,2,2.117,1.15,,,16,55,iowa_gun_127_x1,3.3,3.48,1.15,,,16,35,pen_gun_127_x1,4,4.225,1.15,,,16,45,clev_gun_127_x1,2.5,2.626,1.15,,,16,45,arizona_gun_356_x1,1.9,2.008,1.15,,,16,50,arizona_gun_356_x1,1.9,2.008,1.15,,,,,,,,,,,,,,,,,,,,,,,,,,,,,,,,,,,,,,,,,,,,,,,,,,,,,,,,,,,,,,,,,,,,,,,,,,,,,,,,,,,,,,,,,,,,,,,,,,,,,,,,,,,,,,,,,
16,35,maine_gun_254_x2,1.7,1.795,0.93,,,16,35,maine_gun_254_x2_a,1.7,1.795,0.93,,,16,40,maine_gun_254_x2_b,1.9,2.013,0.93,,,16,45,maine_gun_230_x2,2.5,2.626,0.93,,,16,45,ny_gun_356_x2,1.9,2.008,0.93,,,16,50,ny_gun_356_x2,1.9,2.008,0.93,,,16,40,ny_gun_210_x2,2.5,2.626,0.93,,,16,40,maine_gun_152_x2,3.5,3.694,0.93,,,16,45,iowa_gun_406_x2,0.895,0.94,0.93,,,16,50,iowa_gun_406_x2,0.895,0.94,0.93,,,16,45,iowa_gun_b_127_x2,3.2,3.38,0.93,,,16,45,atl_gun_125_x2,2.5,2.626,0.93,,,16,45,brooklyn_gun_152_x2,2,2.117,0.93,,,16,50,brooklyn_gun_b_152_x2,2,2.117,0.93,,,16,55,iowa_gun_127_x2,3.3,3.48,0.93,,,16,35,pen_gun_127_x2,4,4.225,0.93,,,16,45,clev_gun_127_x2,2.5,2.626,0.93,,,16,45,arizona_gun_356_x2,1.9,2.008,0.93,,,16,50,arizona_gun_356_x2,1.9,2.008,0.93,,,,,,,,,,,,,,,,,,,,,,,,,,,,,,,,,,,,,,,,,,,,,,,,,,,,,,,,,,,,,,,,,,,,,,,,,,,,,,,,,,,,,,,,,,,,,,,,,,,,,,,,,,,,,,,,,
16,35,maine_gun_254_x3,1.7,1.795,0.75,,,16,35,maine_gun_254_x3_a,1.7,1.795,0.75,,,16,40,maine_gun_254_x3_b,1.9,2.013,0.75,,,16,45,maine_gun_230_x3,2.5,2.626,0.75,,,16,45,ny_gun_356_x3,1.9,2.008,0.75,,,16,50,ny_gun_356_x3,1.9,2.008,0.75,,,16,40,ny_gun_210_x3,2.5,2.626,0.75,,,16,40,maine_gun_152_x3,3.5,3.694,0.75,,,16,45,iowa_gun_406_x3,0.895,0.94,0.75,,,16,50,iowa_gun_406_x3,0.895,0.94,0.75,,,16,45,iowa_gun_b_127_x3,3.2,3.38,0.75,,,16,45,atl_gun_125_x3,2.5,2.626,0.75,,,16,45,brooklyn_gun_152_x3,2,2.117,0.75,,,16,50,brooklyn_gun_b_152_x3,2,2.117,0.75,,,16,55,iowa_gun_127_x3,3.3,3.48,0.75,,,16,35,pen_gun_127_x3,4,4.225,0.75,,,16,45,clev_gun_127_x3,2.5,2.626,0.75,,,16,45,arizona_gun_356_x3,1.9,2.008,0.75,,,16,50,arizona_gun_356_x3,1.9,2.008,0.75,,,,,,,,,,,,,,,,,,,,,,,,,,,,,,,,,,,,,,,,,,,,,,,,,,,,,,,,,,,,,,,,,,,,,,,,,,,,,,,,,,,,,,,,,,,,,,,,,,,,,,,,,,,,,,,,,
,35,,,,0.68,,,,35,,,,0.68,,,,40,,,,0.68,,,,45,,,,0.68,,,16,45,ny_gun_356_x4,1.9,2.008,0.68,,,16,50,ny_gun_356_x4,1.9,2.008,0.68,,,16,40,,2.5,2.626,0.68,,,,40,,,,0.68,,,16,45,iowa_gun_406_x4,0.895,0.94,0.68,,,16,50,iowa_gun_406_x4,0.895,0.94,0.68,,,16,45,,,,0.68,,,16,45,atl_gun_125_x4,2.5,2.626,0.68,,,16,45,brooklyn_gun_152_x4,2,2.117,0.68,,,16,50,brooklyn_gun_b_152_x4,2,2.117,0.68,,,16,55,iowa_gun_127_x4,3.3,3.48,0.68,,,,35,,,,0.68,,,16,45,clev_gun_127_x4,2.5,2.626,0.68,,,16,45,arizona_gun_356_x4,1.9,2.008,0.68,,,16,50,arizona_gun_356_x4,1.9,2.008,0.68,,,,,,,,,,,,,,,,,,,,,,,,,,,,,,,,,,,,,,,,,,,,,,,,,,,,,,,,,,,,,,,,,,,,,,,,,,,,,,,,,,,,,,,,,,,,,,,,,,,,,,,,,,,,,,,,,
17,35,maine_gun_254_x1,1.805,1.9,1.2,,,17,35,maine_gun_254_x1_a,1.805,1.9,1.2,,,17,40,maine_gun_254_x1_b,2.023,2.136,1.2,,,17,45,maine_gun_230_x1,2.636,2.762,1.2,,,17,45,ny_gun_356_x1,2.018,2.126,1.2,,,17,50,ny_gun_356_x1,2.018,2.126,1.2,,,17,40,ny_gun_210_x1,2.636,2.762,1.2,,,17,40,maine_gun_152_x1,3.714,3.908,1.2,,,17,45,iowa_gun_406_x1,0.945,0.99,1.2,,,17,50,iowa_gun_406_x1,0.945,0.99,1.2,,,17,45,iowa_gun_b_127_x1,3.4,3.58,1.2,,,17,45,atl_gun_125_x1,2.636,2.762,1.2,,,17,45,brooklyn_gun_152_x1,2.127,2.244,1.2,,,17,50,brooklyn_gun_b_152_x1,2.127,2.244,1.2,,,17,55,iowa_gun_127_x1,3.5,3.68,1.2,,,17,35,pen_gun_127_x1,4.245,4.47,1.2,,,17,45,clev_gun_127_x1,2.636,2.762,1.2,,,17,45,arizona_gun_356_x1,2.018,2.126,1.2,,,17,50,arizona_gun_356_x1,2.018,2.126,1.2,,,,,,,,,,,,,,,,,,,,,,,,,,,,,,,,,,,,,,,,,,,,,,,,,,,,,,,,,,,,,,,,,,,,,,,,,,,,,,,,,,,,,,,,,,,,,,,,,,,,,,,,,,,,,,,,,
17,35,maine_gun_254_x2,1.805,1.9,0.95,,,17,35,maine_gun_254_x2_a,1.805,1.9,0.95,,,17,40,maine_gun_254_x2_b,2.023,2.136,0.95,,,17,45,maine_gun_230_x2,2.636,2.762,0.95,,,17,45,ny_gun_356_x2,2.018,2.126,0.95,,,17,50,ny_gun_356_x2,2.018,2.126,0.95,,,17,40,ny_gun_210_x2,2.636,2.762,0.95,,,17,40,maine_gun_152_x2,3.714,3.908,0.95,,,17,45,iowa_gun_406_x2,0.945,0.99,0.95,,,17,50,iowa_gun_406_x2,0.945,0.99,0.95,,,17,45,iowa_gun_b_127_x2,3.4,3.58,0.95,,,17,45,atl_gun_125_x2,2.636,2.762,0.95,,,17,45,brooklyn_gun_152_x2,2.127,2.244,0.95,,,17,50,brooklyn_gun_b_152_x2,2.127,2.244,0.95,,,17,55,iowa_gun_127_x2,3.5,3.68,0.95,,,17,35,pen_gun_127_x2,4.245,4.47,0.95,,,17,45,clev_gun_127_x2,2.636,2.762,0.95,,,17,45,arizona_gun_356_x2,2.018,2.126,0.95,,,17,50,arizona_gun_356_x2,2.018,2.126,0.95,,,,,,,,,,,,,,,,,,,,,,,,,,,,,,,,,,,,,,,,,,,,,,,,,,,,,,,,,,,,,,,,,,,,,,,,,,,,,,,,,,,,,,,,,,,,,,,,,,,,,,,,,,,,,,,,,
17,35,maine_gun_254_x3,1.805,1.9,0.775,,,17,35,maine_gun_254_x3_a,1.805,1.9,0.775,,,17,40,maine_gun_254_x3_b,2.023,2.136,0.775,,,17,45,maine_gun_230_x3,2.636,2.762,0.775,,,17,45,ny_gun_356_x3,2.018,2.126,0.775,,,17,50,ny_gun_356_x3,2.018,2.126,0.775,,,17,40,ny_gun_210_x3,2.636,2.762,0.775,,,17,40,maine_gun_152_x3,3.714,3.908,0.775,,,17,45,iowa_gun_406_x3,0.945,0.99,0.775,,,17,50,iowa_gun_406_x3,0.945,0.99,0.775,,,17,45,iowa_gun_b_127_x3,3.4,3.58,0.775,,,17,45,atl_gun_125_x3,2.636,2.762,0.775,,,17,45,brooklyn_gun_152_x3,2.127,2.244,0.775,,,17,50,brooklyn_gun_b_152_x3,2.127,2.244,0.775,,,17,55,iowa_gun_127_x3,3.5,3.68,0.775,,,17,35,pen_gun_127_x3,4.245,4.47,0.775,,,17,45,clev_gun_127_x3,2.636,2.762,0.775,,,17,45,arizona_gun_356_x3,2.018,2.126,0.775,,,17,50,arizona_gun_356_x3,2.018,2.126,0.775,,,,,,,,,,,,,,,,,,,,,,,,,,,,,,,,,,,,,,,,,,,,,,,,,,,,,,,,,,,,,,,,,,,,,,,,,,,,,,,,,,,,,,,,,,,,,,,,,,,,,,,,,,,,,,,,,
,35,,,,0.71,,,,35,,,,0.71,,,,40,,,,0.71,,,,45,,,,0.71,,,17,45,ny_gun_356_x4,2.018,2.126,0.71,,,17,50,ny_gun_356_x4,2.018,2.126,0.71,,,17,40,,2.636,2.762,0.71,,,,40,,,,0.71,,,17,45,iowa_gun_406_x4,0.945,0.99,0.71,,,17,50,iowa_gun_406_x4,0.945,0.99,0.71,,,17,45,,,,0.71,,,17,45,atl_gun_125_x4,2.636,2.762,0.71,,,17,45,brooklyn_gun_152_x4,2.127,2.244,0.71,,,17,50,brooklyn_gun_b_152_x4,2.127,2.244,0.71,,,17,55,iowa_gun_127_x4,3.5,3.68,0.71,,,,35,,,,0.71,,,17,45,clev_gun_127_x4,2.636,2.762,0.71,,,17,45,arizona_gun_356_x4,2.018,2.126,0.71,,,17,50,arizona_gun_356_x4,2.018,2.126,0.71,,,,,,,,,,,,,,,,,,,,,,,,,,,,,,,,,,,,,,,,,,,,,,,,,,,,,,,,,,,,,,,,,,,,,,,,,,,,,,,,,,,,,,,,,,,,,,,,,,,,,,,,,,,,,,,,,
18,35,maine_gun_254_x1,1.91,2.005,1.23,,,18,35,maine_gun_254_x1_a,1.91,2.005,1.23,,,18,40,maine_gun_254_x1_b,2.146,2.259,1.23,,,18,45,maine_gun_230_x1,2.772,2.898,1.23,,,18,45,ny_gun_356_x1,2.136,2.244,1.23,,,18,50,ny_gun_356_x1,2.136,2.244,1.23,,,18,40,ny_gun_210_x1,2.772,2.898,1.23,,,18,40,maine_gun_152_x1,3.928,4.122,1.23,,,18,45,iowa_gun_406_x1,0.995,1.04,1.23,,,18,50,iowa_gun_406_x1,0.995,1.04,1.23,,,18,45,iowa_gun_b_127_x1,3.6,3.78,1.23,,,18,45,atl_gun_125_x1,2.772,2.898,1.23,,,18,45,brooklyn_gun_152_x1,2.254,2.371,1.23,,,18,50,brooklyn_gun_b_152_x1,2.254,2.371,1.23,,,18,55,iowa_gun_127_x1,3.7,3.88,1.23,,,18,35,pen_gun_127_x1,4.49,4.715,1.23,,,18,45,clev_gun_127_x1,2.772,2.898,1.23,,,18,45,arizona_gun_356_x1,2.136,2.244,1.23,,,18,50,arizona_gun_356_x1,2.136,2.244,1.23,,,,,,,,,,,,,,,,,,,,,,,,,,,,,,,,,,,,,,,,,,,,,,,,,,,,,,,,,,,,,,,,,,,,,,,,,,,,,,,,,,,,,,,,,,,,,,,,,,,,,,,,,,,,,,,,,
18,35,maine_gun_254_x2,1.91,2.005,0.985,,,18,35,maine_gun_254_x2_a,1.91,2.005,0.985,,,18,40,maine_gun_254_x2_b,2.146,2.259,0.985,,,18,45,maine_gun_230_x2,2.772,2.898,0.985,,,18,45,ny_gun_356_x2,2.136,2.244,0.985,,,18,50,ny_gun_356_x2,2.136,2.244,0.985,,,18,40,ny_gun_210_x2,2.772,2.898,0.985,,,18,40,maine_gun_152_x2,3.928,4.122,0.985,,,18,45,iowa_gun_406_x2,0.995,1.04,0.985,,,18,50,iowa_gun_406_x2,0.995,1.04,0.985,,,18,45,iowa_gun_b_127_x2,3.6,3.78,0.985,,,18,45,atl_gun_125_x2,2.772,2.898,0.985,,,18,45,brooklyn_gun_152_x2,2.254,2.371,0.985,,,18,50,brooklyn_gun_b_152_x2,2.254,2.371,0.985,,,18,55,iowa_gun_127_x2,3.7,3.88,0.985,,,18,35,pen_gun_127_x2,4.49,4.715,0.985,,,18,45,clev_gun_127_x2,2.772,2.898,0.985,,,18,45,arizona_gun_356_x2,2.136,2.244,0.985,,,18,50,arizona_gun_356_x2,2.136,2.244,0.985,,,,,,,,,,,,,,,,,,,,,,,,,,,,,,,,,,,,,,,,,,,,,,,,,,,,,,,,,,,,,,,,,,,,,,,,,,,,,,,,,,,,,,,,,,,,,,,,,,,,,,,,,,,,,,,,,
18,35,maine_gun_254_x3,1.91,2.005,0.81,,,18,35,maine_gun_254_x3_a,1.91,2.005,0.81,,,18,40,maine_gun_254_x3_b,2.146,2.259,0.81,,,18,45,maine_gun_230_x3,2.772,2.898,0.81,,,18,45,ny_gun_356_x3,2.136,2.244,0.81,,,18,50,ny_gun_356_x3,2.136,2.244,0.81,,,18,40,ny_gun_210_x3,2.772,2.898,0.81,,,18,40,maine_gun_152_x3,3.928,4.122,0.81,,,18,45,iowa_gun_406_x3,0.995,1.04,0.81,,,18,50,iowa_gun_406_x3,0.995,1.04,0.81,,,18,45,iowa_gun_b_127_x3,3.6,3.78,0.81,,,18,45,atl_gun_125_x3,2.772,2.898,0.81,,,18,45,brooklyn_gun_152_x3,2.254,2.371,0.81,,,18,50,brooklyn_gun_b_152_x3,2.254,2.371,0.81,,,18,55,iowa_gun_127_x3,3.7,3.88,0.81,,,18,35,pen_gun_127_x3,4.49,4.715,0.81,,,18,45,clev_gun_127_x3,2.772,2.898,0.81,,,18,45,arizona_gun_356_x3,2.136,2.244,0.81,,,18,50,arizona_gun_356_x3,2.136,2.244,0.81,,,,,,,,,,,,,,,,,,,,,,,,,,,,,,,,,,,,,,,,,,,,,,,,,,,,,,,,,,,,,,,,,,,,,,,,,,,,,,,,,,,,,,,,,,,,,,,,,,,,,,,,,,,,,,,,,
,35,,,,0.735,,,,35,,,,0.735,,,,40,,,,0.735,,,,45,,,,0.735,,,18,45,ny_gun_356_x4,2.136,2.244,0.735,,,18,50,ny_gun_356_x4,2.136,2.244,0.735,,,18,40,,2.772,2.898,0.735,,,,40,,,,0.735,,,18,45,iowa_gun_406_x4,0.995,1.04,0.735,,,18,50,iowa_gun_406_x4,0.995,1.04,0.735,,,18,45,,,,0.735,,,18,45,atl_gun_125_x4,2.772,2.898,0.735,,,18,45,brooklyn_gun_152_x4,2.254,2.371,0.735,,,18,50,brooklyn_gun_b_152_x4,2.254,2.371,0.735,,,18,55,iowa_gun_127_x4,3.7,3.88,0.735,,,,35,,,,0.735,,,18,45,clev_gun_127_x4,2.772,2.898,0.735,,,18,45,arizona_gun_356_x4,2.136,2.244,0.735,,,18,50,arizona_gun_356_x4,2.136,2.244,0.735,,,,,,,,,,,,,,,,,,,,,,,,,,,,,,,,,,,,,,,,,,,,,,,,,,,,,,,,,,,,,,,,,,,,,,,,,,,,,,,,,,,,,,,,,,,,,,,,,,,,,,,,,,,,,,,,,
19,35,maine_gun_254_x1,2.015,2.11,1.16,,,19,35,maine_gun_254_x1_a,2.015,2.11,1.16,,,19,40,maine_gun_254_x1_b,2.269,2.382,1.16,,,19,45,maine_gun_230_x1,2.908,3.034,1.16,,,19,45,ny_gun_356_x1,2.254,2.362,1.16,,,19,50,ny_gun_356_x1,2.254,2.362,1.16,,,19,40,ny_gun_210_x1,2.908,3.034,1.16,,,19,40,maine_gun_152_x1,4.142,4.336,1.16,,,19,45,iowa_gun_406_x1,1.045,1.09,1.16,,,19,50,iowa_gun_406_x1,1.045,1.09,1.16,,,19,45,iowa_gun_b_127_x1,3.8,3.98,1.16,,,19,45,atl_gun_125_x1,2.908,3.034,1.16,,,19,45,brooklyn_gun_152_x1,2.381,2.498,1.16,,,19,50,brooklyn_gun_b_152_x1,2.381,2.498,1.16,,,19,55,iowa_gun_127_x1,3.9,4.08,1.16,,,19,35,pen_gun_127_x1,4.735,4.96,1.16,,,19,45,clev_gun_127_x1,2.908,3.034,1.16,,,19,45,arizona_gun_356_x1,2.254,2.362,1.16,,,19,50,arizona_gun_356_x1,2.254,2.362,1.16,,,,,,,,,,,,,,,,,,,,,,,,,,,,,,,,,,,,,,,,,,,,,,,,,,,,,,,,,,,,,,,,,,,,,,,,,,,,,,,,,,,,,,,,,,,,,,,,,,,,,,,,,,,,,,,,,
19,35,maine_gun_254_x2,2.015,2.11,0.95,,,19,35,maine_gun_254_x2_a,2.015,2.11,0.95,,,19,40,maine_gun_254_x2_b,2.269,2.382,0.95,,,19,45,maine_gun_230_x2,2.908,3.034,0.95,,,19,45,ny_gun_356_x2,2.254,2.362,0.95,,,19,50,ny_gun_356_x2,2.254,2.362,0.95,,,19,40,ny_gun_210_x2,2.908,3.034,0.95,,,19,40,maine_gun_152_x2,4.142,4.336,0.95,,,19,45,iowa_gun_406_x2,1.045,1.09,0.95,,,19,50,iowa_gun_406_x2,1.045,1.09,0.95,,,19,45,iowa_gun_b_127_x2,3.8,3.98,0.95,,,19,45,atl_gun_125_x2,2.908,3.034,0.95,,,19,45,brooklyn_gun_152_x2,2.381,2.498,0.95,,,19,50,brooklyn_gun_b_152_x2,2.381,2.498,0.95,,,19,55,iowa_gun_127_x2,3.9,4.08,0.95,,,19,35,pen_gun_127_x2,4.735,4.96,0.95,,,19,45,clev_gun_127_x2,2.908,3.034,0.95,,,19,45,arizona_gun_356_x2,2.254,2.362,0.95,,,19,50,arizona_gun_356_x2,2.254,2.362,0.95,,,,,,,,,,,,,,,,,,,,,,,,,,,,,,,,,,,,,,,,,,,,,,,,,,,,,,,,,,,,,,,,,,,,,,,,,,,,,,,,,,,,,,,,,,,,,,,,,,,,,,,,,,,,,,,,,
19,35,maine_gun_254_x3,2.015,2.11,0.78,,,19,35,maine_gun_254_x3_a,2.015,2.11,0.78,,,19,40,maine_gun_254_x3_b,2.269,2.382,0.78,,,19,45,maine_gun_230_x3,2.908,3.034,0.78,,,19,45,ny_gun_356_x3,2.254,2.362,0.78,,,19,50,ny_gun_356_x3,2.254,2.362,0.78,,,19,40,ny_gun_210_x3,2.908,3.034,0.78,,,19,40,maine_gun_152_x3,4.142,4.336,0.78,,,19,45,iowa_gun_406_x3,1.045,1.09,0.78,,,19,50,iowa_gun_406_x3,1.045,1.09,0.78,,,19,45,iowa_gun_b_127_x3,3.8,3.98,0.78,,,19,45,atl_gun_125_x3,2.908,3.034,0.78,,,19,45,brooklyn_gun_152_x3,2.381,2.498,0.78,,,19,50,brooklyn_gun_b_152_x3,2.381,2.498,0.78,,,19,55,iowa_gun_127_x3,3.9,4.08,0.78,,,19,35,pen_gun_127_x3,4.735,4.96,0.78,,,19,45,clev_gun_127_x3,2.908,3.034,0.78,,,19,45,arizona_gun_356_x3,2.254,2.362,0.78,,,19,50,arizona_gun_356_x3,2.254,2.362,0.78,,,,,,,,,,,,,,,,,,,,,,,,,,,,,,,,,,,,,,,,,,,,,,,,,,,,,,,,,,,,,,,,,,,,,,,,,,,,,,,,,,,,,,,,,,,,,,,,,,,,,,,,,,,,,,,,,
,35,,,,0.725,,,,35,,,,0.725,,,,40,,,,0.725,,,,45,,,,0.725,,,19,45,ny_gun_356_x4,2.254,2.362,0.725,,,19,50,ny_gun_356_x4,2.254,2.362,0.725,,,19,40,,2.908,3.034,0.725,,,,40,,,,0.725,,,19,45,iowa_gun_406_x4,1.045,1.09,0.725,,,19,50,iowa_gun_406_x4,1.045,1.09,0.725,,,19,45,,,,0.725,,,19,45,atl_gun_125_x4,2.908,3.034,0.725,,,19,45,brooklyn_gun_152_x4,2.381,2.498,0.725,,,19,50,brooklyn_gun_b_152_x4,2.381,2.498,0.725,,,19,55,iowa_gun_127_x4,3.9,4.08,0.725,,,,35,,,,0.725,,,19,45,clev_gun_127_x4,2.908,3.034,0.725,,,19,45,arizona_gun_356_x4,2.254,2.362,0.725,,,19,50,arizona_gun_356_x4,2.254,2.362,0.725,,,,,,,,,,,,,,,,,,,,,,,,,,,,,,,,,,,,,,,,,,,,,,,,,,,,,,,,,,,,,,,,,,,,,,,,,,,,,,,,,,,,,,,,,,,,,,,,,,,,,,,,,,,,,,,,,
20,35,maine_gun_254_x1,2.12,2.215,1.05,,,20,35,maine_gun_254_x1_a,2.12,2.215,1.05,,,20,40,maine_gun_254_x1_b,2.392,2.505,1.05,,,20,45,maine_gun_230_x1,3.044,3.18,1.05,,,20,45,ny_gun_356_x1,2.372,2.48,1.05,,,20,50,ny_gun_356_x1,2.372,2.48,1.05,,,20,40,ny_gun_210_x1,3.044,3.18,1.05,,,20,40,maine_gun_152_x1,4.356,4.55,1.05,,,20,45,iowa_gun_406_x1,1.095,1.14,1.05,,,20,50,iowa_gun_406_x1,1.095,1.14,1.05,,,20,45,iowa_gun_b_127_x1,4,4.18,1.05,,,20,45,atl_gun_125_x1,3.044,3.18,1.05,,,20,45,brooklyn_gun_152_x1,2.508,2.625,1.05,,,20,50,brooklyn_gun_b_152_x1,2.508,2.625,1.05,,,20,55,iowa_gun_127_x1,4.1,4.28,1.05,,,20,35,pen_gun_127_x1,4.98,5.205,1.05,,,20,45,clev_gun_127_x1,3.044,3.18,1.05,,,20,45,arizona_gun_356_x1,2.372,2.48,1.05,,,20,50,arizona_gun_356_x1,2.372,2.48,1.05,,,,,,,,,,,,,,,,,,,,,,,,,,,,,,,,,,,,,,,,,,,,,,,,,,,,,,,,,,,,,,,,,,,,,,,,,,,,,,,,,,,,,,,,,,,,,,,,,,,,,,,,,,,,,,,,,
20,35,maine_gun_254_x2,2.12,2.215,0.85,,,20,35,maine_gun_254_x2_a,2.12,2.215,0.85,,,20,40,maine_gun_254_x2_b,2.392,2.505,0.85,,,20,45,maine_gun_230_x2,3.044,3.18,0.85,,,20,45,ny_gun_356_x2,2.372,2.48,0.85,,,20,50,ny_gun_356_x2,2.372,2.48,0.85,,,20,40,ny_gun_210_x2,3.044,3.18,0.85,,,20,40,maine_gun_152_x2,4.356,4.55,0.85,,,20,45,iowa_gun_406_x2,1.095,1.14,0.85,,,20,50,iowa_gun_406_x2,1.095,1.14,0.85,,,20,45,iowa_gun_b_127_x2,4,4.18,0.85,,,20,45,atl_gun_125_x2,3.044,3.18,0.85,,,20,45,brooklyn_gun_152_x2,2.508,2.625,0.85,,,20,50,brooklyn_gun_b_152_x2,2.508,2.625,0.85,,,20,55,iowa_gun_127_x2,4.1,4.28,0.85,,,20,35,pen_gun_127_x2,4.98,5.205,0.85,,,20,45,clev_gun_127_x2,3.044,3.18,0.85,,,20,45,arizona_gun_356_x2,2.372,2.48,0.85,,,20,50,arizona_gun_356_x2,2.372,2.48,0.85,,,,,,,,,,,,,,,,,,,,,,,,,,,,,,,,,,,,,,,,,,,,,,,,,,,,,,,,,,,,,,,,,,,,,,,,,,,,,,,,,,,,,,,,,,,,,,,,,,,,,,,,,,,,,,,,,
20,35,maine_gun_254_x3,2.12,2.215,0.7,,,20,35,maine_gun_254_x3_a,2.12,2.215,0.7,,,20,40,maine_gun_254_x3_b,2.392,2.505,0.7,,,20,45,maine_gun_230_x3,3.044,3.18,0.7,,,20,45,ny_gun_356_x3,2.372,2.48,0.7,,,20,50,ny_gun_356_x3,2.372,2.48,0.7,,,20,40,ny_gun_210_x3,3.044,3.18,0.7,,,20,40,maine_gun_152_x3,4.356,4.55,0.7,,,20,45,iowa_gun_406_x3,1.095,1.14,0.7,,,20,50,iowa_gun_406_x3,1.095,1.14,0.7,,,20,45,iowa_gun_b_127_x3,4,4.18,0.7,,,20,45,atl_gun_125_x3,3.044,3.18,0.7,,,20,45,brooklyn_gun_152_x3,2.508,2.625,0.7,,,20,50,brooklyn_gun_b_152_x3,2.508,2.625,0.7,,,20,55,iowa_gun_127_x3,4.1,4.28,0.7,,,20,35,pen_gun_127_x3,4.98,5.205,0.7,,,20,45,clev_gun_127_x3,3.044,3.18,0.7,,,20,45,arizona_gun_356_x3,2.372,2.48,0.7,,,20,50,arizona_gun_356_x3,2.372,2.48,0.7,,,,,,,,,,,,,,,,,,,,,,,,,,,,,,,,,,,,,,,,,,,,,,,,,,,,,,,,,,,,,,,,,,,,,,,,,,,,,,,,,,,,,,,,,,,,,,,,,,,,,,,,,,,,,,,,,
,35,,,,0.65,,,,35,,,,0.65,,,,40,,,,0.65,,,,45,,,,0.65,,,20,45,ny_gun_356_x4,2.372,2.48,0.65,,,20,50,ny_gun_356_x4,2.372,2.48,0.65,,,20,40,,3.044,3.18,0.65,,,,40,,,,0.65,,,20,45,iowa_gun_406_x4,1.095,1.14,0.65,,,20,50,iowa_gun_406_x4,1.095,1.14,0.65,,,20,45,,,,0.65,,,20,45,atl_gun_125_x4,3.044,3.18,0.65,,,20,45,brooklyn_gun_152_x4,2.508,2.625,0.65,,,20,50,brooklyn_gun_b_152_x4,2.508,2.625,0.65,,,20,55,iowa_gun_127_x4,4.1,4.28,0.65,,,,35,,,,0.65,,,20,45,clev_gun_127_x4,3.044,3.18,0.65,,,20,45,arizona_gun_356_x4,2.372,2.48,0.65,,,20,50,arizona_gun_356_x4,2.372,2.48,0.65,,,,,,,,,,,,,,,,,,,,,,,,,,,,,,,,,,,,,,,,,,,,,,,,,,,,,,,,,,,,,,,,,,,,,,,,,,,,,,,,,,,,,,,,,,,,,,,,,,,,,,,,,,,,,,,,,
,,BRITISH,,,,,,,,,,,,,,,,,,,,,,,,,,,,,,,,,,,,,,,,,,,,,,,,,,,,,,,,,,,,,,,,,,,,,,,,,,,,,,,,,,,,,,,,,,,,,,,,,,,,,,,,,,,,,,,,,,,,,,,,,,,,,,,,,,,,,,,,,,,,,,,,,,,,,,,,,,,,,,,,,,,,,,,,,,,,,,,,,,,,,,,,,,,,,,,,,,,,,,,,,,,,,,,,,,,,,,,,,,,,,,,,,,,,,,,,,,,,,,,,,,,,,,,,,,,,,,,,,,,,
2,50,kgeorge_gun_133_x1,0.248,0.356,0.92,,,2,50,british_adv_cruiser_152_gun_x1,0.274,0.373,0.92,,,2,45,kgeorge_gun_380_x1,0.1452,0.2084,0.92,,,2,50,kgeorge_gun_380_x1,0.1452,0.2084,0.92,,,2,45,kgeorge_gun_a_380_x1,0.1452,0.2084,0.92,,,2,50,kgeorge_gun_a_380_x1,0.1452,0.2084,0.92,,,2,45,kgeorge_gun_380_x1_b,0.1452,0.2084,0.92,,,2,50,kgeorge_gun_380_x1_b,0.1452,0.2084,0.92,,,2,45,kgeorge_gun_380_x1_c,0.1452,0.2084,0.92,,,2,50,kgeorge_gun_380_x1_c,0.1452,0.2084,0.92,,,2,45,dreadnought_gun_305_x1,0.226,0.307,0.92,,,2,50,dreadnought_gun_305_x1,0.226,0.307,0.92,,,2,45,dreadnought_gun_b_305_x1,0.226,0.307,0.92,,,2,50,dreadnought_gun_b_305_x1,0.226,0.307,0.92,,,2,45,dreadnought_gun_c_305_x1,0.226,0.307,0.92,,,2,50,dreadnought_gun_c_305_x1,0.226,0.307,0.92,,,2,45,dreadnought_gun_178_x1,0.596,0.722,0.92,,,2,50,dreadnought_gun_178_x1,0.596,0.722,0.92,,,2,50,warrior_gun_228_x1,0.274,0.374,0.92,,,2,45,agamemnon_gun_228_x1,0.2822,0.3949,0.92,,,2,45,agamemnon_gun_b_228_x1,0.596,0.722,0.92,,,2,45,agamemnon_gun_305_x1,0.226,0.307,0.92,,,2,45,irresistible_gun_305_x1,0.226,0.307,0.92,,,2,45,hood_gun_380_x1,0.226,0.307,0.92,,,2,50,hood_gun_380_x1,0.226,0.307,0.92,,,2,45,didox_gun_cal133_x1,0.596,0.722,0.92,,,2,50,dido_gun_cal133_x1,0.596,0.722,0.92,,,2,45,dido_gun_cal200_x1,0.224,0.323,0.92,,,2,50,hood_gun_140_x1,0.596,0.722,0.92,,,2,45,nelson_gun_152_x1,0.337,0.4715,0.92,,,2,50,nelson_gun_152_x1,0.337,0.4715,0.92,,,2,45,nelson_gun_406_x1,0.1452,0.2084,0.92,,,2,50,nelson_gun_406_x1,0.1452,0.2084,0.92,
2,50,kgeorge_gun_133_x2,0.248,0.356,0.7,,,2,50,british_adv_cruiser_152_gun_x2,0.274,0.373,0.7,,,2,45,kgeorge_gun_380_x2,0.1452,0.2084,0.7,,,2,50,kgeorge_gun_380_x2,0.1452,0.2084,0.7,,,2,45,kgeorge_gun_a_380_x2,0.1452,0.2084,0.7,,,2,50,kgeorge_gun_a_380_x2,0.1452,0.2084,0.7,,,2,45,kgeorge_gun_380_x2_b,0.1452,0.2084,0.7,,,2,50,kgeorge_gun_380_x2_b,0.1452,0.2084,0.7,,,2,45,kgeorge_gun_380_x2_c,0.1452,0.2084,0.7,,,2,50,kgeorge_gun_380_x2_c,0.1452,0.2084,0.7,,,2,45,dreadnought_gun_305_x2,0.226,0.307,0.7,,,2,50,dreadnought_gun_305_x2,0.226,0.307,0.7,,,2,45,dreadnought_gun_b_305_x2,0.226,0.307,0.7,,,2,50,dreadnought_gun_b_305_x2,0.226,0.307,0.7,,,2,45,dreadnought_gun_c_305_x2,0.226,0.307,0.7,,,2,50,dreadnought_gun_c_305_x2,0.226,0.307,0.7,,,2,45,dreadnought_gun_178_x2,0.596,0.722,0.7,,,2,50,dreadnought_gun_178_x2,0.596,0.722,0.7,,,2,50,warrior_gun_228_x2,0.274,0.374,0.7,,,2,45,agamemnon_gun_228_x2,0.2822,0.3949,0.7,,,2,45,agamemnon_gun_b_228_x2,0.596,0.722,0.7,,,2,45,agamemnon_gun_305_x2,0.226,0.307,0.7,,,2,45,irresistible_gun_305_x2,0.226,0.307,0.7,,,2,45,hood_gun_380_x2,0.226,0.307,0.7,,,2,50,hood_gun_380_x2,0.226,0.307,0.7,,,2,45,didox_gun_cal133_x2,0.596,0.722,0.7,,,2,50,dido_gun_cal133_x2,0.596,0.722,0.7,,,2,45,dido_gun_cal200_x2,0.224,0.323,0.7,,,2,50,hood_gun_140_x2,0.596,0.722,0.7,,,2,45,nelson_gun_152_x2,0.337,0.4715,0.7,,,2,50,nelson_gun_152_x2,0.337,0.4715,0.7,,,2,45,nelson_gun_406_x2,0.1452,0.2084,0.7,,,2,50,nelson_gun_406_x2,0.1452,0.2084,0.7,
2,50,kgeorge_gun_133_x3,0.248,0.356,0.55,,,2,50,british_adv_cruiser_152_gun_x3,0.274,0.373,0.55,,,2,45,kgeorge_gun_380_x3,0.1452,0.2084,0.55,,,2,50,kgeorge_gun_380_x3,0.1452,0.2084,0.55,,,2,45,kgeorge_gun_a_380_x3,0.1452,0.2084,0.55,,,2,50,kgeorge_gun_a_380_x3,0.1452,0.2084,0.55,,,2,45,kgeorge_gun_380_x3_b,0.1452,0.2084,0.55,,,2,50,kgeorge_gun_380_x3_b,0.1452,0.2084,0.55,,,2,45,kgeorge_gun_380_x3_c,0.1452,0.2084,0.55,,,2,50,kgeorge_gun_380_x3_c,0.1452,0.2084,0.55,,,2,45,dreadnought_gun_305_x3,0.226,0.307,0.55,,,2,50,dreadnought_gun_305_x3,0.226,0.307,0.55,,,2,45,dreadnought_gun_b_305_x3,0.226,0.307,0.55,,,2,50,dreadnought_gun_b_305_x3,0.226,0.307,0.55,,,2,45,dreadnought_gun_c_305_x3,0.226,0.307,0.55,,,2,50,dreadnought_gun_c_305_x3,0.226,0.307,0.55,,,2,45,dreadnought_gun_178_x3,0.596,0.722,0.55,,,2,50,dreadnought_gun_178_x3,0.596,0.722,0.55,,,2,50,warrior_gun_228_x3,0.274,0.374,0.55,,,2,45,agamemnon_gun_228_x3,0.2822,0.3949,0.55,,,2,45,agamemnon_gun_b_228_x3,0.596,0.722,0.55,,,2,45,agamemnon_gun_305_x3,0.226,0.307,0.55,,,2,45,irresistible_gun_305_x3,0.226,0.307,0.55,,,2,45,hood_gun_380_x3,0.226,0.307,0.55,,,2,50,hood_gun_380_x3,0.226,0.307,0.55,,,2,45,didox_gun_cal133_x3,0.596,0.722,0.55,,,2,50,dido_gun_cal133_x3,0.596,0.722,0.55,,,2,45,dido_gun_cal200_x3,0.224,0.323,0.55,,,2,50,hood_gun_140_x3,0.596,0.722,0.55,,,2,45,nelson_gun_152_x3,0.337,0.4715,0.55,,,2,50,nelson_gun_152_x3,0.337,0.4715,0.55,,,2,45,nelson_gun_406_x3,0.1452,0.2084,0.55,,,2,50,nelson_gun_406_x3,0.1452,0.2084,0.55,
,50,,0.248,0.356,0.5,,,2,50,british_adv_cruiser_152_gun_x4,0.274,0.373,0.5,,,2,45,kgeorge_gun_380_x4,0.1452,0.2084,0.5,,,2,50,kgeorge_gun_380_x4,0.1452,0.2084,0.5,,,2,45,kgeorge_gun_a_380_x4,0.1452,0.2084,0.5,,,2,50,kgeorge_gun_a_380_x4,0.1452,0.2084,0.5,,,2,45,kgeorge_gun_380_x4_b,0.1452,0.2084,0.5,,,2,50,kgeorge_gun_380_x4_b,0.1452,0.2084,0.5,,,2,45,kgeorge_gun_380_x4_c,0.1452,0.2084,0.5,,,2,50,kgeorge_gun_380_x4_c,0.1452,0.2084,0.5,,,2,45,dreadnought_gun_305_x4,0.226,0.307,0.5,,,2,50,dreadnought_gun_305_x4,0.226,0.307,0.5,,,2,45,dreadnought_gun_b_305_x4,0.226,0.307,0.5,,,2,50,dreadnought_gun_b_305_x4,0.226,0.307,0.5,,,2,45,dreadnought_gun_c_305_x4,0.226,0.307,0.5,,,2,50,dreadnought_gun_c_305_x4,0.226,0.307,0.5,,,2,45,dreadnought_gun_178_x4,0.596,0.722,0.5,,,2,50,dreadnought_gun_178_x4,0.596,0.722,0.5,,,2,50,warrior_gun_228_x4,0.274,0.374,0.5,,,2,45,agamemnon_gun_228_x4,0.2822,0.3949,0.5,,,2,45,agamemnon_gun_b_228_x4,0.596,0.722,0.5,,,2,45,agamemnon_gun_305_x4,0.226,0.307,0.5,,,2,45,irresistible_gun_305_x4,0.226,0.307,0.5,,,2,45,hood_gun_380_x4,0.226,0.307,0.5,,,2,50,hood_gun_380_x4,0.226,0.307,0.5,,,2,45,didox_gun_cal133_x4,0.596,0.722,0.5,,,2,50,dido_gun_cal133_x3,0.596,0.722,0.5,,,2,45,dido_gun_cal200_x3,0.224,0.323,0.5,,,,50,,0.596,0.722,0.5,,,2,45,nelson_gun_152_x4,0.337,0.4715,0.5,,,2,50,nelson_gun_152_x4,0.337,0.4715,0.5,,,2,45,nelson_gun_406_x4,0.1452,0.2084,0.5,,,2,50,nelson_gun_406_x4,0.1452,0.2084,0.5,
3,50,kgeorge_gun_133_x1,0.366,0.474,1.45,,,3,50,british_adv_cruiser_152_gun_x1,0.383,0.482,1.45,,,3,45,kgeorge_gun_380_x1,0.2134,0.2766,1.45,,,3,50,kgeorge_gun_380_x1,0.2134,0.2766,1.45,,,3,45,kgeorge_gun_a_380_x1,0.2134,0.2766,1.45,,,3,50,kgeorge_gun_a_380_x1,0.2134,0.2766,1.45,,,3,45,kgeorge_gun_380_x1_b,0.2134,0.2766,1.45,,,3,50,kgeorge_gun_380_x1_b,0.2134,0.2766,1.45,,,3,45,kgeorge_gun_380_x1_c,0.2134,0.2766,1.45,,,3,50,kgeorge_gun_380_x1_c,0.2134,0.2766,1.45,,,3,45,dreadnought_gun_305_x1,0.317,0.398,1.45,,,3,50,dreadnought_gun_305_x1,0.317,0.398,1.45,,,3,45,dreadnought_gun_b_305_x1,0.317,0.398,1.45,,,3,50,dreadnought_gun_b_305_x1,0.317,0.398,1.45,,,3,45,dreadnought_gun_c_305_x1,0.317,0.398,1.45,,,3,50,dreadnought_gun_c_305_x1,0.317,0.398,1.45,,,3,45,dreadnought_gun_178_x1,0.732,0.858,1.45,,,3,50,dreadnought_gun_178_x1,0.732,0.858,1.45,,,3,50,warrior_gun_228_x1,0.383,0.483,1.45,,,3,45,agamemnon_gun_228_x1,0.4049,0.5176,1.45,,,3,45,agamemnon_gun_b_228_x1,0.732,0.858,1.45,,,3,45,agamemnon_gun_305_x1,0.317,0.398,1.45,,,3,45,irresistible_gun_305_x1,0.317,0.398,1.45,,,3,45,hood_gun_380_x1,0.317,0.398,1.45,,,3,50,hood_gun_380_x1,0.317,0.398,1.45,,,3,45,didox_gun_cal133_x1,0.732,0.858,1.45,,,3,50,dido_gun_cal133_x1,0.732,0.858,1.45,,,3,45,dido_gun_cal200_x1,0.333,0.432,1.45,,,3,50,hood_gun_140_x1,0.732,0.858,1.45,,,3,45,nelson_gun_152_x1,0.4915,0.626,1.45,,,3,50,nelson_gun_152_x1,0.4915,0.626,1.45,,,3,45,nelson_gun_406_x1,0.2134,0.2766,1.45,,,3,50,nelson_gun_406_x1,0.2134,0.2766,1.45,
3,50,kgeorge_gun_133_x2,0.366,0.474,1.08,,,3,50,british_adv_cruiser_152_gun_x2,0.383,0.482,1.08,,,3,45,kgeorge_gun_380_x2,0.2134,0.2766,1.08,,,3,50,kgeorge_gun_380_x2,0.2134,0.2766,1.08,,,3,45,kgeorge_gun_a_380_x2,0.2134,0.2766,1.08,,,3,50,kgeorge_gun_a_380_x2,0.2134,0.2766,1.08,,,3,45,kgeorge_gun_380_x2_b,0.2134,0.2766,1.08,,,3,50,kgeorge_gun_380_x2_b,0.2134,0.2766,1.08,,,3,45,kgeorge_gun_380_x2_c,0.2134,0.2766,1.08,,,3,50,kgeorge_gun_380_x2_c,0.2134,0.2766,1.08,,,3,45,dreadnought_gun_305_x2,0.317,0.398,1.08,,,3,50,dreadnought_gun_305_x2,0.317,0.398,1.08,,,3,45,dreadnought_gun_b_305_x2,0.317,0.398,1.08,,,3,50,dreadnought_gun_b_305_x2,0.317,0.398,1.08,,,3,45,dreadnought_gun_c_305_x2,0.317,0.398,1.08,,,3,50,dreadnought_gun_c_305_x2,0.317,0.398,1.08,,,3,45,dreadnought_gun_178_x2,0.732,0.858,1.08,,,3,50,dreadnought_gun_178_x2,0.732,0.858,1.08,,,3,50,warrior_gun_228_x2,0.383,0.483,1.08,,,3,45,agamemnon_gun_228_x2,0.4049,0.5176,1.08,,,3,45,agamemnon_gun_b_228_x2,0.732,0.858,1.08,,,3,45,agamemnon_gun_305_x2,0.317,0.398,1.08,,,3,45,irresistible_gun_305_x2,0.317,0.398,1.08,,,3,45,hood_gun_380_x2,0.317,0.398,1.08,,,3,50,hood_gun_380_x2,0.317,0.398,1.08,,,3,45,didox_gun_cal133_x2,0.732,0.858,1.08,,,3,50,dido_gun_cal133_x2,0.732,0.858,1.08,,,3,45,dido_gun_cal200_x2,0.333,0.432,1.08,,,3,50,hood_gun_140_x2,0.732,0.858,1.08,,,3,45,nelson_gun_152_x2,0.4915,0.626,1.08,,,3,50,nelson_gun_152_x2,0.4915,0.626,1.08,,,3,45,nelson_gun_406_x2,0.2134,0.2766,1.08,,,3,50,nelson_gun_406_x2,0.2134,0.2766,1.08,
3,50,kgeorge_gun_133_x3,0.366,0.474,0.83,,,3,50,british_adv_cruiser_152_gun_x3,0.383,0.482,0.83,,,3,45,kgeorge_gun_380_x3,0.2134,0.2766,0.83,,,3,50,kgeorge_gun_380_x3,0.2134,0.2766,0.83,,,3,45,kgeorge_gun_a_380_x3,0.2134,0.2766,0.83,,,3,50,kgeorge_gun_a_380_x3,0.2134,0.2766,0.83,,,3,45,kgeorge_gun_380_x3_b,0.2134,0.2766,0.83,,,3,50,kgeorge_gun_380_x3_b,0.2134,0.2766,0.83,,,3,45,kgeorge_gun_380_x3_c,0.2134,0.2766,0.83,,,3,50,kgeorge_gun_380_x3_c,0.2134,0.2766,0.83,,,3,45,dreadnought_gun_305_x3,0.317,0.398,0.83,,,3,50,dreadnought_gun_305_x3,0.317,0.398,0.83,,,3,45,dreadnought_gun_b_305_x3,0.317,0.398,0.83,,,3,50,dreadnought_gun_b_305_x3,0.317,0.398,0.83,,,3,45,dreadnought_gun_c_305_x3,0.317,0.398,0.83,,,3,50,dreadnought_gun_c_305_x3,0.317,0.398,0.83,,,3,45,dreadnought_gun_178_x3,0.732,0.858,0.83,,,3,50,dreadnought_gun_178_x3,0.732,0.858,0.83,,,3,50,warrior_gun_228_x3,0.383,0.483,0.83,,,3,45,agamemnon_gun_228_x3,0.4049,0.5176,0.83,,,3,45,agamemnon_gun_b_228_x3,0.732,0.858,0.83,,,3,45,agamemnon_gun_305_x3,0.317,0.398,0.83,,,3,45,irresistible_gun_305_x3,0.317,0.398,0.83,,,3,45,hood_gun_380_x3,0.317,0.398,0.83,,,3,50,hood_gun_380_x3,0.317,0.398,0.83,,,3,45,didox_gun_cal133_x3,0.732,0.858,0.83,,,3,50,dido_gun_cal133_x3,0.732,0.858,0.83,,,3,45,dido_gun_cal200_x3,0.333,0.432,0.83,,,3,50,hood_gun_140_x3,0.732,0.858,0.83,,,3,45,nelson_gun_152_x3,0.4915,0.626,0.83,,,3,50,nelson_gun_152_x3,0.4915,0.626,0.83,,,3,45,nelson_gun_406_x3,0.2134,0.2766,0.83,,,3,50,nelson_gun_406_x3,0.2134,0.2766,0.83,
,50,,0.366,0.474,0.74,,,3,50,british_adv_cruiser_152_gun_x4,0.383,0.482,0.74,,,3,45,kgeorge_gun_380_x4,0.2134,0.2766,0.74,,,3,50,kgeorge_gun_380_x4,0.2134,0.2766,0.74,,,3,45,kgeorge_gun_a_380_x4,0.2134,0.2766,0.74,,,3,50,kgeorge_gun_a_380_x4,0.2134,0.2766,0.74,,,3,45,kgeorge_gun_380_x4_b,0.2134,0.2766,0.74,,,3,50,kgeorge_gun_380_x4_b,0.2134,0.2766,0.74,,,3,45,kgeorge_gun_380_x4_c,0.2134,0.2766,0.74,,,3,50,kgeorge_gun_380_x4_c,0.2134,0.2766,0.74,,,3,45,dreadnought_gun_305_x4,0.317,0.398,0.74,,,3,50,dreadnought_gun_305_x4,0.317,0.398,0.74,,,3,45,dreadnought_gun_b_305_x4,0.317,0.398,0.74,,,3,50,dreadnought_gun_b_305_x4,0.317,0.398,0.74,,,3,45,dreadnought_gun_c_305_x4,0.317,0.398,0.74,,,3,50,dreadnought_gun_c_305_x4,0.317,0.398,0.74,,,3,45,dreadnought_gun_178_x4,0.732,0.858,0.74,,,3,50,dreadnought_gun_178_x4,0.732,0.858,0.74,,,3,50,warrior_gun_228_x4,0.383,0.483,0.74,,,3,45,agamemnon_gun_228_x4,0.4049,0.5176,0.74,,,3,45,agamemnon_gun_b_228_x4,0.732,0.858,0.74,,,3,45,agamemnon_gun_305_x4,0.317,0.398,0.74,,,3,45,irresistible_gun_305_x4,0.317,0.398,0.74,,,3,45,hood_gun_380_x4,0.317,0.398,0.74,,,3,50,hood_gun_380_x4,0.317,0.398,0.74,,,3,45,didox_gun_cal133_x4,0.732,0.858,0.74,,,3,50,dido_gun_cal133_x3,0.732,0.858,0.74,,,3,45,dido_gun_cal200_x3,0.333,0.432,0.74,,,,50,,0.732,0.858,0.74,,,3,45,nelson_gun_152_x4,0.4915,0.626,0.74,,,3,50,nelson_gun_152_x4,0.4915,0.626,0.74,,,3,45,nelson_gun_406_x4,0.2134,0.2766,0.74,,,3,50,nelson_gun_406_x4,0.2134,0.2766,0.74,
4,50,kgeorge_gun_133_x1,0.484,0.592,1.7,,,4,50,british_adv_cruiser_152_gun_x1,0.492,0.591,1.7,,,4,45,kgeorge_gun_380_x1,0.2816,0.3448,1.7,,,4,50,kgeorge_gun_380_x1,0.2816,0.3448,1.7,,,4,45,kgeorge_gun_a_380_x1,0.2816,0.3448,1.7,,,4,50,kgeorge_gun_a_380_x1,0.2816,0.3448,1.7,,,4,45,kgeorge_gun_380_x1_b,0.2816,0.3448,1.7,,,4,50,kgeorge_gun_380_x1_b,0.2816,0.3448,1.7,,,4,45,kgeorge_gun_380_x1_c,0.2816,0.3448,1.7,,,4,50,kgeorge_gun_380_x1_c,0.2816,0.3448,1.7,,,4,45,dreadnought_gun_305_x1,0.408,0.489,1.7,,,4,50,dreadnought_gun_305_x1,0.408,0.489,1.7,,,4,45,dreadnought_gun_b_305_x1,0.408,0.489,1.7,,,4,50,dreadnought_gun_b_305_x1,0.408,0.489,1.7,,,4,45,dreadnought_gun_c_305_x1,0.408,0.489,1.7,,,4,50,dreadnought_gun_c_305_x1,0.408,0.489,1.7,,,4,45,dreadnought_gun_178_x1,0.868,0.994,1.7,,,4,50,dreadnought_gun_178_x1,0.868,0.994,1.7,,,4,50,warrior_gun_228_x1,0.492,0.592,1.7,,,4,45,agamemnon_gun_228_x1,0.5276,0.6403,1.7,,,4,45,agamemnon_gun_b_228_x1,0.868,0.994,1.7,,,4,45,agamemnon_gun_305_x1,0.408,0.489,1.7,,,4,45,irresistible_gun_305_x1,0.408,0.489,1.7,,,4,45,hood_gun_380_x1,0.408,0.489,1.7,,,4,50,hood_gun_380_x1,0.408,0.489,1.7,,,4,45,didox_gun_cal133_x1,0.868,0.994,1.7,,,4,50,dido_gun_cal133_x1,0.868,0.994,1.7,,,4,45,dido_gun_cal200_x1,0.442,0.541,1.7,,,4,50,hood_gun_140_x1,0.868,0.994,1.7,,,4,45,nelson_gun_152_x1,0.646,0.7805,1.7,,,4,50,nelson_gun_152_x1,0.646,0.7805,1.7,,,4,45,nelson_gun_406_x1,0.2816,0.3448,1.7,,,4,50,nelson_gun_406_x1,0.2816,0.3448,1.7,
4,50,kgeorge_gun_133_x2,0.484,0.592,1.28,,,4,50,british_adv_cruiser_152_gun_x2,0.492,0.591,1.28,,,4,45,kgeorge_gun_380_x2,0.2816,0.3448,1.28,,,4,50,kgeorge_gun_380_x2,0.2816,0.3448,1.28,,,4,45,kgeorge_gun_a_380_x2,0.2816,0.3448,1.28,,,4,50,kgeorge_gun_a_380_x2,0.2816,0.3448,1.28,,,4,45,kgeorge_gun_380_x2_b,0.2816,0.3448,1.28,,,4,50,kgeorge_gun_380_x2_b,0.2816,0.3448,1.28,,,4,45,kgeorge_gun_380_x2_c,0.2816,0.3448,1.28,,,4,50,kgeorge_gun_380_x2_c,0.2816,0.3448,1.28,,,4,45,dreadnought_gun_305_x2,0.408,0.489,1.28,,,4,50,dreadnought_gun_305_x2,0.408,0.489,1.28,,,4,45,dreadnought_gun_b_305_x2,0.408,0.489,1.28,,,4,50,dreadnought_gun_b_305_x2,0.408,0.489,1.28,,,4,45,dreadnought_gun_c_305_x2,0.408,0.489,1.28,,,4,50,dreadnought_gun_c_305_x2,0.408,0.489,1.28,,,4,45,dreadnought_gun_178_x2,0.868,0.994,1.28,,,4,50,dreadnought_gun_178_x2,0.868,0.994,1.28,,,4,50,warrior_gun_228_x2,0.492,0.592,1.28,,,4,45,agamemnon_gun_228_x2,0.5276,0.6403,1.28,,,4,45,agamemnon_gun_b_228_x2,0.868,0.994,1.28,,,4,45,agamemnon_gun_305_x2,0.408,0.489,1.28,,,4,45,irresistible_gun_305_x2,0.408,0.489,1.28,,,4,45,hood_gun_380_x2,0.408,0.489,1.28,,,4,50,hood_gun_380_x2,0.408,0.489,1.28,,,4,45,didox_gun_cal133_x2,0.868,0.994,1.28,,,4,50,dido_gun_cal133_x2,0.868,0.994,1.28,,,4,45,dido_gun_cal200_x2,0.442,0.541,1.28,,,4,50,hood_gun_140_x2,0.868,0.994,1.28,,,4,45,nelson_gun_152_x2,0.646,0.7805,1.28,,,4,50,nelson_gun_152_x2,0.646,0.7805,1.28,,,4,45,nelson_gun_406_x2,0.2816,0.3448,1.28,,,4,50,nelson_gun_406_x2,0.2816,0.3448,1.28,
4,50,kgeorge_gun_133_x3,0.484,0.592,1,,,4,50,british_adv_cruiser_152_gun_x3,0.492,0.591,1,,,4,45,kgeorge_gun_380_x3,0.2816,0.3448,1,,,4,50,kgeorge_gun_380_x3,0.2816,0.3448,1,,,4,45,kgeorge_gun_a_380_x3,0.2816,0.3448,1,,,4,50,kgeorge_gun_a_380_x3,0.2816,0.3448,1,,,4,45,kgeorge_gun_380_x3_b,0.2816,0.3448,1,,,4,50,kgeorge_gun_380_x3_b,0.2816,0.3448,1,,,4,45,kgeorge_gun_380_x3_c,0.2816,0.3448,1,,,4,50,kgeorge_gun_380_x3_c,0.2816,0.3448,1,,,4,45,dreadnought_gun_305_x3,0.408,0.489,1,,,4,50,dreadnought_gun_305_x3,0.408,0.489,1,,,4,45,dreadnought_gun_b_305_x3,0.408,0.489,1,,,4,50,dreadnought_gun_b_305_x3,0.408,0.489,1,,,4,45,dreadnought_gun_c_305_x3,0.408,0.489,1,,,4,50,dreadnought_gun_c_305_x3,0.408,0.489,1,,,4,45,dreadnought_gun_178_x3,0.868,0.994,1,,,4,50,dreadnought_gun_178_x3,0.868,0.994,1,,,4,50,warrior_gun_228_x3,0.492,0.592,1,,,4,45,agamemnon_gun_228_x3,0.5276,0.6403,1,,,4,45,agamemnon_gun_b_228_x3,0.868,0.994,1,,,4,45,agamemnon_gun_305_x3,0.408,0.489,1,,,4,45,irresistible_gun_305_x3,0.408,0.489,1,,,4,45,hood_gun_380_x3,0.408,0.489,1,,,4,50,hood_gun_380_x3,0.408,0.489,1,,,4,45,didox_gun_cal133_x3,0.868,0.994,1,,,4,50,dido_gun_cal133_x3,0.868,0.994,1,,,4,45,dido_gun_cal200_x3,0.442,0.541,1,,,4,50,hood_gun_140_x3,0.868,0.994,1,,,4,45,nelson_gun_152_x3,0.646,0.7805,1,,,4,50,nelson_gun_152_x3,0.646,0.7805,1,,,4,45,nelson_gun_406_x3,0.2816,0.3448,1,,,4,50,nelson_gun_406_x3,0.2816,0.3448,1,
,50,,0.484,0.592,0.85,,,4,50,british_adv_cruiser_152_gun_x4,0.492,0.591,0.85,,,4,45,kgeorge_gun_380_x4,0.2816,0.3448,0.85,,,4,50,kgeorge_gun_380_x4,0.2816,0.3448,0.85,,,4,45,kgeorge_gun_a_380_x4,0.2816,0.3448,0.85,,,4,50,kgeorge_gun_a_380_x4,0.2816,0.3448,0.85,,,4,45,kgeorge_gun_380_x4_b,0.2816,0.3448,0.85,,,4,50,kgeorge_gun_380_x4_b,0.2816,0.3448,0.85,,,4,45,kgeorge_gun_380_x4_c,0.2816,0.3448,0.85,,,4,50,kgeorge_gun_380_x4_c,0.2816,0.3448,0.85,,,4,45,dreadnought_gun_305_x4,0.408,0.489,0.85,,,4,50,dreadnought_gun_305_x4,0.408,0.489,0.85,,,4,45,dreadnought_gun_b_305_x4,0.408,0.489,0.85,,,4,50,dreadnought_gun_b_305_x4,0.408,0.489,0.85,,,4,45,dreadnought_gun_c_305_x4,0.408,0.489,0.85,,,4,50,dreadnought_gun_c_305_x4,0.408,0.489,0.85,,,4,45,dreadnought_gun_178_x4,0.868,0.994,0.85,,,4,50,dreadnought_gun_178_x4,0.868,0.994,0.85,,,4,50,warrior_gun_228_x4,0.492,0.592,0.85,,,4,45,agamemnon_gun_228_x4,0.5276,0.6403,0.85,,,4,45,agamemnon_gun_b_228_x4,0.868,0.994,0.85,,,4,45,agamemnon_gun_305_x4,0.408,0.489,0.85,,,4,45,irresistible_gun_305_x4,0.408,0.489,0.85,,,4,45,hood_gun_380_x4,0.408,0.489,0.85,,,4,50,hood_gun_380_x4,0.408,0.489,0.85,,,4,45,didox_gun_cal133_x4,0.868,0.994,0.85,,,4,50,dido_gun_cal133_x3,0.868,0.994,0.85,,,4,45,dido_gun_cal200_x3,0.442,0.541,0.85,,,,50,,0.868,0.994,0.85,,,4,45,nelson_gun_152_x4,0.646,0.7805,0.85,,,4,50,nelson_gun_152_x4,0.646,0.7805,0.85,,,4,45,nelson_gun_406_x4,0.2816,0.3448,0.85,,,4,50,nelson_gun_406_x4,0.2816,0.3448,0.85,
5,50,kgeorge_gun_133_x1,0.602,0.71,1.25,,,5,50,british_adv_cruiser_152_gun_x1,0.601,0.7,1.25,,,5,45,kgeorge_gun_380_x1,0.3498,0.413,1.25,,,5,50,kgeorge_gun_380_x1,0.3498,0.413,1.25,,,5,45,kgeorge_gun_a_380_x1,0.3498,0.413,1.25,,,5,50,kgeorge_gun_a_380_x1,0.3498,0.413,1.25,,,5,45,kgeorge_gun_380_x1_b,0.3498,0.413,1.25,,,5,50,kgeorge_gun_380_x1_b,0.3498,0.413,1.25,,,5,45,kgeorge_gun_380_x1_c,0.3498,0.413,1.25,,,5,50,kgeorge_gun_380_x1_c,0.3498,0.413,1.25,,,5,45,dreadnought_gun_305_x1,0.499,0.58,1.25,,,5,50,dreadnought_gun_305_x1,0.499,0.58,1.25,,,5,45,dreadnought_gun_b_305_x1,0.499,0.58,1.25,,,5,50,dreadnought_gun_b_305_x1,0.499,0.58,1.25,,,5,45,dreadnought_gun_c_305_x1,0.499,0.58,1.25,,,5,50,dreadnought_gun_c_305_x1,0.499,0.58,1.25,,,5,45,dreadnought_gun_178_x1,1.004,1.13,1.25,,,5,50,dreadnought_gun_178_x1,1.004,1.13,1.25,,,5,50,warrior_gun_228_x1,0.601,0.701,1.25,,,5,45,agamemnon_gun_228_x1,0.6503,0.763,1.25,,,5,45,agamemnon_gun_b_228_x1,1.004,1.13,1.25,,,5,45,agamemnon_gun_305_x1,0.499,0.58,1.25,,,5,45,irresistible_gun_305_x1,0.499,0.58,1.25,,,5,45,hood_gun_380_x1,0.499,0.58,1.25,,,5,50,hood_gun_380_x1,0.499,0.58,1.25,,,5,45,didox_gun_cal133_x1,1.004,1.13,1.25,,,5,50,dido_gun_cal133_x1,1.004,1.13,1.25,,,5,45,dido_gun_cal200_x1,0.551,0.65,1.25,,,5,50,hood_gun_140_x1,1.004,1.13,1.25,,,5,45,nelson_gun_152_x1,0.8005,0.935,1.25,,,5,50,nelson_gun_152_x1,0.8005,0.935,1.25,,,5,45,nelson_gun_406_x1,0.3498,0.413,1.25,,,5,50,nelson_gun_406_x1,0.3498,0.413,1.25,
5,50,kgeorge_gun_133_x2,0.602,0.71,0.95,,,5,50,british_adv_cruiser_152_gun_x2,0.601,0.7,0.95,,,5,45,kgeorge_gun_380_x2,0.3498,0.413,0.95,,,5,50,kgeorge_gun_380_x2,0.3498,0.413,0.95,,,5,45,kgeorge_gun_a_380_x2,0.3498,0.413,0.95,,,5,50,kgeorge_gun_a_380_x2,0.3498,0.413,0.95,,,5,45,kgeorge_gun_380_x2_b,0.3498,0.413,0.95,,,5,50,kgeorge_gun_380_x2_b,0.3498,0.413,0.95,,,5,45,kgeorge_gun_380_x2_c,0.3498,0.413,0.95,,,5,50,kgeorge_gun_380_x2_c,0.3498,0.413,0.95,,,5,45,dreadnought_gun_305_x2,0.499,0.58,0.95,,,5,50,dreadnought_gun_305_x2,0.499,0.58,0.95,,,5,45,dreadnought_gun_b_305_x2,0.499,0.58,0.95,,,5,50,dreadnought_gun_b_305_x2,0.499,0.58,0.95,,,5,45,dreadnought_gun_c_305_x2,0.499,0.58,0.95,,,5,50,dreadnought_gun_c_305_x2,0.499,0.58,0.95,,,5,45,dreadnought_gun_178_x2,1.004,1.13,0.95,,,5,50,dreadnought_gun_178_x2,1.004,1.13,0.95,,,5,50,warrior_gun_228_x2,0.601,0.701,0.95,,,5,45,agamemnon_gun_228_x2,0.6503,0.763,0.95,,,5,45,agamemnon_gun_b_228_x2,1.004,1.13,0.95,,,5,45,agamemnon_gun_305_x2,0.499,0.58,0.95,,,5,45,irresistible_gun_305_x2,0.499,0.58,0.95,,,5,45,hood_gun_380_x2,0.499,0.58,0.95,,,5,50,hood_gun_380_x2,0.499,0.58,0.95,,,5,45,didox_gun_cal133_x2,1.004,1.13,0.95,,,5,50,dido_gun_cal133_x2,1.004,1.13,0.95,,,5,45,dido_gun_cal200_x2,0.551,0.65,0.95,,,5,50,hood_gun_140_x2,1.004,1.13,0.95,,,5,45,nelson_gun_152_x2,0.8005,0.935,0.95,,,5,50,nelson_gun_152_x2,0.8005,0.935,0.95,,,5,45,nelson_gun_406_x2,0.3498,0.413,0.95,,,5,50,nelson_gun_406_x2,0.3498,0.413,0.95,
5,50,kgeorge_gun_133_x3,0.602,0.71,0.75,,,5,50,british_adv_cruiser_152_gun_x3,0.601,0.7,0.75,,,5,45,kgeorge_gun_380_x3,0.3498,0.413,0.75,,,5,50,kgeorge_gun_380_x3,0.3498,0.413,0.75,,,5,45,kgeorge_gun_a_380_x3,0.3498,0.413,0.75,,,5,50,kgeorge_gun_a_380_x3,0.3498,0.413,0.75,,,5,45,kgeorge_gun_380_x3_b,0.3498,0.413,0.75,,,5,50,kgeorge_gun_380_x3_b,0.3498,0.413,0.75,,,5,45,kgeorge_gun_380_x3_c,0.3498,0.413,0.75,,,5,50,kgeorge_gun_380_x3_c,0.3498,0.413,0.75,,,5,45,dreadnought_gun_305_x3,0.499,0.58,0.75,,,5,50,dreadnought_gun_305_x3,0.499,0.58,0.75,,,5,45,dreadnought_gun_b_305_x3,0.499,0.58,0.75,,,5,50,dreadnought_gun_b_305_x3,0.499,0.58,0.75,,,5,45,dreadnought_gun_c_305_x3,0.499,0.58,0.75,,,5,50,dreadnought_gun_c_305_x3,0.499,0.58,0.75,,,5,45,dreadnought_gun_178_x3,1.004,1.13,0.75,,,5,50,dreadnought_gun_178_x3,1.004,1.13,0.75,,,5,50,warrior_gun_228_x3,0.601,0.701,0.75,,,5,45,agamemnon_gun_228_x3,0.6503,0.763,0.75,,,5,45,agamemnon_gun_b_228_x3,1.004,1.13,0.75,,,5,45,agamemnon_gun_305_x3,0.499,0.58,0.75,,,5,45,irresistible_gun_305_x3,0.499,0.58,0.75,,,5,45,hood_gun_380_x3,0.499,0.58,0.75,,,5,50,hood_gun_380_x3,0.499,0.58,0.75,,,5,45,didox_gun_cal133_x3,1.004,1.13,0.75,,,5,50,dido_gun_cal133_x3,1.004,1.13,0.75,,,5,45,dido_gun_cal200_x3,0.551,0.65,0.75,,,5,50,hood_gun_140_x3,1.004,1.13,0.75,,,5,45,nelson_gun_152_x3,0.8005,0.935,0.75,,,5,50,nelson_gun_152_x3,0.8005,0.935,0.75,,,5,45,nelson_gun_406_x3,0.3498,0.413,0.75,,,5,50,nelson_gun_406_x3,0.3498,0.413,0.75,
,50,,0.602,0.71,0.68,,,5,50,british_adv_cruiser_152_gun_x4,0.601,0.7,0.68,,,5,45,kgeorge_gun_380_x4,0.3498,0.413,0.68,,,5,50,kgeorge_gun_380_x4,0.3498,0.413,0.68,,,5,45,kgeorge_gun_a_380_x4,0.3498,0.413,0.68,,,5,50,kgeorge_gun_a_380_x4,0.3498,0.413,0.68,,,5,45,kgeorge_gun_380_x4_b,0.3498,0.413,0.68,,,5,50,kgeorge_gun_380_x4_b,0.3498,0.413,0.68,,,5,45,kgeorge_gun_380_x4_c,0.3498,0.413,0.68,,,5,50,kgeorge_gun_380_x4_c,0.3498,0.413,0.68,,,5,45,dreadnought_gun_305_x4,0.499,0.58,0.68,,,5,50,dreadnought_gun_305_x4,0.499,0.58,0.68,,,5,45,dreadnought_gun_b_305_x4,0.499,0.58,0.68,,,5,50,dreadnought_gun_b_305_x4,0.499,0.58,0.68,,,5,45,dreadnought_gun_c_305_x4,0.499,0.58,0.68,,,5,50,dreadnought_gun_c_305_x4,0.499,0.58,0.68,,,5,45,dreadnought_gun_178_x4,1.004,1.13,0.68,,,5,50,dreadnought_gun_178_x4,1.004,1.13,0.68,,,5,50,warrior_gun_228_x4,0.601,0.701,0.68,,,5,45,agamemnon_gun_228_x4,0.6503,0.763,0.68,,,5,45,agamemnon_gun_b_228_x4,1.004,1.13,0.68,,,5,45,agamemnon_gun_305_x4,0.499,0.58,0.68,,,5,45,irresistible_gun_305_x4,0.499,0.58,0.68,,,5,45,hood_gun_380_x4,0.499,0.58,0.68,,,5,50,hood_gun_380_x4,0.499,0.58,0.68,,,5,45,didox_gun_cal133_x4,1.004,1.13,0.68,,,5,50,dido_gun_cal133_x3,1.004,1.13,0.68,,,5,45,dido_gun_cal200_x3,0.551,0.65,0.68,,,,50,,1.004,1.13,0.68,,,5,45,nelson_gun_152_x4,0.8005,0.935,0.68,,,5,50,nelson_gun_152_x4,0.8005,0.935,0.68,,,5,45,nelson_gun_406_x4,0.3498,0.413,0.68,,,5,50,nelson_gun_406_x4,0.3498,0.413,0.68,
6,50,kgeorge_gun_133_x1,0.72,0.828,1.185,,,6,50,british_adv_cruiser_152_gun_x1,0.71,0.809,1.185,,,6,45,kgeorge_gun_380_x1,0.418,0.4812,1.185,,,6,50,kgeorge_gun_380_x1,0.418,0.4812,1.185,,,6,45,kgeorge_gun_a_380_x1,0.418,0.4812,1.185,,,6,50,kgeorge_gun_a_380_x1,0.418,0.4812,1.185,,,6,45,kgeorge_gun_380_x1_b,0.418,0.4812,1.185,,,6,50,kgeorge_gun_380_x1_b,0.418,0.4812,1.185,,,6,45,kgeorge_gun_380_x1_c,0.418,0.4812,1.185,,,6,50,kgeorge_gun_380_x1_c,0.418,0.4812,1.185,,,6,45,dreadnought_gun_305_x1,0.59,0.671,1.185,,,6,50,dreadnought_gun_305_x1,0.59,0.671,1.185,,,6,45,dreadnought_gun_b_305_x1,0.59,0.671,1.185,,,6,50,dreadnought_gun_b_305_x1,0.59,0.671,1.185,,,6,45,dreadnought_gun_c_305_x1,0.59,0.671,1.185,,,6,50,dreadnought_gun_c_305_x1,0.59,0.671,1.185,,,6,45,dreadnought_gun_178_x1,1.14,1.266,1.185,,,6,50,dreadnought_gun_178_x1,1.14,1.266,1.185,,,6,50,warrior_gun_228_x1,0.71,0.81,1.185,,,6,45,agamemnon_gun_228_x1,0.773,0.8857,1.185,,,6,45,agamemnon_gun_b_228_x1,1.14,1.266,1.185,,,6,45,agamemnon_gun_305_x1,0.59,0.671,1.185,,,6,45,irresistible_gun_305_x1,0.59,0.671,1.185,,,6,45,hood_gun_380_x1,0.59,0.671,1.185,,,6,50,hood_gun_380_x1,0.59,0.671,1.185,,,6,45,didox_gun_cal133_x1,1.14,1.266,1.185,,,6,50,dido_gun_cal133_x1,1.14,1.266,1.185,,,6,45,dido_gun_cal200_x1,0.66,0.759,1.185,,,6,50,hood_gun_140_x1,1.14,1.266,1.185,,,6,45,nelson_gun_152_x1,0.955,1.0895,1.185,,,6,50,nelson_gun_152_x1,0.955,1.0895,1.185,,,6,45,nelson_gun_406_x1,0.418,0.4812,1.185,,,6,50,nelson_gun_406_x1,0.418,0.4812,1.185,
6,50,kgeorge_gun_133_x2,0.72,0.828,0.86,,,6,50,british_adv_cruiser_152_gun_x2,0.71,0.809,0.86,,,6,45,kgeorge_gun_380_x2,0.418,0.4812,0.86,,,6,50,kgeorge_gun_380_x2,0.418,0.4812,0.86,,,6,45,kgeorge_gun_a_380_x2,0.418,0.4812,0.86,,,6,50,kgeorge_gun_a_380_x2,0.418,0.4812,0.86,,,6,45,kgeorge_gun_380_x2_b,0.418,0.4812,0.86,,,6,50,kgeorge_gun_380_x2_b,0.418,0.4812,0.86,,,6,45,kgeorge_gun_380_x2_c,0.418,0.4812,0.86,,,6,50,kgeorge_gun_380_x2_c,0.418,0.4812,0.86,,,6,45,dreadnought_gun_305_x2,0.59,0.671,0.86,,,6,50,dreadnought_gun_305_x2,0.59,0.671,0.86,,,6,45,dreadnought_gun_b_305_x2,0.59,0.671,0.86,,,6,50,dreadnought_gun_b_305_x2,0.59,0.671,0.86,,,6,45,dreadnought_gun_c_305_x2,0.59,0.671,0.86,,,6,50,dreadnought_gun_c_305_x2,0.59,0.671,0.86,,,6,45,dreadnought_gun_178_x2,1.14,1.266,0.86,,,6,50,dreadnought_gun_178_x2,1.14,1.266,0.86,,,6,50,warrior_gun_228_x2,0.71,0.81,0.86,,,6,45,agamemnon_gun_228_x2,0.773,0.8857,0.86,,,6,45,agamemnon_gun_b_228_x2,1.14,1.266,0.86,,,6,45,agamemnon_gun_305_x2,0.59,0.671,0.86,,,6,45,irresistible_gun_305_x2,0.59,0.671,0.86,,,6,45,hood_gun_380_x2,0.59,0.671,0.86,,,6,50,hood_gun_380_x2,0.59,0.671,0.86,,,6,45,didox_gun_cal133_x2,1.14,1.266,0.86,,,6,50,dido_gun_cal133_x2,1.14,1.266,0.86,,,6,45,dido_gun_cal200_x2,0.66,0.759,0.86,,,6,50,hood_gun_140_x2,1.14,1.266,0.86,,,6,45,nelson_gun_152_x2,0.955,1.0895,0.86,,,6,50,nelson_gun_152_x2,0.955,1.0895,0.86,,,6,45,nelson_gun_406_x2,0.418,0.4812,0.86,,,6,50,nelson_gun_406_x2,0.418,0.4812,0.86,
6,50,kgeorge_gun_133_x3,0.72,0.828,0.66,,,6,50,british_adv_cruiser_152_gun_x3,0.71,0.809,0.66,,,6,45,kgeorge_gun_380_x3,0.418,0.4812,0.66,,,6,50,kgeorge_gun_380_x3,0.418,0.4812,0.66,,,6,45,kgeorge_gun_a_380_x3,0.418,0.4812,0.66,,,6,50,kgeorge_gun_a_380_x3,0.418,0.4812,0.66,,,6,45,kgeorge_gun_380_x3_b,0.418,0.4812,0.66,,,6,50,kgeorge_gun_380_x3_b,0.418,0.4812,0.66,,,6,45,kgeorge_gun_380_x3_c,0.418,0.4812,0.66,,,6,50,kgeorge_gun_380_x3_c,0.418,0.4812,0.66,,,6,45,dreadnought_gun_305_x3,0.59,0.671,0.66,,,6,50,dreadnought_gun_305_x3,0.59,0.671,0.66,,,6,45,dreadnought_gun_b_305_x3,0.59,0.671,0.66,,,6,50,dreadnought_gun_b_305_x3,0.59,0.671,0.66,,,6,45,dreadnought_gun_c_305_x3,0.59,0.671,0.66,,,6,50,dreadnought_gun_c_305_x3,0.59,0.671,0.66,,,6,45,dreadnought_gun_178_x3,1.14,1.266,0.66,,,6,50,dreadnought_gun_178_x3,1.14,1.266,0.66,,,6,50,warrior_gun_228_x3,0.71,0.81,0.66,,,6,45,agamemnon_gun_228_x3,0.773,0.8857,0.66,,,6,45,agamemnon_gun_b_228_x3,1.14,1.266,0.66,,,6,45,agamemnon_gun_305_x3,0.59,0.671,0.66,,,6,45,irresistible_gun_305_x3,0.59,0.671,0.66,,,6,45,hood_gun_380_x3,0.59,0.671,0.66,,,6,50,hood_gun_380_x3,0.59,0.671,0.66,,,6,45,didox_gun_cal133_x3,1.14,1.266,0.66,,,6,50,dido_gun_cal133_x3,1.14,1.266,0.66,,,6,45,dido_gun_cal200_x3,0.66,0.759,0.66,,,6,50,hood_gun_140_x3,1.14,1.266,0.66,,,6,45,nelson_gun_152_x3,0.955,1.0895,0.66,,,6,50,nelson_gun_152_x3,0.955,1.0895,0.66,,,6,45,nelson_gun_406_x3,0.418,0.4812,0.66,,,6,50,nelson_gun_406_x3,0.418,0.4812,0.66,
,50,,0.72,0.828,0.6,,,6,50,british_adv_cruiser_152_gun_x4,0.71,0.809,0.6,,,6,45,kgeorge_gun_380_x4,0.418,0.4812,0.6,,,6,50,kgeorge_gun_380_x4,0.418,0.4812,0.6,,,6,45,kgeorge_gun_a_380_x4,0.418,0.4812,0.6,,,6,50,kgeorge_gun_a_380_x4,0.418,0.4812,0.6,,,6,45,kgeorge_gun_380_x4_b,0.418,0.4812,0.6,,,6,50,kgeorge_gun_380_x4_b,0.418,0.4812,0.6,,,6,45,kgeorge_gun_380_x4_c,0.418,0.4812,0.6,,,6,50,kgeorge_gun_380_x4_c,0.418,0.4812,0.6,,,6,45,dreadnought_gun_305_x4,0.59,0.671,0.6,,,6,50,dreadnought_gun_305_x4,0.59,0.671,0.6,,,6,45,dreadnought_gun_b_305_x4,0.59,0.671,0.6,,,6,50,dreadnought_gun_b_305_x4,0.59,0.671,0.6,,,6,45,dreadnought_gun_c_305_x4,0.59,0.671,0.6,,,6,50,dreadnought_gun_c_305_x4,0.59,0.671,0.6,,,6,45,dreadnought_gun_178_x4,1.14,1.266,0.6,,,6,50,dreadnought_gun_178_x4,1.14,1.266,0.6,,,6,50,warrior_gun_228_x4,0.71,0.81,0.6,,,6,45,agamemnon_gun_228_x4,0.773,0.8857,0.6,,,6,45,agamemnon_gun_b_228_x4,1.14,1.266,0.6,,,6,45,agamemnon_gun_305_x4,0.59,0.671,0.6,,,6,45,irresistible_gun_305_x4,0.59,0.671,0.6,,,6,45,hood_gun_380_x4,0.59,0.671,0.6,,,6,50,hood_gun_380_x4,0.59,0.671,0.6,,,6,45,didox_gun_cal133_x4,1.14,1.266,0.6,,,6,50,dido_gun_cal133_x3,1.14,1.266,0.6,,,6,45,dido_gun_cal200_x3,0.66,0.759,0.6,,,,50,,1.14,1.266,0.6,,,6,45,nelson_gun_152_x4,0.955,1.0895,0.6,,,6,50,nelson_gun_152_x4,0.955,1.0895,0.6,,,6,45,nelson_gun_406_x4,0.418,0.4812,0.6,,,6,50,nelson_gun_406_x4,0.418,0.4812,0.6,
7,50,kgeorge_gun_133_x1,0.838,0.946,1.21,,,7,50,british_adv_cruiser_152_gun_x1,0.819,0.918,1.21,,,7,45,kgeorge_gun_380_x1,0.4862,0.5494,1.21,,,7,50,kgeorge_gun_380_x1,0.4862,0.5494,1.21,,,7,45,kgeorge_gun_a_380_x1,0.4862,0.5494,1.21,,,7,50,kgeorge_gun_a_380_x1,0.4862,0.5494,1.21,,,7,45,kgeorge_gun_380_x1_b,0.4862,0.5494,1.21,,,7,50,kgeorge_gun_380_x1_b,0.4862,0.5494,1.21,,,7,45,kgeorge_gun_380_x1_c,0.4862,0.5494,1.21,,,7,50,kgeorge_gun_380_x1_c,0.4862,0.5494,1.21,,,7,45,dreadnought_gun_305_x1,0.681,0.762,1.21,,,7,50,dreadnought_gun_305_x1,0.681,0.762,1.21,,,7,45,dreadnought_gun_b_305_x1,0.681,0.762,1.21,,,7,50,dreadnought_gun_b_305_x1,0.681,0.762,1.21,,,7,45,dreadnought_gun_c_305_x1,0.681,0.762,1.21,,,7,50,dreadnought_gun_c_305_x1,0.681,0.762,1.21,,,7,45,dreadnought_gun_178_x1,1.276,1.402,1.21,,,7,50,dreadnought_gun_178_x1,1.276,1.402,1.21,,,7,50,warrior_gun_228_x1,0.819,0.919,1.21,,,7,45,agamemnon_gun_228_x1,0.8957,1.0084,1.21,,,7,45,agamemnon_gun_b_228_x1,1.276,1.402,1.21,,,7,45,agamemnon_gun_305_x1,0.681,0.762,1.21,,,7,45,irresistible_gun_305_x1,0.681,0.762,1.21,,,7,45,hood_gun_380_x1,0.681,0.762,1.21,,,7,50,hood_gun_380_x1,0.681,0.762,1.21,,,7,45,didox_gun_cal133_x1,1.276,1.402,1.21,,,7,50,dido_gun_cal133_x1,1.276,1.402,1.21,,,7,45,dido_gun_cal200_x1,0.769,0.868,1.21,,,7,50,hood_gun_140_x1,1.276,1.402,1.21,,,7,45,nelson_gun_152_x1,1.1095,1.244,1.21,,,7,50,nelson_gun_152_x1,1.1095,1.244,1.21,,,7,45,nelson_gun_406_x1,0.4862,0.5494,1.21,,,7,50,nelson_gun_406_x1,0.4862,0.5494,1.21,
7,50,kgeorge_gun_133_x2,0.838,0.946,0.9,,,7,50,british_adv_cruiser_152_gun_x2,0.819,0.918,0.9,,,7,45,kgeorge_gun_380_x2,0.4862,0.5494,0.9,,,7,50,kgeorge_gun_380_x2,0.4862,0.5494,0.9,,,7,45,kgeorge_gun_a_380_x2,0.4862,0.5494,0.9,,,7,50,kgeorge_gun_a_380_x2,0.4862,0.5494,0.9,,,7,45,kgeorge_gun_380_x2_b,0.4862,0.5494,0.9,,,7,50,kgeorge_gun_380_x2_b,0.4862,0.5494,0.9,,,7,45,kgeorge_gun_380_x2_c,0.4862,0.5494,0.9,,,7,50,kgeorge_gun_380_x2_c,0.4862,0.5494,0.9,,,7,45,dreadnought_gun_305_x2,0.681,0.762,0.9,,,7,50,dreadnought_gun_305_x2,0.681,0.762,0.9,,,7,45,dreadnought_gun_b_305_x2,0.681,0.762,0.9,,,7,50,dreadnought_gun_b_305_x2,0.681,0.762,0.9,,,7,45,dreadnought_gun_c_305_x2,0.681,0.762,0.9,,,7,50,dreadnought_gun_c_305_x2,0.681,0.762,0.9,,,7,45,dreadnought_gun_178_x2,1.276,1.402,0.9,,,7,50,dreadnought_gun_178_x2,1.276,1.402,0.9,,,7,50,warrior_gun_228_x2,0.819,0.919,0.9,,,7,45,agamemnon_gun_228_x2,0.8957,1.0084,0.9,,,7,45,agamemnon_gun_b_228_x2,1.276,1.402,0.9,,,7,45,agamemnon_gun_305_x2,0.681,0.762,0.9,,,7,45,irresistible_gun_305_x2,0.681,0.762,0.9,,,7,45,hood_gun_380_x2,0.681,0.762,0.9,,,7,50,hood_gun_380_x2,0.681,0.762,0.9,,,7,45,didox_gun_cal133_x2,1.276,1.402,0.9,,,7,50,dido_gun_cal133_x2,1.276,1.402,0.9,,,7,45,dido_gun_cal200_x2,0.769,0.868,0.9,,,7,50,hood_gun_140_x2,1.276,1.402,0.9,,,7,45,nelson_gun_152_x2,1.1095,1.244,0.9,,,7,50,nelson_gun_152_x2,1.1095,1.244,0.9,,,7,45,nelson_gun_406_x2,0.4862,0.5494,0.9,,,7,50,nelson_gun_406_x2,0.4862,0.5494,0.9,
7,50,kgeorge_gun_133_x3,0.838,0.946,0.705,,,7,50,british_adv_cruiser_152_gun_x3,0.819,0.918,0.705,,,7,45,kgeorge_gun_380_x3,0.4862,0.5494,0.705,,,7,50,kgeorge_gun_380_x3,0.4862,0.5494,0.705,,,7,45,kgeorge_gun_a_380_x3,0.4862,0.5494,0.705,,,7,50,kgeorge_gun_a_380_x3,0.4862,0.5494,0.705,,,7,45,kgeorge_gun_380_x3_b,0.4862,0.5494,0.705,,,7,50,kgeorge_gun_380_x3_b,0.4862,0.5494,0.705,,,7,45,kgeorge_gun_380_x3_c,0.4862,0.5494,0.705,,,7,50,kgeorge_gun_380_x3_c,0.4862,0.5494,0.705,,,7,45,dreadnought_gun_305_x3,0.681,0.762,0.705,,,7,50,dreadnought_gun_305_x3,0.681,0.762,0.705,,,7,45,dreadnought_gun_b_305_x3,0.681,0.762,0.705,,,7,50,dreadnought_gun_b_305_x3,0.681,0.762,0.705,,,7,45,dreadnought_gun_c_305_x3,0.681,0.762,0.705,,,7,50,dreadnought_gun_c_305_x3,0.681,0.762,0.705,,,7,45,dreadnought_gun_178_x3,1.276,1.402,0.705,,,7,50,dreadnought_gun_178_x3,1.276,1.402,0.705,,,7,50,warrior_gun_228_x3,0.819,0.919,0.705,,,7,45,agamemnon_gun_228_x3,0.8957,1.0084,0.705,,,7,45,agamemnon_gun_b_228_x3,1.276,1.402,0.705,,,7,45,agamemnon_gun_305_x3,0.681,0.762,0.705,,,7,45,irresistible_gun_305_x3,0.681,0.762,0.705,,,7,45,hood_gun_380_x3,0.681,0.762,0.705,,,7,50,hood_gun_380_x3,0.681,0.762,0.705,,,7,45,didox_gun_cal133_x3,1.276,1.402,0.705,,,7,50,dido_gun_cal133_x3,1.276,1.402,0.705,,,7,45,dido_gun_cal200_x3,0.769,0.868,0.705,,,7,50,hood_gun_140_x3,1.276,1.402,0.705,,,7,45,nelson_gun_152_x3,1.1095,1.244,0.705,,,7,50,nelson_gun_152_x3,1.1095,1.244,0.705,,,7,45,nelson_gun_406_x3,0.4862,0.5494,0.705,,,7,50,nelson_gun_406_x3,0.4862,0.5494,0.705,
,50,,0.838,0.946,0.64,,,7,50,british_adv_cruiser_152_gun_x4,0.819,0.918,0.64,,,7,45,kgeorge_gun_380_x4,0.4862,0.5494,0.64,,,7,50,kgeorge_gun_380_x4,0.4862,0.5494,0.64,,,7,45,kgeorge_gun_a_380_x4,0.4862,0.5494,0.64,,,7,50,kgeorge_gun_a_380_x4,0.4862,0.5494,0.64,,,7,45,kgeorge_gun_380_x4_b,0.4862,0.5494,0.64,,,7,50,kgeorge_gun_380_x4_b,0.4862,0.5494,0.64,,,7,45,kgeorge_gun_380_x4_c,0.4862,0.5494,0.64,,,7,50,kgeorge_gun_380_x4_c,0.4862,0.5494,0.64,,,7,45,dreadnought_gun_305_x4,0.681,0.762,0.64,,,7,50,dreadnought_gun_305_x4,0.681,0.762,0.64,,,7,45,dreadnought_gun_b_305_x4,0.681,0.762,0.64,,,7,50,dreadnought_gun_b_305_x4,0.681,0.762,0.64,,,7,45,dreadnought_gun_c_305_x4,0.681,0.762,0.64,,,7,50,dreadnought_gun_c_305_x4,0.681,0.762,0.64,,,7,45,dreadnought_gun_178_x4,1.276,1.402,0.64,,,7,50,dreadnought_gun_178_x4,1.276,1.402,0.64,,,7,50,warrior_gun_228_x4,0.819,0.919,0.64,,,7,45,agamemnon_gun_228_x4,0.8957,1.0084,0.64,,,7,45,agamemnon_gun_b_228_x4,1.276,1.402,0.64,,,7,45,agamemnon_gun_305_x4,0.681,0.762,0.64,,,7,45,irresistible_gun_305_x4,0.681,0.762,0.64,,,7,45,hood_gun_380_x4,0.681,0.762,0.64,,,7,50,hood_gun_380_x4,0.681,0.762,0.64,,,7,45,didox_gun_cal133_x4,1.276,1.402,0.64,,,7,50,dido_gun_cal133_x3,1.276,1.402,0.64,,,7,45,dido_gun_cal200_x3,0.769,0.868,0.64,,,,50,,1.276,1.402,0.64,,,7,45,nelson_gun_152_x4,1.1095,1.244,0.64,,,7,50,nelson_gun_152_x4,1.1095,1.244,0.64,,,7,45,nelson_gun_406_x4,0.4862,0.5494,0.64,,,7,50,nelson_gun_406_x4,0.4862,0.5494,0.64,
8,50,kgeorge_gun_133_x1,0.956,1.064,1.17,,,8,50,british_adv_cruiser_152_gun_x1,0.928,1.027,1.17,,,8,45,kgeorge_gun_380_x1,0.5544,0.6176,1.17,,,8,50,kgeorge_gun_380_x1,0.5544,0.6176,1.17,,,8,45,kgeorge_gun_a_380_x1,0.5544,0.6176,1.17,,,8,50,kgeorge_gun_a_380_x1,0.5544,0.6176,1.17,,,8,45,kgeorge_gun_380_x1_b,0.5544,0.6176,1.17,,,8,50,kgeorge_gun_380_x1_b,0.5544,0.6176,1.17,,,8,45,kgeorge_gun_380_x1_c,0.5544,0.6176,1.17,,,8,50,kgeorge_gun_380_x1_c,0.5544,0.6176,1.17,,,8,45,dreadnought_gun_305_x1,0.772,0.853,1.17,,,8,50,dreadnought_gun_305_x1,0.772,0.853,1.17,,,8,45,dreadnought_gun_b_305_x1,0.772,0.853,1.17,,,8,50,dreadnought_gun_b_305_x1,0.772,0.853,1.17,,,8,45,dreadnought_gun_c_305_x1,0.772,0.853,1.17,,,8,50,dreadnought_gun_c_305_x1,0.772,0.853,1.17,,,8,45,dreadnought_gun_178_x1,1.412,1.538,1.17,,,8,50,dreadnought_gun_178_x1,1.412,1.538,1.17,,,8,50,warrior_gun_228_x1,0.928,1.028,1.17,,,8,45,agamemnon_gun_228_x1,1.0184,1.1311,1.17,,,8,45,agamemnon_gun_b_228_x1,1.412,1.538,1.17,,,8,45,agamemnon_gun_305_x1,0.772,0.853,1.17,,,8,45,irresistible_gun_305_x1,0.772,0.853,1.17,,,8,45,hood_gun_380_x1,0.772,0.853,1.17,,,8,50,hood_gun_380_x1,0.772,0.853,1.17,,,8,45,didox_gun_cal133_x1,1.412,1.538,1.17,,,8,50,dido_gun_cal133_x1,1.412,1.538,1.17,,,8,45,dido_gun_cal200_x1,0.878,0.977,1.17,,,8,50,hood_gun_140_x1,1.412,1.538,1.17,,,8,45,nelson_gun_152_x1,1.264,1.3985,1.17,,,8,50,nelson_gun_152_x1,1.264,1.3985,1.17,,,8,45,nelson_gun_406_x1,0.5544,0.6176,1.17,,,8,50,nelson_gun_406_x1,0.5544,0.6176,1.17,
8,50,kgeorge_gun_133_x2,0.956,1.064,0.88,,,8,50,british_adv_cruiser_152_gun_x2,0.928,1.027,0.88,,,8,45,kgeorge_gun_380_x2,0.5544,0.6176,0.88,,,8,50,kgeorge_gun_380_x2,0.5544,0.6176,0.88,,,8,45,kgeorge_gun_a_380_x2,0.5544,0.6176,0.88,,,8,50,kgeorge_gun_a_380_x2,0.5544,0.6176,0.88,,,8,45,kgeorge_gun_380_x2_b,0.5544,0.6176,0.88,,,8,50,kgeorge_gun_380_x2_b,0.5544,0.6176,0.88,,,8,45,kgeorge_gun_380_x2_c,0.5544,0.6176,0.88,,,8,50,kgeorge_gun_380_x2_c,0.5544,0.6176,0.88,,,8,45,dreadnought_gun_305_x2,0.772,0.853,0.88,,,8,50,dreadnought_gun_305_x2,0.772,0.853,0.88,,,8,45,dreadnought_gun_b_305_x2,0.772,0.853,0.88,,,8,50,dreadnought_gun_b_305_x2,0.772,0.853,0.88,,,8,45,dreadnought_gun_c_305_x2,0.772,0.853,0.88,,,8,50,dreadnought_gun_c_305_x2,0.772,0.853,0.88,,,8,45,dreadnought_gun_178_x2,1.412,1.538,0.88,,,8,50,dreadnought_gun_178_x2,1.412,1.538,0.88,,,8,50,warrior_gun_228_x2,0.928,1.028,0.88,,,8,45,agamemnon_gun_228_x2,1.0184,1.1311,0.88,,,8,45,agamemnon_gun_b_228_x2,1.412,1.538,0.88,,,8,45,agamemnon_gun_305_x2,0.772,0.853,0.88,,,8,45,irresistible_gun_305_x2,0.772,0.853,0.88,,,8,45,hood_gun_380_x2,0.772,0.853,0.88,,,8,50,hood_gun_380_x2,0.772,0.853,0.88,,,8,45,didox_gun_cal133_x2,1.412,1.538,0.88,,,8,50,dido_gun_cal133_x2,1.412,1.538,0.88,,,8,45,dido_gun_cal200_x2,0.878,0.977,0.88,,,8,50,hood_gun_140_x2,1.412,1.538,0.88,,,8,45,nelson_gun_152_x2,1.264,1.3985,0.88,,,8,50,nelson_gun_152_x2,1.264,1.3985,0.88,,,8,45,nelson_gun_406_x2,0.5544,0.6176,0.88,,,8,50,nelson_gun_406_x2,0.5544,0.6176,0.88,
8,50,kgeorge_gun_133_x3,0.956,1.064,0.69,,,8,50,british_adv_cruiser_152_gun_x3,0.928,1.027,0.69,,,8,45,kgeorge_gun_380_x3,0.5544,0.6176,0.69,,,8,50,kgeorge_gun_380_x3,0.5544,0.6176,0.69,,,8,45,kgeorge_gun_a_380_x3,0.5544,0.6176,0.69,,,8,50,kgeorge_gun_a_380_x3,0.5544,0.6176,0.69,,,8,45,kgeorge_gun_380_x3_b,0.5544,0.6176,0.69,,,8,50,kgeorge_gun_380_x3_b,0.5544,0.6176,0.69,,,8,45,kgeorge_gun_380_x3_c,0.5544,0.6176,0.69,,,8,50,kgeorge_gun_380_x3_c,0.5544,0.6176,0.69,,,8,45,dreadnought_gun_305_x3,0.772,0.853,0.69,,,8,50,dreadnought_gun_305_x3,0.772,0.853,0.69,,,8,45,dreadnought_gun_b_305_x3,0.772,0.853,0.69,,,8,50,dreadnought_gun_b_305_x3,0.772,0.853,0.69,,,8,45,dreadnought_gun_c_305_x3,0.772,0.853,0.69,,,8,50,dreadnought_gun_c_305_x3,0.772,0.853,0.69,,,8,45,dreadnought_gun_178_x3,1.412,1.538,0.69,,,8,50,dreadnought_gun_178_x3,1.412,1.538,0.69,,,8,50,warrior_gun_228_x3,0.928,1.028,0.69,,,8,45,agamemnon_gun_228_x3,1.0184,1.1311,0.69,,,8,45,agamemnon_gun_b_228_x3,1.412,1.538,0.69,,,8,45,agamemnon_gun_305_x3,0.772,0.853,0.69,,,8,45,irresistible_gun_305_x3,0.772,0.853,0.69,,,8,45,hood_gun_380_x3,0.772,0.853,0.69,,,8,50,hood_gun_380_x3,0.772,0.853,0.69,,,8,45,didox_gun_cal133_x3,1.412,1.538,0.69,,,8,50,dido_gun_cal133_x3,1.412,1.538,0.69,,,8,45,dido_gun_cal200_x3,0.878,0.977,0.69,,,8,50,hood_gun_140_x3,1.412,1.538,0.69,,,8,45,nelson_gun_152_x3,1.264,1.3985,0.69,,,8,50,nelson_gun_152_x3,1.264,1.3985,0.69,,,8,45,nelson_gun_406_x3,0.5544,0.6176,0.69,,,8,50,nelson_gun_406_x3,0.5544,0.6176,0.69,
,50,,0.956,1.064,0.63,,,8,50,british_adv_cruiser_152_gun_x4,0.928,1.027,0.63,,,8,45,kgeorge_gun_380_x4,0.5544,0.6176,0.63,,,8,50,kgeorge_gun_380_x4,0.5544,0.6176,0.63,,,8,45,kgeorge_gun_a_380_x4,0.5544,0.6176,0.63,,,8,50,kgeorge_gun_a_380_x4,0.5544,0.6176,0.63,,,8,45,kgeorge_gun_380_x4_b,0.5544,0.6176,0.63,,,8,50,kgeorge_gun_380_x4_b,0.5544,0.6176,0.63,,,8,45,kgeorge_gun_380_x4_c,0.5544,0.6176,0.63,,,8,50,kgeorge_gun_380_x4_c,0.5544,0.6176,0.63,,,8,45,dreadnought_gun_305_x4,0.772,0.853,0.63,,,8,50,dreadnought_gun_305_x4,0.772,0.853,0.63,,,8,45,dreadnought_gun_b_305_x4,0.772,0.853,0.63,,,8,50,dreadnought_gun_b_305_x4,0.772,0.853,0.63,,,8,45,dreadnought_gun_c_305_x4,0.772,0.853,0.63,,,8,50,dreadnought_gun_c_305_x4,0.772,0.853,0.63,,,8,45,dreadnought_gun_178_x4,1.412,1.538,0.63,,,8,50,dreadnought_gun_178_x4,1.412,1.538,0.63,,,8,50,warrior_gun_228_x4,0.928,1.028,0.63,,,8,45,agamemnon_gun_228_x4,1.0184,1.1311,0.63,,,8,45,agamemnon_gun_b_228_x4,1.412,1.538,0.63,,,8,45,agamemnon_gun_305_x4,0.772,0.853,0.63,,,8,45,irresistible_gun_305_x4,0.772,0.853,0.63,,,8,45,hood_gun_380_x4,0.772,0.853,0.63,,,8,50,hood_gun_380_x4,0.772,0.853,0.63,,,8,45,didox_gun_cal133_x4,1.412,1.538,0.63,,,8,50,dido_gun_cal133_x3,1.412,1.538,0.63,,,8,45,dido_gun_cal200_x3,0.878,0.977,0.63,,,,50,,1.412,1.538,0.63,,,8,45,nelson_gun_152_x4,1.264,1.3985,0.63,,,8,50,nelson_gun_152_x4,1.264,1.3985,0.63,,,8,45,nelson_gun_406_x4,0.5544,0.6176,0.63,,,8,50,nelson_gun_406_x4,0.5544,0.6176,0.63,
9,50,kgeorge_gun_133_x1,1.074,1.182,1.1,,,9,50,british_adv_cruiser_152_gun_x1,1.037,1.136,1.1,,,9,45,kgeorge_gun_380_x1,0.6226,0.6858,1.1,,,9,50,kgeorge_gun_380_x1,0.6226,0.6858,1.1,,,9,45,kgeorge_gun_a_380_x1,0.6226,0.6858,1.1,,,9,50,kgeorge_gun_a_380_x1,0.6226,0.6858,1.1,,,9,45,kgeorge_gun_380_x1_b,0.6226,0.6858,1.1,,,9,50,kgeorge_gun_380_x1_b,0.6226,0.6858,1.1,,,9,45,kgeorge_gun_380_x1_c,0.6226,0.6858,1.1,,,9,50,kgeorge_gun_380_x1_c,0.6226,0.6858,1.1,,,9,45,dreadnought_gun_305_x1,0.863,0.944,1.1,,,9,50,dreadnought_gun_305_x1,0.863,0.944,1.1,,,9,45,dreadnought_gun_b_305_x1,0.863,0.944,1.1,,,9,50,dreadnought_gun_b_305_x1,0.863,0.944,1.1,,,9,45,dreadnought_gun_c_305_x1,0.863,0.944,1.1,,,9,50,dreadnought_gun_c_305_x1,0.863,0.944,1.1,,,9,45,dreadnought_gun_178_x1,1.548,1.674,1.1,,,9,50,dreadnought_gun_178_x1,1.548,1.674,1.1,,,9,50,warrior_gun_228_x1,1.037,1.137,1.1,,,9,45,agamemnon_gun_228_x1,1.1411,1.2538,1.1,,,9,45,agamemnon_gun_b_228_x1,1.548,1.674,1.1,,,9,45,agamemnon_gun_305_x1,0.863,0.944,1.1,,,9,45,irresistible_gun_305_x1,0.863,0.944,1.1,,,9,45,hood_gun_380_x1,0.863,0.944,1.1,,,9,50,hood_gun_380_x1,0.863,0.944,1.1,,,9,45,didox_gun_cal133_x1,1.548,1.674,1.1,,,9,50,dido_gun_cal133_x1,1.548,1.674,1.1,,,9,45,dido_gun_cal200_x1,0.987,1.086,1.1,,,9,50,hood_gun_140_x1,1.548,1.674,1.1,,,9,45,nelson_gun_152_x1,1.4185,1.553,1.1,,,9,50,nelson_gun_152_x1,1.4185,1.553,1.1,,,9,45,nelson_gun_406_x1,0.6226,0.6858,1.1,,,9,50,nelson_gun_406_x1,0.6226,0.6858,1.1,
9,50,kgeorge_gun_133_x2,1.074,1.182,0.82,,,9,50,british_adv_cruiser_152_gun_x2,1.037,1.136,0.82,,,9,45,kgeorge_gun_380_x2,0.6226,0.6858,0.82,,,9,50,kgeorge_gun_380_x2,0.6226,0.6858,0.82,,,9,45,kgeorge_gun_a_380_x2,0.6226,0.6858,0.82,,,9,50,kgeorge_gun_a_380_x2,0.6226,0.6858,0.82,,,9,45,kgeorge_gun_380_x2_b,0.6226,0.6858,0.82,,,9,50,kgeorge_gun_380_x2_b,0.6226,0.6858,0.82,,,9,45,kgeorge_gun_380_x2_c,0.6226,0.6858,0.82,,,9,50,kgeorge_gun_380_x2_c,0.6226,0.6858,0.82,,,9,45,dreadnought_gun_305_x2,0.863,0.944,0.82,,,9,50,dreadnought_gun_305_x2,0.863,0.944,0.82,,,9,45,dreadnought_gun_b_305_x2,0.863,0.944,0.82,,,9,50,dreadnought_gun_b_305_x2,0.863,0.944,0.82,,,9,45,dreadnought_gun_c_305_x2,0.863,0.944,0.82,,,9,50,dreadnought_gun_c_305_x2,0.863,0.944,0.82,,,9,45,dreadnought_gun_178_x2,1.548,1.674,0.82,,,9,50,dreadnought_gun_178_x2,1.548,1.674,0.82,,,9,50,warrior_gun_228_x2,1.037,1.137,0.82,,,9,45,agamemnon_gun_228_x2,1.1411,1.2538,0.82,,,9,45,agamemnon_gun_b_228_x2,1.548,1.674,0.82,,,9,45,agamemnon_gun_305_x2,0.863,0.944,0.82,,,9,45,irresistible_gun_305_x2,0.863,0.944,0.82,,,9,45,hood_gun_380_x2,0.863,0.944,0.82,,,9,50,hood_gun_380_x2,0.863,0.944,0.82,,,9,45,didox_gun_cal133_x2,1.548,1.674,0.82,,,9,50,dido_gun_cal133_x2,1.548,1.674,0.82,,,9,45,dido_gun_cal200_x2,0.987,1.086,0.82,,,9,50,hood_gun_140_x2,1.548,1.674,0.82,,,9,45,nelson_gun_152_x2,1.4185,1.553,0.82,,,9,50,nelson_gun_152_x2,1.4185,1.553,0.82,,,9,45,nelson_gun_406_x2,0.6226,0.6858,0.82,,,9,50,nelson_gun_406_x2,0.6226,0.6858,0.82,
9,50,kgeorge_gun_133_x3,1.074,1.182,0.64,,,9,50,british_adv_cruiser_152_gun_x3,1.037,1.136,0.64,,,9,45,kgeorge_gun_380_x3,0.6226,0.6858,0.64,,,9,50,kgeorge_gun_380_x3,0.6226,0.6858,0.64,,,9,45,kgeorge_gun_a_380_x3,0.6226,0.6858,0.64,,,9,50,kgeorge_gun_a_380_x3,0.6226,0.6858,0.64,,,9,45,kgeorge_gun_380_x3_b,0.6226,0.6858,0.64,,,9,50,kgeorge_gun_380_x3_b,0.6226,0.6858,0.64,,,9,45,kgeorge_gun_380_x3_c,0.6226,0.6858,0.64,,,9,50,kgeorge_gun_380_x3_c,0.6226,0.6858,0.64,,,9,45,dreadnought_gun_305_x3,0.863,0.944,0.64,,,9,50,dreadnought_gun_305_x3,0.863,0.944,0.64,,,9,45,dreadnought_gun_b_305_x3,0.863,0.944,0.64,,,9,50,dreadnought_gun_b_305_x3,0.863,0.944,0.64,,,9,45,dreadnought_gun_c_305_x3,0.863,0.944,0.64,,,9,50,dreadnought_gun_c_305_x3,0.863,0.944,0.64,,,9,45,dreadnought_gun_178_x3,1.548,1.674,0.64,,,9,50,dreadnought_gun_178_x3,1.548,1.674,0.64,,,9,50,warrior_gun_228_x3,1.037,1.137,0.64,,,9,45,agamemnon_gun_228_x3,1.1411,1.2538,0.64,,,9,45,agamemnon_gun_b_228_x3,1.548,1.674,0.64,,,9,45,agamemnon_gun_305_x3,0.863,0.944,0.64,,,9,45,irresistible_gun_305_x3,0.863,0.944,0.64,,,9,45,hood_gun_380_x3,0.863,0.944,0.64,,,9,50,hood_gun_380_x3,0.863,0.944,0.64,,,9,45,didox_gun_cal133_x3,1.548,1.674,0.64,,,9,50,dido_gun_cal133_x3,1.548,1.674,0.64,,,9,45,dido_gun_cal200_x3,0.987,1.086,0.64,,,9,50,hood_gun_140_x3,1.548,1.674,0.64,,,9,45,nelson_gun_152_x3,1.4185,1.553,0.64,,,9,50,nelson_gun_152_x3,1.4185,1.553,0.64,,,9,45,nelson_gun_406_x3,0.6226,0.6858,0.64,,,9,50,nelson_gun_406_x3,0.6226,0.6858,0.64,
,50,,1.074,1.182,0.58,,,9,50,british_adv_cruiser_152_gun_x4,1.037,1.136,0.58,,,9,45,kgeorge_gun_380_x4,0.6226,0.6858,0.58,,,9,50,kgeorge_gun_380_x4,0.6226,0.6858,0.58,,,9,45,kgeorge_gun_a_380_x4,0.6226,0.6858,0.58,,,9,50,kgeorge_gun_a_380_x4,0.6226,0.6858,0.58,,,9,45,kgeorge_gun_380_x4_b,0.6226,0.6858,0.58,,,9,50,kgeorge_gun_380_x4_b,0.6226,0.6858,0.58,,,9,45,kgeorge_gun_380_x4_c,0.6226,0.6858,0.58,,,9,50,kgeorge_gun_380_x4_c,0.6226,0.6858,0.58,,,9,45,dreadnought_gun_305_x4,0.863,0.944,0.58,,,9,50,dreadnought_gun_305_x4,0.863,0.944,0.58,,,9,45,dreadnought_gun_b_305_x4,0.863,0.944,0.58,,,9,50,dreadnought_gun_b_305_x4,0.863,0.944,0.58,,,9,45,dreadnought_gun_c_305_x4,0.863,0.944,0.58,,,9,50,dreadnought_gun_c_305_x4,0.863,0.944,0.58,,,9,45,dreadnought_gun_178_x4,1.548,1.674,0.58,,,9,50,dreadnought_gun_178_x4,1.548,1.674,0.58,,,9,50,warrior_gun_228_x4,1.037,1.137,0.58,,,9,45,agamemnon_gun_228_x4,1.1411,1.2538,0.58,,,9,45,agamemnon_gun_b_228_x4,1.548,1.674,0.58,,,9,45,agamemnon_gun_305_x4,0.863,0.944,0.58,,,9,45,irresistible_gun_305_x4,0.863,0.944,0.58,,,9,45,hood_gun_380_x4,0.863,0.944,0.58,,,9,50,hood_gun_380_x4,0.863,0.944,0.58,,,9,45,didox_gun_cal133_x4,1.548,1.674,0.58,,,9,50,dido_gun_cal133_x3,1.548,1.674,0.58,,,9,45,dido_gun_cal200_x3,0.987,1.086,0.58,,,,50,,1.548,1.674,0.58,,,9,45,nelson_gun_152_x4,1.4185,1.553,0.58,,,9,50,nelson_gun_152_x4,1.4185,1.553,0.58,,,9,45,nelson_gun_406_x4,0.6226,0.6858,0.58,,,9,50,nelson_gun_406_x4,0.6226,0.6858,0.58,
10,50,kgeorge_gun_133_x1,1.192,1.3,1.2,,,10,50,british_adv_cruiser_152_gun_x1,1.146,1.245,1.2,,,10,45,kgeorge_gun_380_x1,0.6908,0.754,1.2,,,10,50,kgeorge_gun_380_x1,0.6908,0.754,1.2,,,10,45,kgeorge_gun_a_380_x1,0.6908,0.754,1.2,,,10,50,kgeorge_gun_a_380_x1,0.6908,0.754,1.2,,,10,45,kgeorge_gun_380_x1_b,0.6908,0.754,1.2,,,10,50,kgeorge_gun_380_x1_b,0.6908,0.754,1.2,,,10,45,kgeorge_gun_380_x1_c,0.6908,0.754,1.2,,,10,50,kgeorge_gun_380_x1_c,0.6908,0.754,1.2,,,10,45,dreadnought_gun_305_x1,0.954,1.035,1.2,,,10,50,dreadnought_gun_305_x1,0.954,1.035,1.2,,,10,45,dreadnought_gun_b_305_x1,0.954,1.035,1.2,,,10,50,dreadnought_gun_b_305_x1,0.954,1.035,1.2,,,10,45,dreadnought_gun_c_305_x1,0.954,1.035,1.2,,,10,50,dreadnought_gun_c_305_x1,0.954,1.035,1.2,,,10,45,dreadnought_gun_178_x1,1.684,1.81,1.2,,,10,50,dreadnought_gun_178_x1,1.684,1.81,1.2,,,10,50,warrior_gun_228_x1,1.146,1.246,1.2,,,10,45,agamemnon_gun_228_x1,1.2638,1.3765,1.2,,,10,45,agamemnon_gun_b_228_x1,1.684,1.81,1.2,,,10,45,agamemnon_gun_305_x1,0.954,1.035,1.2,,,10,45,irresistible_gun_305_x1,0.954,1.035,1.2,,,10,45,hood_gun_380_x1,0.954,1.035,1.2,,,10,50,hood_gun_380_x1,0.954,1.035,1.2,,,10,45,didox_gun_cal133_x1,1.684,1.81,1.2,,,10,50,dido_gun_cal133_x1,1.684,1.81,1.2,,,10,45,dido_gun_cal200_x1,1.096,1.195,1.2,,,10,50,hood_gun_140_x1,1.684,1.81,1.2,,,10,45,nelson_gun_152_x1,1.573,1.7075,1.2,,,10,50,nelson_gun_152_x1,1.573,1.7075,1.2,,,10,45,nelson_gun_406_x1,0.6908,0.754,1.2,,,10,50,nelson_gun_406_x1,0.6908,0.754,1.2,
10,50,kgeorge_gun_133_x2,1.192,1.3,0.9,,,10,50,british_adv_cruiser_152_gun_x2,1.146,1.245,0.9,,,10,45,kgeorge_gun_380_x2,0.6908,0.754,0.9,,,10,50,kgeorge_gun_380_x2,0.6908,0.754,0.9,,,10,45,kgeorge_gun_a_380_x2,0.6908,0.754,0.9,,,10,50,kgeorge_gun_a_380_x2,0.6908,0.754,0.9,,,10,45,kgeorge_gun_380_x2_b,0.6908,0.754,0.9,,,10,50,kgeorge_gun_380_x2_b,0.6908,0.754,0.9,,,10,45,kgeorge_gun_380_x2_c,0.6908,0.754,0.9,,,10,50,kgeorge_gun_380_x2_c,0.6908,0.754,0.9,,,10,45,dreadnought_gun_305_x2,0.954,1.035,0.9,,,10,50,dreadnought_gun_305_x2,0.954,1.035,0.9,,,10,45,dreadnought_gun_b_305_x2,0.954,1.035,0.9,,,10,50,dreadnought_gun_b_305_x2,0.954,1.035,0.9,,,10,45,dreadnought_gun_c_305_x2,0.954,1.035,0.9,,,10,50,dreadnought_gun_c_305_x2,0.954,1.035,0.9,,,10,45,dreadnought_gun_178_x2,1.684,1.81,0.9,,,10,50,dreadnought_gun_178_x2,1.684,1.81,0.9,,,10,50,warrior_gun_228_x2,1.146,1.246,0.9,,,10,45,agamemnon_gun_228_x2,1.2638,1.3765,0.9,,,10,45,agamemnon_gun_b_228_x2,1.684,1.81,0.9,,,10,45,agamemnon_gun_305_x2,0.954,1.035,0.9,,,10,45,irresistible_gun_305_x2,0.954,1.035,0.9,,,10,45,hood_gun_380_x2,0.954,1.035,0.9,,,10,50,hood_gun_380_x2,0.954,1.035,0.9,,,10,45,didox_gun_cal133_x2,1.684,1.81,0.9,,,10,50,dido_gun_cal133_x2,1.684,1.81,0.9,,,10,45,dido_gun_cal200_x2,1.096,1.195,0.9,,,10,50,hood_gun_140_x2,1.684,1.81,0.9,,,10,45,nelson_gun_152_x2,1.573,1.7075,0.9,,,10,50,nelson_gun_152_x2,1.573,1.7075,0.9,,,10,45,nelson_gun_406_x2,0.6908,0.754,0.9,,,10,50,nelson_gun_406_x2,0.6908,0.754,0.9,
10,50,kgeorge_gun_133_x3,1.192,1.3,0.68,,,10,50,british_adv_cruiser_152_gun_x3,1.146,1.245,0.68,,,10,45,kgeorge_gun_380_x3,0.6908,0.754,0.68,,,10,50,kgeorge_gun_380_x3,0.6908,0.754,0.68,,,10,45,kgeorge_gun_a_380_x3,0.6908,0.754,0.68,,,10,50,kgeorge_gun_a_380_x3,0.6908,0.754,0.68,,,10,45,kgeorge_gun_380_x3_b,0.6908,0.754,0.68,,,10,50,kgeorge_gun_380_x3_b,0.6908,0.754,0.68,,,10,45,kgeorge_gun_380_x3_c,0.6908,0.754,0.68,,,10,50,kgeorge_gun_380_x3_c,0.6908,0.754,0.68,,,10,45,dreadnought_gun_305_x3,0.954,1.035,0.68,,,10,50,dreadnought_gun_305_x3,0.954,1.035,0.68,,,10,45,dreadnought_gun_b_305_x3,0.954,1.035,0.68,,,10,50,dreadnought_gun_b_305_x3,0.954,1.035,0.68,,,10,45,dreadnought_gun_c_305_x3,0.954,1.035,0.68,,,10,50,dreadnought_gun_c_305_x3,0.954,1.035,0.68,,,10,45,dreadnought_gun_178_x3,1.684,1.81,0.68,,,10,50,dreadnought_gun_178_x3,1.684,1.81,0.68,,,10,50,warrior_gun_228_x3,1.146,1.246,0.68,,,10,45,agamemnon_gun_228_x3,1.2638,1.3765,0.68,,,10,45,agamemnon_gun_b_228_x3,1.684,1.81,0.68,,,10,45,agamemnon_gun_305_x3,0.954,1.035,0.68,,,10,45,irresistible_gun_305_x3,0.954,1.035,0.68,,,10,45,hood_gun_380_x3,0.954,1.035,0.68,,,10,50,hood_gun_380_x3,0.954,1.035,0.68,,,10,45,didox_gun_cal133_x3,1.684,1.81,0.68,,,10,50,dido_gun_cal133_x3,1.684,1.81,0.68,,,10,45,dido_gun_cal200_x3,1.096,1.195,0.68,,,10,50,hood_gun_140_x3,1.684,1.81,0.68,,,10,45,nelson_gun_152_x3,1.573,1.7075,0.68,,,10,50,nelson_gun_152_x3,1.573,1.7075,0.68,,,10,45,nelson_gun_406_x3,0.6908,0.754,0.68,,,10,50,nelson_gun_406_x3,0.6908,0.754,0.68,
,50,,1.192,1.3,0.63,,,10,50,british_adv_cruiser_152_gun_x4,1.146,1.245,0.63,,,10,45,kgeorge_gun_380_x4,0.6908,0.754,0.63,,,10,50,kgeorge_gun_380_x4,0.6908,0.754,0.63,,,10,45,kgeorge_gun_a_380_x4,0.6908,0.754,0.63,,,10,50,kgeorge_gun_a_380_x4,0.6908,0.754,0.63,,,10,45,kgeorge_gun_380_x4_b,0.6908,0.754,0.63,,,10,50,kgeorge_gun_380_x4_b,0.6908,0.754,0.63,,,10,45,kgeorge_gun_380_x4_c,0.6908,0.754,0.63,,,10,50,kgeorge_gun_380_x4_c,0.6908,0.754,0.63,,,10,45,dreadnought_gun_305_x4,0.954,1.035,0.63,,,10,50,dreadnought_gun_305_x4,0.954,1.035,0.63,,,10,45,dreadnought_gun_b_305_x4,0.954,1.035,0.63,,,10,50,dreadnought_gun_b_305_x4,0.954,1.035,0.63,,,10,45,dreadnought_gun_c_305_x4,0.954,1.035,0.63,,,10,50,dreadnought_gun_c_305_x4,0.954,1.035,0.63,,,10,45,dreadnought_gun_178_x4,1.684,1.81,0.63,,,10,50,dreadnought_gun_178_x4,1.684,1.81,0.63,,,10,50,warrior_gun_228_x4,1.146,1.246,0.63,,,10,45,agamemnon_gun_228_x4,1.2638,1.3765,0.63,,,10,45,agamemnon_gun_b_228_x4,1.684,1.81,0.63,,,10,45,agamemnon_gun_305_x4,0.954,1.035,0.63,,,10,45,irresistible_gun_305_x4,0.954,1.035,0.63,,,10,45,hood_gun_380_x4,0.954,1.035,0.63,,,10,50,hood_gun_380_x4,0.954,1.035,0.63,,,10,45,didox_gun_cal133_x4,1.684,1.81,0.63,,,10,50,dido_gun_cal133_x3,1.684,1.81,0.63,,,10,45,dido_gun_cal200_x3,1.096,1.195,0.63,,,,50,,1.684,1.81,0.63,,,10,45,nelson_gun_152_x4,1.573,1.7075,0.63,,,10,50,nelson_gun_152_x4,1.573,1.7075,0.63,,,10,45,nelson_gun_406_x4,0.6908,0.754,0.63,,,10,50,nelson_gun_406_x4,0.6908,0.754,0.63,
11,50,kgeorge_gun_133_x1,1.31,1.418,1.07,,,11,50,british_adv_cruiser_152_gun_x1,1.255,1.354,1.07,,,11,45,kgeorge_gun_380_x1,0.759,0.8222,1.07,,,11,50,kgeorge_gun_380_x1,0.759,0.8222,1.07,,,11,45,kgeorge_gun_a_380_x1,0.759,0.8222,1.07,,,11,50,kgeorge_gun_a_380_x1,0.759,0.8222,1.07,,,11,45,kgeorge_gun_380_x1_b,0.759,0.8222,1.07,,,11,50,kgeorge_gun_380_x1_b,0.759,0.8222,1.07,,,11,45,kgeorge_gun_380_x1_c,0.759,0.8222,1.07,,,11,50,kgeorge_gun_380_x1_c,0.759,0.8222,1.07,,,11,45,dreadnought_gun_305_x1,1.045,1.126,1.07,,,11,50,dreadnought_gun_305_x1,1.045,1.126,1.07,,,11,45,dreadnought_gun_b_305_x1,1.045,1.126,1.07,,,11,50,dreadnought_gun_b_305_x1,1.045,1.126,1.07,,,11,45,dreadnought_gun_c_305_x1,1.045,1.126,1.07,,,11,50,dreadnought_gun_c_305_x1,1.045,1.126,1.07,,,11,45,dreadnought_gun_178_x1,1.82,1.946,1.07,,,11,50,dreadnought_gun_178_x1,1.82,1.946,1.07,,,11,50,warrior_gun_228_x1,1.255,1.355,1.07,,,11,45,agamemnon_gun_228_x1,1.3865,1.4992,1.07,,,11,45,agamemnon_gun_b_228_x1,1.82,1.946,1.07,,,11,45,agamemnon_gun_305_x1,1.045,1.126,1.07,,,11,45,irresistible_gun_305_x1,1.045,1.126,1.07,,,11,45,hood_gun_380_x1,1.045,1.126,1.07,,,11,50,hood_gun_380_x1,1.045,1.126,1.07,,,11,45,didox_gun_cal133_x1,1.82,1.946,1.07,,,11,50,dido_gun_cal133_x1,1.82,1.946,1.07,,,11,45,dido_gun_cal200_x1,1.205,1.304,1.07,,,11,50,hood_gun_140_x1,1.82,1.946,1.07,,,11,45,nelson_gun_152_x1,1.7275,1.862,1.07,,,11,50,nelson_gun_152_x1,1.7275,1.862,1.07,,,11,45,nelson_gun_406_x1,0.759,0.8222,1.07,,,11,50,nelson_gun_406_x1,0.759,0.8222,1.07,
11,50,kgeorge_gun_133_x2,1.31,1.418,0.82,,,11,50,british_adv_cruiser_152_gun_x2,1.255,1.354,0.82,,,11,45,kgeorge_gun_380_x2,0.759,0.8222,0.82,,,11,50,kgeorge_gun_380_x2,0.759,0.8222,0.82,,,11,45,kgeorge_gun_a_380_x2,0.759,0.8222,0.82,,,11,50,kgeorge_gun_a_380_x2,0.759,0.8222,0.82,,,11,45,kgeorge_gun_380_x2_b,0.759,0.8222,0.82,,,11,50,kgeorge_gun_380_x2_b,0.759,0.8222,0.82,,,11,45,kgeorge_gun_380_x2_c,0.759,0.8222,0.82,,,11,50,kgeorge_gun_380_x2_c,0.759,0.8222,0.82,,,11,45,dreadnought_gun_305_x2,1.045,1.126,0.82,,,11,50,dreadnought_gun_305_x2,1.045,1.126,0.82,,,11,45,dreadnought_gun_b_305_x2,1.045,1.126,0.82,,,11,50,dreadnought_gun_b_305_x2,1.045,1.126,0.82,,,11,45,dreadnought_gun_c_305_x2,1.045,1.126,0.82,,,11,50,dreadnought_gun_c_305_x2,1.045,1.126,0.82,,,11,45,dreadnought_gun_178_x2,1.82,1.946,0.82,,,11,50,dreadnought_gun_178_x2,1.82,1.946,0.82,,,11,50,warrior_gun_228_x2,1.255,1.355,0.82,,,11,45,agamemnon_gun_228_x2,1.3865,1.4992,0.82,,,11,45,agamemnon_gun_b_228_x2,1.82,1.946,0.82,,,11,45,agamemnon_gun_305_x2,1.045,1.126,0.82,,,11,45,irresistible_gun_305_x2,1.045,1.126,0.82,,,11,45,hood_gun_380_x2,1.045,1.126,0.82,,,11,50,hood_gun_380_x2,1.045,1.126,0.82,,,11,45,didox_gun_cal133_x2,1.82,1.946,0.82,,,11,50,dido_gun_cal133_x2,1.82,1.946,0.82,,,11,45,dido_gun_cal200_x2,1.205,1.304,0.82,,,11,50,hood_gun_140_x2,1.82,1.946,0.82,,,11,45,nelson_gun_152_x2,1.7275,1.862,0.82,,,11,50,nelson_gun_152_x2,1.7275,1.862,0.82,,,11,45,nelson_gun_406_x2,0.759,0.8222,0.82,,,11,50,nelson_gun_406_x2,0.759,0.8222,0.82,
11,50,kgeorge_gun_133_x3,1.31,1.418,0.66,,,11,50,british_adv_cruiser_152_gun_x3,1.255,1.354,0.66,,,11,45,kgeorge_gun_380_x3,0.759,0.8222,0.66,,,11,50,kgeorge_gun_380_x3,0.759,0.8222,0.66,,,11,45,kgeorge_gun_a_380_x3,0.759,0.8222,0.66,,,11,50,kgeorge_gun_a_380_x3,0.759,0.8222,0.66,,,11,45,kgeorge_gun_380_x3_b,0.759,0.8222,0.66,,,11,50,kgeorge_gun_380_x3_b,0.759,0.8222,0.66,,,11,45,kgeorge_gun_380_x3_c,0.759,0.8222,0.66,,,11,50,kgeorge_gun_380_x3_c,0.759,0.8222,0.66,,,11,45,dreadnought_gun_305_x3,1.045,1.126,0.66,,,11,50,dreadnought_gun_305_x3,1.045,1.126,0.66,,,11,45,dreadnought_gun_b_305_x3,1.045,1.126,0.66,,,11,50,dreadnought_gun_b_305_x3,1.045,1.126,0.66,,,11,45,dreadnought_gun_c_305_x3,1.045,1.126,0.66,,,11,50,dreadnought_gun_c_305_x3,1.045,1.126,0.66,,,11,45,dreadnought_gun_178_x3,1.82,1.946,0.66,,,11,50,dreadnought_gun_178_x3,1.82,1.946,0.66,,,11,50,warrior_gun_228_x3,1.255,1.355,0.66,,,11,45,agamemnon_gun_228_x3,1.3865,1.4992,0.66,,,11,45,agamemnon_gun_b_228_x3,1.82,1.946,0.66,,,11,45,agamemnon_gun_305_x3,1.045,1.126,0.66,,,11,45,irresistible_gun_305_x3,1.045,1.126,0.66,,,11,45,hood_gun_380_x3,1.045,1.126,0.66,,,11,50,hood_gun_380_x3,1.045,1.126,0.66,,,11,45,didox_gun_cal133_x3,1.82,1.946,0.66,,,11,50,dido_gun_cal133_x3,1.82,1.946,0.66,,,11,45,dido_gun_cal200_x3,1.205,1.304,0.66,,,11,50,hood_gun_140_x3,1.82,1.946,0.66,,,11,45,nelson_gun_152_x3,1.7275,1.862,0.66,,,11,50,nelson_gun_152_x3,1.7275,1.862,0.66,,,11,45,nelson_gun_406_x3,0.759,0.8222,0.66,,,11,50,nelson_gun_406_x3,0.759,0.8222,0.66,
,50,,1.31,1.418,0.61,,,11,50,british_adv_cruiser_152_gun_x4,1.255,1.354,0.61,,,11,45,kgeorge_gun_380_x4,0.759,0.8222,0.61,,,11,50,kgeorge_gun_380_x4,0.759,0.8222,0.61,,,11,45,kgeorge_gun_a_380_x4,0.759,0.8222,0.61,,,11,50,kgeorge_gun_a_380_x4,0.759,0.8222,0.61,,,11,45,kgeorge_gun_380_x4_b,0.759,0.8222,0.61,,,11,50,kgeorge_gun_380_x4_b,0.759,0.8222,0.61,,,11,45,kgeorge_gun_380_x4_c,0.759,0.8222,0.61,,,11,50,kgeorge_gun_380_x4_c,0.759,0.8222,0.61,,,11,45,dreadnought_gun_305_x4,1.045,1.126,0.61,,,11,50,dreadnought_gun_305_x4,1.045,1.126,0.61,,,11,45,dreadnought_gun_b_305_x4,1.045,1.126,0.61,,,11,50,dreadnought_gun_b_305_x4,1.045,1.126,0.61,,,11,45,dreadnought_gun_c_305_x4,1.045,1.126,0.61,,,11,50,dreadnought_gun_c_305_x4,1.045,1.126,0.61,,,11,45,dreadnought_gun_178_x4,1.82,1.946,0.61,,,11,50,dreadnought_gun_178_x4,1.82,1.946,0.61,,,11,50,warrior_gun_228_x4,1.255,1.355,0.61,,,11,45,agamemnon_gun_228_x4,1.3865,1.4992,0.61,,,11,45,agamemnon_gun_b_228_x4,1.82,1.946,0.61,,,11,45,agamemnon_gun_305_x4,1.045,1.126,0.61,,,11,45,irresistible_gun_305_x4,1.045,1.126,0.61,,,11,45,hood_gun_380_x4,1.045,1.126,0.61,,,11,50,hood_gun_380_x4,1.045,1.126,0.61,,,11,45,didox_gun_cal133_x4,1.82,1.946,0.61,,,11,50,dido_gun_cal133_x3,1.82,1.946,0.61,,,11,45,dido_gun_cal200_x3,1.205,1.304,0.61,,,,50,,1.82,1.946,0.61,,,11,45,nelson_gun_152_x4,1.7275,1.862,0.61,,,11,50,nelson_gun_152_x4,1.7275,1.862,0.61,,,11,45,nelson_gun_406_x4,0.759,0.8222,0.61,,,11,50,nelson_gun_406_x4,0.759,0.8222,0.61,
12,50,kgeorge_gun_133_x1,1.428,1.536,1.07,,,12,50,british_adv_cruiser_152_gun_x1,1.364,1.463,1.07,,,12,45,kgeorge_gun_380_x1,0.8272,0.8904,1.07,,,12,50,kgeorge_gun_380_x1,0.8272,0.8904,1.07,,,12,45,kgeorge_gun_a_380_x1,0.8272,0.8904,1.07,,,12,50,kgeorge_gun_a_380_x1,0.8272,0.8904,1.07,,,12,45,kgeorge_gun_380_x1_b,0.8272,0.8904,1.07,,,12,50,kgeorge_gun_380_x1_b,0.8272,0.8904,1.07,,,12,45,kgeorge_gun_380_x1_c,0.8272,0.8904,1.07,,,12,50,kgeorge_gun_380_x1_c,0.8272,0.8904,1.07,,,12,45,dreadnought_gun_305_x1,1.136,1.217,1.07,,,12,50,dreadnought_gun_305_x1,1.136,1.217,1.07,,,12,45,dreadnought_gun_b_305_x1,1.136,1.217,1.07,,,12,50,dreadnought_gun_b_305_x1,1.136,1.217,1.07,,,12,45,dreadnought_gun_c_305_x1,1.136,1.217,1.07,,,12,50,dreadnought_gun_c_305_x1,1.136,1.217,1.07,,,12,45,dreadnought_gun_178_x1,1.956,2.082,1.07,,,12,50,dreadnought_gun_178_x1,1.956,2.082,1.07,,,12,50,warrior_gun_228_x1,1.364,1.464,1.07,,,12,45,agamemnon_gun_228_x1,1.5092,1.6219,1.07,,,12,45,agamemnon_gun_b_228_x1,1.956,2.082,1.07,,,12,45,agamemnon_gun_305_x1,1.136,1.217,1.07,,,12,45,irresistible_gun_305_x1,1.136,1.217,1.07,,,12,45,hood_gun_380_x1,1.136,1.217,1.07,,,12,50,hood_gun_380_x1,1.136,1.217,1.07,,,12,45,didox_gun_cal133_x1,1.956,2.082,1.07,,,12,50,dido_gun_cal133_x1,1.956,2.082,1.07,,,12,45,dido_gun_cal200_x1,1.314,1.413,1.07,,,12,50,hood_gun_140_x1,1.956,2.082,1.07,,,12,45,nelson_gun_152_x1,1.882,2.0165,1.07,,,12,50,nelson_gun_152_x1,1.882,2.0165,1.07,,,12,45,nelson_gun_406_x1,0.8272,0.8904,1.07,,,12,50,nelson_gun_406_x1,0.8272,0.8904,1.07,
12,50,kgeorge_gun_133_x2,1.428,1.536,0.82,,,12,50,british_adv_cruiser_152_gun_x2,1.364,1.463,0.82,,,12,45,kgeorge_gun_380_x2,0.8272,0.8904,0.82,,,12,50,kgeorge_gun_380_x2,0.8272,0.8904,0.82,,,12,45,kgeorge_gun_a_380_x2,0.8272,0.8904,0.82,,,12,50,kgeorge_gun_a_380_x2,0.8272,0.8904,0.82,,,12,45,kgeorge_gun_380_x2_b,0.8272,0.8904,0.82,,,12,50,kgeorge_gun_380_x2_b,0.8272,0.8904,0.82,,,12,45,kgeorge_gun_380_x2_c,0.8272,0.8904,0.82,,,12,50,kgeorge_gun_380_x2_c,0.8272,0.8904,0.82,,,12,45,dreadnought_gun_305_x2,1.136,1.217,0.82,,,12,50,dreadnought_gun_305_x2,1.136,1.217,0.82,,,12,45,dreadnought_gun_b_305_x2,1.136,1.217,0.82,,,12,50,dreadnought_gun_b_305_x2,1.136,1.217,0.82,,,12,45,dreadnought_gun_c_305_x2,1.136,1.217,0.82,,,12,50,dreadnought_gun_c_305_x2,1.136,1.217,0.82,,,12,45,dreadnought_gun_178_x2,1.956,2.082,0.82,,,12,50,dreadnought_gun_178_x2,1.956,2.082,0.82,,,12,50,warrior_gun_228_x2,1.364,1.464,0.82,,,12,45,agamemnon_gun_228_x2,1.5092,1.6219,0.82,,,12,45,agamemnon_gun_b_228_x2,1.956,2.082,0.82,,,12,45,agamemnon_gun_305_x2,1.136,1.217,0.82,,,12,45,irresistible_gun_305_x2,1.136,1.217,0.82,,,12,45,hood_gun_380_x2,1.136,1.217,0.82,,,12,50,hood_gun_380_x2,1.136,1.217,0.82,,,12,45,didox_gun_cal133_x2,1.956,2.082,0.82,,,12,50,dido_gun_cal133_x2,1.956,2.082,0.82,,,12,45,dido_gun_cal200_x2,1.314,1.413,0.82,,,12,50,hood_gun_140_x2,1.956,2.082,0.82,,,12,45,nelson_gun_152_x2,1.882,2.0165,0.82,,,12,50,nelson_gun_152_x2,1.882,2.0165,0.82,,,12,45,nelson_gun_406_x2,0.8272,0.8904,0.82,,,12,50,nelson_gun_406_x2,0.8272,0.8904,0.82,
12,50,kgeorge_gun_133_x3,1.428,1.536,0.66,,,12,50,british_adv_cruiser_152_gun_x3,1.364,1.463,0.66,,,12,45,kgeorge_gun_380_x3,0.8272,0.8904,0.66,,,12,50,kgeorge_gun_380_x3,0.8272,0.8904,0.66,,,12,45,kgeorge_gun_a_380_x3,0.8272,0.8904,0.66,,,12,50,kgeorge_gun_a_380_x3,0.8272,0.8904,0.66,,,12,45,kgeorge_gun_380_x3_b,0.8272,0.8904,0.66,,,12,50,kgeorge_gun_380_x3_b,0.8272,0.8904,0.66,,,12,45,kgeorge_gun_380_x3_c,0.8272,0.8904,0.66,,,12,50,kgeorge_gun_380_x3_c,0.8272,0.8904,0.66,,,12,45,dreadnought_gun_305_x3,1.136,1.217,0.66,,,12,50,dreadnought_gun_305_x3,1.136,1.217,0.66,,,12,45,dreadnought_gun_b_305_x3,1.136,1.217,0.66,,,12,50,dreadnought_gun_b_305_x3,1.136,1.217,0.66,,,12,45,dreadnought_gun_c_305_x3,1.136,1.217,0.66,,,12,50,dreadnought_gun_c_305_x3,1.136,1.217,0.66,,,12,45,dreadnought_gun_178_x3,1.956,2.082,0.66,,,12,50,dreadnought_gun_178_x3,1.956,2.082,0.66,,,12,50,warrior_gun_228_x3,1.364,1.464,0.66,,,12,45,agamemnon_gun_228_x3,1.5092,1.6219,0.66,,,12,45,agamemnon_gun_b_228_x3,1.956,2.082,0.66,,,12,45,agamemnon_gun_305_x3,1.136,1.217,0.66,,,12,45,irresistible_gun_305_x3,1.136,1.217,0.66,,,12,45,hood_gun_380_x3,1.136,1.217,0.66,,,12,50,hood_gun_380_x3,1.136,1.217,0.66,,,12,45,didox_gun_cal133_x3,1.956,2.082,0.66,,,12,50,dido_gun_cal133_x3,1.956,2.082,0.66,,,12,45,dido_gun_cal200_x3,1.314,1.413,0.66,,,12,50,hood_gun_140_x3,1.956,2.082,0.66,,,12,45,nelson_gun_152_x3,1.882,2.0165,0.66,,,12,50,nelson_gun_152_x3,1.882,2.0165,0.66,,,12,45,nelson_gun_406_x3,0.8272,0.8904,0.66,,,12,50,nelson_gun_406_x3,0.8272,0.8904,0.66,
,50,,1.428,1.536,0.61,,,12,50,british_adv_cruiser_152_gun_x4,1.364,1.463,0.61,,,12,45,kgeorge_gun_380_x4,0.8272,0.8904,0.61,,,12,50,kgeorge_gun_380_x4,0.8272,0.8904,0.61,,,12,45,kgeorge_gun_a_380_x4,0.8272,0.8904,0.61,,,12,50,kgeorge_gun_a_380_x4,0.8272,0.8904,0.61,,,12,45,kgeorge_gun_380_x4_b,0.8272,0.8904,0.61,,,12,50,kgeorge_gun_380_x4_b,0.8272,0.8904,0.61,,,12,45,kgeorge_gun_380_x4_c,0.8272,0.8904,0.61,,,12,50,kgeorge_gun_380_x4_c,0.8272,0.8904,0.61,,,12,45,dreadnought_gun_305_x4,1.136,1.217,0.61,,,12,50,dreadnought_gun_305_x4,1.136,1.217,0.61,,,12,45,dreadnought_gun_b_305_x4,1.136,1.217,0.61,,,12,50,dreadnought_gun_b_305_x4,1.136,1.217,0.61,,,12,45,dreadnought_gun_c_305_x4,1.136,1.217,0.61,,,12,50,dreadnought_gun_c_305_x4,1.136,1.217,0.61,,,12,45,dreadnought_gun_178_x4,1.956,2.082,0.61,,,12,50,dreadnought_gun_178_x4,1.956,2.082,0.61,,,12,50,warrior_gun_228_x4,1.364,1.464,0.61,,,12,45,agamemnon_gun_228_x4,1.5092,1.6219,0.61,,,12,45,agamemnon_gun_b_228_x4,1.956,2.082,0.61,,,12,45,agamemnon_gun_305_x4,1.136,1.217,0.61,,,12,45,irresistible_gun_305_x4,1.136,1.217,0.61,,,12,45,hood_gun_380_x4,1.136,1.217,0.61,,,12,50,hood_gun_380_x4,1.136,1.217,0.61,,,12,45,didox_gun_cal133_x4,1.956,2.082,0.61,,,12,50,dido_gun_cal133_x3,1.956,2.082,0.61,,,12,45,dido_gun_cal200_x3,1.314,1.413,0.61,,,,50,,1.956,2.082,0.61,,,12,45,nelson_gun_152_x4,1.882,2.0165,0.61,,,12,50,nelson_gun_152_x4,1.882,2.0165,0.61,,,12,45,nelson_gun_406_x4,0.8272,0.8904,0.61,,,12,50,nelson_gun_406_x4,0.8272,0.8904,0.61,
13,50,kgeorge_gun_133_x1,1.546,1.654,1.13,,,13,50,british_adv_cruiser_152_gun_x1,1.473,1.572,1.13,,,13,45,kgeorge_gun_380_x1,0.8954,0.9586,1.13,,,13,50,kgeorge_gun_380_x1,0.8954,0.9586,1.13,,,13,45,kgeorge_gun_a_380_x1,0.8954,0.9586,1.13,,,13,50,kgeorge_gun_a_380_x1,0.8954,0.9586,1.13,,,13,45,kgeorge_gun_380_x1_b,0.8954,0.9586,1.13,,,13,50,kgeorge_gun_380_x1_b,0.8954,0.9586,1.13,,,13,45,kgeorge_gun_380_x1_c,0.8954,0.9586,1.13,,,13,50,kgeorge_gun_380_x1_c,0.8954,0.9586,1.13,,,13,45,dreadnought_gun_305_x1,1.227,1.308,1.13,,,13,50,dreadnought_gun_305_x1,1.227,1.308,1.13,,,13,45,dreadnought_gun_b_305_x1,1.227,1.308,1.13,,,13,50,dreadnought_gun_b_305_x1,1.227,1.308,1.13,,,13,45,dreadnought_gun_c_305_x1,1.227,1.308,1.13,,,13,50,dreadnought_gun_c_305_x1,1.227,1.308,1.13,,,13,45,dreadnought_gun_178_x1,2.092,2.218,1.13,,,13,50,dreadnought_gun_178_x1,2.092,2.218,1.13,,,13,50,warrior_gun_228_x1,1.473,1.573,1.13,,,13,45,agamemnon_gun_228_x1,1.6319,1.7446,1.13,,,13,45,agamemnon_gun_b_228_x1,2.092,2.218,1.13,,,13,45,agamemnon_gun_305_x1,1.227,1.308,1.13,,,13,45,irresistible_gun_305_x1,1.227,1.308,1.13,,,13,45,hood_gun_380_x1,1.227,1.308,1.13,,,13,50,hood_gun_380_x1,1.227,1.308,1.13,,,13,45,didox_gun_cal133_x1,2.092,2.218,1.13,,,13,50,dido_gun_cal133_x1,2.092,2.218,1.13,,,13,45,dido_gun_cal200_x1,1.423,1.522,1.13,,,13,50,hood_gun_140_x1,2.092,2.218,1.13,,,13,45,nelson_gun_152_x1,2.0365,2.171,1.13,,,13,50,nelson_gun_152_x1,2.0365,2.171,1.13,,,13,45,nelson_gun_406_x1,0.8954,0.9586,1.13,,,13,50,nelson_gun_406_x1,0.8954,0.9586,1.13,
13,50,kgeorge_gun_133_x2,1.546,1.654,0.88,,,13,50,british_adv_cruiser_152_gun_x2,1.473,1.572,0.88,,,13,45,kgeorge_gun_380_x2,0.8954,0.9586,0.88,,,13,50,kgeorge_gun_380_x2,0.8954,0.9586,0.88,,,13,45,kgeorge_gun_a_380_x2,0.8954,0.9586,0.88,,,13,50,kgeorge_gun_a_380_x2,0.8954,0.9586,0.88,,,13,45,kgeorge_gun_380_x2_b,0.8954,0.9586,0.88,,,13,50,kgeorge_gun_380_x2_b,0.8954,0.9586,0.88,,,13,45,kgeorge_gun_380_x2_c,0.8954,0.9586,0.88,,,13,50,kgeorge_gun_380_x2_c,0.8954,0.9586,0.88,,,13,45,dreadnought_gun_305_x2,1.227,1.308,0.88,,,13,50,dreadnought_gun_305_x2,1.227,1.308,0.88,,,13,45,dreadnought_gun_b_305_x2,1.227,1.308,0.88,,,13,50,dreadnought_gun_b_305_x2,1.227,1.308,0.88,,,13,45,dreadnought_gun_c_305_x2,1.227,1.308,0.88,,,13,50,dreadnought_gun_c_305_x2,1.227,1.308,0.88,,,13,45,dreadnought_gun_178_x2,2.092,2.218,0.88,,,13,50,dreadnought_gun_178_x2,2.092,2.218,0.88,,,13,50,warrior_gun_228_x2,1.473,1.573,0.88,,,13,45,agamemnon_gun_228_x2,1.6319,1.7446,0.88,,,13,45,agamemnon_gun_b_228_x2,2.092,2.218,0.88,,,13,45,agamemnon_gun_305_x2,1.227,1.308,0.88,,,13,45,irresistible_gun_305_x2,1.227,1.308,0.88,,,13,45,hood_gun_380_x2,1.227,1.308,0.88,,,13,50,hood_gun_380_x2,1.227,1.308,0.88,,,13,45,didox_gun_cal133_x2,2.092,2.218,0.88,,,13,50,dido_gun_cal133_x2,2.092,2.218,0.88,,,13,45,dido_gun_cal200_x2,1.423,1.522,0.88,,,13,50,hood_gun_140_x2,2.092,2.218,0.88,,,13,45,nelson_gun_152_x2,2.0365,2.171,0.88,,,13,50,nelson_gun_152_x2,2.0365,2.171,0.88,,,13,45,nelson_gun_406_x2,0.8954,0.9586,0.88,,,13,50,nelson_gun_406_x2,0.8954,0.9586,0.88,
13,50,kgeorge_gun_133_x3,1.546,1.654,0.705,,,13,50,british_adv_cruiser_152_gun_x3,1.473,1.572,0.705,,,13,45,kgeorge_gun_380_x3,0.8954,0.9586,0.705,,,13,50,kgeorge_gun_380_x3,0.8954,0.9586,0.705,,,13,45,kgeorge_gun_a_380_x3,0.8954,0.9586,0.705,,,13,50,kgeorge_gun_a_380_x3,0.8954,0.9586,0.705,,,13,45,kgeorge_gun_380_x3_b,0.8954,0.9586,0.705,,,13,50,kgeorge_gun_380_x3_b,0.8954,0.9586,0.705,,,13,45,kgeorge_gun_380_x3_c,0.8954,0.9586,0.705,,,13,50,kgeorge_gun_380_x3_c,0.8954,0.9586,0.705,,,13,45,dreadnought_gun_305_x3,1.227,1.308,0.705,,,13,50,dreadnought_gun_305_x3,1.227,1.308,0.705,,,13,45,dreadnought_gun_b_305_x3,1.227,1.308,0.705,,,13,50,dreadnought_gun_b_305_x3,1.227,1.308,0.705,,,13,45,dreadnought_gun_c_305_x3,1.227,1.308,0.705,,,13,50,dreadnought_gun_c_305_x3,1.227,1.308,0.705,,,13,45,dreadnought_gun_178_x3,2.092,2.218,0.705,,,13,50,dreadnought_gun_178_x3,2.092,2.218,0.705,,,13,50,warrior_gun_228_x3,1.473,1.573,0.705,,,13,45,agamemnon_gun_228_x3,1.6319,1.7446,0.705,,,13,45,agamemnon_gun_b_228_x3,2.092,2.218,0.705,,,13,45,agamemnon_gun_305_x3,1.227,1.308,0.705,,,13,45,irresistible_gun_305_x3,1.227,1.308,0.705,,,13,45,hood_gun_380_x3,1.227,1.308,0.705,,,13,50,hood_gun_380_x3,1.227,1.308,0.705,,,13,45,didox_gun_cal133_x3,2.092,2.218,0.705,,,13,50,dido_gun_cal133_x3,2.092,2.218,0.705,,,13,45,dido_gun_cal200_x3,1.423,1.522,0.705,,,13,50,hood_gun_140_x3,2.092,2.218,0.705,,,13,45,nelson_gun_152_x3,2.0365,2.171,0.705,,,13,50,nelson_gun_152_x3,2.0365,2.171,0.705,,,13,45,nelson_gun_406_x3,0.8954,0.9586,0.705,,,13,50,nelson_gun_406_x3,0.8954,0.9586,0.705,
,50,,1.546,1.654,0.65,,,13,50,british_adv_cruiser_152_gun_x4,1.473,1.572,0.65,,,13,45,kgeorge_gun_380_x4,0.8954,0.9586,0.65,,,13,50,kgeorge_gun_380_x4,0.8954,0.9586,0.65,,,13,45,kgeorge_gun_a_380_x4,0.8954,0.9586,0.65,,,13,50,kgeorge_gun_a_380_x4,0.8954,0.9586,0.65,,,13,45,kgeorge_gun_380_x4_b,0.8954,0.9586,0.65,,,13,50,kgeorge_gun_380_x4_b,0.8954,0.9586,0.65,,,13,45,kgeorge_gun_380_x4_c,0.8954,0.9586,0.65,,,13,50,kgeorge_gun_380_x4_c,0.8954,0.9586,0.65,,,13,45,dreadnought_gun_305_x4,1.227,1.308,0.65,,,13,50,dreadnought_gun_305_x4,1.227,1.308,0.65,,,13,45,dreadnought_gun_b_305_x4,1.227,1.308,0.65,,,13,50,dreadnought_gun_b_305_x4,1.227,1.308,0.65,,,13,45,dreadnought_gun_c_305_x4,1.227,1.308,0.65,,,13,50,dreadnought_gun_c_305_x4,1.227,1.308,0.65,,,13,45,dreadnought_gun_178_x4,2.092,2.218,0.65,,,13,50,dreadnought_gun_178_x4,2.092,2.218,0.65,,,13,50,warrior_gun_228_x4,1.473,1.573,0.65,,,13,45,agamemnon_gun_228_x4,1.6319,1.7446,0.65,,,13,45,agamemnon_gun_b_228_x4,2.092,2.218,0.65,,,13,45,agamemnon_gun_305_x4,1.227,1.308,0.65,,,13,45,irresistible_gun_305_x4,1.227,1.308,0.65,,,13,45,hood_gun_380_x4,1.227,1.308,0.65,,,13,50,hood_gun_380_x4,1.227,1.308,0.65,,,13,45,didox_gun_cal133_x4,2.092,2.218,0.65,,,13,50,dido_gun_cal133_x3,2.092,2.218,0.65,,,13,45,dido_gun_cal200_x3,1.423,1.522,0.65,,,,50,,2.092,2.218,0.65,,,13,45,nelson_gun_152_x4,2.0365,2.171,0.65,,,13,50,nelson_gun_152_x4,2.0365,2.171,0.65,,,13,45,nelson_gun_406_x4,0.8954,0.9586,0.65,,,13,50,nelson_gun_406_x4,0.8954,0.9586,0.65,
14,50,kgeorge_gun_133_x1,1.664,1.772,1.13,,,14,50,british_adv_cruiser_152_gun_x1,1.582,1.681,1.13,,,14,45,kgeorge_gun_380_x1,0.9636,1.0268,1.13,,,14,50,kgeorge_gun_380_x1,0.9636,1.0268,1.13,,,14,45,kgeorge_gun_a_380_x1,0.9636,1.0268,1.13,,,14,50,kgeorge_gun_a_380_x1,0.9636,1.0268,1.13,,,14,45,kgeorge_gun_380_x1_b,0.9636,1.0268,1.13,,,14,50,kgeorge_gun_380_x1_b,0.9636,1.0268,1.13,,,14,45,kgeorge_gun_380_x1_c,0.9636,1.0268,1.13,,,14,50,kgeorge_gun_380_x1_c,0.9636,1.0268,1.13,,,14,45,dreadnought_gun_305_x1,1.318,1.399,1.13,,,14,50,dreadnought_gun_305_x1,1.318,1.399,1.13,,,14,45,dreadnought_gun_b_305_x1,1.318,1.399,1.13,,,14,50,dreadnought_gun_b_305_x1,1.318,1.399,1.13,,,14,45,dreadnought_gun_c_305_x1,1.318,1.399,1.13,,,14,50,dreadnought_gun_c_305_x1,1.318,1.399,1.13,,,14,45,dreadnought_gun_178_x1,2.228,2.354,1.13,,,14,50,dreadnought_gun_178_x1,2.228,2.354,1.13,,,14,50,warrior_gun_228_x1,1.582,1.682,1.13,,,14,45,agamemnon_gun_228_x1,1.7546,1.8673,1.13,,,14,45,agamemnon_gun_b_228_x1,2.228,2.354,1.13,,,14,45,agamemnon_gun_305_x1,1.318,1.399,1.13,,,14,45,irresistible_gun_305_x1,1.318,1.399,1.13,,,14,45,hood_gun_380_x1,1.318,1.399,1.13,,,14,50,hood_gun_380_x1,1.318,1.399,1.13,,,14,45,didox_gun_cal133_x1,2.228,2.354,1.13,,,14,50,dido_gun_cal133_x1,2.228,2.354,1.13,,,14,45,dido_gun_cal200_x1,1.532,1.631,1.13,,,14,50,hood_gun_140_x1,2.228,2.354,1.13,,,14,45,nelson_gun_152_x1,2.191,2.3255,1.13,,,14,50,nelson_gun_152_x1,2.191,2.3255,1.13,,,14,45,nelson_gun_406_x1,0.9636,1.0268,1.13,,,14,50,nelson_gun_406_x1,0.9636,1.0268,1.13,
14,50,kgeorge_gun_133_x2,1.664,1.772,0.88,,,14,50,british_adv_cruiser_152_gun_x2,1.582,1.681,0.88,,,14,45,kgeorge_gun_380_x2,0.9636,1.0268,0.88,,,14,50,kgeorge_gun_380_x2,0.9636,1.0268,0.88,,,14,45,kgeorge_gun_a_380_x2,0.9636,1.0268,0.88,,,14,50,kgeorge_gun_a_380_x2,0.9636,1.0268,0.88,,,14,45,kgeorge_gun_380_x2_b,0.9636,1.0268,0.88,,,14,50,kgeorge_gun_380_x2_b,0.9636,1.0268,0.88,,,14,45,kgeorge_gun_380_x2_c,0.9636,1.0268,0.88,,,14,50,kgeorge_gun_380_x2_c,0.9636,1.0268,0.88,,,14,45,dreadnought_gun_305_x2,1.318,1.399,0.88,,,14,50,dreadnought_gun_305_x2,1.318,1.399,0.88,,,14,45,dreadnought_gun_b_305_x2,1.318,1.399,0.88,,,14,50,dreadnought_gun_b_305_x2,1.318,1.399,0.88,,,14,45,dreadnought_gun_c_305_x2,1.318,1.399,0.88,,,14,50,dreadnought_gun_c_305_x2,1.318,1.399,0.88,,,14,45,dreadnought_gun_178_x2,2.228,2.354,0.88,,,14,50,dreadnought_gun_178_x2,2.228,2.354,0.88,,,14,50,warrior_gun_228_x2,1.582,1.682,0.88,,,14,45,agamemnon_gun_228_x2,1.7546,1.8673,0.88,,,14,45,agamemnon_gun_b_228_x2,2.228,2.354,0.88,,,14,45,agamemnon_gun_305_x2,1.318,1.399,0.88,,,14,45,irresistible_gun_305_x2,1.318,1.399,0.88,,,14,45,hood_gun_380_x2,1.318,1.399,0.88,,,14,50,hood_gun_380_x2,1.318,1.399,0.88,,,14,45,didox_gun_cal133_x2,2.228,2.354,0.88,,,14,50,dido_gun_cal133_x2,2.228,2.354,0.88,,,14,45,dido_gun_cal200_x2,1.532,1.631,0.88,,,14,50,hood_gun_140_x2,2.228,2.354,0.88,,,14,45,nelson_gun_152_x2,2.191,2.3255,0.88,,,14,50,nelson_gun_152_x2,2.191,2.3255,0.88,,,14,45,nelson_gun_406_x2,0.9636,1.0268,0.88,,,14,50,nelson_gun_406_x2,0.9636,1.0268,0.88,
14,50,kgeorge_gun_133_x3,1.664,1.772,0.705,,,14,50,british_adv_cruiser_152_gun_x3,1.582,1.681,0.705,,,14,45,kgeorge_gun_380_x3,0.9636,1.0268,0.705,,,14,50,kgeorge_gun_380_x3,0.9636,1.0268,0.705,,,14,45,kgeorge_gun_a_380_x3,0.9636,1.0268,0.705,,,14,50,kgeorge_gun_a_380_x3,0.9636,1.0268,0.705,,,14,45,kgeorge_gun_380_x3_b,0.9636,1.0268,0.705,,,14,50,kgeorge_gun_380_x3_b,0.9636,1.0268,0.705,,,14,45,kgeorge_gun_380_x3_c,0.9636,1.0268,0.705,,,14,50,kgeorge_gun_380_x3_c,0.9636,1.0268,0.705,,,14,45,dreadnought_gun_305_x3,1.318,1.399,0.705,,,14,50,dreadnought_gun_305_x3,1.318,1.399,0.705,,,14,45,dreadnought_gun_b_305_x3,1.318,1.399,0.705,,,14,50,dreadnought_gun_b_305_x3,1.318,1.399,0.705,,,14,45,dreadnought_gun_c_305_x3,1.318,1.399,0.705,,,14,50,dreadnought_gun_c_305_x3,1.318,1.399,0.705,,,14,45,dreadnought_gun_178_x3,2.228,2.354,0.705,,,14,50,dreadnought_gun_178_x3,2.228,2.354,0.705,,,14,50,warrior_gun_228_x3,1.582,1.682,0.705,,,14,45,agamemnon_gun_228_x3,1.7546,1.8673,0.705,,,14,45,agamemnon_gun_b_228_x3,2.228,2.354,0.705,,,14,45,agamemnon_gun_305_x3,1.318,1.399,0.705,,,14,45,irresistible_gun_305_x3,1.318,1.399,0.705,,,14,45,hood_gun_380_x3,1.318,1.399,0.705,,,14,50,hood_gun_380_x3,1.318,1.399,0.705,,,14,45,didox_gun_cal133_x3,2.228,2.354,0.705,,,14,50,dido_gun_cal133_x3,2.228,2.354,0.705,,,14,45,dido_gun_cal200_x3,1.532,1.631,0.705,,,14,50,hood_gun_140_x3,2.228,2.354,0.705,,,14,45,nelson_gun_152_x3,2.191,2.3255,0.705,,,14,50,nelson_gun_152_x3,2.191,2.3255,0.705,,,14,45,nelson_gun_406_x3,0.9636,1.0268,0.705,,,14,50,nelson_gun_406_x3,0.9636,1.0268,0.705,
,50,,1.664,1.772,0.66,,,14,50,british_adv_cruiser_152_gun_x4,1.582,1.681,0.66,,,14,45,kgeorge_gun_380_x4,0.9636,1.0268,0.66,,,14,50,kgeorge_gun_380_x4,0.9636,1.0268,0.66,,,14,45,kgeorge_gun_a_380_x4,0.9636,1.0268,0.66,,,14,50,kgeorge_gun_a_380_x4,0.9636,1.0268,0.66,,,14,45,kgeorge_gun_380_x4_b,0.9636,1.0268,0.66,,,14,50,kgeorge_gun_380_x4_b,0.9636,1.0268,0.66,,,14,45,kgeorge_gun_380_x4_c,0.9636,1.0268,0.66,,,14,50,kgeorge_gun_380_x4_c,0.9636,1.0268,0.66,,,14,45,dreadnought_gun_305_x4,1.318,1.399,0.66,,,14,50,dreadnought_gun_305_x4,1.318,1.399,0.66,,,14,45,dreadnought_gun_b_305_x4,1.318,1.399,0.66,,,14,50,dreadnought_gun_b_305_x4,1.318,1.399,0.66,,,14,45,dreadnought_gun_c_305_x4,1.318,1.399,0.66,,,14,50,dreadnought_gun_c_305_x4,1.318,1.399,0.66,,,14,45,dreadnought_gun_178_x4,2.228,2.354,0.66,,,14,50,dreadnought_gun_178_x4,2.228,2.354,0.66,,,14,50,warrior_gun_228_x4,1.582,1.682,0.66,,,14,45,agamemnon_gun_228_x4,1.7546,1.8673,0.66,,,14,45,agamemnon_gun_b_228_x4,2.228,2.354,0.66,,,14,45,agamemnon_gun_305_x4,1.318,1.399,0.66,,,14,45,irresistible_gun_305_x4,1.318,1.399,0.66,,,14,45,hood_gun_380_x4,1.318,1.399,0.66,,,14,50,hood_gun_380_x4,1.318,1.399,0.66,,,14,45,didox_gun_cal133_x4,2.228,2.354,0.66,,,14,50,dido_gun_cal133_x3,2.228,2.354,0.66,,,14,45,dido_gun_cal200_x3,1.532,1.631,0.66,,,,50,,2.228,2.354,0.66,,,14,45,nelson_gun_152_x4,2.191,2.3255,0.66,,,14,50,nelson_gun_152_x4,2.191,2.3255,0.66,,,14,45,nelson_gun_406_x4,0.9636,1.0268,0.66,,,14,50,nelson_gun_406_x4,0.9636,1.0268,0.66,
15,50,kgeorge_gun_133_x1,1.782,1.89,1.14,,,15,50,british_adv_cruiser_152_gun_x1,1.691,1.79,1.14,,,15,45,kgeorge_gun_380_x1,1.0318,1.095,1.14,,,15,50,kgeorge_gun_380_x1,1.0318,1.095,1.14,,,15,45,kgeorge_gun_a_380_x1,1.0318,1.095,1.14,,,15,50,kgeorge_gun_a_380_x1,1.0318,1.095,1.14,,,15,45,kgeorge_gun_380_x1_b,1.0318,1.095,1.14,,,15,50,kgeorge_gun_380_x1_b,1.0318,1.095,1.14,,,15,45,kgeorge_gun_380_x1_c,1.0318,1.095,1.14,,,15,50,kgeorge_gun_380_x1_c,1.0318,1.095,1.14,,,15,45,dreadnought_gun_305_x1,1.409,1.49,1.14,,,15,50,dreadnought_gun_305_x1,1.409,1.49,1.14,,,15,45,dreadnought_gun_b_305_x1,1.409,1.49,1.14,,,15,50,dreadnought_gun_b_305_x1,1.409,1.49,1.14,,,15,45,dreadnought_gun_c_305_x1,1.409,1.49,1.14,,,15,50,dreadnought_gun_c_305_x1,1.409,1.49,1.14,,,15,45,dreadnought_gun_178_x1,2.364,2.49,1.14,,,15,50,dreadnought_gun_178_x1,2.364,2.49,1.14,,,15,50,warrior_gun_228_x1,1.691,1.791,1.14,,,15,45,agamemnon_gun_228_x1,1.8773,1.99,1.14,,,15,45,agamemnon_gun_b_228_x1,2.364,2.49,1.14,,,15,45,agamemnon_gun_305_x1,1.409,1.49,1.14,,,15,45,irresistible_gun_305_x1,1.409,1.49,1.14,,,15,45,hood_gun_380_x1,1.409,1.49,1.14,,,15,50,hood_gun_380_x1,1.409,1.49,1.14,,,15,45,didox_gun_cal133_x1,2.364,2.49,1.14,,,15,50,dido_gun_cal133_x1,2.364,2.49,1.14,,,15,45,dido_gun_cal200_x1,1.641,1.74,1.14,,,15,50,hood_gun_140_x1,2.364,2.49,1.14,,,15,45,nelson_gun_152_x1,2.3455,2.48,1.14,,,15,50,nelson_gun_152_x1,2.3455,2.48,1.14,,,15,45,nelson_gun_406_x1,1.0318,1.095,1.14,,,15,50,nelson_gun_406_x1,1.0318,1.095,1.14,
15,50,kgeorge_gun_133_x2,1.782,1.89,0.9,,,15,50,british_adv_cruiser_152_gun_x2,1.691,1.79,0.9,,,15,45,kgeorge_gun_380_x2,1.0318,1.095,0.9,,,15,50,kgeorge_gun_380_x2,1.0318,1.095,0.9,,,15,45,kgeorge_gun_a_380_x2,1.0318,1.095,0.9,,,15,50,kgeorge_gun_a_380_x2,1.0318,1.095,0.9,,,15,45,kgeorge_gun_380_x2_b,1.0318,1.095,0.9,,,15,50,kgeorge_gun_380_x2_b,1.0318,1.095,0.9,,,15,45,kgeorge_gun_380_x2_c,1.0318,1.095,0.9,,,15,50,kgeorge_gun_380_x2_c,1.0318,1.095,0.9,,,15,45,dreadnought_gun_305_x2,1.409,1.49,0.9,,,15,50,dreadnought_gun_305_x2,1.409,1.49,0.9,,,15,45,dreadnought_gun_b_305_x2,1.409,1.49,0.9,,,15,50,dreadnought_gun_b_305_x2,1.409,1.49,0.9,,,15,45,dreadnought_gun_c_305_x2,1.409,1.49,0.9,,,15,50,dreadnought_gun_c_305_x2,1.409,1.49,0.9,,,15,45,dreadnought_gun_178_x2,2.364,2.49,0.9,,,15,50,dreadnought_gun_178_x2,2.364,2.49,0.9,,,15,50,warrior_gun_228_x2,1.691,1.791,0.9,,,15,45,agamemnon_gun_228_x2,1.8773,1.99,0.9,,,15,45,agamemnon_gun_b_228_x2,2.364,2.49,0.9,,,15,45,agamemnon_gun_305_x2,1.409,1.49,0.9,,,15,45,irresistible_gun_305_x2,1.409,1.49,0.9,,,15,45,hood_gun_380_x2,1.409,1.49,0.9,,,15,50,hood_gun_380_x2,1.409,1.49,0.9,,,15,45,didox_gun_cal133_x2,2.364,2.49,0.9,,,15,50,dido_gun_cal133_x2,2.364,2.49,0.9,,,15,45,dido_gun_cal200_x2,1.641,1.74,0.9,,,15,50,hood_gun_140_x2,2.364,2.49,0.9,,,15,45,nelson_gun_152_x2,2.3455,2.48,0.9,,,15,50,nelson_gun_152_x2,2.3455,2.48,0.9,,,15,45,nelson_gun_406_x2,1.0318,1.095,0.9,,,15,50,nelson_gun_406_x2,1.0318,1.095,0.9,
15,50,kgeorge_gun_133_x3,1.782,1.89,0.72,,,15,50,british_adv_cruiser_152_gun_x3,1.691,1.79,0.72,,,15,45,kgeorge_gun_380_x3,1.0318,1.095,0.72,,,15,50,kgeorge_gun_380_x3,1.0318,1.095,0.72,,,15,45,kgeorge_gun_a_380_x3,1.0318,1.095,0.72,,,15,50,kgeorge_gun_a_380_x3,1.0318,1.095,0.72,,,15,45,kgeorge_gun_380_x3_b,1.0318,1.095,0.72,,,15,50,kgeorge_gun_380_x3_b,1.0318,1.095,0.72,,,15,45,kgeorge_gun_380_x3_c,1.0318,1.095,0.72,,,15,50,kgeorge_gun_380_x3_c,1.0318,1.095,0.72,,,15,45,dreadnought_gun_305_x3,1.409,1.49,0.72,,,15,50,dreadnought_gun_305_x3,1.409,1.49,0.72,,,15,45,dreadnought_gun_b_305_x3,1.409,1.49,0.72,,,15,50,dreadnought_gun_b_305_x3,1.409,1.49,0.72,,,15,45,dreadnought_gun_c_305_x3,1.409,1.49,0.72,,,15,50,dreadnought_gun_c_305_x3,1.409,1.49,0.72,,,15,45,dreadnought_gun_178_x3,2.364,2.49,0.72,,,15,50,dreadnought_gun_178_x3,2.364,2.49,0.72,,,15,50,warrior_gun_228_x3,1.691,1.791,0.72,,,15,45,agamemnon_gun_228_x3,1.8773,1.99,0.72,,,15,45,agamemnon_gun_b_228_x3,2.364,2.49,0.72,,,15,45,agamemnon_gun_305_x3,1.409,1.49,0.72,,,15,45,irresistible_gun_305_x3,1.409,1.49,0.72,,,15,45,hood_gun_380_x3,1.409,1.49,0.72,,,15,50,hood_gun_380_x3,1.409,1.49,0.72,,,15,45,didox_gun_cal133_x3,2.364,2.49,0.72,,,15,50,dido_gun_cal133_x3,2.364,2.49,0.72,,,15,45,dido_gun_cal200_x3,1.641,1.74,0.72,,,15,50,hood_gun_140_x3,2.364,2.49,0.72,,,15,45,nelson_gun_152_x3,2.3455,2.48,0.72,,,15,50,nelson_gun_152_x3,2.3455,2.48,0.72,,,15,45,nelson_gun_406_x3,1.0318,1.095,0.72,,,15,50,nelson_gun_406_x3,1.0318,1.095,0.72,
,50,,1.782,1.89,0.675,,,15,50,british_adv_cruiser_152_gun_x4,1.691,1.79,0.675,,,15,45,kgeorge_gun_380_x4,1.0318,1.095,0.675,,,15,50,kgeorge_gun_380_x4,1.0318,1.095,0.675,,,15,45,kgeorge_gun_a_380_x4,1.0318,1.095,0.675,,,15,50,kgeorge_gun_a_380_x4,1.0318,1.095,0.675,,,15,45,kgeorge_gun_380_x4_b,1.0318,1.095,0.675,,,15,50,kgeorge_gun_380_x4_b,1.0318,1.095,0.675,,,15,45,kgeorge_gun_380_x4_c,1.0318,1.095,0.675,,,15,50,kgeorge_gun_380_x4_c,1.0318,1.095,0.675,,,15,45,dreadnought_gun_305_x4,1.409,1.49,0.675,,,15,50,dreadnought_gun_305_x4,1.409,1.49,0.675,,,15,45,dreadnought_gun_b_305_x4,1.409,1.49,0.675,,,15,50,dreadnought_gun_b_305_x4,1.409,1.49,0.675,,,15,45,dreadnought_gun_c_305_x4,1.409,1.49,0.675,,,15,50,dreadnought_gun_c_305_x4,1.409,1.49,0.675,,,15,45,dreadnought_gun_178_x4,2.364,2.49,0.675,,,15,50,dreadnought_gun_178_x4,2.364,2.49,0.675,,,15,50,warrior_gun_228_x4,1.691,1.791,0.675,,,15,45,agamemnon_gun_228_x4,1.8773,1.99,0.675,,,15,45,agamemnon_gun_b_228_x4,2.364,2.49,0.675,,,15,45,agamemnon_gun_305_x4,1.409,1.49,0.675,,,15,45,irresistible_gun_305_x4,1.409,1.49,0.675,,,15,45,hood_gun_380_x4,1.409,1.49,0.675,,,15,50,hood_gun_380_x4,1.409,1.49,0.675,,,15,45,didox_gun_cal133_x4,2.364,2.49,0.675,,,15,50,dido_gun_cal133_x3,2.364,2.49,0.675,,,15,45,dido_gun_cal200_x3,1.641,1.74,0.675,,,,50,,2.364,2.49,0.675,,,15,45,nelson_gun_152_x4,2.3455,2.48,0.675,,,15,50,nelson_gun_152_x4,2.3455,2.48,0.675,,,15,45,nelson_gun_406_x4,1.0318,1.095,0.675,,,15,50,nelson_gun_406_x4,1.0318,1.095,0.675,
16,50,kgeorge_gun_133_x1,1.9,2.008,1.15,,,16,50,british_adv_cruiser_152_gun_x1,1.8,1.899,1.15,,,16,45,kgeorge_gun_380_x1,1.1,1.1632,1.15,,,16,50,kgeorge_gun_380_x1,1.1,1.1632,1.15,,,16,45,kgeorge_gun_a_380_x1,1.1,1.1632,1.15,,,16,50,kgeorge_gun_a_380_x1,1.1,1.1632,1.15,,,16,45,kgeorge_gun_380_x1_b,1.1,1.1632,1.15,,,16,50,kgeorge_gun_380_x1_b,1.1,1.1632,1.15,,,16,45,kgeorge_gun_380_x1_c,1.1,1.1632,1.15,,,16,50,kgeorge_gun_380_x1_c,1.1,1.1632,1.15,,,16,45,dreadnought_gun_305_x1,1.5,1.581,1.15,,,16,50,dreadnought_gun_305_x1,1.5,1.581,1.15,,,16,45,dreadnought_gun_b_305_x1,1.5,1.581,1.15,,,16,50,dreadnought_gun_b_305_x1,1.5,1.581,1.15,,,16,45,dreadnought_gun_c_305_x1,1.5,1.581,1.15,,,16,50,dreadnought_gun_c_305_x1,1.5,1.581,1.15,,,16,45,dreadnought_gun_178_x1,2.5,2.626,1.15,,,16,50,dreadnought_gun_178_x1,2.5,2.626,1.15,,,16,50,warrior_gun_228_x1,1.8,1.9,1.15,,,16,45,agamemnon_gun_228_x1,2,2.1127,1.15,,,16,45,agamemnon_gun_b_228_x1,2.5,2.626,1.15,,,16,45,agamemnon_gun_305_x1,1.5,1.581,1.15,,,16,45,irresistible_gun_305_x1,1.5,1.581,1.15,,,16,45,hood_gun_380_x1,1.5,1.581,1.15,,,16,50,hood_gun_380_x1,1.5,1.581,1.15,,,16,45,didox_gun_cal133_x1,2.5,2.626,1.15,,,16,50,dido_gun_cal133_x1,2.5,2.626,1.15,,,16,45,dido_gun_cal200_x1,1.75,1.849,1.15,,,16,50,hood_gun_140_x1,2.5,2.626,1.15,,,16,45,nelson_gun_152_x1,2.5,2.6345,1.15,,,16,50,nelson_gun_152_x1,2.5,2.6345,1.15,,,16,45,nelson_gun_406_x1,1.1,1.1632,1.15,,,16,50,nelson_gun_406_x1,1.1,1.1632,1.15,
16,50,kgeorge_gun_133_x2,1.9,2.008,0.93,,,16,50,british_adv_cruiser_152_gun_x2,1.8,1.899,0.93,,,16,45,kgeorge_gun_380_x2,1.1,1.1632,0.93,,,16,50,kgeorge_gun_380_x2,1.1,1.1632,0.93,,,16,45,kgeorge_gun_a_380_x2,1.1,1.1632,0.93,,,16,50,kgeorge_gun_a_380_x2,1.1,1.1632,0.93,,,16,45,kgeorge_gun_380_x2_b,1.1,1.1632,0.93,,,16,50,kgeorge_gun_380_x2_b,1.1,1.1632,0.93,,,16,45,kgeorge_gun_380_x2_c,1.1,1.1632,0.93,,,16,50,kgeorge_gun_380_x2_c,1.1,1.1632,0.93,,,16,45,dreadnought_gun_305_x2,1.5,1.581,0.93,,,16,50,dreadnought_gun_305_x2,1.5,1.581,0.93,,,16,45,dreadnought_gun_b_305_x2,1.5,1.581,0.93,,,16,50,dreadnought_gun_b_305_x2,1.5,1.581,0.93,,,16,45,dreadnought_gun_c_305_x2,1.5,1.581,0.93,,,16,50,dreadnought_gun_c_305_x2,1.5,1.581,0.93,,,16,45,dreadnought_gun_178_x2,2.5,2.626,0.93,,,16,50,dreadnought_gun_178_x2,2.5,2.626,0.93,,,16,50,warrior_gun_228_x2,1.8,1.9,0.93,,,16,45,agamemnon_gun_228_x2,2,2.1127,0.93,,,16,45,agamemnon_gun_b_228_x2,2.5,2.626,0.93,,,16,45,agamemnon_gun_305_x2,1.5,1.581,0.93,,,16,45,irresistible_gun_305_x2,1.5,1.581,0.93,,,16,45,hood_gun_380_x2,1.5,1.581,0.93,,,16,50,hood_gun_380_x2,1.5,1.581,0.93,,,16,45,didox_gun_cal133_x2,2.5,2.626,0.93,,,16,50,dido_gun_cal133_x2,2.5,2.626,0.93,,,16,45,dido_gun_cal200_x2,1.75,1.849,0.93,,,16,50,hood_gun_140_x2,2.5,2.626,0.93,,,16,45,nelson_gun_152_x2,2.5,2.6345,0.93,,,16,50,nelson_gun_152_x2,2.5,2.6345,0.93,,,16,45,nelson_gun_406_x2,1.1,1.1632,0.93,,,16,50,nelson_gun_406_x2,1.1,1.1632,0.93,
16,50,kgeorge_gun_133_x3,1.9,2.008,0.75,,,16,50,british_adv_cruiser_152_gun_x3,1.8,1.899,0.75,,,16,45,kgeorge_gun_380_x3,1.1,1.1632,0.75,,,16,50,kgeorge_gun_380_x3,1.1,1.1632,0.75,,,16,45,kgeorge_gun_a_380_x3,1.1,1.1632,0.75,,,16,50,kgeorge_gun_a_380_x3,1.1,1.1632,0.75,,,16,45,kgeorge_gun_380_x3_b,1.1,1.1632,0.75,,,16,50,kgeorge_gun_380_x3_b,1.1,1.1632,0.75,,,16,45,kgeorge_gun_380_x3_c,1.1,1.1632,0.75,,,16,50,kgeorge_gun_380_x3_c,1.1,1.1632,0.75,,,16,45,dreadnought_gun_305_x3,1.5,1.581,0.75,,,16,50,dreadnought_gun_305_x3,1.5,1.581,0.75,,,16,45,dreadnought_gun_b_305_x3,1.5,1.581,0.75,,,16,50,dreadnought_gun_b_305_x3,1.5,1.581,0.75,,,16,45,dreadnought_gun_c_305_x3,1.5,1.581,0.75,,,16,50,dreadnought_gun_c_305_x3,1.5,1.581,0.75,1.02,,16,45,dreadnought_gun_178_x3,2.5,2.626,0.75,,,16,50,dreadnought_gun_178_x3,2.5,2.626,0.75,,,16,50,warrior_gun_228_x3,1.8,1.9,0.75,,,16,45,agamemnon_gun_228_x3,2,2.1127,0.75,,,16,45,agamemnon_gun_b_228_x3,2.5,2.626,0.75,,,16,45,agamemnon_gun_305_x3,1.5,1.581,0.75,,,16,45,irresistible_gun_305_x3,1.5,1.581,0.75,,,16,45,hood_gun_380_x3,1.5,1.581,0.75,,,16,50,hood_gun_380_x3,1.5,1.581,0.75,,,16,45,didox_gun_cal133_x3,2.5,2.626,0.75,,,16,50,dido_gun_cal133_x3,2.5,2.626,0.75,,,16,45,dido_gun_cal200_x3,1.75,1.849,0.75,,,16,50,hood_gun_140_x3,2.5,2.626,0.75,,,16,45,nelson_gun_152_x3,2.5,2.6345,0.75,,,16,50,nelson_gun_152_x3,2.5,2.6345,0.75,,,16,45,nelson_gun_406_x3,1.1,1.1632,0.75,,,16,50,nelson_gun_406_x3,1.1,1.1632,0.75,
,50,,1.9,2.008,0.68,,,16,50,british_adv_cruiser_152_gun_x4,1.8,1.899,0.68,,,16,45,kgeorge_gun_380_x4,1.1,1.1632,0.68,,,16,50,kgeorge_gun_380_x4,1.1,1.1632,0.68,,,16,45,kgeorge_gun_a_380_x4,1.1,1.1632,0.68,,,16,50,kgeorge_gun_a_380_x4,1.1,1.1632,0.68,,,16,45,kgeorge_gun_380_x4_b,1.1,1.1632,0.68,,,16,50,kgeorge_gun_380_x4_b,1.1,1.1632,0.68,,,16,45,kgeorge_gun_380_x4_c,1.1,1.1632,0.68,,,16,50,kgeorge_gun_380_x4_c,1.1,1.1632,0.68,,,16,45,dreadnought_gun_305_x4,1.5,1.581,0.68,,,16,50,dreadnought_gun_305_x4,1.5,1.581,0.68,,,16,45,dreadnought_gun_b_305_x4,1.5,1.581,0.68,,,16,50,dreadnought_gun_b_305_x4,1.5,1.581,0.68,,,16,45,dreadnought_gun_c_305_x4,1.5,1.581,0.68,,,16,50,dreadnought_gun_c_305_x4,1.5,1.581,0.68,,,16,45,dreadnought_gun_178_x4,2.5,2.626,0.68,,,16,50,dreadnought_gun_178_x4,2.5,2.626,0.68,,,16,50,warrior_gun_228_x4,1.8,1.9,0.68,,,16,45,agamemnon_gun_228_x4,2,2.1127,0.68,,,16,45,agamemnon_gun_b_228_x4,2.5,2.626,0.68,,,16,45,agamemnon_gun_305_x4,1.5,1.581,0.68,,,16,45,irresistible_gun_305_x4,1.5,1.581,0.68,,,16,45,hood_gun_380_x4,1.5,1.581,0.68,,,16,50,hood_gun_380_x4,1.5,1.581,0.68,,,16,45,didox_gun_cal133_x4,2.5,2.626,0.68,,,16,50,dido_gun_cal133_x3,2.5,2.626,0.68,,,16,45,dido_gun_cal200_x3,1.75,1.849,0.68,,,,50,,2.5,2.626,0.68,,,16,45,nelson_gun_152_x4,2.5,2.6345,0.68,,,16,50,nelson_gun_152_x4,2.5,2.6345,0.68,,,16,45,nelson_gun_406_x4,1.1,1.1632,0.68,,,16,50,nelson_gun_406_x4,1.1,1.1632,0.68,
17,50,kgeorge_gun_133_x1,2.018,2.126,1.2,,,17,50,british_adv_cruiser_152_gun_x1,1.909,2.008,1.2,,,17,45,kgeorge_gun_380_x1,1.1682,1.2314,1.2,,,17,50,kgeorge_gun_380_x1,1.1682,1.2314,1.2,,,17,45,kgeorge_gun_a_380_x1,1.1682,1.2314,1.2,,,17,50,kgeorge_gun_a_380_x1,1.1682,1.2314,1.2,,,17,45,kgeorge_gun_380_x1_b,1.1682,1.2314,1.2,,,17,50,kgeorge_gun_380_x1_b,1.1682,1.2314,1.2,,,17,45,kgeorge_gun_380_x1_c,1.1682,1.2314,1.2,,,17,50,kgeorge_gun_380_x1_c,1.1682,1.2314,1.2,,,17,45,dreadnought_gun_305_x1,1.591,1.672,1.2,,,17,50,dreadnought_gun_305_x1,1.591,1.672,1.2,,,17,45,dreadnought_gun_b_305_x1,1.591,1.672,1.2,,,17,50,dreadnought_gun_b_305_x1,1.591,1.672,1.2,,,17,45,dreadnought_gun_c_305_x1,1.591,1.672,1.2,,,17,50,dreadnought_gun_c_305_x1,1.591,1.672,1.2,,,17,45,dreadnought_gun_178_x1,2.636,2.762,1.2,,,17,50,dreadnought_gun_178_x1,2.636,2.762,1.2,,,17,50,warrior_gun_228_x1,1.909,2.009,1.2,,,17,45,agamemnon_gun_228_x1,2.1227,2.2354,1.2,,,17,45,agamemnon_gun_b_228_x1,2.636,2.762,1.2,,,17,45,agamemnon_gun_305_x1,1.591,1.672,1.2,,,17,45,irresistible_gun_305_x1,1.591,1.672,1.2,,,17,45,hood_gun_380_x1,1.591,1.672,1.2,,,17,50,hood_gun_380_x1,1.591,1.672,1.2,,,17,45,didox_gun_cal133_x1,2.636,2.762,1.2,,,17,50,dido_gun_cal133_x1,2.636,2.762,1.2,,,17,45,dido_gun_cal200_x1,1.859,1.958,1.2,,,17,50,hood_gun_140_x1,2.636,2.762,1.2,,,17,45,nelson_gun_152_x1,2.6545,2.789,1.2,,,17,50,nelson_gun_152_x1,2.6545,2.789,1.2,,,17,45,nelson_gun_406_x1,1.1682,1.2314,1.2,,,17,50,nelson_gun_406_x1,1.1682,1.2314,1.2,
17,50,kgeorge_gun_133_x2,2.018,2.126,0.95,,,17,50,british_adv_cruiser_152_gun_x2,1.909,2.008,0.95,,,17,45,kgeorge_gun_380_x2,1.1682,1.2314,0.95,,,17,50,kgeorge_gun_380_x2,1.1682,1.2314,0.95,,,17,45,kgeorge_gun_a_380_x2,1.1682,1.2314,0.95,,,17,50,kgeorge_gun_a_380_x2,1.1682,1.2314,0.95,,,17,45,kgeorge_gun_380_x2_b,1.1682,1.2314,0.95,,,17,50,kgeorge_gun_380_x2_b,1.1682,1.2314,0.95,,,17,45,kgeorge_gun_380_x2_c,1.1682,1.2314,0.95,,,17,50,kgeorge_gun_380_x2_c,1.1682,1.2314,0.95,,,17,45,dreadnought_gun_305_x2,1.591,1.672,0.95,,,17,50,dreadnought_gun_305_x2,1.591,1.672,0.95,,,17,45,dreadnought_gun_b_305_x2,1.591,1.672,0.95,,,17,50,dreadnought_gun_b_305_x2,1.591,1.672,0.95,,,17,45,dreadnought_gun_c_305_x2,1.591,1.672,0.95,,,17,50,dreadnought_gun_c_305_x2,1.591,1.672,0.95,,,17,45,dreadnought_gun_178_x2,2.636,2.762,0.95,,,17,50,dreadnought_gun_178_x2,2.636,2.762,0.95,,,17,50,warrior_gun_228_x2,1.909,2.009,0.95,,,17,45,agamemnon_gun_228_x2,2.1227,2.2354,0.95,,,17,45,agamemnon_gun_b_228_x2,2.636,2.762,0.95,,,17,45,agamemnon_gun_305_x2,1.591,1.672,0.95,,,17,45,irresistible_gun_305_x2,1.591,1.672,0.95,,,17,45,hood_gun_380_x2,1.591,1.672,0.95,,,17,50,hood_gun_380_x2,1.591,1.672,0.95,,,17,45,didox_gun_cal133_x2,2.636,2.762,0.95,,,17,50,dido_gun_cal133_x2,2.636,2.762,0.95,,,17,45,dido_gun_cal200_x2,1.859,1.958,0.95,,,17,50,hood_gun_140_x2,2.636,2.762,0.95,,,17,45,nelson_gun_152_x2,2.6545,2.789,0.95,,,17,50,nelson_gun_152_x2,2.6545,2.789,0.95,,,17,45,nelson_gun_406_x2,1.1682,1.2314,0.95,,,17,50,nelson_gun_406_x2,1.1682,1.2314,0.95,
17,50,kgeorge_gun_133_x3,2.018,2.126,0.775,,,17,50,british_adv_cruiser_152_gun_x3,1.909,2.008,0.775,,,17,45,kgeorge_gun_380_x3,1.1682,1.2314,0.775,,,17,50,kgeorge_gun_380_x3,1.1682,1.2314,0.775,,,17,45,kgeorge_gun_a_380_x3,1.1682,1.2314,0.775,,,17,50,kgeorge_gun_a_380_x3,1.1682,1.2314,0.775,,,17,45,kgeorge_gun_380_x3_b,1.1682,1.2314,0.775,,,17,50,kgeorge_gun_380_x3_b,1.1682,1.2314,0.775,,,17,45,kgeorge_gun_380_x3_c,1.1682,1.2314,0.775,,,17,50,kgeorge_gun_380_x3_c,1.1682,1.2314,0.775,,,17,45,dreadnought_gun_305_x3,1.591,1.672,0.775,,,17,50,dreadnought_gun_305_x3,1.591,1.672,0.775,,,17,45,dreadnought_gun_b_305_x3,1.591,1.672,0.775,,,17,50,dreadnought_gun_b_305_x3,1.591,1.672,0.775,,,17,45,dreadnought_gun_c_305_x3,1.591,1.672,0.775,,,17,50,dreadnought_gun_c_305_x3,1.591,1.672,0.775,,,17,45,dreadnought_gun_178_x3,2.636,2.762,0.775,,,17,50,dreadnought_gun_178_x3,2.636,2.762,0.775,,,17,50,warrior_gun_228_x3,1.909,2.009,0.775,,,17,45,agamemnon_gun_228_x3,2.1227,2.2354,0.775,,,17,45,agamemnon_gun_b_228_x3,2.636,2.762,0.775,,,17,45,agamemnon_gun_305_x3,1.591,1.672,0.775,,,17,45,irresistible_gun_305_x3,1.591,1.672,0.775,,,17,45,hood_gun_380_x3,1.591,1.672,0.775,,,17,50,hood_gun_380_x3,1.591,1.672,0.775,,,17,45,didox_gun_cal133_x3,2.636,2.762,0.775,,,17,50,dido_gun_cal133_x3,2.636,2.762,0.775,,,17,45,dido_gun_cal200_x3,1.859,1.958,0.775,,,17,50,hood_gun_140_x3,2.636,2.762,0.775,,,17,45,nelson_gun_152_x3,2.6545,2.789,0.775,,,17,50,nelson_gun_152_x3,2.6545,2.789,0.775,,,17,45,nelson_gun_406_x3,1.1682,1.2314,0.775,,,17,50,nelson_gun_406_x3,1.1682,1.2314,0.775,
,50,,2.018,2.126,0.71,,,17,50,british_adv_cruiser_152_gun_x4,1.909,2.008,0.71,,,17,45,kgeorge_gun_380_x4,1.1682,1.2314,0.71,,,17,50,kgeorge_gun_380_x4,1.1682,1.2314,0.71,,,17,45,kgeorge_gun_a_380_x4,1.1682,1.2314,0.71,,,17,50,kgeorge_gun_a_380_x4,1.1682,1.2314,0.71,,,17,45,kgeorge_gun_380_x4_b,1.1682,1.2314,0.71,,,17,50,kgeorge_gun_380_x4_b,1.1682,1.2314,0.71,,,17,45,kgeorge_gun_380_x4_c,1.1682,1.2314,0.71,,,17,50,kgeorge_gun_380_x4_c,1.1682,1.2314,0.71,,,17,45,dreadnought_gun_305_x4,1.591,1.672,0.71,,,17,50,dreadnought_gun_305_x4,1.591,1.672,0.71,,,17,45,dreadnought_gun_b_305_x4,1.591,1.672,0.71,,,17,50,dreadnought_gun_b_305_x4,1.591,1.672,0.71,,,17,45,dreadnought_gun_c_305_x4,1.591,1.672,0.71,,,17,50,dreadnought_gun_c_305_x4,1.591,1.672,0.71,,,17,45,dreadnought_gun_178_x4,2.636,2.762,0.71,,,17,50,dreadnought_gun_178_x4,2.636,2.762,0.71,,,17,50,warrior_gun_228_x4,1.909,2.009,0.71,,,17,45,agamemnon_gun_228_x4,2.1227,2.2354,0.71,,,17,45,agamemnon_gun_b_228_x4,2.636,2.762,0.71,,,17,45,agamemnon_gun_305_x4,1.591,1.672,0.71,,,17,45,irresistible_gun_305_x4,1.591,1.672,0.71,,,17,45,hood_gun_380_x4,1.591,1.672,0.71,,,17,50,hood_gun_380_x4,1.591,1.672,0.71,,,17,45,didox_gun_cal133_x4,2.636,2.762,0.71,,,17,50,dido_gun_cal133_x3,2.636,2.762,0.71,,,17,45,dido_gun_cal200_x3,1.859,1.958,0.71,,,,50,,2.636,2.762,0.71,,,17,45,nelson_gun_152_x4,2.6545,2.789,0.71,,,17,50,nelson_gun_152_x4,2.6545,2.789,0.71,,,17,45,nelson_gun_406_x4,1.1682,1.2314,0.71,,,17,50,nelson_gun_406_x4,1.1682,1.2314,0.71,
18,50,kgeorge_gun_133_x1,2.136,2.244,1.23,,,18,50,british_adv_cruiser_152_gun_x1,2.018,2.117,1.23,,,18,45,kgeorge_gun_380_x1,1.2364,1.2996,1.23,,,18,50,kgeorge_gun_380_x1,1.2364,1.2996,1.23,,,18,45,kgeorge_gun_a_380_x1,1.2364,1.2996,1.23,,,18,50,kgeorge_gun_a_380_x1,1.2364,1.2996,1.23,,,18,45,kgeorge_gun_380_x1_b,1.2364,1.2996,1.23,,,18,50,kgeorge_gun_380_x1_b,1.2364,1.2996,1.23,,,18,45,kgeorge_gun_380_x1_c,1.2364,1.2996,1.23,,,18,50,kgeorge_gun_380_x1_c,1.2364,1.2996,1.23,,,18,45,dreadnought_gun_305_x1,1.682,1.763,1.23,,,18,50,dreadnought_gun_305_x1,1.682,1.763,1.23,,,18,45,dreadnought_gun_b_305_x1,1.682,1.763,1.23,,,18,50,dreadnought_gun_b_305_x1,1.682,1.763,1.23,,,18,45,dreadnought_gun_c_305_x1,1.682,1.763,1.23,,,18,50,dreadnought_gun_c_305_x1,1.682,1.763,1.23,,,18,45,dreadnought_gun_178_x1,2.772,2.898,1.23,,,18,50,dreadnought_gun_178_x1,2.772,2.898,1.23,,,18,50,warrior_gun_228_x1,2.018,2.118,1.23,,,18,45,agamemnon_gun_228_x1,2.2454,2.3581,1.23,,,18,45,agamemnon_gun_b_228_x1,2.772,2.898,1.23,,,18,45,agamemnon_gun_305_x1,1.682,1.763,1.23,,,18,45,irresistible_gun_305_x1,1.682,1.763,1.23,,,18,45,hood_gun_380_x1,1.682,1.763,1.23,,,18,50,hood_gun_380_x1,1.682,1.763,1.23,,,18,45,didox_gun_cal133_x1,2.772,2.898,1.23,,,18,50,dido_gun_cal133_x1,2.772,2.898,1.23,,,18,45,dido_gun_cal200_x1,1.968,2.067,1.23,,,18,50,hood_gun_140_x1,2.772,2.898,1.23,,,18,45,nelson_gun_152_x1,2.809,2.9435,1.23,,,18,50,nelson_gun_152_x1,2.809,2.9435,1.23,,,18,45,nelson_gun_406_x1,1.2364,1.2996,1.23,,,18,50,nelson_gun_406_x1,1.2364,1.2996,1.23,
18,50,kgeorge_gun_133_x2,2.136,2.244,0.985,,,18,50,british_adv_cruiser_152_gun_x2,2.018,2.117,0.985,,,18,45,kgeorge_gun_380_x2,1.2364,1.2996,0.985,,,18,50,kgeorge_gun_380_x2,1.2364,1.2996,0.985,,,18,45,kgeorge_gun_a_380_x2,1.2364,1.2996,0.985,,,18,50,kgeorge_gun_a_380_x2,1.2364,1.2996,0.985,,,18,45,kgeorge_gun_380_x2_b,1.2364,1.2996,0.985,,,18,50,kgeorge_gun_380_x2_b,1.2364,1.2996,0.985,,,18,45,kgeorge_gun_380_x2_c,1.2364,1.2996,0.985,,,18,50,kgeorge_gun_380_x2_c,1.2364,1.2996,0.985,,,18,45,dreadnought_gun_305_x2,1.682,1.763,0.985,,,18,50,dreadnought_gun_305_x2,1.682,1.763,0.985,,,18,45,dreadnought_gun_b_305_x2,1.682,1.763,0.985,,,18,50,dreadnought_gun_b_305_x2,1.682,1.763,0.985,,,18,45,dreadnought_gun_c_305_x2,1.682,1.763,0.985,,,18,50,dreadnought_gun_c_305_x2,1.682,1.763,0.985,,,18,45,dreadnought_gun_178_x2,2.772,2.898,0.985,,,18,50,dreadnought_gun_178_x2,2.772,2.898,0.985,,,18,50,warrior_gun_228_x2,2.018,2.118,0.985,,,18,45,agamemnon_gun_228_x2,2.2454,2.3581,0.985,,,18,45,agamemnon_gun_b_228_x2,2.772,2.898,0.985,,,18,45,agamemnon_gun_305_x2,1.682,1.763,0.985,,,18,45,irresistible_gun_305_x2,1.682,1.763,0.985,,,18,45,hood_gun_380_x2,1.682,1.763,0.985,,,18,50,hood_gun_380_x2,1.682,1.763,0.985,,,18,45,didox_gun_cal133_x2,2.772,2.898,0.985,,,18,50,dido_gun_cal133_x2,2.772,2.898,0.985,,,18,45,dido_gun_cal200_x2,1.968,2.067,0.985,,,18,50,hood_gun_140_x2,2.772,2.898,0.985,,,18,45,nelson_gun_152_x2,2.809,2.9435,0.985,,,18,50,nelson_gun_152_x2,2.809,2.9435,0.985,,,18,45,nelson_gun_406_x2,1.2364,1.2996,0.985,,,18,50,nelson_gun_406_x2,1.2364,1.2996,0.985,
18,50,kgeorge_gun_133_x3,2.136,2.244,0.81,,,18,50,british_adv_cruiser_152_gun_x3,2.018,2.117,0.81,,,18,45,kgeorge_gun_380_x3,1.2364,1.2996,0.81,,,18,50,kgeorge_gun_380_x3,1.2364,1.2996,0.81,,,18,45,kgeorge_gun_a_380_x3,1.2364,1.2996,0.81,,,18,50,kgeorge_gun_a_380_x3,1.2364,1.2996,0.81,,,18,45,kgeorge_gun_380_x3_b,1.2364,1.2996,0.81,,,18,50,kgeorge_gun_380_x3_b,1.2364,1.2996,0.81,,,18,45,kgeorge_gun_380_x3_c,1.2364,1.2996,0.81,,,18,50,kgeorge_gun_380_x3_c,1.2364,1.2996,0.81,,,18,45,dreadnought_gun_305_x3,1.682,1.763,0.81,,,18,50,dreadnought_gun_305_x3,1.682,1.763,0.81,,,18,45,dreadnought_gun_b_305_x3,1.682,1.763,0.81,,,18,50,dreadnought_gun_b_305_x3,1.682,1.763,0.81,,,18,45,dreadnought_gun_c_305_x3,1.682,1.763,0.81,,,18,50,dreadnought_gun_c_305_x3,1.682,1.763,0.81,,,18,45,dreadnought_gun_178_x3,2.772,2.898,0.81,,,18,50,dreadnought_gun_178_x3,2.772,2.898,0.81,,,18,50,warrior_gun_228_x3,2.018,2.118,0.81,,,18,45,agamemnon_gun_228_x3,2.2454,2.3581,0.81,,,18,45,agamemnon_gun_b_228_x3,2.772,2.898,0.81,,,18,45,agamemnon_gun_305_x3,1.682,1.763,0.81,,,18,45,irresistible_gun_305_x3,1.682,1.763,0.81,,,18,45,hood_gun_380_x3,1.682,1.763,0.81,,,18,50,hood_gun_380_x3,1.682,1.763,0.81,,,18,45,didox_gun_cal133_x3,2.772,2.898,0.81,,,18,50,dido_gun_cal133_x3,2.772,2.898,0.81,,,18,45,dido_gun_cal200_x3,1.968,2.067,0.81,,,18,50,hood_gun_140_x3,2.772,2.898,0.81,,,18,45,nelson_gun_152_x3,2.809,2.9435,0.81,,,18,50,nelson_gun_152_x3,2.809,2.9435,0.81,,,18,45,nelson_gun_406_x3,1.2364,1.2996,0.81,,,18,50,nelson_gun_406_x3,1.2364,1.2996,0.81,
,50,,2.136,2.244,0.735,,,18,50,british_adv_cruiser_152_gun_x4,2.018,2.117,0.735,,,18,45,kgeorge_gun_380_x4,1.2364,1.2996,0.735,,,18,50,kgeorge_gun_380_x4,1.2364,1.2996,0.735,,,18,45,kgeorge_gun_a_380_x4,1.2364,1.2996,0.735,,,18,50,kgeorge_gun_a_380_x4,1.2364,1.2996,0.735,,,18,45,kgeorge_gun_380_x4_b,1.2364,1.2996,0.735,,,18,50,kgeorge_gun_380_x4_b,1.2364,1.2996,0.735,,,18,45,kgeorge_gun_380_x4_c,1.2364,1.2996,0.735,,,18,50,kgeorge_gun_380_x4_c,1.2364,1.2996,0.735,,,18,45,dreadnought_gun_305_x4,1.682,1.763,0.735,,,18,50,dreadnought_gun_305_x4,1.682,1.763,0.735,,,18,45,dreadnought_gun_b_305_x4,1.682,1.763,0.735,,,18,50,dreadnought_gun_b_305_x4,1.682,1.763,0.735,,,18,45,dreadnought_gun_c_305_x4,1.682,1.763,0.735,,,18,50,dreadnought_gun_c_305_x4,1.682,1.763,0.735,,,18,45,dreadnought_gun_178_x4,2.772,2.898,0.735,,,18,50,dreadnought_gun_178_x4,2.772,2.898,0.735,,,18,50,warrior_gun_228_x4,2.018,2.118,0.735,,,18,45,agamemnon_gun_228_x4,2.2454,2.3581,0.735,,,18,45,agamemnon_gun_b_228_x4,2.772,2.898,0.735,,,18,45,agamemnon_gun_305_x4,1.682,1.763,0.735,,,18,45,irresistible_gun_305_x4,1.682,1.763,0.735,,,18,45,hood_gun_380_x4,1.682,1.763,0.735,,,18,50,hood_gun_380_x4,1.682,1.763,0.735,,,18,45,didox_gun_cal133_x4,2.772,2.898,0.735,,,18,50,dido_gun_cal133_x3,2.772,2.898,0.735,,,18,45,dido_gun_cal200_x3,1.968,2.067,0.735,,,,50,,2.772,2.898,0.735,,,18,45,nelson_gun_152_x4,2.809,2.9435,0.735,,,18,50,nelson_gun_152_x4,2.809,2.9435,0.735,,,18,45,nelson_gun_406_x4,1.2364,1.2996,0.735,,,18,50,nelson_gun_406_x4,1.2364,1.2996,0.735,
19,50,kgeorge_gun_133_x1,2.254,2.362,1.16,,,19,50,british_adv_cruiser_152_gun_x1,2.127,2.226,1.16,,,19,45,kgeorge_gun_380_x1,1.3046,1.3678,1.16,,,19,50,kgeorge_gun_380_x1,1.3046,1.3678,1.16,,,19,45,kgeorge_gun_a_380_x1,1.3046,1.3678,1.16,,,19,50,kgeorge_gun_a_380_x1,1.3046,1.3678,1.16,,,19,45,kgeorge_gun_380_x1_b,1.3046,1.3678,1.16,,,19,50,kgeorge_gun_380_x1_b,1.3046,1.3678,1.16,,,19,45,kgeorge_gun_380_x1_c,1.3046,1.3678,1.16,,,19,50,kgeorge_gun_380_x1_c,1.3046,1.3678,1.16,,,19,45,dreadnought_gun_305_x1,1.773,1.854,1.16,,,19,50,dreadnought_gun_305_x1,1.773,1.854,1.16,,,19,45,dreadnought_gun_b_305_x1,1.773,1.854,1.16,,,19,50,dreadnought_gun_b_305_x1,1.773,1.854,1.16,,,19,45,dreadnought_gun_c_305_x1,1.773,1.854,1.16,,,19,50,dreadnought_gun_c_305_x1,1.773,1.854,1.16,,,19,45,dreadnought_gun_178_x1,2.908,3.034,1.16,,,19,50,dreadnought_gun_178_x1,2.908,3.034,1.16,,,19,50,warrior_gun_228_x1,2.127,2.227,1.16,,,19,45,agamemnon_gun_228_x1,2.3681,2.4808,1.16,,,19,45,agamemnon_gun_b_228_x1,2.908,3.034,1.16,,,19,45,agamemnon_gun_305_x1,1.773,1.854,1.16,,,19,45,irresistible_gun_305_x1,1.773,1.854,1.16,,,19,45,hood_gun_380_x1,1.773,1.854,1.16,,,19,50,hood_gun_380_x1,1.773,1.854,1.16,,,19,45,didox_gun_cal133_x1,2.908,3.034,1.16,,,19,50,dido_gun_cal133_x1,2.908,3.034,1.16,,,19,45,dido_gun_cal200_x1,2.077,2.176,1.16,,,19,50,hood_gun_140_x1,2.908,3.034,1.16,,,19,45,nelson_gun_152_x1,2.9635,3.098,1.16,,,19,50,nelson_gun_152_x1,2.9635,3.098,1.16,,,19,45,nelson_gun_406_x1,1.3046,1.3678,1.16,,,19,50,nelson_gun_406_x1,1.3046,1.3678,1.16,
19,50,kgeorge_gun_133_x2,2.254,2.362,0.95,,,19,50,british_adv_cruiser_152_gun_x2,2.127,2.226,0.95,,,19,45,kgeorge_gun_380_x2,1.3046,1.3678,0.95,,,19,50,kgeorge_gun_380_x2,1.3046,1.3678,0.95,,,19,45,kgeorge_gun_a_380_x2,1.3046,1.3678,0.95,,,19,50,kgeorge_gun_a_380_x2,1.3046,1.3678,0.95,,,19,45,kgeorge_gun_380_x2_b,1.3046,1.3678,0.95,,,19,50,kgeorge_gun_380_x2_b,1.3046,1.3678,0.95,,,19,45,kgeorge_gun_380_x2_c,1.3046,1.3678,0.95,,,19,50,kgeorge_gun_380_x2_c,1.3046,1.3678,0.95,,,19,45,dreadnought_gun_305_x2,1.773,1.854,0.95,,,19,50,dreadnought_gun_305_x2,1.773,1.854,0.95,,,19,45,dreadnought_gun_b_305_x2,1.773,1.854,0.95,,,19,50,dreadnought_gun_b_305_x2,1.773,1.854,0.95,,,19,45,dreadnought_gun_c_305_x2,1.773,1.854,0.95,,,19,50,dreadnought_gun_c_305_x2,1.773,1.854,0.95,,,19,45,dreadnought_gun_178_x2,2.908,3.034,0.95,,,19,50,dreadnought_gun_178_x2,2.908,3.034,0.95,,,19,50,warrior_gun_228_x2,2.127,2.227,0.95,,,19,45,agamemnon_gun_228_x2,2.3681,2.4808,0.95,,,19,45,agamemnon_gun_b_228_x2,2.908,3.034,0.95,,,19,45,agamemnon_gun_305_x2,1.773,1.854,0.95,,,19,45,irresistible_gun_305_x2,1.773,1.854,0.95,,,19,45,hood_gun_380_x2,1.773,1.854,0.95,,,19,50,hood_gun_380_x2,1.773,1.854,0.95,,,19,45,didox_gun_cal133_x2,2.908,3.034,0.95,,,19,50,dido_gun_cal133_x2,2.908,3.034,0.95,,,19,45,dido_gun_cal200_x2,2.077,2.176,0.95,,,19,50,hood_gun_140_x2,2.908,3.034,0.95,,,19,45,nelson_gun_152_x2,2.9635,3.098,0.95,,,19,50,nelson_gun_152_x2,2.9635,3.098,0.95,,,19,45,nelson_gun_406_x2,1.3046,1.3678,0.95,,,19,50,nelson_gun_406_x2,1.3046,1.3678,0.95,
19,50,kgeorge_gun_133_x3,2.254,2.362,0.78,,,19,50,british_adv_cruiser_152_gun_x3,2.127,2.226,0.78,,,19,45,kgeorge_gun_380_x3,1.3046,1.3678,0.78,,,19,50,kgeorge_gun_380_x3,1.3046,1.3678,0.78,,,19,45,kgeorge_gun_a_380_x3,1.3046,1.3678,0.78,,,19,50,kgeorge_gun_a_380_x3,1.3046,1.3678,0.78,,,19,45,kgeorge_gun_380_x3_b,1.3046,1.3678,0.78,,,19,50,kgeorge_gun_380_x3_b,1.3046,1.3678,0.78,,,19,45,kgeorge_gun_380_x3_c,1.3046,1.3678,0.78,,,19,50,kgeorge_gun_380_x3_c,1.3046,1.3678,0.78,,,19,45,dreadnought_gun_305_x3,1.773,1.854,0.78,,,19,50,dreadnought_gun_305_x3,1.773,1.854,0.78,,,19,45,dreadnought_gun_b_305_x3,1.773,1.854,0.78,,,19,50,dreadnought_gun_b_305_x3,1.773,1.854,0.78,,,19,45,dreadnought_gun_c_305_x3,1.773,1.854,0.78,,,19,50,dreadnought_gun_c_305_x3,1.773,1.854,0.78,,,19,45,dreadnought_gun_178_x3,2.908,3.034,0.78,,,19,50,dreadnought_gun_178_x3,2.908,3.034,0.78,,,19,50,warrior_gun_228_x3,2.127,2.227,0.78,,,19,45,agamemnon_gun_228_x3,2.3681,2.4808,0.78,,,19,45,agamemnon_gun_b_228_x3,2.908,3.034,0.78,,,19,45,agamemnon_gun_305_x3,1.773,1.854,0.78,,,19,45,irresistible_gun_305_x3,1.773,1.854,0.78,,,19,45,hood_gun_380_x3,1.773,1.854,0.78,,,19,50,hood_gun_380_x3,1.773,1.854,0.78,,,19,45,didox_gun_cal133_x3,2.908,3.034,0.78,,,19,50,dido_gun_cal133_x3,2.908,3.034,0.78,,,19,45,dido_gun_cal200_x3,2.077,2.176,0.78,,,19,50,hood_gun_140_x3,2.908,3.034,0.78,,,19,45,nelson_gun_152_x3,2.9635,3.098,0.78,,,19,50,nelson_gun_152_x3,2.9635,3.098,0.78,,,19,45,nelson_gun_406_x3,1.3046,1.3678,0.78,,,19,50,nelson_gun_406_x3,1.3046,1.3678,0.78,
,50,,2.254,2.362,0.725,,,19,50,british_adv_cruiser_152_gun_x4,2.127,2.226,0.725,,,19,45,kgeorge_gun_380_x4,1.3046,1.3678,0.725,,,19,50,kgeorge_gun_380_x4,1.3046,1.3678,0.725,,,19,45,kgeorge_gun_a_380_x4,1.3046,1.3678,0.725,,,19,50,kgeorge_gun_a_380_x4,1.3046,1.3678,0.725,,,19,45,kgeorge_gun_380_x4_b,1.3046,1.3678,0.725,,,19,50,kgeorge_gun_380_x4_b,1.3046,1.3678,0.725,,,19,45,kgeorge_gun_380_x4_c,1.3046,1.3678,0.725,,,19,50,kgeorge_gun_380_x4_c,1.3046,1.3678,0.725,,,19,45,dreadnought_gun_305_x4,1.773,1.854,0.725,,,19,50,dreadnought_gun_305_x4,1.773,1.854,0.725,,,19,45,dreadnought_gun_b_305_x4,1.773,1.854,0.725,,,19,50,dreadnought_gun_b_305_x4,1.773,1.854,0.725,,,19,45,dreadnought_gun_c_305_x4,1.773,1.854,0.725,,,19,50,dreadnought_gun_c_305_x4,1.773,1.854,0.725,,,19,45,dreadnought_gun_178_x4,2.908,3.034,0.725,,,19,50,dreadnought_gun_178_x4,2.908,3.034,0.725,,,19,50,warrior_gun_228_x4,2.127,2.227,0.725,,,19,45,agamemnon_gun_228_x4,2.3681,2.4808,0.725,,,19,45,agamemnon_gun_b_228_x4,2.908,3.034,0.725,,,19,45,agamemnon_gun_305_x4,1.773,1.854,0.725,,,19,45,irresistible_gun_305_x4,1.773,1.854,0.725,,,19,45,hood_gun_380_x4,1.773,1.854,0.725,,,19,50,hood_gun_380_x4,1.773,1.854,0.725,,,19,45,didox_gun_cal133_x4,2.908,3.034,0.725,,,19,50,dido_gun_cal133_x3,2.908,3.034,0.725,,,19,45,dido_gun_cal200_x3,2.077,2.176,0.725,,,,50,,2.908,3.034,0.725,,,19,45,nelson_gun_152_x4,2.9635,3.098,0.725,,,19,50,nelson_gun_152_x4,2.9635,3.098,0.725,,,19,45,nelson_gun_406_x4,1.3046,1.3678,0.725,,,19,50,nelson_gun_406_x4,1.3046,1.3678,0.725,
20,50,kgeorge_gun_133_x1,2.372,2.48,1.05,,,20,50,british_adv_cruiser_152_gun_x1,2.236,2.335,1.05,,,20,45,kgeorge_gun_380_x1,1.3728,1.436,1.05,,,20,50,kgeorge_gun_380_x1,1.3728,1.436,1.05,,,20,45,kgeorge_gun_a_380_x1,1.3728,1.436,1.05,,,20,50,kgeorge_gun_a_380_x1,1.3728,1.436,1.05,,,20,45,kgeorge_gun_380_x1_b,1.3728,1.436,1.05,,,20,50,kgeorge_gun_380_x1_b,1.3728,1.436,1.05,,,20,45,kgeorge_gun_380_x1_c,1.3728,1.436,1.05,,,20,50,kgeorge_gun_380_x1_c,1.3728,1.436,1.05,,,20,45,dreadnought_gun_305_x1,1.864,1.945,1.05,,,20,50,dreadnought_gun_305_x1,1.864,1.945,1.05,,,20,45,dreadnought_gun_b_305_x1,1.864,1.945,1.05,,,20,50,dreadnought_gun_b_305_x1,1.864,1.945,1.05,,,20,45,dreadnought_gun_c_305_x1,1.864,1.945,1.05,,,20,50,dreadnought_gun_c_305_x1,1.864,1.945,1.05,,,20,45,dreadnought_gun_178_x1,3.044,3.18,1.05,,,20,50,dreadnought_gun_178_x1,3.044,3.18,1.05,,,20,50,warrior_gun_228_x1,2.236,2.336,1.05,,,20,45,agamemnon_gun_228_x1,2.4908,2.6035,1.05,,,20,45,agamemnon_gun_b_228_x1,3.044,3.18,1.05,,,20,45,agamemnon_gun_305_x1,1.864,1.945,1.05,,,20,45,irresistible_gun_305_x1,1.864,1.945,1.05,,,20,45,hood_gun_380_x1,1.864,1.945,1.05,,,20,50,hood_gun_380_x1,1.864,1.945,1.05,,,20,45,didox_gun_cal133_x1,3.044,3.18,1.05,,,20,50,dido_gun_cal133_x1,3.044,3.18,1.05,,,20,45,dido_gun_cal200_x1,2.186,2.825,1.05,,,20,50,hood_gun_140_x1,3.044,3.18,1.05,,,20,45,nelson_gun_152_x1,3.118,3.2525,1.05,,,20,50,nelson_gun_152_x1,3.118,3.2525,1.05,,,20,45,nelson_gun_406_x1,1.3728,1.436,1.05,,,20,50,nelson_gun_406_x1,1.3728,1.436,1.05,
20,50,kgeorge_gun_133_x2,2.372,2.48,0.85,,,20,50,british_adv_cruiser_152_gun_x2,2.236,2.335,0.85,,,20,45,kgeorge_gun_380_x2,1.3728,1.436,0.85,,,20,50,kgeorge_gun_380_x2,1.3728,1.436,0.85,,,20,45,kgeorge_gun_a_380_x2,1.3728,1.436,0.85,,,20,50,kgeorge_gun_a_380_x2,1.3728,1.436,0.85,,,20,45,kgeorge_gun_380_x2_b,1.3728,1.436,0.85,,,20,50,kgeorge_gun_380_x2_b,1.3728,1.436,0.85,,,20,45,kgeorge_gun_380_x2_c,1.3728,1.436,0.85,,,20,50,kgeorge_gun_380_x2_c,1.3728,1.436,0.85,,,20,45,dreadnought_gun_305_x2,1.864,1.945,0.85,,,20,50,dreadnought_gun_305_x2,1.864,1.945,0.85,,,20,45,dreadnought_gun_b_305_x2,1.864,1.945,0.85,,,20,50,dreadnought_gun_b_305_x2,1.864,1.945,0.85,,,20,45,dreadnought_gun_c_305_x2,1.864,1.945,0.85,,,20,50,dreadnought_gun_c_305_x2,1.864,1.945,0.85,,,20,45,dreadnought_gun_178_x2,3.044,3.18,0.85,,,20,50,dreadnought_gun_178_x2,3.044,3.18,0.85,,,20,50,warrior_gun_228_x2,2.236,2.336,0.85,,,20,45,agamemnon_gun_228_x2,2.4908,2.6035,0.85,,,20,45,agamemnon_gun_b_228_x2,3.044,3.18,0.85,,,20,45,agamemnon_gun_305_x2,1.864,1.945,0.85,,,20,45,irresistible_gun_305_x2,1.864,1.945,0.85,,,20,45,hood_gun_380_x2,1.864,1.945,0.85,,,20,50,hood_gun_380_x2,1.864,1.945,0.85,,,20,45,didox_gun_cal133_x2,3.044,3.18,0.85,,,20,50,dido_gun_cal133_x2,3.044,3.18,0.85,,,20,45,dido_gun_cal200_x2,2.186,2.825,0.85,,,20,50,hood_gun_140_x2,3.044,3.18,0.85,,,20,45,nelson_gun_152_x2,3.118,3.2525,0.85,,,20,50,nelson_gun_152_x2,3.118,3.2525,0.85,,,20,45,nelson_gun_406_x2,1.3728,1.436,0.85,,,20,50,nelson_gun_406_x2,1.3728,1.436,0.85,
20,50,kgeorge_gun_133_x3,2.372,2.48,0.7,,,20,50,british_adv_cruiser_152_gun_x3,2.236,2.335,0.7,,,20,45,kgeorge_gun_380_x3,1.3728,1.436,0.7,,,20,50,kgeorge_gun_380_x3,1.3728,1.436,0.7,,,20,45,kgeorge_gun_a_380_x3,1.3728,1.436,0.7,,,20,50,kgeorge_gun_a_380_x3,1.3728,1.436,0.7,,,20,45,kgeorge_gun_380_x3_b,1.3728,1.436,0.7,,,20,50,kgeorge_gun_380_x3_b,1.3728,1.436,0.7,,,20,45,kgeorge_gun_380_x3_c,1.3728,1.436,0.7,,,20,50,kgeorge_gun_380_x3_c,1.3728,1.436,0.7,,,20,45,dreadnought_gun_305_x3,1.864,1.945,0.7,,,20,50,dreadnought_gun_305_x3,1.864,1.945,0.7,,,20,45,dreadnought_gun_b_305_x3,1.864,1.945,0.7,,,20,50,dreadnought_gun_b_305_x3,1.864,1.945,0.7,,,20,45,dreadnought_gun_c_305_x3,1.864,1.945,0.7,,,20,50,dreadnought_gun_c_305_x3,1.864,1.945,0.7,,,20,45,dreadnought_gun_178_x3,3.044,3.18,0.7,,,20,50,dreadnought_gun_178_x3,3.044,3.18,0.7,,,20,50,warrior_gun_228_x3,2.236,2.336,0.7,,,20,45,agamemnon_gun_228_x3,2.4908,2.6035,0.7,,,20,45,agamemnon_gun_b_228_x3,3.044,3.18,0.7,,,20,45,agamemnon_gun_305_x3,1.864,1.945,0.7,,,20,45,irresistible_gun_305_x3,1.864,1.945,0.7,,,20,45,hood_gun_380_x3,1.864,1.945,0.7,,,20,50,hood_gun_380_x3,1.864,1.945,0.7,,,20,45,didox_gun_cal133_x3,3.044,3.18,0.7,,,20,50,dido_gun_cal133_x3,3.044,3.18,0.7,,,20,45,dido_gun_cal200_x3,2.186,2.825,0.7,,,20,50,hood_gun_140_x3,3.044,3.18,0.7,,,20,45,nelson_gun_152_x3,3.118,3.2525,0.7,,,20,50,nelson_gun_152_x3,3.118,3.2525,0.7,,,20,45,nelson_gun_406_x3,1.3728,1.436,0.7,,,20,50,nelson_gun_406_x3,1.3728,1.436,0.7,
,50,,2.372,2.48,0.65,,,20,50,british_adv_cruiser_152_gun_x4,2.236,2.335,0.65,,,20,45,kgeorge_gun_380_x4,1.3728,1.436,0.65,,,20,50,kgeorge_gun_380_x4,1.3728,1.436,0.65,,,20,45,kgeorge_gun_a_380_x4,1.3728,1.436,0.65,,,20,50,kgeorge_gun_a_380_x4,1.3728,1.436,0.65,,,20,45,kgeorge_gun_380_x4_b,1.3728,1.436,0.65,,,20,50,kgeorge_gun_380_x4_b,1.3728,1.436,0.65,,,20,45,kgeorge_gun_380_x4_c,1.3728,1.436,0.65,,,20,50,kgeorge_gun_380_x4_c,1.3728,1.436,0.65,,,20,45,dreadnought_gun_305_x4,1.864,1.945,0.65,,,20,50,dreadnought_gun_305_x4,1.864,1.945,0.65,,,20,45,dreadnought_gun_b_305_x4,1.864,1.945,0.65,,,20,50,dreadnought_gun_b_305_x4,1.864,1.945,0.65,,,20,45,dreadnought_gun_c_305_x4,1.864,1.945,0.65,,,20,50,dreadnought_gun_c_305_x4,1.864,1.945,0.65,,,20,45,dreadnought_gun_178_x4,3.044,3.18,0.65,,,20,50,dreadnought_gun_178_x4,3.044,3.18,0.65,,,20,50,warrior_gun_228_x4,2.236,2.336,0.65,,,20,45,agamemnon_gun_228_x4,2.4908,2.6035,0.65,,,20,45,agamemnon_gun_b_228_x4,3.044,3.18,0.65,,,20,45,agamemnon_gun_305_x4,1.864,1.945,0.65,,,20,45,irresistible_gun_305_x4,1.864,1.945,0.65,,,20,45,hood_gun_380_x4,1.864,1.945,0.65,,,20,50,hood_gun_380_x4,1.864,1.945,0.65,,,20,45,didox_gun_cal133_x4,3.044,3.18,0.65,,,20,50,dido_gun_cal133_x3,3.044,3.18,0.65,,,20,45,dido_gun_cal200_x3,2.186,2.825,0.65,,,,50,,3.044,3.18,0.65,,,20,45,nelson_gun_152_x4,3.118,3.2525,0.65,,,20,50,nelson_gun_152_x4,3.118,3.2525,0.65,,,20,45,nelson_gun_406_x4,1.3728,1.436,0.65,,,20,50,nelson_gun_406_x4,1.3728,1.436,0.65,
,,DUTCH,,,,,,,,,,,,,,,,,,,,,,,,,,,,,,,,,,,,,,,,,,,,,,,,,,,,,,,,,,,,,,,,,,,,,,,,,,,,,,,,,,,,,,,,,,,,,,,,,,,,,,,,,,,,,,,,,,,,,,,,,,,,,,,,,,,,,,,,,,,,,,,,,,,,,,,,,,,,,,,,,,,,,,,,,,,,,,,,,,,,,,,,,,,,,,,,,,,,,,,,,,,,,,,,,,,,,,,,,,,,,,,,,,,,,,,,,,,,,,,,,,,,,,,,,,,,,,,,,,,,
2,45,de_Ruyter_gun_150_x1,0.337,0.4715,0.92,,,2,50,de_Ruyter_gun_150_x1,0.337,0.4715,0.92,,,,,,,,,,,,,,,,,,,,,,,,,,,,,,,,,,,,,,,,,,,,,,,,,,,,,,,,,,,,,,,,,,,,,,,,,,,,,,,,,,,,,,,,,,,,,,,,,,,,,,,,,,,,,,,,,,,,,,,,,,,,,,,,,,,,,,,,,,,,,,,,,,,,,,,,,,,,,,,,,,,,,,,,,,,,,,,,,,,,,,,,,,,,,,,,,,,,,,,,,,,,,,,,,,,,,,,,,,,,,,,,,,,,,,,,,,,,,,,,,,,,,,,,,
2,45,de_Ruyter_gun_150_x2,0.337,0.4715,0.7,,,2,50,de_Ruyter_gun_150_x2,0.337,0.4715,0.7,,,,,,,,,,,,,,,,,,,,,,,,,,,,,,,,,,,,,,,,,,,,,,,,,,,,,,,,,,,,,,,,,,,,,,,,,,,,,,,,,,,,,,,,,,,,,,,,,,,,,,,,,,,,,,,,,,,,,,,,,,,,,,,,,,,,,,,,,,,,,,,,,,,,,,,,,,,,,,,,,,,,,,,,,,,,,,,,,,,,,,,,,,,,,,,,,,,,,,,,,,,,,,,,,,,,,,,,,,,,,,,,,,,,,,,,,,,,,,,,,,,,,,,,,
2,45,de_Ruyter_gun_150_x3,0.337,0.4715,0.55,,,2,50,de_Ruyter_gun_150_x3,0.337,0.4715,0.55,,,,,,,,,,,,,,,,,,,,,,,,,,,,,,,,,,,,,,,,,,,,,,,,,,,,,,,,,,,,,,,,,,,,,,,,,,,,,,,,,,,,,,,,,,,,,,,,,,,,,,,,,,,,,,,,,,,,,,,,,,,,,,,,,,,,,,,,,,,,,,,,,,,,,,,,,,,,,,,,,,,,,,,,,,,,,,,,,,,,,,,,,,,,,,,,,,,,,,,,,,,,,,,,,,,,,,,,,,,,,,,,,,,,,,,,,,,,,,,,,,,,,,,,,
2,45,de_Ruyter_gun_150_x4,0.337,0.4715,0.5,,,2,50,de_Ruyter_gun_150_x4,0.337,0.4715,0.5,,,,,,,,,,,,,,,,,,,,,,,,,,,,,,,,,,,,,,,,,,,,,,,,,,,,,,,,,,,,,,,,,,,,,,,,,,,,,,,,,,,,,,,,,,,,,,,,,,,,,,,,,,,,,,,,,,,,,,,,,,,,,,,,,,,,,,,,,,,,,,,,,,,,,,,,,,,,,,,,,,,,,,,,,,,,,,,,,,,,,,,,,,,,,,,,,,,,,,,,,,,,,,,,,,,,,,,,,,,,,,,,,,,,,,,,,,,,,,,,,,,,,,,,,
3,45,de_Ruyter_gun_150_x1,0.4915,0.626,1.45,,,3,50,de_Ruyter_gun_150_x1,0.4915,0.626,1.45,,,,,,,,,,,,,,,,,,,,,,,,,,,,,,,,,,,,,,,,,,,,,,,,,,,,,,,,,,,,,,,,,,,,,,,,,,,,,,,,,,,,,,,,,,,,,,,,,,,,,,,,,,,,,,,,,,,,,,,,,,,,,,,,,,,,,,,,,,,,,,,,,,,,,,,,,,,,,,,,,,,,,,,,,,,,,,,,,,,,,,,,,,,,,,,,,,,,,,,,,,,,,,,,,,,,,,,,,,,,,,,,,,,,,,,,,,,,,,,,,,,,,,,,,
3,45,de_Ruyter_gun_150_x2,0.4915,0.626,1.08,,,3,50,de_Ruyter_gun_150_x2,0.4915,0.626,1.08,,,,,,,,,,,,,,,,,,,,,,,,,,,,,,,,,,,,,,,,,,,,,,,,,,,,,,,,,,,,,,,,,,,,,,,,,,,,,,,,,,,,,,,,,,,,,,,,,,,,,,,,,,,,,,,,,,,,,,,,,,,,,,,,,,,,,,,,,,,,,,,,,,,,,,,,,,,,,,,,,,,,,,,,,,,,,,,,,,,,,,,,,,,,,,,,,,,,,,,,,,,,,,,,,,,,,,,,,,,,,,,,,,,,,,,,,,,,,,,,,,,,,,,,,
3,45,de_Ruyter_gun_150_x3,0.4915,0.626,0.83,,,3,50,de_Ruyter_gun_150_x3,0.4915,0.626,0.83,,,,,,,,,,,,,,,,,,,,,,,,,,,,,,,,,,,,,,,,,,,,,,,,,,,,,,,,,,,,,,,,,,,,,,,,,,,,,,,,,,,,,,,,,,,,,,,,,,,,,,,,,,,,,,,,,,,,,,,,,,,,,,,,,,,,,,,,,,,,,,,,,,,,,,,,,,,,,,,,,,,,,,,,,,,,,,,,,,,,,,,,,,,,,,,,,,,,,,,,,,,,,,,,,,,,,,,,,,,,,,,,,,,,,,,,,,,,,,,,,,,,,,,,,
3,45,de_Ruyter_gun_150_x4,0.4915,0.626,0.74,,,3,50,de_Ruyter_gun_150_x4,0.4915,0.626,0.74,,,,,,,,,,,,,,,,,,,,,,,,,,,,,,,,,,,,,,,,,,,,,,,,,,,,,,,,,,,,,,,,,,,,,,,,,,,,,,,,,,,,,,,,,,,,,,,,,,,,,,,,,,,,,,,,,,,,,,,,,,,,,,,,,,,,,,,,,,,,,,,,,,,,,,,,,,,,,,,,,,,,,,,,,,,,,,,,,,,,,,,,,,,,,,,,,,,,,,,,,,,,,,,,,,,,,,,,,,,,,,,,,,,,,,,,,,,,,,,,,,,,,,,,,
4,45,de_Ruyter_gun_150_x1,0.646,0.7805,1.7,,,4,50,de_Ruyter_gun_150_x1,0.646,0.7805,1.7,,,,,,,,,,,,,,,,,,,,,,,,,,,,,,,,,,,,,,,,,,,,,,,,,,,,,,,,,,,,,,,,,,,,,,,,,,,,,,,,,,,,,,,,,,,,,,,,,,,,,,,,,,,,,,,,,,,,,,,,,,,,,,,,,,,,,,,,,,,,,,,,,,,,,,,,,,,,,,,,,,,,,,,,,,,,,,,,,,,,,,,,,,,,,,,,,,,,,,,,,,,,,,,,,,,,,,,,,,,,,,,,,,,,,,,,,,,,,,,,,,,,,,,,,
4,45,de_Ruyter_gun_150_x2,0.646,0.7805,1.28,,,4,50,de_Ruyter_gun_150_x2,0.646,0.7805,1.28,,,,,,,,,,,,,,,,,,,,,,,,,,,,,,,,,,,,,,,,,,,,,,,,,,,,,,,,,,,,,,,,,,,,,,,,,,,,,,,,,,,,,,,,,,,,,,,,,,,,,,,,,,,,,,,,,,,,,,,,,,,,,,,,,,,,,,,,,,,,,,,,,,,,,,,,,,,,,,,,,,,,,,,,,,,,,,,,,,,,,,,,,,,,,,,,,,,,,,,,,,,,,,,,,,,,,,,,,,,,,,,,,,,,,,,,,,,,,,,,,,,,,,,,,
4,45,de_Ruyter_gun_150_x3,0.646,0.7805,1,,,4,50,de_Ruyter_gun_150_x3,0.646,0.7805,1,,,,,,,,,,,,,,,,,,,,,,,,,,,,,,,,,,,,,,,,,,,,,,,,,,,,,,,,,,,,,,,,,,,,,,,,,,,,,,,,,,,,,,,,,,,,,,,,,,,,,,,,,,,,,,,,,,,,,,,,,,,,,,,,,,,,,,,,,,,,,,,,,,,,,,,,,,,,,,,,,,,,,,,,,,,,,,,,,,,,,,,,,,,,,,,,,,,,,,,,,,,,,,,,,,,,,,,,,,,,,,,,,,,,,,,,,,,,,,,,,,,,,,,,,
4,45,de_Ruyter_gun_150_x4,0.646,0.7805,0.85,,,4,50,de_Ruyter_gun_150_x4,0.646,0.7805,0.85,,,,,,,,,,,,,,,,,,,,,,,,,,,,,,,,,,,,,,,,,,,,,,,,,,,,,,,,,,,,,,,,,,,,,,,,,,,,,,,,,,,,,,,,,,,,,,,,,,,,,,,,,,,,,,,,,,,,,,,,,,,,,,,,,,,,,,,,,,,,,,,,,,,,,,,,,,,,,,,,,,,,,,,,,,,,,,,,,,,,,,,,,,,,,,,,,,,,,,,,,,,,,,,,,,,,,,,,,,,,,,,,,,,,,,,,,,,,,,,,,,,,,,,,,
5,45,de_Ruyter_gun_150_x1,0.8005,0.935,1.25,,,5,50,de_Ruyter_gun_150_x1,0.8005,0.935,1.25,,,,,,,,,,,,,,,,,,,,,,,,,,,,,,,,,,,,,,,,,,,,,,,,,,,,,,,,,,,,,,,,,,,,,,,,,,,,,,,,,,,,,,,,,,,,,,,,,,,,,,,,,,,,,,,,,,,,,,,,,,,,,,,,,,,,,,,,,,,,,,,,,,,,,,,,,,,,,,,,,,,,,,,,,,,,,,,,,,,,,,,,,,,,,,,,,,,,,,,,,,,,,,,,,,,,,,,,,,,,,,,,,,,,,,,,,,,,,,,,,,,,,,,,,
5,45,de_Ruyter_gun_150_x2,0.8005,0.935,0.95,,,5,50,de_Ruyter_gun_150_x2,0.8005,0.935,0.95,,,,,,,,,,,,,,,,,,,,,,,,,,,,,,,,,,,,,,,,,,,,,,,,,,,,,,,,,,,,,,,,,,,,,,,,,,,,,,,,,,,,,,,,,,,,,,,,,,,,,,,,,,,,,,,,,,,,,,,,,,,,,,,,,,,,,,,,,,,,,,,,,,,,,,,,,,,,,,,,,,,,,,,,,,,,,,,,,,,,,,,,,,,,,,,,,,,,,,,,,,,,,,,,,,,,,,,,,,,,,,,,,,,,,,,,,,,,,,,,,,,,,,,,,
5,45,de_Ruyter_gun_150_x3,0.8005,0.935,0.75,,,5,50,de_Ruyter_gun_150_x3,0.8005,0.935,0.75,,,,,,,,,,,,,,,,,,,,,,,,,,,,,,,,,,,,,,,,,,,,,,,,,,,,,,,,,,,,,,,,,,,,,,,,,,,,,,,,,,,,,,,,,,,,,,,,,,,,,,,,,,,,,,,,,,,,,,,,,,,,,,,,,,,,,,,,,,,,,,,,,,,,,,,,,,,,,,,,,,,,,,,,,,,,,,,,,,,,,,,,,,,,,,,,,,,,,,,,,,,,,,,,,,,,,,,,,,,,,,,,,,,,,,,,,,,,,,,,,,,,,,,,,
5,45,de_Ruyter_gun_150_x4,0.8005,0.935,0.68,,,5,50,de_Ruyter_gun_150_x4,0.8005,0.935,0.68,,,,,,,,,,,,,,,,,,,,,,,,,,,,,,,,,,,,,,,,,,,,,,,,,,,,,,,,,,,,,,,,,,,,,,,,,,,,,,,,,,,,,,,,,,,,,,,,,,,,,,,,,,,,,,,,,,,,,,,,,,,,,,,,,,,,,,,,,,,,,,,,,,,,,,,,,,,,,,,,,,,,,,,,,,,,,,,,,,,,,,,,,,,,,,,,,,,,,,,,,,,,,,,,,,,,,,,,,,,,,,,,,,,,,,,,,,,,,,,,,,,,,,,,,
6,45,de_Ruyter_gun_150_x1,0.955,1.0895,1.185,,,6,50,de_Ruyter_gun_150_x1,0.955,1.0895,1.185,,,,,,,,,,,,,,,,,,,,,,,,,,,,,,,,,,,,,,,,,,,,,,,,,,,,,,,,,,,,,,,,,,,,,,,,,,,,,,,,,,,,,,,,,,,,,,,,,,,,,,,,,,,,,,,,,,,,,,,,,,,,,,,,,,,,,,,,,,,,,,,,,,,,,,,,,,,,,,,,,,,,,,,,,,,,,,,,,,,,,,,,,,,,,,,,,,,,,,,,,,,,,,,,,,,,,,,,,,,,,,,,,,,,,,,,,,,,,,,,,,,,,,,,,
6,45,de_Ruyter_gun_150_x2,0.955,1.0895,0.86,,,6,50,de_Ruyter_gun_150_x2,0.955,1.0895,0.86,,,,,,,,,,,,,,,,,,,,,,,,,,,,,,,,,,,,,,,,,,,,,,,,,,,,,,,,,,,,,,,,,,,,,,,,,,,,,,,,,,,,,,,,,,,,,,,,,,,,,,,,,,,,,,,,,,,,,,,,,,,,,,,,,,,,,,,,,,,,,,,,,,,,,,,,,,,,,,,,,,,,,,,,,,,,,,,,,,,,,,,,,,,,,,,,,,,,,,,,,,,,,,,,,,,,,,,,,,,,,,,,,,,,,,,,,,,,,,,,,,,,,,,,,
6,45,de_Ruyter_gun_150_x3,0.955,1.0895,0.66,,,6,50,de_Ruyter_gun_150_x3,0.955,1.0895,0.66,,,,,,,,,,,,,,,,,,,,,,,,,,,,,,,,,,,,,,,,,,,,,,,,,,,,,,,,,,,,,,,,,,,,,,,,,,,,,,,,,,,,,,,,,,,,,,,,,,,,,,,,,,,,,,,,,,,,,,,,,,,,,,,,,,,,,,,,,,,,,,,,,,,,,,,,,,,,,,,,,,,,,,,,,,,,,,,,,,,,,,,,,,,,,,,,,,,,,,,,,,,,,,,,,,,,,,,,,,,,,,,,,,,,,,,,,,,,,,,,,,,,,,,,,
6,45,de_Ruyter_gun_150_x4,0.955,1.0895,0.6,,,6,50,de_Ruyter_gun_150_x4,0.955,1.0895,0.6,,,,,,,,,,,,,,,,,,,,,,,,,,,,,,,,,,,,,,,,,,,,,,,,,,,,,,,,,,,,,,,,,,,,,,,,,,,,,,,,,,,,,,,,,,,,,,,,,,,,,,,,,,,,,,,,,,,,,,,,,,,,,,,,,,,,,,,,,,,,,,,,,,,,,,,,,,,,,,,,,,,,,,,,,,,,,,,,,,,,,,,,,,,,,,,,,,,,,,,,,,,,,,,,,,,,,,,,,,,,,,,,,,,,,,,,,,,,,,,,,,,,,,,,,
7,45,de_Ruyter_gun_150_x1,1.1095,1.244,1.21,,,7,50,de_Ruyter_gun_150_x1,1.1095,1.244,1.21,,,,,,,,,,,,,,,,,,,,,,,,,,,,,,,,,,,,,,,,,,,,,,,,,,,,,,,,,,,,,,,,,,,,,,,,,,,,,,,,,,,,,,,,,,,,,,,,,,,,,,,,,,,,,,,,,,,,,,,,,,,,,,,,,,,,,,,,,,,,,,,,,,,,,,,,,,,,,,,,,,,,,,,,,,,,,,,,,,,,,,,,,,,,,,,,,,,,,,,,,,,,,,,,,,,,,,,,,,,,,,,,,,,,,,,,,,,,,,,,,,,,,,,,,
7,45,de_Ruyter_gun_150_x2,1.1095,1.244,0.9,,,7,50,de_Ruyter_gun_150_x2,1.1095,1.244,0.9,,,,,,,,,,,,,,,,,,,,,,,,,,,,,,,,,,,,,,,,,,,,,,,,,,,,,,,,,,,,,,,,,,,,,,,,,,,,,,,,,,,,,,,,,,,,,,,,,,,,,,,,,,,,,,,,,,,,,,,,,,,,,,,,,,,,,,,,,,,,,,,,,,,,,,,,,,,,,,,,,,,,,,,,,,,,,,,,,,,,,,,,,,,,,,,,,,,,,,,,,,,,,,,,,,,,,,,,,,,,,,,,,,,,,,,,,,,,,,,,,,,,,,,,,
7,45,de_Ruyter_gun_150_x3,1.1095,1.244,0.705,,,7,50,de_Ruyter_gun_150_x3,1.1095,1.244,0.705,,,,,,,,,,,,,,,,,,,,,,,,,,,,,,,,,,,,,,,,,,,,,,,,,,,,,,,,,,,,,,,,,,,,,,,,,,,,,,,,,,,,,,,,,,,,,,,,,,,,,,,,,,,,,,,,,,,,,,,,,,,,,,,,,,,,,,,,,,,,,,,,,,,,,,,,,,,,,,,,,,,,,,,,,,,,,,,,,,,,,,,,,,,,,,,,,,,,,,,,,,,,,,,,,,,,,,,,,,,,,,,,,,,,,,,,,,,,,,,,,,,,,,,,,
7,45,de_Ruyter_gun_150_x4,1.1095,1.244,0.64,,,7,50,de_Ruyter_gun_150_x4,1.1095,1.244,0.64,,,,,,,,,,,,,,,,,,,,,,,,,,,,,,,,,,,,,,,,,,,,,,,,,,,,,,,,,,,,,,,,,,,,,,,,,,,,,,,,,,,,,,,,,,,,,,,,,,,,,,,,,,,,,,,,,,,,,,,,,,,,,,,,,,,,,,,,,,,,,,,,,,,,,,,,,,,,,,,,,,,,,,,,,,,,,,,,,,,,,,,,,,,,,,,,,,,,,,,,,,,,,,,,,,,,,,,,,,,,,,,,,,,,,,,,,,,,,,,,,,,,,,,,,
8,45,de_Ruyter_gun_150_x1,1.264,1.3985,1.17,,,8,50,de_Ruyter_gun_150_x1,1.264,1.3985,1.17,,,,,,,,,,,,,,,,,,,,,,,,,,,,,,,,,,,,,,,,,,,,,,,,,,,,,,,,,,,,,,,,,,,,,,,,,,,,,,,,,,,,,,,,,,,,,,,,,,,,,,,,,,,,,,,,,,,,,,,,,,,,,,,,,,,,,,,,,,,,,,,,,,,,,,,,,,,,,,,,,,,,,,,,,,,,,,,,,,,,,,,,,,,,,,,,,,,,,,,,,,,,,,,,,,,,,,,,,,,,,,,,,,,,,,,,,,,,,,,,,,,,,,,,,
8,45,de_Ruyter_gun_150_x2,1.264,1.3985,0.88,,,8,50,de_Ruyter_gun_150_x2,1.264,1.3985,0.88,,,,,,,,,,,,,,,,,,,,,,,,,,,,,,,,,,,,,,,,,,,,,,,,,,,,,,,,,,,,,,,,,,,,,,,,,,,,,,,,,,,,,,,,,,,,,,,,,,,,,,,,,,,,,,,,,,,,,,,,,,,,,,,,,,,,,,,,,,,,,,,,,,,,,,,,,,,,,,,,,,,,,,,,,,,,,,,,,,,,,,,,,,,,,,,,,,,,,,,,,,,,,,,,,,,,,,,,,,,,,,,,,,,,,,,,,,,,,,,,,,,,,,,,,
8,45,de_Ruyter_gun_150_x3,1.264,1.3985,0.69,,,8,50,de_Ruyter_gun_150_x3,1.264,1.3985,0.69,,,,,,,,,,,,,,,,,,,,,,,,,,,,,,,,,,,,,,,,,,,,,,,,,,,,,,,,,,,,,,,,,,,,,,,,,,,,,,,,,,,,,,,,,,,,,,,,,,,,,,,,,,,,,,,,,,,,,,,,,,,,,,,,,,,,,,,,,,,,,,,,,,,,,,,,,,,,,,,,,,,,,,,,,,,,,,,,,,,,,,,,,,,,,,,,,,,,,,,,,,,,,,,,,,,,,,,,,,,,,,,,,,,,,,,,,,,,,,,,,,,,,,,,,
8,45,de_Ruyter_gun_150_x4,1.264,1.3985,0.63,,,8,50,de_Ruyter_gun_150_x4,1.264,1.3985,0.63,,,,,,,,,,,,,,,,,,,,,,,,,,,,,,,,,,,,,,,,,,,,,,,,,,,,,,,,,,,,,,,,,,,,,,,,,,,,,,,,,,,,,,,,,,,,,,,,,,,,,,,,,,,,,,,,,,,,,,,,,,,,,,,,,,,,,,,,,,,,,,,,,,,,,,,,,,,,,,,,,,,,,,,,,,,,,,,,,,,,,,,,,,,,,,,,,,,,,,,,,,,,,,,,,,,,,,,,,,,,,,,,,,,,,,,,,,,,,,,,,,,,,,,,,
9,45,de_Ruyter_gun_150_x1,1.4185,1.553,1.1,,,9,50,de_Ruyter_gun_150_x1,1.4185,1.553,1.1,,,,,,,,,,,,,,,,,,,,,,,,,,,,,,,,,,,,,,,,,,,,,,,,,,,,,,,,,,,,,,,,,,,,,,,,,,,,,,,,,,,,,,,,,,,,,,,,,,,,,,,,,,,,,,,,,,,,,,,,,,,,,,,,,,,,,,,,,,,,,,,,,,,,,,,,,,,,,,,,,,,,,,,,,,,,,,,,,,,,,,,,,,,,,,,,,,,,,,,,,,,,,,,,,,,,,,,,,,,,,,,,,,,,,,,,,,,,,,,,,,,,,,,,,
9,45,de_Ruyter_gun_150_x2,1.4185,1.553,0.82,,,9,50,de_Ruyter_gun_150_x2,1.4185,1.553,0.82,,,,,,,,,,,,,,,,,,,,,,,,,,,,,,,,,,,,,,,,,,,,,,,,,,,,,,,,,,,,,,,,,,,,,,,,,,,,,,,,,,,,,,,,,,,,,,,,,,,,,,,,,,,,,,,,,,,,,,,,,,,,,,,,,,,,,,,,,,,,,,,,,,,,,,,,,,,,,,,,,,,,,,,,,,,,,,,,,,,,,,,,,,,,,,,,,,,,,,,,,,,,,,,,,,,,,,,,,,,,,,,,,,,,,,,,,,,,,,,,,,,,,,,,,
9,45,de_Ruyter_gun_150_x3,1.4185,1.553,0.64,,,9,50,de_Ruyter_gun_150_x3,1.4185,1.553,0.64,,,,,,,,,,,,,,,,,,,,,,,,,,,,,,,,,,,,,,,,,,,,,,,,,,,,,,,,,,,,,,,,,,,,,,,,,,,,,,,,,,,,,,,,,,,,,,,,,,,,,,,,,,,,,,,,,,,,,,,,,,,,,,,,,,,,,,,,,,,,,,,,,,,,,,,,,,,,,,,,,,,,,,,,,,,,,,,,,,,,,,,,,,,,,,,,,,,,,,,,,,,,,,,,,,,,,,,,,,,,,,,,,,,,,,,,,,,,,,,,,,,,,,,,,
9,45,de_Ruyter_gun_150_x4,1.4185,1.553,0.58,,,9,50,de_Ruyter_gun_150_x4,1.4185,1.553,0.58,,,,,,,,,,,,,,,,,,,,,,,,,,,,,,,,,,,,,,,,,,,,,,,,,,,,,,,,,,,,,,,,,,,,,,,,,,,,,,,,,,,,,,,,,,,,,,,,,,,,,,,,,,,,,,,,,,,,,,,,,,,,,,,,,,,,,,,,,,,,,,,,,,,,,,,,,,,,,,,,,,,,,,,,,,,,,,,,,,,,,,,,,,,,,,,,,,,,,,,,,,,,,,,,,,,,,,,,,,,,,,,,,,,,,,,,,,,,,,,,,,,,,,,,,
10,45,de_Ruyter_gun_150_x1,1.573,1.7075,1.2,,,10,50,de_Ruyter_gun_150_x1,1.573,1.7075,1.2,,,,,,,,,,,,,,,,,,,,,,,,,,,,,,,,,,,,,,,,,,,,,,,,,,,,,,,,,,,,,,,,,,,,,,,,,,,,,,,,,,,,,,,,,,,,,,,,,,,,,,,,,,,,,,,,,,,,,,,,,,,,,,,,,,,,,,,,,,,,,,,,,,,,,,,,,,,,,,,,,,,,,,,,,,,,,,,,,,,,,,,,,,,,,,,,,,,,,,,,,,,,,,,,,,,,,,,,,,,,,,,,,,,,,,,,,,,,,,,,,,,,,,,,,
10,45,de_Ruyter_gun_150_x2,1.573,1.7075,0.9,,,10,50,de_Ruyter_gun_150_x2,1.573,1.7075,0.9,,,,,,,,,,,,,,,,,,,,,,,,,,,,,,,,,,,,,,,,,,,,,,,,,,,,,,,,,,,,,,,,,,,,,,,,,,,,,,,,,,,,,,,,,,,,,,,,,,,,,,,,,,,,,,,,,,,,,,,,,,,,,,,,,,,,,,,,,,,,,,,,,,,,,,,,,,,,,,,,,,,,,,,,,,,,,,,,,,,,,,,,,,,,,,,,,,,,,,,,,,,,,,,,,,,,,,,,,,,,,,,,,,,,,,,,,,,,,,,,,,,,,,,,,
10,45,de_Ruyter_gun_150_x3,1.573,1.7075,0.68,,,10,50,de_Ruyter_gun_150_x3,1.573,1.7075,0.68,,,,,,,,,,,,,,,,,,,,,,,,,,,,,,,,,,,,,,,,,,,,,,,,,,,,,,,,,,,,,,,,,,,,,,,,,,,,,,,,,,,,,,,,,,,,,,,,,,,,,,,,,,,,,,,,,,,,,,,,,,,,,,,,,,,,,,,,,,,,,,,,,,,,,,,,,,,,,,,,,,,,,,,,,,,,,,,,,,,,,,,,,,,,,,,,,,,,,,,,,,,,,,,,,,,,,,,,,,,,,,,,,,,,,,,,,,,,,,,,,,,,,,,,,
10,45,de_Ruyter_gun_150_x4,1.573,1.7075,0.63,,,10,50,de_Ruyter_gun_150_x4,1.573,1.7075,0.63,,,,,,,,,,,,,,,,,,,,,,,,,,,,,,,,,,,,,,,,,,,,,,,,,,,,,,,,,,,,,,,,,,,,,,,,,,,,,,,,,,,,,,,,,,,,,,,,,,,,,,,,,,,,,,,,,,,,,,,,,,,,,,,,,,,,,,,,,,,,,,,,,,,,,,,,,,,,,,,,,,,,,,,,,,,,,,,,,,,,,,,,,,,,,,,,,,,,,,,,,,,,,,,,,,,,,,,,,,,,,,,,,,,,,,,,,,,,,,,,,,,,,,,,,
11,45,de_Ruyter_gun_150_x1,1.7275,1.862,1.07,,,11,50,de_Ruyter_gun_150_x1,1.7275,1.862,1.07,,,,,,,,,,,,,,,,,,,,,,,,,,,,,,,,,,,,,,,,,,,,,,,,,,,,,,,,,,,,,,,,,,,,,,,,,,,,,,,,,,,,,,,,,,,,,,,,,,,,,,,,,,,,,,,,,,,,,,,,,,,,,,,,,,,,,,,,,,,,,,,,,,,,,,,,,,,,,,,,,,,,,,,,,,,,,,,,,,,,,,,,,,,,,,,,,,,,,,,,,,,,,,,,,,,,,,,,,,,,,,,,,,,,,,,,,,,,,,,,,,,,,,,,,
11,45,de_Ruyter_gun_150_x2,1.7275,1.862,0.82,,,11,50,de_Ruyter_gun_150_x2,1.7275,1.862,0.82,,,,,,,,,,,,,,,,,,,,,,,,,,,,,,,,,,,,,,,,,,,,,,,,,,,,,,,,,,,,,,,,,,,,,,,,,,,,,,,,,,,,,,,,,,,,,,,,,,,,,,,,,,,,,,,,,,,,,,,,,,,,,,,,,,,,,,,,,,,,,,,,,,,,,,,,,,,,,,,,,,,,,,,,,,,,,,,,,,,,,,,,,,,,,,,,,,,,,,,,,,,,,,,,,,,,,,,,,,,,,,,,,,,,,,,,,,,,,,,,,,,,,,,,,
11,45,de_Ruyter_gun_150_x3,1.7275,1.862,0.66,,,11,50,de_Ruyter_gun_150_x3,1.7275,1.862,0.66,,,,,,,,,,,,,,,,,,,,,,,,,,,,,,,,,,,,,,,,,,,,,,,,,,,,,,,,,,,,,,,,,,,,,,,,,,,,,,,,,,,,,,,,,,,,,,,,,,,,,,,,,,,,,,,,,,,,,,,,,,,,,,,,,,,,,,,,,,,,,,,,,,,,,,,,,,,,,,,,,,,,,,,,,,,,,,,,,,,,,,,,,,,,,,,,,,,,,,,,,,,,,,,,,,,,,,,,,,,,,,,,,,,,,,,,,,,,,,,,,,,,,,,,,
11,45,de_Ruyter_gun_150_x4,1.7275,1.862,0.61,,,11,50,de_Ruyter_gun_150_x4,1.7275,1.862,0.61,,,,,,,,,,,,,,,,,,,,,,,,,,,,,,,,,,,,,,,,,,,,,,,,,,,,,,,,,,,,,,,,,,,,,,,,,,,,,,,,,,,,,,,,,,,,,,,,,,,,,,,,,,,,,,,,,,,,,,,,,,,,,,,,,,,,,,,,,,,,,,,,,,,,,,,,,,,,,,,,,,,,,,,,,,,,,,,,,,,,,,,,,,,,,,,,,,,,,,,,,,,,,,,,,,,,,,,,,,,,,,,,,,,,,,,,,,,,,,,,,,,,,,,,,
12,45,de_Ruyter_gun_150_x1,1.882,2.0165,1.07,,,12,50,de_Ruyter_gun_150_x1,1.882,2.0165,1.07,,,,,,,,,,,,,,,,,,,,,,,,,,,,,,,,,,,,,,,,,,,,,,,,,,,,,,,,,,,,,,,,,,,,,,,,,,,,,,,,,,,,,,,,,,,,,,,,,,,,,,,,,,,,,,,,,,,,,,,,,,,,,,,,,,,,,,,,,,,,,,,,,,,,,,,,,,,,,,,,,,,,,,,,,,,,,,,,,,,,,,,,,,,,,,,,,,,,,,,,,,,,,,,,,,,,,,,,,,,,,,,,,,,,,,,,,,,,,,,,,,,,,,,,,
12,45,de_Ruyter_gun_150_x2,1.882,2.0165,0.82,,,12,50,de_Ruyter_gun_150_x2,1.882,2.0165,0.82,,,,,,,,,,,,,,,,,,,,,,,,,,,,,,,,,,,,,,,,,,,,,,,,,,,,,,,,,,,,,,,,,,,,,,,,,,,,,,,,,,,,,,,,,,,,,,,,,,,,,,,,,,,,,,,,,,,,,,,,,,,,,,,,,,,,,,,,,,,,,,,,,,,,,,,,,,,,,,,,,,,,,,,,,,,,,,,,,,,,,,,,,,,,,,,,,,,,,,,,,,,,,,,,,,,,,,,,,,,,,,,,,,,,,,,,,,,,,,,,,,,,,,,,,
12,45,de_Ruyter_gun_150_x3,1.882,2.0165,0.66,,,12,50,de_Ruyter_gun_150_x3,1.882,2.0165,0.66,,,,,,,,,,,,,,,,,,,,,,,,,,,,,,,,,,,,,,,,,,,,,,,,,,,,,,,,,,,,,,,,,,,,,,,,,,,,,,,,,,,,,,,,,,,,,,,,,,,,,,,,,,,,,,,,,,,,,,,,,,,,,,,,,,,,,,,,,,,,,,,,,,,,,,,,,,,,,,,,,,,,,,,,,,,,,,,,,,,,,,,,,,,,,,,,,,,,,,,,,,,,,,,,,,,,,,,,,,,,,,,,,,,,,,,,,,,,,,,,,,,,,,,,,
12,45,de_Ruyter_gun_150_x4,1.882,2.0165,0.61,,,12,50,de_Ruyter_gun_150_x4,1.882,2.0165,0.61,,,,,,,,,,,,,,,,,,,,,,,,,,,,,,,,,,,,,,,,,,,,,,,,,,,,,,,,,,,,,,,,,,,,,,,,,,,,,,,,,,,,,,,,,,,,,,,,,,,,,,,,,,,,,,,,,,,,,,,,,,,,,,,,,,,,,,,,,,,,,,,,,,,,,,,,,,,,,,,,,,,,,,,,,,,,,,,,,,,,,,,,,,,,,,,,,,,,,,,,,,,,,,,,,,,,,,,,,,,,,,,,,,,,,,,,,,,,,,,,,,,,,,,,,
13,45,de_Ruyter_gun_150_x1,2.0365,2.171,1.13,,,13,50,de_Ruyter_gun_150_x1,2.0365,2.171,1.13,,,,,,,,,,,,,,,,,,,,,,,,,,,,,,,,,,,,,,,,,,,,,,,,,,,,,,,,,,,,,,,,,,,,,,,,,,,,,,,,,,,,,,,,,,,,,,,,,,,,,,,,,,,,,,,,,,,,,,,,,,,,,,,,,,,,,,,,,,,,,,,,,,,,,,,,,,,,,,,,,,,,,,,,,,,,,,,,,,,,,,,,,,,,,,,,,,,,,,,,,,,,,,,,,,,,,,,,,,,,,,,,,,,,,,,,,,,,,,,,,,,,,,,,,
13,45,de_Ruyter_gun_150_x2,2.0365,2.171,0.88,,,13,50,de_Ruyter_gun_150_x2,2.0365,2.171,0.88,,,,,,,,,,,,,,,,,,,,,,,,,,,,,,,,,,,,,,,,,,,,,,,,,,,,,,,,,,,,,,,,,,,,,,,,,,,,,,,,,,,,,,,,,,,,,,,,,,,,,,,,,,,,,,,,,,,,,,,,,,,,,,,,,,,,,,,,,,,,,,,,,,,,,,,,,,,,,,,,,,,,,,,,,,,,,,,,,,,,,,,,,,,,,,,,,,,,,,,,,,,,,,,,,,,,,,,,,,,,,,,,,,,,,,,,,,,,,,,,,,,,,,,,,
13,45,de_Ruyter_gun_150_x3,2.0365,2.171,0.705,,,13,50,de_Ruyter_gun_150_x3,2.0365,2.171,0.705,,,,,,,,,,,,,,,,,,,,,,,,,,,,,,,,,,,,,,,,,,,,,,,,,,,,,,,,,,,,,,,,,,,,,,,,,,,,,,,,,,,,,,,,,,,,,,,,,,,,,,,,,,,,,,,,,,,,,,,,,,,,,,,,,,,,,,,,,,,,,,,,,,,,,,,,,,,,,,,,,,,,,,,,,,,,,,,,,,,,,,,,,,,,,,,,,,,,,,,,,,,,,,,,,,,,,,,,,,,,,,,,,,,,,,,,,,,,,,,,,,,,,,,,,
13,45,de_Ruyter_gun_150_x4,2.0365,2.171,0.65,,,13,50,de_Ruyter_gun_150_x4,2.0365,2.171,0.65,,,,,,,,,,,,,,,,,,,,,,,,,,,,,,,,,,,,,,,,,,,,,,,,,,,,,,,,,,,,,,,,,,,,,,,,,,,,,,,,,,,,,,,,,,,,,,,,,,,,,,,,,,,,,,,,,,,,,,,,,,,,,,,,,,,,,,,,,,,,,,,,,,,,,,,,,,,,,,,,,,,,,,,,,,,,,,,,,,,,,,,,,,,,,,,,,,,,,,,,,,,,,,,,,,,,,,,,,,,,,,,,,,,,,,,,,,,,,,,,,,,,,,,,,
14,45,de_Ruyter_gun_150_x1,2.191,2.3255,1.13,,,14,50,de_Ruyter_gun_150_x1,2.191,2.3255,1.13,,,,,,,,,,,,,,,,,,,,,,,,,,,,,,,,,,,,,,,,,,,,,,,,,,,,,,,,,,,,,,,,,,,,,,,,,,,,,,,,,,,,,,,,,,,,,,,,,,,,,,,,,,,,,,,,,,,,,,,,,,,,,,,,,,,,,,,,,,,,,,,,,,,,,,,,,,,,,,,,,,,,,,,,,,,,,,,,,,,,,,,,,,,,,,,,,,,,,,,,,,,,,,,,,,,,,,,,,,,,,,,,,,,,,,,,,,,,,,,,,,,,,,,,,
14,45,de_Ruyter_gun_150_x2,2.191,2.3255,0.88,,,14,50,de_Ruyter_gun_150_x2,2.191,2.3255,0.88,,,,,,,,,,,,,,,,,,,,,,,,,,,,,,,,,,,,,,,,,,,,,,,,,,,,,,,,,,,,,,,,,,,,,,,,,,,,,,,,,,,,,,,,,,,,,,,,,,,,,,,,,,,,,,,,,,,,,,,,,,,,,,,,,,,,,,,,,,,,,,,,,,,,,,,,,,,,,,,,,,,,,,,,,,,,,,,,,,,,,,,,,,,,,,,,,,,,,,,,,,,,,,,,,,,,,,,,,,,,,,,,,,,,,,,,,,,,,,,,,,,,,,,,,
14,45,de_Ruyter_gun_150_x3,2.191,2.3255,0.705,,,14,50,de_Ruyter_gun_150_x3,2.191,2.3255,0.705,,,,,,,,,,,,,,,,,,,,,,,,,,,,,,,,,,,,,,,,,,,,,,,,,,,,,,,,,,,,,,,,,,,,,,,,,,,,,,,,,,,,,,,,,,,,,,,,,,,,,,,,,,,,,,,,,,,,,,,,,,,,,,,,,,,,,,,,,,,,,,,,,,,,,,,,,,,,,,,,,,,,,,,,,,,,,,,,,,,,,,,,,,,,,,,,,,,,,,,,,,,,,,,,,,,,,,,,,,,,,,,,,,,,,,,,,,,,,,,,,,,,,,,,,
14,45,de_Ruyter_gun_150_x4,2.191,2.3255,0.66,,,14,50,de_Ruyter_gun_150_x4,2.191,2.3255,0.66,,,,,,,,,,,,,,,,,,,,,,,,,,,,,,,,,,,,,,,,,,,,,,,,,,,,,,,,,,,,,,,,,,,,,,,,,,,,,,,,,,,,,,,,,,,,,,,,,,,,,,,,,,,,,,,,,,,,,,,,,,,,,,,,,,,,,,,,,,,,,,,,,,,,,,,,,,,,,,,,,,,,,,,,,,,,,,,,,,,,,,,,,,,,,,,,,,,,,,,,,,,,,,,,,,,,,,,,,,,,,,,,,,,,,,,,,,,,,,,,,,,,,,,,,
15,45,de_Ruyter_gun_150_x1,2.3455,2.48,1.14,,,15,50,de_Ruyter_gun_150_x1,2.3455,2.48,1.14,,,,,,,,,,,,,,,,,,,,,,,,,,,,,,,,,,,,,,,,,,,,,,,,,,,,,,,,,,,,,,,,,,,,,,,,,,,,,,,,,,,,,,,,,,,,,,,,,,,,,,,,,,,,,,,,,,,,,,,,,,,,,,,,,,,,,,,,,,,,,,,,,,,,,,,,,,,,,,,,,,,,,,,,,,,,,,,,,,,,,,,,,,,,,,,,,,,,,,,,,,,,,,,,,,,,,,,,,,,,,,,,,,,,,,,,,,,,,,,,,,,,,,,,,
15,45,de_Ruyter_gun_150_x2,2.3455,2.48,0.9,,,15,50,de_Ruyter_gun_150_x2,2.3455,2.48,0.9,,,,,,,,,,,,,,,,,,,,,,,,,,,,,,,,,,,,,,,,,,,,,,,,,,,,,,,,,,,,,,,,,,,,,,,,,,,,,,,,,,,,,,,,,,,,,,,,,,,,,,,,,,,,,,,,,,,,,,,,,,,,,,,,,,,,,,,,,,,,,,,,,,,,,,,,,,,,,,,,,,,,,,,,,,,,,,,,,,,,,,,,,,,,,,,,,,,,,,,,,,,,,,,,,,,,,,,,,,,,,,,,,,,,,,,,,,,,,,,,,,,,,,,,,
15,45,de_Ruyter_gun_150_x3,2.3455,2.48,0.72,,,15,50,de_Ruyter_gun_150_x3,2.3455,2.48,0.72,,,,,,,,,,,,,,,,,,,,,,,,,,,,,,,,,,,,,,,,,,,,,,,,,,,,,,,,,,,,,,,,,,,,,,,,,,,,,,,,,,,,,,,,,,,,,,,,,,,,,,,,,,,,,,,,,,,,,,,,,,,,,,,,,,,,,,,,,,,,,,,,,,,,,,,,,,,,,,,,,,,,,,,,,,,,,,,,,,,,,,,,,,,,,,,,,,,,,,,,,,,,,,,,,,,,,,,,,,,,,,,,,,,,,,,,,,,,,,,,,,,,,,,,,
15,45,de_Ruyter_gun_150_x4,2.3455,2.48,0.675,,,15,50,de_Ruyter_gun_150_x4,2.3455,2.48,0.675,,,,,,,,,,,,,,,,,,,,,,,,,,,,,,,,,,,,,,,,,,,,,,,,,,,,,,,,,,,,,,,,,,,,,,,,,,,,,,,,,,,,,,,,,,,,,,,,,,,,,,,,,,,,,,,,,,,,,,,,,,,,,,,,,,,,,,,,,,,,,,,,,,,,,,,,,,,,,,,,,,,,,,,,,,,,,,,,,,,,,,,,,,,,,,,,,,,,,,,,,,,,,,,,,,,,,,,,,,,,,,,,,,,,,,,,,,,,,,,,,,,,,,,,,
16,45,de_Ruyter_gun_150_x1,2.5,2.6345,1.15,,,16,50,de_Ruyter_gun_150_x1,2.5,2.6345,1.15,,,,,,,,,,,,,,,,,,,,,,,,,,,,,,,,,,,,,,,,,,,,,,,,,,,,,,,,,,,,,,,,,,,,,,,,,,,,,,,,,,,,,,,,,,,,,,,,,,,,,,,,,,,,,,,,,,,,,,,,,,,,,,,,,,,,,,,,,,,,,,,,,,,,,,,,,,,,,,,,,,,,,,,,,,,,,,,,,,,,,,,,,,,,,,,,,,,,,,,,,,,,,,,,,,,,,,,,,,,,,,,,,,,,,,,,,,,,,,,,,,,,,,,,,
16,45,de_Ruyter_gun_150_x2,2.5,2.6345,0.93,,,16,50,de_Ruyter_gun_150_x2,2.5,2.6345,0.93,,,,,,,,,,,,,,,,,,,,,,,,,,,,,,,,,,,,,,,,,,,,,,,,,,,,,,,,,,,,,,,,,,,,,,,,,,,,,,,,,,,,,,,,,,,,,,,,,,,,,,,,,,,,,,,,,,,,,,,,,,,,,,,,,,,,,,,,,,,,,,,,,,,,,,,,,,,,,,,,,,,,,,,,,,,,,,,,,,,,,,,,,,,,,,,,,,,,,,,,,,,,,,,,,,,,,,,,,,,,,,,,,,,,,,,,,,,,,,,,,,,,,,,,,
16,45,de_Ruyter_gun_150_x3,2.5,2.6345,0.75,,,16,50,de_Ruyter_gun_150_x3,2.5,2.6345,0.75,,,,,,,,,,,,,,,,,,,,,,,,,,,,,,,,,,,,,,,,,,,,,,,,,,,,,,,,,,,,,,,,,,,,,,,,,,,,,,,,,,,,,,,,,,,,,,,,,,,,,,,,,,,,,,,,,,,,,,,,,,,,,,,,,,,,,,,,,,,,,,,,,,,,,,,,,,,,,,,,,,,,,,,,,,,,,,,,,,,,,,,,,,,,,,,,,,,,,,,,,,,,,,,,,,,,,,,,,,,,,,,,,,,,,,,,,,,,,,,,,,,,,,,,,
16,45,de_Ruyter_gun_150_x4,2.5,2.6345,0.68,,,16,50,de_Ruyter_gun_150_x4,2.5,2.6345,0.68,,,,,,,,,,,,,,,,,,,,,,,,,,,,,,,,,,,,,,,,,,,,,,,,,,,,,,,,,,,,,,,,,,,,,,,,,,,,,,,,,,,,,,,,,,,,,,,,,,,,,,,,,,,,,,,,,,,,,,,,,,,,,,,,,,,,,,,,,,,,,,,,,,,,,,,,,,,,,,,,,,,,,,,,,,,,,,,,,,,,,,,,,,,,,,,,,,,,,,,,,,,,,,,,,,,,,,,,,,,,,,,,,,,,,,,,,,,,,,,,,,,,,,,,,
17,45,de_Ruyter_gun_150_x1,2.6545,2.789,1.2,,,17,50,de_Ruyter_gun_150_x1,2.6545,2.789,1.2,,,,,,,,,,,,,,,,,,,,,,,,,,,,,,,,,,,,,,,,,,,,,,,,,,,,,,,,,,,,,,,,,,,,,,,,,,,,,,,,,,,,,,,,,,,,,,,,,,,,,,,,,,,,,,,,,,,,,,,,,,,,,,,,,,,,,,,,,,,,,,,,,,,,,,,,,,,,,,,,,,,,,,,,,,,,,,,,,,,,,,,,,,,,,,,,,,,,,,,,,,,,,,,,,,,,,,,,,,,,,,,,,,,,,,,,,,,,,,,,,,,,,,,,,
17,45,de_Ruyter_gun_150_x2,2.6545,2.789,0.95,,,17,50,de_Ruyter_gun_150_x2,2.6545,2.789,0.95,,,,,,,,,,,,,,,,,,,,,,,,,,,,,,,,,,,,,,,,,,,,,,,,,,,,,,,,,,,,,,,,,,,,,,,,,,,,,,,,,,,,,,,,,,,,,,,,,,,,,,,,,,,,,,,,,,,,,,,,,,,,,,,,,,,,,,,,,,,,,,,,,,,,,,,,,,,,,,,,,,,,,,,,,,,,,,,,,,,,,,,,,,,,,,,,,,,,,,,,,,,,,,,,,,,,,,,,,,,,,,,,,,,,,,,,,,,,,,,,,,,,,,,,,
17,45,de_Ruyter_gun_150_x3,2.6545,2.789,0.775,,,17,50,de_Ruyter_gun_150_x3,2.6545,2.789,0.775,,,,,,,,,,,,,,,,,,,,,,,,,,,,,,,,,,,,,,,,,,,,,,,,,,,,,,,,,,,,,,,,,,,,,,,,,,,,,,,,,,,,,,,,,,,,,,,,,,,,,,,,,,,,,,,,,,,,,,,,,,,,,,,,,,,,,,,,,,,,,,,,,,,,,,,,,,,,,,,,,,,,,,,,,,,,,,,,,,,,,,,,,,,,,,,,,,,,,,,,,,,,,,,,,,,,,,,,,,,,,,,,,,,,,,,,,,,,,,,,,,,,,,,,,
17,45,de_Ruyter_gun_150_x4,2.6545,2.789,0.71,,,17,50,de_Ruyter_gun_150_x4,2.6545,2.789,0.71,,,,,,,,,,,,,,,,,,,,,,,,,,,,,,,,,,,,,,,,,,,,,,,,,,,,,,,,,,,,,,,,,,,,,,,,,,,,,,,,,,,,,,,,,,,,,,,,,,,,,,,,,,,,,,,,,,,,,,,,,,,,,,,,,,,,,,,,,,,,,,,,,,,,,,,,,,,,,,,,,,,,,,,,,,,,,,,,,,,,,,,,,,,,,,,,,,,,,,,,,,,,,,,,,,,,,,,,,,,,,,,,,,,,,,,,,,,,,,,,,,,,,,,,,
18,45,de_Ruyter_gun_150_x1,2.809,2.9435,1.23,,,18,50,de_Ruyter_gun_150_x1,2.809,2.9435,1.23,,,,,,,,,,,,,,,,,,,,,,,,,,,,,,,,,,,,,,,,,,,,,,,,,,,,,,,,,,,,,,,,,,,,,,,,,,,,,,,,,,,,,,,,,,,,,,,,,,,,,,,,,,,,,,,,,,,,,,,,,,,,,,,,,,,,,,,,,,,,,,,,,,,,,,,,,,,,,,,,,,,,,,,,,,,,,,,,,,,,,,,,,,,,,,,,,,,,,,,,,,,,,,,,,,,,,,,,,,,,,,,,,,,,,,,,,,,,,,,,,,,,,,,,,
18,45,de_Ruyter_gun_150_x2,2.809,2.9435,0.985,,,18,50,de_Ruyter_gun_150_x2,2.809,2.9435,0.985,,,,,,,,,,,,,,,,,,,,,,,,,,,,,,,,,,,,,,,,,,,,,,,,,,,,,,,,,,,,,,,,,,,,,,,,,,,,,,,,,,,,,,,,,,,,,,,,,,,,,,,,,,,,,,,,,,,,,,,,,,,,,,,,,,,,,,,,,,,,,,,,,,,,,,,,,,,,,,,,,,,,,,,,,,,,,,,,,,,,,,,,,,,,,,,,,,,,,,,,,,,,,,,,,,,,,,,,,,,,,,,,,,,,,,,,,,,,,,,,,,,,,,,,,
18,45,de_Ruyter_gun_150_x3,2.809,2.9435,0.81,,,18,50,de_Ruyter_gun_150_x3,2.809,2.9435,0.81,,,,,,,,,,,,,,,,,,,,,,,,,,,,,,,,,,,,,,,,,,,,,,,,,,,,,,,,,,,,,,,,,,,,,,,,,,,,,,,,,,,,,,,,,,,,,,,,,,,,,,,,,,,,,,,,,,,,,,,,,,,,,,,,,,,,,,,,,,,,,,,,,,,,,,,,,,,,,,,,,,,,,,,,,,,,,,,,,,,,,,,,,,,,,,,,,,,,,,,,,,,,,,,,,,,,,,,,,,,,,,,,,,,,,,,,,,,,,,,,,,,,,,,,,
18,45,de_Ruyter_gun_150_x4,2.809,2.9435,0.735,,,18,50,de_Ruyter_gun_150_x4,2.809,2.9435,0.735,,,,,,,,,,,,,,,,,,,,,,,,,,,,,,,,,,,,,,,,,,,,,,,,,,,,,,,,,,,,,,,,,,,,,,,,,,,,,,,,,,,,,,,,,,,,,,,,,,,,,,,,,,,,,,,,,,,,,,,,,,,,,,,,,,,,,,,,,,,,,,,,,,,,,,,,,,,,,,,,,,,,,,,,,,,,,,,,,,,,,,,,,,,,,,,,,,,,,,,,,,,,,,,,,,,,,,,,,,,,,,,,,,,,,,,,,,,,,,,,,,,,,,,,,
19,45,de_Ruyter_gun_150_x1,2.9635,3.098,1.16,,,19,50,de_Ruyter_gun_150_x1,2.9635,3.098,1.16,,,,,,,,,,,,,,,,,,,,,,,,,,,,,,,,,,,,,,,,,,,,,,,,,,,,,,,,,,,,,,,,,,,,,,,,,,,,,,,,,,,,,,,,,,,,,,,,,,,,,,,,,,,,,,,,,,,,,,,,,,,,,,,,,,,,,,,,,,,,,,,,,,,,,,,,,,,,,,,,,,,,,,,,,,,,,,,,,,,,,,,,,,,,,,,,,,,,,,,,,,,,,,,,,,,,,,,,,,,,,,,,,,,,,,,,,,,,,,,,,,,,,,,,,
19,45,de_Ruyter_gun_150_x2,2.9635,3.098,0.95,,,19,50,de_Ruyter_gun_150_x2,2.9635,3.098,0.95,,,,,,,,,,,,,,,,,,,,,,,,,,,,,,,,,,,,,,,,,,,,,,,,,,,,,,,,,,,,,,,,,,,,,,,,,,,,,,,,,,,,,,,,,,,,,,,,,,,,,,,,,,,,,,,,,,,,,,,,,,,,,,,,,,,,,,,,,,,,,,,,,,,,,,,,,,,,,,,,,,,,,,,,,,,,,,,,,,,,,,,,,,,,,,,,,,,,,,,,,,,,,,,,,,,,,,,,,,,,,,,,,,,,,,,,,,,,,,,,,,,,,,,,,
19,45,de_Ruyter_gun_150_x3,2.9635,3.098,0.78,,,19,50,de_Ruyter_gun_150_x3,2.9635,3.098,0.78,,,,,,,,,,,,,,,,,,,,,,,,,,,,,,,,,,,,,,,,,,,,,,,,,,,,,,,,,,,,,,,,,,,,,,,,,,,,,,,,,,,,,,,,,,,,,,,,,,,,,,,,,,,,,,,,,,,,,,,,,,,,,,,,,,,,,,,,,,,,,,,,,,,,,,,,,,,,,,,,,,,,,,,,,,,,,,,,,,,,,,,,,,,,,,,,,,,,,,,,,,,,,,,,,,,,,,,,,,,,,,,,,,,,,,,,,,,,,,,,,,,,,,,,,
19,45,de_Ruyter_gun_150_x4,2.9635,3.098,0.725,,,19,50,de_Ruyter_gun_150_x4,2.9635,3.098,0.725,,,,,,,,,,,,,,,,,,,,,,,,,,,,,,,,,,,,,,,,,,,,,,,,,,,,,,,,,,,,,,,,,,,,,,,,,,,,,,,,,,,,,,,,,,,,,,,,,,,,,,,,,,,,,,,,,,,,,,,,,,,,,,,,,,,,,,,,,,,,,,,,,,,,,,,,,,,,,,,,,,,,,,,,,,,,,,,,,,,,,,,,,,,,,,,,,,,,,,,,,,,,,,,,,,,,,,,,,,,,,,,,,,,,,,,,,,,,,,,,,,,,,,,,,
20,45,de_Ruyter_gun_150_x1,3.118,3.2525,1.05,,,20,50,de_Ruyter_gun_150_x1,3.118,3.2525,1.05,,,,,,,,,,,,,,,,,,,,,,,,,,,,,,,,,,,,,,,,,,,,,,,,,,,,,,,,,,,,,,,,,,,,,,,,,,,,,,,,,,,,,,,,,,,,,,,,,,,,,,,,,,,,,,,,,,,,,,,,,,,,,,,,,,,,,,,,,,,,,,,,,,,,,,,,,,,,,,,,,,,,,,,,,,,,,,,,,,,,,,,,,,,,,,,,,,,,,,,,,,,,,,,,,,,,,,,,,,,,,,,,,,,,,,,,,,,,,,,,,,,,,,,,,
20,45,de_Ruyter_gun_150_x2,3.118,3.2525,0.85,,,20,50,de_Ruyter_gun_150_x2,3.118,3.2525,0.85,,,,,,,,,,,,,,,,,,,,,,,,,,,,,,,,,,,,,,,,,,,,,,,,,,,,,,,,,,,,,,,,,,,,,,,,,,,,,,,,,,,,,,,,,,,,,,,,,,,,,,,,,,,,,,,,,,,,,,,,,,,,,,,,,,,,,,,,,,,,,,,,,,,,,,,,,,,,,,,,,,,,,,,,,,,,,,,,,,,,,,,,,,,,,,,,,,,,,,,,,,,,,,,,,,,,,,,,,,,,,,,,,,,,,,,,,,,,,,,,,,,,,,,,,
20,45,de_Ruyter_gun_150_x3,3.118,3.2525,0.7,,,20,50,de_Ruyter_gun_150_x3,3.118,3.2525,0.7,,,,,,,,,,,,,,,,,,,,,,,,,,,,,,,,,,,,,,,,,,,,,,,,,,,,,,,,,,,,,,,,,,,,,,,,,,,,,,,,,,,,,,,,,,,,,,,,,,,,,,,,,,,,,,,,,,,,,,,,,,,,,,,,,,,,,,,,,,,,,,,,,,,,,,,,,,,,,,,,,,,,,,,,,,,,,,,,,,,,,,,,,,,,,,,,,,,,,,,,,,,,,,,,,,,,,,,,,,,,,,,,,,,,,,,,,,,,,,,,,,,,,,,,,
20,45,de_Ruyter_gun_150_x4,3.118,3.2525,0.65,,,20,50,de_Ruyter_gun_150_x4,3.118,3.2525,0.65,,,,,,,,,,,,,,,,,,,,,,,,,,,,,,,,,,,,,,,,,,,,,,,,,,,,,,,,,,,,,,,,,,,,,,,,,,,,,,,,,,,,,,,,,,,,,,,,,,,,,,,,,,,,,,,,,,,,,,,,,,,,,,,,,,,,,,,,,,,,,,,,,,,,,,,,,,,,,,,,,,,,,,,,,,,,,,,,,,,,,,,,,,,,,,,,,,,,,,,,,,,,,,,,,,,,,,,,,,,,,,,,,,,,,,,,,,,,,,,,,,,,,,,,,
,,ITALY,,,,,,,,,,,,,,,,,,,,,,,,,,,,,,,,,,,,,,,,,,,,,,,,,,,,,,,,,,,,,,,,,,,,,,,,,,,,,,,,,,,,,,,,,,,,,,,,,,,,,,,,,,,,,,,,,,,,,,,,,,,,,,,,,,,,,,,,,,,,,,,,,,,,,,,,,,,,,,,,,,,,,,,,,,,,,,,,,,,,,,,,,,,,,,,,,,,,,,,,,,,,,,,,,,,,,,,,,,,,,,,,,,,,,,,,,,,,,,,,,,,,,,,,,,,,,,,,,,,,
2,45,litt_gun_381_x1,0.1452,0.2084,0.92,,,2,50,litt_gun_381_x1,0.1452,0.2084,0.92,,,2,45,litt_gun_381a_x1,0.1452,0.2084,0.92,,,2,50,litt_gun_381a_x1,0.1452,0.2084,0.92,,,2,45,litt_gun_152_x1,0.248,0.356,0.92,,,2,50,litt_gun_152_x1,0.248,0.356,0.92,,,2,45,litt_gun_152a_x1,0.248,0.356,0.92,,,2,50,litt_gun_152a_x1,0.248,0.356,0.92,,,2,45,mont_gun_152_x1,0.422,0.532,0.92,,,2,50,mont_gun_152_x1,0.422,0.532,0.92,,,2,45,pola_gun_100_x1,0.596,0.722,0.92,,,2,50,pola_gun_100_x1,0.596,0.722,0.92,,,2,45,litt_gun_90_x1,0.596,0.722,0.92,,,2,50,litt_gun_90_x1,0.596,0.722,0.92,,,2,45,pola_gun_203_x1,0.222,0.339,0.92,,,2,50,pola_gun_203_x1,0.222,0.339,0.92,,,2,45,trento_gun_203_x1,0.222,0.339,0.92,,,2,50,trento_gun_203_x1,0.222,0.339,0.92,,,,,,,,,,,,,,,,,,,,,,,,,,,,,,,,,,,,,,,,,,,,,,,,,,,,,,,,,,,,,,,,,,,,,,,,,,,,,,,,,,,,,,,,,,,,,,,,,,,,,,,,,,,,,,,,,,,,,,,,,
2,45,litt_gun_381_x2,0.1452,0.2084,0.7,,,2,50,litt_gun_381_x2,0.1452,0.2084,0.7,,,2,45,litt_gun_381a_x2,0.1452,0.2084,0.7,,,2,50,litt_gun_381a_x2,0.1452,0.2084,0.7,,,2,45,litt_gun_152_x2,0.248,0.356,0.7,,,2,50,litt_gun_152_x2,0.248,0.356,0.7,,,2,45,litt_gun_152a_x2,0.248,0.356,0.7,,,2,50,litt_gun_152a_x2,0.248,0.356,0.7,,,2,45,mont_gun_152_x2,0.422,0.532,0.7,,,2,50,mont_gun_152_x2,0.422,0.532,0.7,,,2,45,pola_gun_100_x2,0.596,0.722,0.7,,,2,50,pola_gun_100_x2,0.596,0.722,0.7,,,2,45,litt_gun_90_x2,0.596,0.722,0.7,,,2,50,litt_gun_90_x2,0.596,0.722,0.7,,,2,45,pola_gun_203_x2,0.222,0.339,0.7,,,2,50,pola_gun_203_x2,0.222,0.339,0.7,,,2,45,trento_gun_203_x2,0.222,0.339,0.7,,,2,50,trento_gun_203_x2,0.222,0.339,0.7,,,,,,,,,,,,,,,,,,,,,,,,,,,,,,,,,,,,,,,,,,,,,,,,,,,,,,,,,,,,,,,,,,,,,,,,,,,,,,,,,,,,,,,,,,,,,,,,,,,,,,,,,,,,,,,,,,,,,,,,,
2,45,litt_gun_381_x3,0.1452,0.2084,0.55,,,2,50,litt_gun_381_x3,0.1452,0.2084,0.55,,,2,45,litt_gun_381a_x3,0.1452,0.2084,0.55,,,2,50,litt_gun_381a_x3,0.1452,0.2084,0.55,,,2,45,litt_gun_152_x3,0.248,0.356,0.55,,,2,50,litt_gun_152_x3,0.248,0.356,0.55,,,2,45,litt_gun_152a_x3,0.248,0.356,0.55,,,2,50,litt_gun_152a_x3,0.248,0.356,0.55,,,2,45,mont_gun_152_x3,0.422,0.532,0.55,,,2,50,mont_gun_152_x3,0.422,0.532,0.55,,,2,45,pola_gun_100_x3,0.596,0.722,0.55,,,2,50,pola_gun_100_x3,0.596,0.722,0.55,,,2,45,litt_gun_90_x3,0.596,0.722,0.55,,,2,50,litt_gun_90_x3,0.596,0.722,0.55,,,2,45,pola_gun_203_x3,0.222,0.339,0.55,,,2,50,pola_gun_203_x3,0.222,0.339,0.55,,,2,45,trento_gun_203_x3,0.222,0.339,0.55,,,2,50,trento_gun_203_x3,0.222,0.339,0.55,,,,,,,,,,,,,,,,,,,,,,,,,,,,,,,,,,,,,,,,,,,,,,,,,,,,,,,,,,,,,,,,,,,,,,,,,,,,,,,,,,,,,,,,,,,,,,,,,,,,,,,,,,,,,,,,,,,,,,,,,
2,45,litt_gun_381_x4,0.1452,0.2084,0.5,,,2,50,litt_gun_381_x4,0.1452,0.2084,0.5,,,2,45,litt_gun_381a_x4,0.1452,0.2084,0.5,,,2,50,litt_gun_381a_x4,0.1452,0.2084,0.5,,,2,45,litt_gun_152_x4,0.248,0.356,0.5,,,2,50,litt_gun_152_x4,0.248,0.356,0.5,,,2,45,litt_gun_152a_x4,0.248,0.356,0.5,,,2,50,litt_gun_152a_x4,0.248,0.356,0.5,,,2,45,mont_gun_152_x4,0.422,0.532,0.5,,,2,50,mont_gun_152_x4,0.422,0.532,0.5,,,2,45,pola_gun_100_x4,0.596,0.722,0.5,,,2,50,pola_gun_100_x4,0.596,0.722,0.5,,,2,45,litt_gun_90_x4,0.596,0.722,0.5,,,2,50,litt_gun_90_x4,0.596,0.722,0.5,,,2,45,trento_gun_203_x4,0.222,0.339,0.5,,,2,50,trento_gun_203_x4,0.222,0.339,0.5,,,2,45,trento_gun_203_x4,0.222,0.339,0.5,,,2,50,trento_gun_203_x4,0.222,0.339,0.5,,,,,,,,,,,,,,,,,,,,,,,,,,,,,,,,,,,,,,,,,,,,,,,,,,,,,,,,,,,,,,,,,,,,,,,,,,,,,,,,,,,,,,,,,,,,,,,,,,,,,,,,,,,,,,,,,,,,,,,,,
3,45,litt_gun_381_x1,0.2134,0.2766,1.45,,,3,50,litt_gun_381_x1,0.2134,0.2766,1.45,,,3,45,litt_gun_381a_x1,0.2134,0.2766,1.45,,,3,50,litt_gun_381a_x1,0.2134,0.2766,1.45,,,3,45,litt_gun_152_x1,0.366,0.474,1.45,,,3,50,litt_gun_152_x1,0.366,0.474,1.45,,,3,45,litt_gun_152a_x1,0.366,0.474,1.45,,,3,50,litt_gun_152a_x1,0.366,0.474,1.45,,,3,45,mont_gun_152_x1,0.549,0.659,1.45,,,3,50,mont_gun_152_x1,0.549,0.659,1.45,,,3,45,pola_gun_100_x1,0.732,0.858,1.45,,,3,50,pola_gun_100_x1,0.732,0.858,1.45,,,3,45,litt_gun_90_x1,0.732,0.858,1.45,,,3,50,litt_gun_90_x1,0.732,0.858,1.45,,,3,45,pola_gun_203_x1,0.349,0.466,1.45,,,3,50,pola_gun_203_x1,0.349,0.466,1.45,,,3,45,trento_gun_203_x1,0.349,0.466,1.45,,,3,50,trento_gun_203_x1,0.349,0.466,1.45,,,,,,,,,,,,,,,,,,,,,,,,,,,,,,,,,,,,,,,,,,,,,,,,,,,,,,,,,,,,,,,,,,,,,,,,,,,,,,,,,,,,,,,,,,,,,,,,,,,,,,,,,,,,,,,,,,,,,,,,,
3,45,litt_gun_381_x2,0.2134,0.2766,1.08,,,3,50,litt_gun_381_x2,0.2134,0.2766,1.08,,,3,45,litt_gun_381a_x2,0.2134,0.2766,1.08,,,3,50,litt_gun_381a_x2,0.2134,0.2766,1.08,,,3,45,litt_gun_152_x2,0.366,0.474,1.08,,,3,50,litt_gun_152_x2,0.366,0.474,1.08,,,3,45,litt_gun_152a_x2,0.366,0.474,1.08,,,3,50,litt_gun_152a_x2,0.366,0.474,1.08,,,3,45,mont_gun_152_x2,0.549,0.659,1.08,,,3,50,mont_gun_152_x2,0.549,0.659,1.08,,,3,45,pola_gun_100_x2,0.732,0.858,1.08,,,3,50,pola_gun_100_x2,0.732,0.858,1.08,,,3,45,litt_gun_90_x2,0.732,0.858,1.08,,,3,50,litt_gun_90_x2,0.732,0.858,1.08,,,3,45,pola_gun_203_x2,0.349,0.466,1.08,,,3,50,pola_gun_203_x2,0.349,0.466,1.08,,,3,45,trento_gun_203_x2,0.349,0.466,1.08,,,3,50,trento_gun_203_x2,0.349,0.466,1.08,,,,,,,,,,,,,,,,,,,,,,,,,,,,,,,,,,,,,,,,,,,,,,,,,,,,,,,,,,,,,,,,,,,,,,,,,,,,,,,,,,,,,,,,,,,,,,,,,,,,,,,,,,,,,,,,,,,,,,,,,
3,45,litt_gun_381_x3,0.2134,0.2766,0.83,,,3,50,litt_gun_381_x3,0.2134,0.2766,0.83,,,3,45,litt_gun_381a_x3,0.2134,0.2766,0.83,,,3,50,litt_gun_381a_x3,0.2134,0.2766,0.83,,,3,45,litt_gun_152_x3,0.366,0.474,0.83,,,3,50,litt_gun_152_x3,0.366,0.474,0.83,,,3,45,litt_gun_152a_x3,0.366,0.474,0.83,,,3,50,litt_gun_152a_x3,0.366,0.474,0.83,,,3,45,mont_gun_152_x3,0.549,0.659,0.83,,,3,50,mont_gun_152_x3,0.549,0.659,0.83,,,3,45,pola_gun_100_x3,0.732,0.858,0.83,,,3,50,pola_gun_100_x3,0.732,0.858,0.83,,,3,45,litt_gun_90_x3,0.732,0.858,0.83,,,3,50,litt_gun_90_x3,0.732,0.858,0.83,,,3,45,pola_gun_203_x3,0.349,0.466,0.83,,,3,50,pola_gun_203_x3,0.349,0.466,0.83,,,3,45,trento_gun_203_x3,0.349,0.466,0.83,,,3,50,trento_gun_203_x3,0.349,0.466,0.83,,,,,,,,,,,,,,,,,,,,,,,,,,,,,,,,,,,,,,,,,,,,,,,,,,,,,,,,,,,,,,,,,,,,,,,,,,,,,,,,,,,,,,,,,,,,,,,,,,,,,,,,,,,,,,,,,,,,,,,,,
3,45,litt_gun_381_x4,0.2134,0.2766,0.74,,,3,50,litt_gun_381_x4,0.2134,0.2766,0.74,,,3,45,litt_gun_381a_x4,0.2134,0.2766,0.74,,,3,50,litt_gun_381a_x4,0.2134,0.2766,0.74,,,3,45,litt_gun_152_x4,0.366,0.474,0.74,,,3,50,litt_gun_152_x4,0.366,0.474,0.74,,,3,45,litt_gun_152a_x4,0.366,0.474,0.74,,,3,50,litt_gun_152a_x4,0.366,0.474,0.74,,,3,45,mont_gun_152_x4,0.549,0.659,0.74,,,3,50,mont_gun_152_x4,0.549,0.659,0.74,,,3,45,pola_gun_100_x4,0.732,0.858,0.74,,,3,50,pola_gun_100_x4,0.732,0.858,0.74,,,3,45,litt_gun_90_x4,0.732,0.858,0.74,,,3,50,litt_gun_90_x4,0.732,0.858,0.74,,,3,45,trento_gun_203_x4,0.349,0.466,0.74,,,3,50,trento_gun_203_x4,0.349,0.466,0.74,,,3,45,trento_gun_203_x4,0.349,0.466,0.74,,,3,50,trento_gun_203_x4,0.349,0.466,0.74,,,,,,,,,,,,,,,,,,,,,,,,,,,,,,,,,,,,,,,,,,,,,,,,,,,,,,,,,,,,,,,,,,,,,,,,,,,,,,,,,,,,,,,,,,,,,,,,,,,,,,,,,,,,,,,,,,,,,,,,,
4,45,litt_gun_381_x1,0.2816,0.3448,1.7,,,4,50,litt_gun_381_x1,0.2816,0.3448,1.7,,,4,45,litt_gun_381a_x1,0.2816,0.3448,1.7,,,4,50,litt_gun_381a_x1,0.2816,0.3448,1.7,,,4,45,litt_gun_152_x1,0.484,0.592,1.7,,,4,50,litt_gun_152_x1,0.484,0.592,1.7,,,4,45,litt_gun_152a_x1,0.484,0.592,1.7,,,4,50,litt_gun_152a_x1,0.484,0.592,1.7,,,4,45,mont_gun_152_x1,0.676,0.786,1.7,,,4,50,mont_gun_152_x1,0.676,0.786,1.7,,,4,45,pola_gun_100_x1,0.868,0.994,1.7,,,4,50,pola_gun_100_x1,0.868,0.994,1.7,,,4,45,litt_gun_90_x1,0.868,0.994,1.7,,,4,50,litt_gun_90_x1,0.868,0.994,1.7,,,4,45,pola_gun_203_x1,0.476,0.593,1.7,,,4,50,pola_gun_203_x1,0.476,0.593,1.7,,,4,45,trento_gun_203_x1,0.476,0.593,1.7,,,4,50,trento_gun_203_x1,0.476,0.593,1.7,,,,,,,,,,,,,,,,,,,,,,,,,,,,,,,,,,,,,,,,,,,,,,,,,,,,,,,,,,,,,,,,,,,,,,,,,,,,,,,,,,,,,,,,,,,,,,,,,,,,,,,,,,,,,,,,,,,,,,,,,
4,45,litt_gun_381_x2,0.2816,0.3448,1.28,,,4,50,litt_gun_381_x2,0.2816,0.3448,1.28,,,4,45,litt_gun_381a_x2,0.2816,0.3448,1.28,,,4,50,litt_gun_381a_x2,0.2816,0.3448,1.28,,,4,45,litt_gun_152_x2,0.484,0.592,1.28,,,4,50,litt_gun_152_x2,0.484,0.592,1.28,,,4,45,litt_gun_152a_x2,0.484,0.592,1.28,,,4,50,litt_gun_152a_x2,0.484,0.592,1.28,,,4,45,mont_gun_152_x2,0.676,0.786,1.28,,,4,50,mont_gun_152_x2,0.676,0.786,1.28,,,4,45,pola_gun_100_x2,0.868,0.994,1.28,,,4,50,pola_gun_100_x2,0.868,0.994,1.28,,,4,45,litt_gun_90_x2,0.868,0.994,1.28,,,4,50,litt_gun_90_x2,0.868,0.994,1.28,,,4,45,pola_gun_203_x2,0.476,0.593,1.28,,,4,50,pola_gun_203_x2,0.476,0.593,1.28,,,4,45,trento_gun_203_x2,0.476,0.593,1.28,,,4,50,trento_gun_203_x2,0.476,0.593,1.28,,,,,,,,,,,,,,,,,,,,,,,,,,,,,,,,,,,,,,,,,,,,,,,,,,,,,,,,,,,,,,,,,,,,,,,,,,,,,,,,,,,,,,,,,,,,,,,,,,,,,,,,,,,,,,,,,,,,,,,,,
4,45,litt_gun_381_x3,0.2816,0.3448,1,,,4,50,litt_gun_381_x3,0.2816,0.3448,1,,,4,45,litt_gun_381a_x3,0.2816,0.3448,1,,,4,50,litt_gun_381a_x3,0.2816,0.3448,1,,,4,45,litt_gun_152_x3,0.484,0.592,1,,,4,50,litt_gun_152_x3,0.484,0.592,1,,,4,45,litt_gun_152a_x3,0.484,0.592,1,,,4,50,litt_gun_152a_x3,0.484,0.592,1,,,4,45,mont_gun_152_x3,0.676,0.786,1,,,4,50,mont_gun_152_x3,0.676,0.786,1,,,4,45,pola_gun_100_x3,0.868,0.994,1,,,4,50,pola_gun_100_x3,0.868,0.994,1,,,4,45,litt_gun_90_x3,0.868,0.994,1,,,4,50,litt_gun_90_x3,0.868,0.994,1,,,4,45,pola_gun_203_x3,0.476,0.593,1,,,4,50,pola_gun_203_x3,0.476,0.593,1,,,4,45,trento_gun_203_x3,0.476,0.593,1,,,4,50,trento_gun_203_x3,0.476,0.593,1,,,,,,,,,,,,,,,,,,,,,,,,,,,,,,,,,,,,,,,,,,,,,,,,,,,,,,,,,,,,,,,,,,,,,,,,,,,,,,,,,,,,,,,,,,,,,,,,,,,,,,,,,,,,,,,,,,,,,,,,,
4,45,litt_gun_381_x4,0.2816,0.3448,0.85,,,4,50,litt_gun_381_x4,0.2816,0.3448,0.85,,,4,45,litt_gun_381a_x4,0.2816,0.3448,0.85,,,4,50,litt_gun_381a_x4,0.2816,0.3448,0.85,,,4,45,litt_gun_152_x4,0.484,0.592,0.85,,,4,50,litt_gun_152_x4,0.484,0.592,0.85,,,4,45,litt_gun_152a_x4,0.484,0.592,0.85,,,4,50,litt_gun_152a_x4,0.484,0.592,0.85,,,4,45,mont_gun_152_x4,0.676,0.786,0.85,,,4,50,mont_gun_152_x4,0.676,0.786,0.85,,,4,45,pola_gun_100_x4,0.868,0.994,0.85,,,4,50,pola_gun_100_x4,0.868,0.994,0.85,,,4,45,litt_gun_90_x4,0.868,0.994,0.85,,,4,50,litt_gun_90_x4,0.868,0.994,0.85,,,4,45,trento_gun_203_x4,0.476,0.593,0.85,,,4,50,trento_gun_203_x4,0.476,0.593,0.85,,,4,45,trento_gun_203_x4,0.476,0.593,0.85,,,4,50,trento_gun_203_x4,0.476,0.593,0.85,,,,,,,,,,,,,,,,,,,,,,,,,,,,,,,,,,,,,,,,,,,,,,,,,,,,,,,,,,,,,,,,,,,,,,,,,,,,,,,,,,,,,,,,,,,,,,,,,,,,,,,,,,,,,,,,,,,,,,,,,
5,45,litt_gun_381_x1,0.3498,0.413,1.25,,,5,50,litt_gun_381_x1,0.3498,0.413,1.25,,,5,45,litt_gun_381a_x1,0.3498,0.413,1.25,,,5,50,litt_gun_381a_x1,0.3498,0.413,1.25,,,5,45,litt_gun_152_x1,0.602,0.71,1.25,,,5,50,litt_gun_152_x1,0.602,0.71,1.25,,,5,45,litt_gun_152a_x1,0.602,0.71,1.25,,,5,50,litt_gun_152a_x1,0.602,0.71,1.25,,,5,45,mont_gun_152_x1,0.803,0.913,1.25,,,5,50,mont_gun_152_x1,0.803,0.913,1.25,,,5,45,pola_gun_100_x1,1.004,1.13,1.25,,,5,50,pola_gun_100_x1,1.004,1.13,1.25,,,5,45,litt_gun_90_x1,1.004,1.13,1.25,,,5,50,litt_gun_90_x1,1.004,1.13,1.25,,,5,45,pola_gun_203_x1,0.603,0.72,1.25,,,5,50,pola_gun_203_x1,0.603,0.72,1.25,,,5,45,trento_gun_203_x1,0.603,0.72,1.25,,,5,50,trento_gun_203_x1,0.603,0.72,1.25,,,,,,,,,,,,,,,,,,,,,,,,,,,,,,,,,,,,,,,,,,,,,,,,,,,,,,,,,,,,,,,,,,,,,,,,,,,,,,,,,,,,,,,,,,,,,,,,,,,,,,,,,,,,,,,,,,,,,,,,,
5,45,litt_gun_381_x2,0.3498,0.413,0.95,,,5,50,litt_gun_381_x2,0.3498,0.413,0.95,,,5,45,litt_gun_381a_x2,0.3498,0.413,0.95,,,5,50,litt_gun_381a_x2,0.3498,0.413,0.95,,,5,45,litt_gun_152_x2,0.602,0.71,0.95,,,5,50,litt_gun_152_x2,0.602,0.71,0.95,,,5,45,litt_gun_152a_x2,0.602,0.71,0.95,,,5,50,litt_gun_152a_x2,0.602,0.71,0.95,,,5,45,mont_gun_152_x2,0.803,0.913,0.95,,,5,50,mont_gun_152_x2,0.803,0.913,0.95,,,5,45,pola_gun_100_x2,1.004,1.13,0.95,,,5,50,pola_gun_100_x2,1.004,1.13,0.95,,,5,45,litt_gun_90_x2,1.004,1.13,0.95,,,5,50,litt_gun_90_x2,1.004,1.13,0.95,,,5,45,pola_gun_203_x2,0.603,0.72,0.95,,,5,50,pola_gun_203_x2,0.603,0.72,0.95,,,5,45,trento_gun_203_x2,0.603,0.72,0.95,,,5,50,trento_gun_203_x2,0.603,0.72,0.95,,,,,,,,,,,,,,,,,,,,,,,,,,,,,,,,,,,,,,,,,,,,,,,,,,,,,,,,,,,,,,,,,,,,,,,,,,,,,,,,,,,,,,,,,,,,,,,,,,,,,,,,,,,,,,,,,,,,,,,,,
5,45,litt_gun_381_x3,0.3498,0.413,0.75,,,5,50,litt_gun_381_x3,0.3498,0.413,0.75,,,5,45,litt_gun_381a_x3,0.3498,0.413,0.75,,,5,50,litt_gun_381a_x3,0.3498,0.413,0.75,,,5,45,litt_gun_152_x3,0.602,0.71,0.75,,,5,50,litt_gun_152_x3,0.602,0.71,0.75,,,5,45,litt_gun_152a_x3,0.602,0.71,0.75,,,5,50,litt_gun_152a_x3,0.602,0.71,0.75,,,5,45,mont_gun_152_x3,0.803,0.913,0.75,,,5,50,mont_gun_152_x3,0.803,0.913,0.75,,,5,45,pola_gun_100_x3,1.004,1.13,0.75,,,5,50,pola_gun_100_x3,1.004,1.13,0.75,,,5,45,litt_gun_90_x3,1.004,1.13,0.75,,,5,50,litt_gun_90_x3,1.004,1.13,0.75,,,5,45,pola_gun_203_x3,0.603,0.72,0.75,,,5,50,pola_gun_203_x3,0.603,0.72,0.75,,,5,45,trento_gun_203_x3,0.603,0.72,0.75,,,5,50,trento_gun_203_x3,0.603,0.72,0.75,,,,,,,,,,,,,,,,,,,,,,,,,,,,,,,,,,,,,,,,,,,,,,,,,,,,,,,,,,,,,,,,,,,,,,,,,,,,,,,,,,,,,,,,,,,,,,,,,,,,,,,,,,,,,,,,,,,,,,,,,
5,45,litt_gun_381_x4,0.3498,0.413,0.68,,,5,50,litt_gun_381_x4,0.3498,0.413,0.68,,,5,45,litt_gun_381a_x4,0.3498,0.413,0.68,,,5,50,litt_gun_381a_x4,0.3498,0.413,0.68,,,5,45,litt_gun_152_x4,0.602,0.71,0.68,,,5,50,litt_gun_152_x4,0.602,0.71,0.68,,,5,45,litt_gun_152a_x4,0.602,0.71,0.68,,,5,50,litt_gun_152a_x4,0.602,0.71,0.68,,,5,45,mont_gun_152_x4,0.803,0.913,0.68,,,5,50,mont_gun_152_x4,0.803,0.913,0.68,,,5,45,pola_gun_100_x4,1.004,1.13,0.68,,,5,50,pola_gun_100_x4,1.004,1.13,0.68,,,5,45,litt_gun_90_x4,1.004,1.13,0.68,,,5,50,litt_gun_90_x4,1.004,1.13,0.68,,,5,45,trento_gun_203_x4,0.603,0.72,0.68,,,5,50,trento_gun_203_x4,0.603,0.72,0.68,,,5,45,trento_gun_203_x4,0.603,0.72,0.68,,,5,50,trento_gun_203_x4,0.603,0.72,0.68,,,,,,,,,,,,,,,,,,,,,,,,,,,,,,,,,,,,,,,,,,,,,,,,,,,,,,,,,,,,,,,,,,,,,,,,,,,,,,,,,,,,,,,,,,,,,,,,,,,,,,,,,,,,,,,,,,,,,,,,,
6,45,litt_gun_381_x1,0.418,0.4812,1.185,,,6,50,litt_gun_381_x1,0.418,0.4812,1.185,,,6,45,litt_gun_381a_x1,0.418,0.4812,1.185,,,6,50,litt_gun_381a_x1,0.418,0.4812,1.185,,,6,45,litt_gun_152_x1,0.72,0.828,1.185,,,6,50,litt_gun_152_x1,0.72,0.828,1.185,,,6,45,litt_gun_152a_x1,0.72,0.828,1.185,,,6,50,litt_gun_152a_x1,0.72,0.828,1.185,,,6,45,mont_gun_152_x1,0.93,1.04,1.185,,,6,50,mont_gun_152_x1,0.93,1.04,1.185,,,6,45,pola_gun_100_x1,1.14,1.266,1.185,,,6,50,pola_gun_100_x1,1.14,1.266,1.185,,,6,45,litt_gun_90_x1,1.14,1.266,1.185,,,6,50,litt_gun_90_x1,1.14,1.266,1.185,,,6,45,pola_gun_203_x1,0.73,0.847,1.185,,,6,50,pola_gun_203_x1,0.73,0.847,1.185,,,6,45,trento_gun_203_x1,0.73,0.847,1.185,,,6,50,trento_gun_203_x1,0.73,0.847,1.185,,,,,,,,,,,,,,,,,,,,,,,,,,,,,,,,,,,,,,,,,,,,,,,,,,,,,,,,,,,,,,,,,,,,,,,,,,,,,,,,,,,,,,,,,,,,,,,,,,,,,,,,,,,,,,,,,,,,,,,,,
6,45,litt_gun_381_x2,0.418,0.4812,0.86,,,6,50,litt_gun_381_x2,0.418,0.4812,0.86,,,6,45,litt_gun_381a_x2,0.418,0.4812,0.86,,,6,50,litt_gun_381a_x2,0.418,0.4812,0.86,,,6,45,litt_gun_152_x2,0.72,0.828,0.86,,,6,50,litt_gun_152_x2,0.72,0.828,0.86,,,6,45,litt_gun_152a_x2,0.72,0.828,0.86,,,6,50,litt_gun_152a_x2,0.72,0.828,0.86,,,6,45,mont_gun_152_x2,0.93,1.04,0.86,,,6,50,mont_gun_152_x2,0.93,1.04,0.86,,,6,45,pola_gun_100_x2,1.14,1.266,0.86,,,6,50,pola_gun_100_x2,1.14,1.266,0.86,,,6,45,litt_gun_90_x2,1.14,1.266,0.86,,,6,50,litt_gun_90_x2,1.14,1.266,0.86,,,6,45,pola_gun_203_x2,0.73,0.847,0.86,,,6,50,pola_gun_203_x2,0.73,0.847,0.86,,,6,45,trento_gun_203_x2,0.73,0.847,0.86,,,6,50,trento_gun_203_x2,0.73,0.847,0.86,,,,,,,,,,,,,,,,,,,,,,,,,,,,,,,,,,,,,,,,,,,,,,,,,,,,,,,,,,,,,,,,,,,,,,,,,,,,,,,,,,,,,,,,,,,,,,,,,,,,,,,,,,,,,,,,,,,,,,,,,
6,45,litt_gun_381_x3,0.418,0.4812,0.66,,,6,50,litt_gun_381_x3,0.418,0.4812,0.66,,,6,45,litt_gun_381a_x3,0.418,0.4812,0.66,,,6,50,litt_gun_381a_x3,0.418,0.4812,0.66,,,6,45,litt_gun_152_x3,0.72,0.828,0.66,,,6,50,litt_gun_152_x3,0.72,0.828,0.66,,,6,45,litt_gun_152a_x3,0.72,0.828,0.66,,,6,50,litt_gun_152a_x3,0.72,0.828,0.66,,,6,45,mont_gun_152_x3,0.93,1.04,0.66,,,6,50,mont_gun_152_x3,0.93,1.04,0.66,,,6,45,pola_gun_100_x3,1.14,1.266,0.66,,,6,50,pola_gun_100_x3,1.14,1.266,0.66,,,6,45,litt_gun_90_x3,1.14,1.266,0.66,,,6,50,litt_gun_90_x3,1.14,1.266,0.66,,,6,45,pola_gun_203_x3,0.73,0.847,0.66,,,6,50,pola_gun_203_x3,0.73,0.847,0.66,,,6,45,trento_gun_203_x3,0.73,0.847,0.66,,,6,50,trento_gun_203_x3,0.73,0.847,0.66,,,,,,,,,,,,,,,,,,,,,,,,,,,,,,,,,,,,,,,,,,,,,,,,,,,,,,,,,,,,,,,,,,,,,,,,,,,,,,,,,,,,,,,,,,,,,,,,,,,,,,,,,,,,,,,,,,,,,,,,,
6,45,litt_gun_381_x4,0.418,0.4812,0.6,,,6,50,litt_gun_381_x4,0.418,0.4812,0.6,,,6,45,litt_gun_381a_x4,0.418,0.4812,0.6,,,6,50,litt_gun_381a_x4,0.418,0.4812,0.6,,,6,45,litt_gun_152_x4,0.72,0.828,0.6,,,6,50,litt_gun_152_x4,0.72,0.828,0.6,,,6,45,litt_gun_152a_x4,0.72,0.828,0.6,,,6,50,litt_gun_152a_x4,0.72,0.828,0.6,,,6,45,mont_gun_152_x4,0.93,1.04,0.6,,,6,50,mont_gun_152_x4,0.93,1.04,0.6,,,6,45,pola_gun_100_x4,1.14,1.266,0.6,,,6,50,pola_gun_100_x4,1.14,1.266,0.6,,,6,45,litt_gun_90_x4,1.14,1.266,0.6,,,6,50,litt_gun_90_x4,1.14,1.266,0.6,,,6,45,trento_gun_203_x4,0.73,0.847,0.6,,,6,50,trento_gun_203_x4,0.73,0.847,0.6,,,6,45,trento_gun_203_x4,0.73,0.847,0.6,,,6,50,trento_gun_203_x4,0.73,0.847,0.6,,,,,,,,,,,,,,,,,,,,,,,,,,,,,,,,,,,,,,,,,,,,,,,,,,,,,,,,,,,,,,,,,,,,,,,,,,,,,,,,,,,,,,,,,,,,,,,,,,,,,,,,,,,,,,,,,,,,,,,,,
7,45,litt_gun_381_x1,0.4862,0.5494,1.21,,,7,50,litt_gun_381_x1,0.4862,0.5494,1.21,,,7,45,litt_gun_381a_x1,0.4862,0.5494,1.21,,,7,50,litt_gun_381a_x1,0.4862,0.5494,1.21,,,7,45,litt_gun_152_x1,0.838,0.946,1.21,,,7,50,litt_gun_152_x1,0.838,0.946,1.21,,,7,45,litt_gun_152a_x1,0.838,0.946,1.21,,,7,50,litt_gun_152a_x1,0.838,0.946,1.21,,,7,45,mont_gun_152_x1,1.057,1.167,1.21,,,7,50,mont_gun_152_x1,1.057,1.167,1.21,,,7,45,pola_gun_100_x1,1.276,1.402,1.21,,,7,50,pola_gun_100_x1,1.276,1.402,1.21,,,7,45,litt_gun_90_x1,1.276,1.402,1.21,,,7,50,litt_gun_90_x1,1.276,1.402,1.21,,,7,45,pola_gun_203_x1,0.857,0.974,1.21,,,7,50,pola_gun_203_x1,0.857,0.974,1.21,,,7,45,trento_gun_203_x1,0.857,0.974,1.21,,,7,50,trento_gun_203_x1,0.857,0.974,1.21,,,,,,,,,,,,,,,,,,,,,,,,,,,,,,,,,,,,,,,,,,,,,,,,,,,,,,,,,,,,,,,,,,,,,,,,,,,,,,,,,,,,,,,,,,,,,,,,,,,,,,,,,,,,,,,,,,,,,,,,,
7,45,litt_gun_381_x2,0.4862,0.5494,0.9,,,7,50,litt_gun_381_x2,0.4862,0.5494,0.9,,,7,45,litt_gun_381a_x2,0.4862,0.5494,0.9,,,7,50,litt_gun_381a_x2,0.4862,0.5494,0.9,,,7,45,litt_gun_152_x2,0.838,0.946,0.9,,,7,50,litt_gun_152_x2,0.838,0.946,0.9,,,7,45,litt_gun_152a_x2,0.838,0.946,0.9,,,7,50,litt_gun_152a_x2,0.838,0.946,0.9,,,7,45,mont_gun_152_x2,1.057,1.167,0.9,,,7,50,mont_gun_152_x2,1.057,1.167,0.9,,,7,45,pola_gun_100_x2,1.276,1.402,0.9,,,7,50,pola_gun_100_x2,1.276,1.402,0.9,,,7,45,litt_gun_90_x2,1.276,1.402,0.9,,,7,50,litt_gun_90_x2,1.276,1.402,0.9,,,7,45,pola_gun_203_x2,0.857,0.974,0.9,,,7,50,pola_gun_203_x2,0.857,0.974,0.9,,,7,45,trento_gun_203_x2,0.857,0.974,0.9,,,7,50,trento_gun_203_x2,0.857,0.974,0.9,,,,,,,,,,,,,,,,,,,,,,,,,,,,,,,,,,,,,,,,,,,,,,,,,,,,,,,,,,,,,,,,,,,,,,,,,,,,,,,,,,,,,,,,,,,,,,,,,,,,,,,,,,,,,,,,,,,,,,,,,
7,45,litt_gun_381_x3,0.4862,0.5494,0.705,,,7,50,litt_gun_381_x3,0.4862,0.5494,0.705,,,7,45,litt_gun_381a_x3,0.4862,0.5494,0.705,,,7,50,litt_gun_381a_x3,0.4862,0.5494,0.705,,,7,45,litt_gun_152_x3,0.838,0.946,0.705,,,7,50,litt_gun_152_x3,0.838,0.946,0.705,,,7,45,litt_gun_152a_x3,0.838,0.946,0.705,,,7,50,litt_gun_152a_x3,0.838,0.946,0.705,,,7,45,mont_gun_152_x3,1.057,1.167,0.705,,,7,50,mont_gun_152_x3,1.057,1.167,0.705,,,7,45,pola_gun_100_x3,1.276,1.402,0.705,,,7,50,pola_gun_100_x3,1.276,1.402,0.705,,,7,45,litt_gun_90_x3,1.276,1.402,0.705,,,7,50,litt_gun_90_x3,1.276,1.402,0.705,,,7,45,pola_gun_203_x3,0.857,0.974,0.705,,,7,50,pola_gun_203_x3,0.857,0.974,0.705,,,7,45,trento_gun_203_x3,0.857,0.974,0.705,,,7,50,trento_gun_203_x3,0.857,0.974,0.705,,,,,,,,,,,,,,,,,,,,,,,,,,,,,,,,,,,,,,,,,,,,,,,,,,,,,,,,,,,,,,,,,,,,,,,,,,,,,,,,,,,,,,,,,,,,,,,,,,,,,,,,,,,,,,,,,,,,,,,,,
7,45,litt_gun_381_x4,0.4862,0.5494,0.64,,,7,50,litt_gun_381_x4,0.4862,0.5494,0.64,,,7,45,litt_gun_381a_x4,0.4862,0.5494,0.64,,,7,50,litt_gun_381a_x4,0.4862,0.5494,0.64,,,7,45,litt_gun_152_x4,0.838,0.946,0.64,,,7,50,litt_gun_152_x4,0.838,0.946,0.64,,,7,45,litt_gun_152a_x4,0.838,0.946,0.64,,,7,50,litt_gun_152a_x4,0.838,0.946,0.64,,,7,45,mont_gun_152_x4,1.057,1.167,0.64,,,7,50,mont_gun_152_x4,1.057,1.167,0.64,,,7,45,pola_gun_100_x4,1.276,1.402,0.64,,,7,50,pola_gun_100_x4,1.276,1.402,0.64,,,7,45,litt_gun_90_x4,1.276,1.402,0.64,,,7,50,litt_gun_90_x4,1.276,1.402,0.64,,,7,45,trento_gun_203_x4,0.857,0.974,0.64,,,7,50,trento_gun_203_x4,0.857,0.974,0.64,,,7,45,trento_gun_203_x4,0.857,0.974,0.64,,,7,50,trento_gun_203_x4,0.857,0.974,0.64,,,,,,,,,,,,,,,,,,,,,,,,,,,,,,,,,,,,,,,,,,,,,,,,,,,,,,,,,,,,,,,,,,,,,,,,,,,,,,,,,,,,,,,,,,,,,,,,,,,,,,,,,,,,,,,,,,,,,,,,,
8,45,litt_gun_381_x1,0.5544,0.6176,1.17,,,8,50,litt_gun_381_x1,0.5544,0.6176,1.17,,,8,45,litt_gun_381a_x1,0.5544,0.6176,1.17,,,8,50,litt_gun_381a_x1,0.5544,0.6176,1.17,,,8,45,litt_gun_152_x1,0.956,1.064,1.17,,,8,50,litt_gun_152_x1,0.956,1.064,1.17,,,8,45,litt_gun_152a_x1,0.956,1.064,1.17,,,8,50,litt_gun_152a_x1,0.956,1.064,1.17,,,8,45,mont_gun_152_x1,1.184,1.294,1.17,,,8,50,mont_gun_152_x1,1.184,1.294,1.17,,,8,45,pola_gun_100_x1,1.412,1.538,1.17,,,8,50,pola_gun_100_x1,1.412,1.538,1.17,,,8,45,litt_gun_90_x1,1.412,1.538,1.17,,,8,50,litt_gun_90_x1,1.412,1.538,1.17,,,8,45,pola_gun_203_x1,0.984,1.101,1.17,,,8,50,pola_gun_203_x1,0.984,1.101,1.17,,,8,45,trento_gun_203_x1,0.984,1.101,1.17,,,8,50,trento_gun_203_x1,0.984,1.101,1.17,,,,,,,,,,,,,,,,,,,,,,,,,,,,,,,,,,,,,,,,,,,,,,,,,,,,,,,,,,,,,,,,,,,,,,,,,,,,,,,,,,,,,,,,,,,,,,,,,,,,,,,,,,,,,,,,,,,,,,,,,
8,45,litt_gun_381_x2,0.5544,0.6176,0.88,,,8,50,litt_gun_381_x2,0.5544,0.6176,0.88,,,8,45,litt_gun_381a_x2,0.5544,0.6176,0.88,,,8,50,litt_gun_381a_x2,0.5544,0.6176,0.88,,,8,45,litt_gun_152_x2,0.956,1.064,0.88,,,8,50,litt_gun_152_x2,0.956,1.064,0.88,,,8,45,litt_gun_152a_x2,0.956,1.064,0.88,,,8,50,litt_gun_152a_x2,0.956,1.064,0.88,,,8,45,mont_gun_152_x2,1.184,1.294,0.88,,,8,50,mont_gun_152_x2,1.184,1.294,0.88,,,8,45,pola_gun_100_x2,1.412,1.538,0.88,,,8,50,pola_gun_100_x2,1.412,1.538,0.88,,,8,45,litt_gun_90_x2,1.412,1.538,0.88,,,8,50,litt_gun_90_x2,1.412,1.538,0.88,,,8,45,pola_gun_203_x2,0.984,1.101,0.88,,,8,50,pola_gun_203_x2,0.984,1.101,0.88,,,8,45,trento_gun_203_x2,0.984,1.101,0.88,,,8,50,trento_gun_203_x2,0.984,1.101,0.88,,,,,,,,,,,,,,,,,,,,,,,,,,,,,,,,,,,,,,,,,,,,,,,,,,,,,,,,,,,,,,,,,,,,,,,,,,,,,,,,,,,,,,,,,,,,,,,,,,,,,,,,,,,,,,,,,,,,,,,,,
8,45,litt_gun_381_x3,0.5544,0.6176,0.69,,,8,50,litt_gun_381_x3,0.5544,0.6176,0.69,,,8,45,litt_gun_381a_x3,0.5544,0.6176,0.69,,,8,50,litt_gun_381a_x3,0.5544,0.6176,0.69,,,8,45,litt_gun_152_x3,0.956,1.064,0.69,,,8,50,litt_gun_152_x3,0.956,1.064,0.69,,,8,45,litt_gun_152a_x3,0.956,1.064,0.69,,,8,50,litt_gun_152a_x3,0.956,1.064,0.69,,,8,45,mont_gun_152_x3,1.184,1.294,0.69,,,8,50,mont_gun_152_x3,1.184,1.294,0.69,,,8,45,pola_gun_100_x3,1.412,1.538,0.69,,,8,50,pola_gun_100_x3,1.412,1.538,0.69,,,8,45,litt_gun_90_x3,1.412,1.538,0.69,,,8,50,litt_gun_90_x3,1.412,1.538,0.69,,,8,45,pola_gun_203_x3,0.984,1.101,0.69,,,8,50,pola_gun_203_x3,0.984,1.101,0.69,,,8,45,trento_gun_203_x3,0.984,1.101,0.69,,,8,50,trento_gun_203_x3,0.984,1.101,0.69,,,,,,,,,,,,,,,,,,,,,,,,,,,,,,,,,,,,,,,,,,,,,,,,,,,,,,,,,,,,,,,,,,,,,,,,,,,,,,,,,,,,,,,,,,,,,,,,,,,,,,,,,,,,,,,,,,,,,,,,,
8,45,litt_gun_381_x4,0.5544,0.6176,0.63,,,8,50,litt_gun_381_x4,0.5544,0.6176,0.63,,,8,45,litt_gun_381a_x4,0.5544,0.6176,0.63,,,8,50,litt_gun_381a_x4,0.5544,0.6176,0.63,,,8,45,litt_gun_152_x4,0.956,1.064,0.63,,,8,50,litt_gun_152_x4,0.956,1.064,0.63,,,8,45,litt_gun_152a_x4,0.956,1.064,0.63,,,8,50,litt_gun_152a_x4,0.956,1.064,0.63,,,8,45,mont_gun_152_x4,1.184,1.294,0.63,,,8,50,mont_gun_152_x4,1.184,1.294,0.63,,,8,45,pola_gun_100_x4,1.412,1.538,0.63,,,8,50,pola_gun_100_x4,1.412,1.538,0.63,,,8,45,litt_gun_90_x4,1.412,1.538,0.63,,,8,50,litt_gun_90_x4,1.412,1.538,0.63,,,8,45,trento_gun_203_x4,0.984,1.101,0.63,,,8,50,trento_gun_203_x4,0.984,1.101,0.63,,,8,45,trento_gun_203_x4,0.984,1.101,0.63,,,8,50,trento_gun_203_x4,0.984,1.101,0.63,,,,,,,,,,,,,,,,,,,,,,,,,,,,,,,,,,,,,,,,,,,,,,,,,,,,,,,,,,,,,,,,,,,,,,,,,,,,,,,,,,,,,,,,,,,,,,,,,,,,,,,,,,,,,,,,,,,,,,,,,
9,45,litt_gun_381_x1,0.6226,0.6858,1.1,,,9,50,litt_gun_381_x1,0.6226,0.6858,1.1,,,9,45,litt_gun_381a_x1,0.6226,0.6858,1.1,,,9,50,litt_gun_381a_x1,0.6226,0.6858,1.1,,,9,45,litt_gun_152_x1,1.074,1.182,1.1,,,9,50,litt_gun_152_x1,1.074,1.182,1.1,,,9,45,litt_gun_152a_x1,1.074,1.182,1.1,,,9,50,litt_gun_152a_x1,1.074,1.182,1.1,,,9,45,mont_gun_152_x1,1.311,1.421,1.1,,,9,50,mont_gun_152_x1,1.311,1.421,1.1,,,9,45,pola_gun_100_x1,1.548,1.674,1.1,,,9,50,pola_gun_100_x1,1.548,1.674,1.1,,,9,45,litt_gun_90_x1,1.548,1.674,1.1,,,9,50,litt_gun_90_x1,1.548,1.674,1.1,,,9,45,pola_gun_203_x1,1.111,1.228,1.1,,,9,50,pola_gun_203_x1,1.111,1.228,1.1,,,9,45,trento_gun_203_x1,1.111,1.228,1.1,,,9,50,trento_gun_203_x1,1.111,1.228,1.1,,,,,,,,,,,,,,,,,,,,,,,,,,,,,,,,,,,,,,,,,,,,,,,,,,,,,,,,,,,,,,,,,,,,,,,,,,,,,,,,,,,,,,,,,,,,,,,,,,,,,,,,,,,,,,,,,,,,,,,,,
9,45,litt_gun_381_x2,0.6226,0.6858,0.82,,,9,50,litt_gun_381_x2,0.6226,0.6858,0.82,,,9,45,litt_gun_381a_x2,0.6226,0.6858,0.82,,,9,50,litt_gun_381a_x2,0.6226,0.6858,0.82,,,9,45,litt_gun_152_x2,1.074,1.182,0.82,,,9,50,litt_gun_152_x2,1.074,1.182,0.82,,,9,45,litt_gun_152a_x2,1.074,1.182,0.82,,,9,50,litt_gun_152a_x2,1.074,1.182,0.82,,,9,45,mont_gun_152_x2,1.311,1.421,0.82,,,9,50,mont_gun_152_x2,1.311,1.421,0.82,,,9,45,pola_gun_100_x2,1.548,1.674,0.82,,,9,50,pola_gun_100_x2,1.548,1.674,0.82,,,9,45,litt_gun_90_x2,1.548,1.674,0.82,,,9,50,litt_gun_90_x2,1.548,1.674,0.82,,,9,45,pola_gun_203_x2,1.111,1.228,0.82,,,9,50,pola_gun_203_x2,1.111,1.228,0.82,,,9,45,trento_gun_203_x2,1.111,1.228,0.82,,,9,50,trento_gun_203_x2,1.111,1.228,0.82,,,,,,,,,,,,,,,,,,,,,,,,,,,,,,,,,,,,,,,,,,,,,,,,,,,,,,,,,,,,,,,,,,,,,,,,,,,,,,,,,,,,,,,,,,,,,,,,,,,,,,,,,,,,,,,,,,,,,,,,,
9,45,litt_gun_381_x3,0.6226,0.6858,0.64,,,9,50,litt_gun_381_x3,0.6226,0.6858,0.64,,,9,45,litt_gun_381a_x3,0.6226,0.6858,0.64,,,9,50,litt_gun_381a_x3,0.6226,0.6858,0.64,,,9,45,litt_gun_152_x3,1.074,1.182,0.64,,,9,50,litt_gun_152_x3,1.074,1.182,0.64,,,9,45,litt_gun_152a_x3,1.074,1.182,0.64,,,9,50,litt_gun_152a_x3,1.074,1.182,0.64,,,9,45,mont_gun_152_x3,1.311,1.421,0.64,,,9,50,mont_gun_152_x3,1.311,1.421,0.64,,,9,45,pola_gun_100_x3,1.548,1.674,0.64,,,9,50,pola_gun_100_x3,1.548,1.674,0.64,,,9,45,litt_gun_90_x3,1.548,1.674,0.64,,,9,50,litt_gun_90_x3,1.548,1.674,0.64,,,9,45,pola_gun_203_x3,1.111,1.228,0.64,,,9,50,pola_gun_203_x3,1.111,1.228,0.64,,,9,45,trento_gun_203_x3,1.111,1.228,0.64,,,9,50,trento_gun_203_x3,1.111,1.228,0.64,,,,,,,,,,,,,,,,,,,,,,,,,,,,,,,,,,,,,,,,,,,,,,,,,,,,,,,,,,,,,,,,,,,,,,,,,,,,,,,,,,,,,,,,,,,,,,,,,,,,,,,,,,,,,,,,,,,,,,,,,
9,45,litt_gun_381_x4,0.6226,0.6858,0.58,,,9,50,litt_gun_381_x4,0.6226,0.6858,0.58,,,9,45,litt_gun_381a_x4,0.6226,0.6858,0.58,,,9,50,litt_gun_381a_x4,0.6226,0.6858,0.58,,,9,45,litt_gun_152_x4,1.074,1.182,0.58,,,9,50,litt_gun_152_x4,1.074,1.182,0.58,,,9,45,litt_gun_152a_x4,1.074,1.182,0.58,,,9,50,litt_gun_152a_x4,1.074,1.182,0.58,,,9,45,mont_gun_152_x4,1.311,1.421,0.58,,,9,50,mont_gun_152_x4,1.311,1.421,0.58,,,9,45,pola_gun_100_x4,1.548,1.674,0.58,,,9,50,pola_gun_100_x4,1.548,1.674,0.58,,,9,45,litt_gun_90_x4,1.548,1.674,0.58,,,9,50,litt_gun_90_x4,1.548,1.674,0.58,,,9,45,trento_gun_203_x4,1.111,1.228,0.58,,,9,50,trento_gun_203_x4,1.111,1.228,0.58,,,9,45,trento_gun_203_x4,1.111,1.228,0.58,,,9,50,trento_gun_203_x4,1.111,1.228,0.58,,,,,,,,,,,,,,,,,,,,,,,,,,,,,,,,,,,,,,,,,,,,,,,,,,,,,,,,,,,,,,,,,,,,,,,,,,,,,,,,,,,,,,,,,,,,,,,,,,,,,,,,,,,,,,,,,,,,,,,,,
10,45,litt_gun_381_x1,0.6908,0.754,1.2,,,10,50,litt_gun_381_x1,0.6908,0.754,1.2,,,10,45,litt_gun_381a_x1,0.6908,0.754,1.2,,,10,50,litt_gun_381a_x1,0.6908,0.754,1.2,,,10,45,litt_gun_152_x1,1.192,1.3,1.2,,,10,50,litt_gun_152_x1,1.192,1.3,1.2,,,10,45,litt_gun_152a_x1,1.192,1.3,1.2,,,10,50,litt_gun_152a_x1,1.192,1.3,1.2,,,10,45,mont_gun_152_x1,1.438,1.548,1.2,,,10,50,mont_gun_152_x1,1.438,1.548,1.2,,,10,45,pola_gun_100_x1,1.684,1.81,1.2,,,10,50,pola_gun_100_x1,1.684,1.81,1.2,,,10,45,litt_gun_90_x1,1.684,1.81,1.2,,,10,50,litt_gun_90_x1,1.684,1.81,1.2,,,10,45,pola_gun_203_x1,1.238,1.355,1.2,,,10,50,pola_gun_203_x1,1.238,1.355,1.2,,,10,45,trento_gun_203_x1,1.238,1.355,1.2,,,10,50,trento_gun_203_x1,1.238,1.355,1.2,,,,,,,,,,,,,,,,,,,,,,,,,,,,,,,,,,,,,,,,,,,,,,,,,,,,,,,,,,,,,,,,,,,,,,,,,,,,,,,,,,,,,,,,,,,,,,,,,,,,,,,,,,,,,,,,,,,,,,,,,
10,45,litt_gun_381_x2,0.6908,0.754,0.9,,,10,50,litt_gun_381_x2,0.6908,0.754,0.9,,,10,45,litt_gun_381a_x2,0.6908,0.754,0.9,,,10,50,litt_gun_381a_x2,0.6908,0.754,0.9,,,10,45,litt_gun_152_x2,1.192,1.3,0.9,,,10,50,litt_gun_152_x2,1.192,1.3,0.9,,,10,45,litt_gun_152a_x2,1.192,1.3,0.9,,,10,50,litt_gun_152a_x2,1.192,1.3,0.9,,,10,45,mont_gun_152_x2,1.438,1.548,0.9,,,10,50,mont_gun_152_x2,1.438,1.548,0.9,,,10,45,pola_gun_100_x2,1.684,1.81,0.9,,,10,50,pola_gun_100_x2,1.684,1.81,0.9,,,10,45,litt_gun_90_x2,1.684,1.81,0.9,,,10,50,litt_gun_90_x2,1.684,1.81,0.9,,,10,45,pola_gun_203_x2,1.238,1.355,0.9,,,10,50,pola_gun_203_x2,1.238,1.355,0.9,,,10,45,trento_gun_203_x2,1.238,1.355,0.9,,,10,50,trento_gun_203_x2,1.238,1.355,0.9,,,,,,,,,,,,,,,,,,,,,,,,,,,,,,,,,,,,,,,,,,,,,,,,,,,,,,,,,,,,,,,,,,,,,,,,,,,,,,,,,,,,,,,,,,,,,,,,,,,,,,,,,,,,,,,,,,,,,,,,,
10,45,litt_gun_381_x3,0.6908,0.754,0.68,,,10,50,litt_gun_381_x3,0.6908,0.754,0.68,,,10,45,litt_gun_381a_x3,0.6908,0.754,0.68,,,10,50,litt_gun_381a_x3,0.6908,0.754,0.68,,,10,45,litt_gun_152_x3,1.192,1.3,0.68,,,10,50,litt_gun_152_x3,1.192,1.3,0.68,,,10,45,litt_gun_152a_x3,1.192,1.3,0.68,,,10,50,litt_gun_152a_x3,1.192,1.3,0.68,,,10,45,mont_gun_152_x3,1.438,1.548,0.68,,,10,50,mont_gun_152_x3,1.438,1.548,0.68,,,10,45,pola_gun_100_x3,1.684,1.81,0.68,,,10,50,pola_gun_100_x3,1.684,1.81,0.68,,,10,45,litt_gun_90_x3,1.684,1.81,0.68,,,10,50,litt_gun_90_x3,1.684,1.81,0.68,,,10,45,pola_gun_203_x3,1.238,1.355,0.68,,,10,50,pola_gun_203_x3,1.238,1.355,0.68,,,10,45,trento_gun_203_x3,1.238,1.355,0.68,,,10,50,trento_gun_203_x3,1.238,1.355,0.68,,,,,,,,,,,,,,,,,,,,,,,,,,,,,,,,,,,,,,,,,,,,,,,,,,,,,,,,,,,,,,,,,,,,,,,,,,,,,,,,,,,,,,,,,,,,,,,,,,,,,,,,,,,,,,,,,,,,,,,,,
10,45,litt_gun_381_x4,0.6908,0.754,0.63,,,10,50,litt_gun_381_x4,0.6908,0.754,0.63,,,10,45,litt_gun_381a_x4,0.6908,0.754,0.63,,,10,50,litt_gun_381a_x4,0.6908,0.754,0.63,,,10,45,litt_gun_152_x4,1.192,1.3,0.63,,,10,50,litt_gun_152_x4,1.192,1.3,0.63,,,10,45,litt_gun_152a_x4,1.192,1.3,0.63,,,10,50,litt_gun_152a_x4,1.192,1.3,0.63,,,10,45,mont_gun_152_x4,1.438,1.548,0.63,,,10,50,mont_gun_152_x4,1.438,1.548,0.63,,,10,45,pola_gun_100_x4,1.684,1.81,0.63,,,10,50,pola_gun_100_x4,1.684,1.81,0.63,,,10,45,litt_gun_90_x4,1.684,1.81,0.63,,,10,50,litt_gun_90_x4,1.684,1.81,0.63,,,10,45,trento_gun_203_x4,1.238,1.355,0.63,,,10,50,trento_gun_203_x4,1.238,1.355,0.63,,,10,45,trento_gun_203_x4,1.238,1.355,0.63,,,10,50,trento_gun_203_x4,1.238,1.355,0.63,,,,,,,,,,,,,,,,,,,,,,,,,,,,,,,,,,,,,,,,,,,,,,,,,,,,,,,,,,,,,,,,,,,,,,,,,,,,,,,,,,,,,,,,,,,,,,,,,,,,,,,,,,,,,,,,,,,,,,,,,
11,45,litt_gun_381_x1,0.759,0.8222,1.07,,,11,50,litt_gun_381_x1,0.759,0.8222,1.07,,,11,45,litt_gun_381a_x1,0.759,0.8222,1.07,,,11,50,litt_gun_381a_x1,0.759,0.8222,1.07,,,11,45,litt_gun_152_x1,1.31,1.418,1.07,,,11,50,litt_gun_152_x1,1.31,1.418,1.07,,,11,45,litt_gun_152a_x1,1.31,1.418,1.07,,,11,50,litt_gun_152a_x1,1.31,1.418,1.07,,,11,45,mont_gun_152_x1,1.565,1.675,1.07,,,11,50,mont_gun_152_x1,1.565,1.675,1.07,,,11,45,pola_gun_100_x1,1.82,1.946,1.07,,,11,50,pola_gun_100_x1,1.82,1.946,1.07,,,11,45,litt_gun_90_x1,1.82,1.946,1.07,,,11,50,litt_gun_90_x1,1.82,1.946,1.07,,,11,45,pola_gun_203_x1,1.365,1.482,1.07,,,11,50,pola_gun_203_x1,1.365,1.482,1.07,,,11,45,trento_gun_203_x1,1.365,1.482,1.07,,,11,50,trento_gun_203_x1,1.365,1.482,1.07,,,,,,,,,,,,,,,,,,,,,,,,,,,,,,,,,,,,,,,,,,,,,,,,,,,,,,,,,,,,,,,,,,,,,,,,,,,,,,,,,,,,,,,,,,,,,,,,,,,,,,,,,,,,,,,,,,,,,,,,,
11,45,litt_gun_381_x2,0.759,0.8222,0.82,,,11,50,litt_gun_381_x2,0.759,0.8222,0.82,,,11,45,litt_gun_381a_x2,0.759,0.8222,0.82,,,11,50,litt_gun_381a_x2,0.759,0.8222,0.82,,,11,45,litt_gun_152_x2,1.31,1.418,0.82,,,11,50,litt_gun_152_x2,1.31,1.418,0.82,,,11,45,litt_gun_152a_x2,1.31,1.418,0.82,,,11,50,litt_gun_152a_x2,1.31,1.418,0.82,,,11,45,mont_gun_152_x2,1.565,1.675,0.82,,,11,50,mont_gun_152_x2,1.565,1.675,0.82,,,11,45,pola_gun_100_x2,1.82,1.946,0.82,,,11,50,pola_gun_100_x2,1.82,1.946,0.82,,,11,45,litt_gun_90_x2,1.82,1.946,0.82,,,11,50,litt_gun_90_x2,1.82,1.946,0.82,,,11,45,pola_gun_203_x2,1.365,1.482,0.82,,,11,50,pola_gun_203_x2,1.365,1.482,0.82,,,11,45,trento_gun_203_x2,1.365,1.482,0.82,,,11,50,trento_gun_203_x2,1.365,1.482,0.82,,,,,,,,,,,,,,,,,,,,,,,,,,,,,,,,,,,,,,,,,,,,,,,,,,,,,,,,,,,,,,,,,,,,,,,,,,,,,,,,,,,,,,,,,,,,,,,,,,,,,,,,,,,,,,,,,,,,,,,,,
11,45,litt_gun_381_x3,0.759,0.8222,0.66,,,11,50,litt_gun_381_x3,0.759,0.8222,0.66,,,11,45,litt_gun_381a_x3,0.759,0.8222,0.66,,,11,50,litt_gun_381a_x3,0.759,0.8222,0.66,,,11,45,litt_gun_152_x3,1.31,1.418,0.66,,,11,50,litt_gun_152_x3,1.31,1.418,0.66,,,11,45,litt_gun_152a_x3,1.31,1.418,0.66,,,11,50,litt_gun_152a_x3,1.31,1.418,0.66,,,11,45,mont_gun_152_x3,1.565,1.675,0.66,,,11,50,mont_gun_152_x3,1.565,1.675,0.66,,,11,45,pola_gun_100_x3,1.82,1.946,0.66,,,11,50,pola_gun_100_x3,1.82,1.946,0.66,,,11,45,litt_gun_90_x3,1.82,1.946,0.66,,,11,50,litt_gun_90_x3,1.82,1.946,0.66,,,11,45,pola_gun_203_x3,1.365,1.482,0.66,,,11,50,pola_gun_203_x3,1.365,1.482,0.66,,,11,45,trento_gun_203_x3,1.365,1.482,0.66,,,11,50,trento_gun_203_x3,1.365,1.482,0.66,,,,,,,,,,,,,,,,,,,,,,,,,,,,,,,,,,,,,,,,,,,,,,,,,,,,,,,,,,,,,,,,,,,,,,,,,,,,,,,,,,,,,,,,,,,,,,,,,,,,,,,,,,,,,,,,,,,,,,,,,
11,45,litt_gun_381_x4,0.759,0.8222,0.61,,,11,50,litt_gun_381_x4,0.759,0.8222,0.61,,,11,45,litt_gun_381a_x4,0.759,0.8222,0.61,,,11,50,litt_gun_381a_x4,0.759,0.8222,0.61,,,11,45,litt_gun_152_x4,1.31,1.418,0.61,,,11,50,litt_gun_152_x4,1.31,1.418,0.61,,,11,45,litt_gun_152a_x4,1.31,1.418,0.61,,,11,50,litt_gun_152a_x4,1.31,1.418,0.61,,,11,45,mont_gun_152_x4,1.565,1.675,0.61,,,11,50,mont_gun_152_x4,1.565,1.675,0.61,,,11,45,pola_gun_100_x4,1.82,1.946,0.61,,,11,50,pola_gun_100_x4,1.82,1.946,0.61,,,11,45,litt_gun_90_x4,1.82,1.946,0.61,,,11,50,litt_gun_90_x4,1.82,1.946,0.61,,,11,45,trento_gun_203_x4,1.365,1.482,0.61,,,11,50,trento_gun_203_x4,1.365,1.482,0.61,,,11,45,trento_gun_203_x4,1.365,1.482,0.61,,,11,50,trento_gun_203_x4,1.365,1.482,0.61,,,,,,,,,,,,,,,,,,,,,,,,,,,,,,,,,,,,,,,,,,,,,,,,,,,,,,,,,,,,,,,,,,,,,,,,,,,,,,,,,,,,,,,,,,,,,,,,,,,,,,,,,,,,,,,,,,,,,,,,,
12,45,litt_gun_381_x1,0.8272,0.8904,1.07,,,12,50,litt_gun_381_x1,0.8272,0.8904,1.07,,,12,45,litt_gun_381a_x1,0.8272,0.8904,1.07,,,12,50,litt_gun_381a_x1,0.8272,0.8904,1.07,,,12,45,litt_gun_152_x1,1.428,1.536,1.07,,,12,50,litt_gun_152_x1,1.428,1.536,1.07,,,12,45,litt_gun_152a_x1,1.428,1.536,1.07,,,12,50,litt_gun_152a_x1,1.428,1.536,1.07,,,12,45,mont_gun_152_x1,1.692,1.802,1.07,,,12,50,mont_gun_152_x1,1.692,1.802,1.07,,,12,45,pola_gun_100_x1,1.956,2.082,1.07,,,12,50,pola_gun_100_x1,1.956,2.082,1.07,,,12,45,litt_gun_90_x1,1.956,2.082,1.07,,,12,50,litt_gun_90_x1,1.956,2.082,1.07,,,12,45,pola_gun_203_x1,1.492,1.609,1.07,,,12,50,pola_gun_203_x1,1.492,1.609,1.07,,,12,45,trento_gun_203_x1,1.492,1.609,1.07,,,12,50,trento_gun_203_x1,1.492,1.609,1.07,,,,,,,,,,,,,,,,,,,,,,,,,,,,,,,,,,,,,,,,,,,,,,,,,,,,,,,,,,,,,,,,,,,,,,,,,,,,,,,,,,,,,,,,,,,,,,,,,,,,,,,,,,,,,,,,,,,,,,,,,
12,45,litt_gun_381_x2,0.8272,0.8904,0.82,,,12,50,litt_gun_381_x2,0.8272,0.8904,0.82,,,12,45,litt_gun_381a_x2,0.8272,0.8904,0.82,,,12,50,litt_gun_381a_x2,0.8272,0.8904,0.82,,,12,45,litt_gun_152_x2,1.428,1.536,0.82,,,12,50,litt_gun_152_x2,1.428,1.536,0.82,,,12,45,litt_gun_152a_x2,1.428,1.536,0.82,,,12,50,litt_gun_152a_x2,1.428,1.536,0.82,,,12,45,mont_gun_152_x2,1.692,1.802,0.82,,,12,50,mont_gun_152_x2,1.692,1.802,0.82,,,12,45,pola_gun_100_x2,1.956,2.082,0.82,,,12,50,pola_gun_100_x2,1.956,2.082,0.82,,,12,45,litt_gun_90_x2,1.956,2.082,0.82,,,12,50,litt_gun_90_x2,1.956,2.082,0.82,,,12,45,pola_gun_203_x2,1.492,1.609,0.82,,,12,50,pola_gun_203_x2,1.492,1.609,0.82,,,12,45,trento_gun_203_x2,1.492,1.609,0.82,,,12,50,trento_gun_203_x2,1.492,1.609,0.82,,,,,,,,,,,,,,,,,,,,,,,,,,,,,,,,,,,,,,,,,,,,,,,,,,,,,,,,,,,,,,,,,,,,,,,,,,,,,,,,,,,,,,,,,,,,,,,,,,,,,,,,,,,,,,,,,,,,,,,,,
12,45,litt_gun_381_x3,0.8272,0.8904,0.66,,,12,50,litt_gun_381_x3,0.8272,0.8904,0.66,,,12,45,litt_gun_381a_x3,0.8272,0.8904,0.66,,,12,50,litt_gun_381a_x3,0.8272,0.8904,0.66,,,12,45,litt_gun_152_x3,1.428,1.536,0.66,,,12,50,litt_gun_152_x3,1.428,1.536,0.66,,,12,45,litt_gun_152a_x3,1.428,1.536,0.66,,,12,50,litt_gun_152a_x3,1.428,1.536,0.66,,,12,45,mont_gun_152_x3,1.692,1.802,0.66,,,12,50,mont_gun_152_x3,1.692,1.802,0.66,,,12,45,pola_gun_100_x3,1.956,2.082,0.66,,,12,50,pola_gun_100_x3,1.956,2.082,0.66,,,12,45,litt_gun_90_x3,1.956,2.082,0.66,,,12,50,litt_gun_90_x3,1.956,2.082,0.66,,,12,45,pola_gun_203_x3,1.492,1.609,0.66,,,12,50,pola_gun_203_x3,1.492,1.609,0.66,,,12,45,trento_gun_203_x3,1.492,1.609,0.66,,,12,50,trento_gun_203_x3,1.492,1.609,0.66,,,,,,,,,,,,,,,,,,,,,,,,,,,,,,,,,,,,,,,,,,,,,,,,,,,,,,,,,,,,,,,,,,,,,,,,,,,,,,,,,,,,,,,,,,,,,,,,,,,,,,,,,,,,,,,,,,,,,,,,,
12,45,litt_gun_381_x4,0.8272,0.8904,0.61,,,12,50,litt_gun_381_x4,0.8272,0.8904,0.61,,,12,45,litt_gun_381a_x4,0.8272,0.8904,0.61,,,12,50,litt_gun_381a_x4,0.8272,0.8904,0.61,,,12,45,litt_gun_152_x4,1.428,1.536,0.61,,,12,50,litt_gun_152_x4,1.428,1.536,0.61,,,12,45,litt_gun_152a_x4,1.428,1.536,0.61,,,12,50,litt_gun_152a_x4,1.428,1.536,0.61,,,12,45,mont_gun_152_x4,1.692,1.802,0.61,,,12,50,mont_gun_152_x4,1.692,1.802,0.61,,,12,45,pola_gun_100_x4,1.956,2.082,0.61,,,12,50,pola_gun_100_x4,1.956,2.082,0.61,,,12,45,litt_gun_90_x4,1.956,2.082,0.61,,,12,50,litt_gun_90_x4,1.956,2.082,0.61,,,12,45,trento_gun_203_x4,1.492,1.609,0.61,,,12,50,trento_gun_203_x4,1.492,1.609,0.61,,,12,45,trento_gun_203_x4,1.492,1.609,0.61,,,12,50,trento_gun_203_x4,1.492,1.609,0.61,,,,,,,,,,,,,,,,,,,,,,,,,,,,,,,,,,,,,,,,,,,,,,,,,,,,,,,,,,,,,,,,,,,,,,,,,,,,,,,,,,,,,,,,,,,,,,,,,,,,,,,,,,,,,,,,,,,,,,,,,
13,45,litt_gun_381_x1,0.8954,0.9586,1.13,,,13,50,litt_gun_381_x1,0.8954,0.9586,1.13,,,13,45,litt_gun_381a_x1,0.8954,0.9586,1.13,,,13,50,litt_gun_381a_x1,0.8954,0.9586,1.13,,,13,45,litt_gun_152_x1,1.546,1.654,1.13,,,13,50,litt_gun_152_x1,1.546,1.654,1.13,,,13,45,litt_gun_152a_x1,1.546,1.654,1.13,,,13,50,litt_gun_152a_x1,1.546,1.654,1.13,,,13,45,mont_gun_152_x1,1.819,1.929,1.13,,,13,50,mont_gun_152_x1,1.819,1.929,1.13,,,13,45,pola_gun_100_x1,2.092,2.218,1.13,,,13,50,pola_gun_100_x1,2.092,2.218,1.13,,,13,45,litt_gun_90_x1,2.092,2.218,1.13,,,13,50,litt_gun_90_x1,2.092,2.218,1.13,,,13,45,pola_gun_203_x1,1.619,1.736,1.13,,,13,50,pola_gun_203_x1,1.619,1.736,1.13,,,13,45,trento_gun_203_x1,1.619,1.736,1.13,,,13,50,trento_gun_203_x1,1.619,1.736,1.13,,,,,,,,,,,,,,,,,,,,,,,,,,,,,,,,,,,,,,,,,,,,,,,,,,,,,,,,,,,,,,,,,,,,,,,,,,,,,,,,,,,,,,,,,,,,,,,,,,,,,,,,,,,,,,,,,,,,,,,,,
13,45,litt_gun_381_x2,0.8954,0.9586,0.88,,,13,50,litt_gun_381_x2,0.8954,0.9586,0.88,,,13,45,litt_gun_381a_x2,0.8954,0.9586,0.88,,,13,50,litt_gun_381a_x2,0.8954,0.9586,0.88,,,13,45,litt_gun_152_x2,1.546,1.654,0.88,,,13,50,litt_gun_152_x2,1.546,1.654,0.88,,,13,45,litt_gun_152a_x2,1.546,1.654,0.88,,,13,50,litt_gun_152a_x2,1.546,1.654,0.88,,,13,45,mont_gun_152_x2,1.819,1.929,0.88,,,13,50,mont_gun_152_x2,1.819,1.929,0.88,,,13,45,pola_gun_100_x2,2.092,2.218,0.88,,,13,50,pola_gun_100_x2,2.092,2.218,0.88,,,13,45,litt_gun_90_x2,2.092,2.218,0.88,,,13,50,litt_gun_90_x2,2.092,2.218,0.88,,,13,45,pola_gun_203_x2,1.619,1.736,0.88,,,13,50,pola_gun_203_x2,1.619,1.736,0.88,,,13,45,trento_gun_203_x2,1.619,1.736,0.88,,,13,50,trento_gun_203_x2,1.619,1.736,0.88,,,,,,,,,,,,,,,,,,,,,,,,,,,,,,,,,,,,,,,,,,,,,,,,,,,,,,,,,,,,,,,,,,,,,,,,,,,,,,,,,,,,,,,,,,,,,,,,,,,,,,,,,,,,,,,,,,,,,,,,,
13,45,litt_gun_381_x3,0.8954,0.9586,0.705,,,13,50,litt_gun_381_x3,0.8954,0.9586,0.705,,,13,45,litt_gun_381a_x3,0.8954,0.9586,0.705,,,13,50,litt_gun_381a_x3,0.8954,0.9586,0.705,,,13,45,litt_gun_152_x3,1.546,1.654,0.705,,,13,50,litt_gun_152_x3,1.546,1.654,0.705,,,13,45,litt_gun_152a_x3,1.546,1.654,0.705,,,13,50,litt_gun_152a_x3,1.546,1.654,0.705,,,13,45,mont_gun_152_x3,1.819,1.929,0.705,,,13,50,mont_gun_152_x3,1.819,1.929,0.705,,,13,45,pola_gun_100_x3,2.092,2.218,0.705,,,13,50,pola_gun_100_x3,2.092,2.218,0.705,,,13,45,litt_gun_90_x3,2.092,2.218,0.705,,,13,50,litt_gun_90_x3,2.092,2.218,0.705,,,13,45,pola_gun_203_x3,1.619,1.736,0.705,,,13,50,pola_gun_203_x3,1.619,1.736,0.705,,,13,45,trento_gun_203_x3,1.619,1.736,0.705,,,13,50,trento_gun_203_x3,1.619,1.736,0.705,,,,,,,,,,,,,,,,,,,,,,,,,,,,,,,,,,,,,,,,,,,,,,,,,,,,,,,,,,,,,,,,,,,,,,,,,,,,,,,,,,,,,,,,,,,,,,,,,,,,,,,,,,,,,,,,,,,,,,,,,
13,45,litt_gun_381_x4,0.8954,0.9586,0.65,,,13,50,litt_gun_381_x4,0.8954,0.9586,0.65,,,13,45,litt_gun_381a_x4,0.8954,0.9586,0.65,,,13,50,litt_gun_381a_x4,0.8954,0.9586,0.65,,,13,45,litt_gun_152_x4,1.546,1.654,0.65,,,13,50,litt_gun_152_x4,1.546,1.654,0.65,,,13,45,litt_gun_152a_x4,1.546,1.654,0.65,,,13,50,litt_gun_152a_x4,1.546,1.654,0.65,,,13,45,mont_gun_152_x4,1.819,1.929,0.65,,,13,50,mont_gun_152_x4,1.819,1.929,0.65,,,13,45,pola_gun_100_x4,2.092,2.218,0.65,,,13,50,pola_gun_100_x4,2.092,2.218,0.65,,,13,45,litt_gun_90_x4,2.092,2.218,0.65,,,13,50,litt_gun_90_x4,2.092,2.218,0.65,,,13,45,trento_gun_203_x4,1.619,1.736,0.65,,,13,50,trento_gun_203_x4,1.619,1.736,0.65,,,13,45,trento_gun_203_x4,1.619,1.736,0.65,,,13,50,trento_gun_203_x4,1.619,1.736,0.65,,,,,,,,,,,,,,,,,,,,,,,,,,,,,,,,,,,,,,,,,,,,,,,,,,,,,,,,,,,,,,,,,,,,,,,,,,,,,,,,,,,,,,,,,,,,,,,,,,,,,,,,,,,,,,,,,,,,,,,,,
14,45,litt_gun_381_x1,0.9636,1.0268,1.13,,,14,50,litt_gun_381_x1,0.9636,1.0268,1.13,,,14,45,litt_gun_381a_x1,0.9636,1.0268,1.13,,,14,50,litt_gun_381a_x1,0.9636,1.0268,1.13,,,14,45,litt_gun_152_x1,1.664,1.772,1.13,,,14,50,litt_gun_152_x1,1.664,1.772,1.13,,,14,45,litt_gun_152a_x1,1.664,1.772,1.13,,,14,50,litt_gun_152a_x1,1.664,1.772,1.13,,,14,45,mont_gun_152_x1,1.946,2.056,1.13,,,14,50,mont_gun_152_x1,1.946,2.056,1.13,,,14,45,pola_gun_100_x1,2.228,2.354,1.13,,,14,50,pola_gun_100_x1,2.228,2.354,1.13,,,14,45,litt_gun_90_x1,2.228,2.354,1.13,,,14,50,litt_gun_90_x1,2.228,2.354,1.13,,,14,45,pola_gun_203_x1,1.746,1.863,1.13,,,14,50,pola_gun_203_x1,1.746,1.863,1.13,,,14,45,trento_gun_203_x1,1.746,1.863,1.13,,,14,50,trento_gun_203_x1,1.746,1.863,1.13,,,,,,,,,,,,,,,,,,,,,,,,,,,,,,,,,,,,,,,,,,,,,,,,,,,,,,,,,,,,,,,,,,,,,,,,,,,,,,,,,,,,,,,,,,,,,,,,,,,,,,,,,,,,,,,,,,,,,,,,,
14,45,litt_gun_381_x2,0.9636,1.0268,0.88,,,14,50,litt_gun_381_x2,0.9636,1.0268,0.88,,,14,45,litt_gun_381a_x2,0.9636,1.0268,0.88,,,14,50,litt_gun_381a_x2,0.9636,1.0268,0.88,,,14,45,litt_gun_152_x2,1.664,1.772,0.88,,,14,50,litt_gun_152_x2,1.664,1.772,0.88,,,14,45,litt_gun_152a_x2,1.664,1.772,0.88,,,14,50,litt_gun_152a_x2,1.664,1.772,0.88,,,14,45,mont_gun_152_x2,1.946,2.056,0.88,,,14,50,mont_gun_152_x2,1.946,2.056,0.88,,,14,45,pola_gun_100_x2,2.228,2.354,0.88,,,14,50,pola_gun_100_x2,2.228,2.354,0.88,,,14,45,litt_gun_90_x2,2.228,2.354,0.88,,,14,50,litt_gun_90_x2,2.228,2.354,0.88,,,14,45,pola_gun_203_x2,1.746,1.863,0.88,,,14,50,pola_gun_203_x2,1.746,1.863,0.88,,,14,45,trento_gun_203_x2,1.746,1.863,0.88,,,14,50,trento_gun_203_x2,1.746,1.863,0.88,,,,,,,,,,,,,,,,,,,,,,,,,,,,,,,,,,,,,,,,,,,,,,,,,,,,,,,,,,,,,,,,,,,,,,,,,,,,,,,,,,,,,,,,,,,,,,,,,,,,,,,,,,,,,,,,,,,,,,,,,
14,45,litt_gun_381_x3,0.9636,1.0268,0.705,,,14,50,litt_gun_381_x3,0.9636,1.0268,0.705,,,14,45,litt_gun_381a_x3,0.9636,1.0268,0.705,,,14,50,litt_gun_381a_x3,0.9636,1.0268,0.705,,,14,45,litt_gun_152_x3,1.664,1.772,0.705,,,14,50,litt_gun_152_x3,1.664,1.772,0.705,,,14,45,litt_gun_152a_x3,1.664,1.772,0.705,,,14,50,litt_gun_152a_x3,1.664,1.772,0.705,,,14,45,mont_gun_152_x3,1.946,2.056,0.705,,,14,50,mont_gun_152_x3,1.946,2.056,0.705,,,14,45,pola_gun_100_x3,2.228,2.354,0.705,,,14,50,pola_gun_100_x3,2.228,2.354,0.705,,,14,45,litt_gun_90_x3,2.228,2.354,0.705,,,14,50,litt_gun_90_x3,2.228,2.354,0.705,,,14,45,pola_gun_203_x3,1.746,1.863,0.705,,,14,50,pola_gun_203_x3,1.746,1.863,0.705,,,14,45,trento_gun_203_x3,1.746,1.863,0.705,,,14,50,trento_gun_203_x3,1.746,1.863,0.705,,,,,,,,,,,,,,,,,,,,,,,,,,,,,,,,,,,,,,,,,,,,,,,,,,,,,,,,,,,,,,,,,,,,,,,,,,,,,,,,,,,,,,,,,,,,,,,,,,,,,,,,,,,,,,,,,,,,,,,,,
14,45,litt_gun_381_x4,0.9636,1.0268,0.66,,,14,50,litt_gun_381_x4,0.9636,1.0268,0.66,,,14,45,litt_gun_381a_x4,0.9636,1.0268,0.66,,,14,50,litt_gun_381a_x4,0.9636,1.0268,0.66,,,14,45,litt_gun_152_x4,1.664,1.772,0.66,,,14,50,litt_gun_152_x4,1.664,1.772,0.66,,,14,45,litt_gun_152a_x4,1.664,1.772,0.66,,,14,50,litt_gun_152a_x4,1.664,1.772,0.66,,,14,45,mont_gun_152_x4,1.946,2.056,0.66,,,14,50,mont_gun_152_x4,1.946,2.056,0.66,,,14,45,pola_gun_100_x4,2.228,2.354,0.66,,,14,50,pola_gun_100_x4,2.228,2.354,0.66,,,14,45,litt_gun_90_x4,2.228,2.354,0.66,,,14,50,litt_gun_90_x4,2.228,2.354,0.66,,,14,45,trento_gun_203_x4,1.746,1.863,0.66,,,14,50,trento_gun_203_x4,1.746,1.863,0.66,,,14,45,trento_gun_203_x4,1.746,1.863,0.66,,,14,50,trento_gun_203_x4,1.746,1.863,0.66,,,,,,,,,,,,,,,,,,,,,,,,,,,,,,,,,,,,,,,,,,,,,,,,,,,,,,,,,,,,,,,,,,,,,,,,,,,,,,,,,,,,,,,,,,,,,,,,,,,,,,,,,,,,,,,,,,,,,,,,,
15,45,litt_gun_381_x1,1.0318,1.095,1.14,,,15,50,litt_gun_381_x1,1.0318,1.095,1.14,,,15,45,litt_gun_381a_x1,1.0318,1.095,1.14,,,15,50,litt_gun_381a_x1,1.0318,1.095,1.14,,,15,45,litt_gun_152_x1,1.782,1.89,1.14,,,15,50,litt_gun_152_x1,1.782,1.89,1.14,,,15,45,litt_gun_152a_x1,1.782,1.89,1.14,,,15,50,litt_gun_152a_x1,1.782,1.89,1.14,,,15,45,mont_gun_152_x1,2.073,2.183,1.14,,,15,50,mont_gun_152_x1,2.073,2.183,1.14,,,15,45,pola_gun_100_x1,2.364,2.49,1.14,,,15,50,pola_gun_100_x1,2.364,2.49,1.14,,,15,45,litt_gun_90_x1,2.364,2.49,1.14,,,15,50,litt_gun_90_x1,2.364,2.49,1.14,,,15,45,pola_gun_203_x1,1.873,1.99,1.14,,,15,50,pola_gun_203_x1,1.873,1.99,1.14,,,15,45,trento_gun_203_x1,1.873,1.99,1.14,,,15,50,trento_gun_203_x1,1.873,1.99,1.14,,,,,,,,,,,,,,,,,,,,,,,,,,,,,,,,,,,,,,,,,,,,,,,,,,,,,,,,,,,,,,,,,,,,,,,,,,,,,,,,,,,,,,,,,,,,,,,,,,,,,,,,,,,,,,,,,,,,,,,,,
15,45,litt_gun_381_x2,1.0318,1.095,0.9,,,15,50,litt_gun_381_x2,1.0318,1.095,0.9,,,15,45,litt_gun_381a_x2,1.0318,1.095,0.9,,,15,50,litt_gun_381a_x2,1.0318,1.095,0.9,,,15,45,litt_gun_152_x2,1.782,1.89,0.9,,,15,50,litt_gun_152_x2,1.782,1.89,0.9,,,15,45,litt_gun_152a_x2,1.782,1.89,0.9,,,15,50,litt_gun_152a_x2,1.782,1.89,0.9,,,15,45,mont_gun_152_x2,2.073,2.183,0.9,,,15,50,mont_gun_152_x2,2.073,2.183,0.9,,,15,45,pola_gun_100_x2,2.364,2.49,0.9,,,15,50,pola_gun_100_x2,2.364,2.49,0.9,,,15,45,litt_gun_90_x2,2.364,2.49,0.9,,,15,50,litt_gun_90_x2,2.364,2.49,0.9,,,15,45,pola_gun_203_x2,1.873,1.99,0.9,,,15,50,pola_gun_203_x2,1.873,1.99,0.9,,,15,45,trento_gun_203_x2,1.873,1.99,0.9,,,15,50,trento_gun_203_x2,1.873,1.99,0.9,,,,,,,,,,,,,,,,,,,,,,,,,,,,,,,,,,,,,,,,,,,,,,,,,,,,,,,,,,,,,,,,,,,,,,,,,,,,,,,,,,,,,,,,,,,,,,,,,,,,,,,,,,,,,,,,,,,,,,,,,
15,45,litt_gun_381_x3,1.0318,1.095,0.72,,,15,50,litt_gun_381_x3,1.0318,1.095,0.72,,,15,45,litt_gun_381a_x3,1.0318,1.095,0.72,,,15,50,litt_gun_381a_x3,1.0318,1.095,0.72,,,15,45,litt_gun_152_x3,1.782,1.89,0.72,,,15,50,litt_gun_152_x3,1.782,1.89,0.72,,,15,45,litt_gun_152a_x3,1.782,1.89,0.72,,,15,50,litt_gun_152a_x3,1.782,1.89,0.72,,,15,45,mont_gun_152_x3,2.073,2.183,0.72,,,15,50,mont_gun_152_x3,2.073,2.183,0.72,,,15,45,pola_gun_100_x3,2.364,2.49,0.72,,,15,50,pola_gun_100_x3,2.364,2.49,0.72,,,15,45,litt_gun_90_x3,2.364,2.49,0.72,,,15,50,litt_gun_90_x3,2.364,2.49,0.72,,,15,45,pola_gun_203_x3,1.873,1.99,0.72,,,15,50,pola_gun_203_x3,1.873,1.99,0.72,,,15,45,trento_gun_203_x3,1.873,1.99,0.72,,,15,50,trento_gun_203_x3,1.873,1.99,0.72,,,,,,,,,,,,,,,,,,,,,,,,,,,,,,,,,,,,,,,,,,,,,,,,,,,,,,,,,,,,,,,,,,,,,,,,,,,,,,,,,,,,,,,,,,,,,,,,,,,,,,,,,,,,,,,,,,,,,,,,,
15,45,litt_gun_381_x4,1.0318,1.095,0.675,,,15,50,litt_gun_381_x4,1.0318,1.095,0.675,,,15,45,litt_gun_381a_x4,1.0318,1.095,0.675,,,15,50,litt_gun_381a_x4,1.0318,1.095,0.675,,,15,45,litt_gun_152_x4,1.782,1.89,0.675,,,15,50,litt_gun_152_x4,1.782,1.89,0.675,,,15,45,litt_gun_152a_x4,1.782,1.89,0.675,,,15,50,litt_gun_152a_x4,1.782,1.89,0.675,,,15,45,mont_gun_152_x4,2.073,2.183,0.675,,,15,50,mont_gun_152_x4,2.073,2.183,0.675,,,15,45,pola_gun_100_x4,2.364,2.49,0.675,,,15,50,pola_gun_100_x4,2.364,2.49,0.675,,,15,45,litt_gun_90_x4,2.364,2.49,0.675,,,15,50,litt_gun_90_x4,2.364,2.49,0.675,,,15,45,trento_gun_203_x4,1.873,1.99,0.675,,,15,50,trento_gun_203_x4,1.873,1.99,0.675,,,15,45,trento_gun_203_x4,1.873,1.99,0.675,,,15,50,trento_gun_203_x4,1.873,1.99,0.675,,,,,,,,,,,,,,,,,,,,,,,,,,,,,,,,,,,,,,,,,,,,,,,,,,,,,,,,,,,,,,,,,,,,,,,,,,,,,,,,,,,,,,,,,,,,,,,,,,,,,,,,,,,,,,,,,,,,,,,,,
16,45,litt_gun_381_x1,1.1,1.1632,1.15,,,16,50,litt_gun_381_x1,1.1,1.1632,1.15,,,16,45,litt_gun_381a_x1,1.1,1.1632,1.15,,,16,50,litt_gun_381a_x1,1.1,1.1632,1.15,,,16,45,litt_gun_152_x1,1.9,2.008,1.15,,,16,50,litt_gun_152_x1,1.9,2.008,1.15,,,16,45,litt_gun_152a_x1,1.9,2.008,1.15,,,16,50,litt_gun_152a_x1,1.9,2.008,1.15,,,16,45,mont_gun_152_x1,2.2,2.31,1.15,,,16,50,mont_gun_152_x1,2.2,2.31,1.15,,,16,45,pola_gun_100_x1,2.5,2.626,1.15,,,16,50,pola_gun_100_x1,2.5,2.626,1.15,,,16,45,litt_gun_90_x1,2.5,2.626,1.15,,,16,50,litt_gun_90_x1,2.5,2.626,1.15,,,16,45,pola_gun_203_x1,2,2.117,1.15,,,16,50,pola_gun_203_x1,2,2.117,1.15,,,16,45,trento_gun_203_x1,2,2.117,1.15,,,16,50,trento_gun_203_x1,2,2.117,1.15,,,,,,,,,,,,,,,,,,,,,,,,,,,,,,,,,,,,,,,,,,,,,,,,,,,,,,,,,,,,,,,,,,,,,,,,,,,,,,,,,,,,,,,,,,,,,,,,,,,,,,,,,,,,,,,,,,,,,,,,,
16,45,litt_gun_381_x2,1.1,1.1632,0.93,,,16,50,litt_gun_381_x2,1.1,1.1632,0.93,,,16,45,litt_gun_381a_x2,1.1,1.1632,0.93,,,16,50,litt_gun_381a_x2,1.1,1.1632,0.93,,,16,45,litt_gun_152_x2,1.9,2.008,0.93,,,16,50,litt_gun_152_x2,1.9,2.008,0.93,,,16,45,litt_gun_152a_x2,1.9,2.008,0.93,,,16,50,litt_gun_152a_x2,1.9,2.008,0.93,,,16,45,mont_gun_152_x2,2.2,2.31,0.93,,,16,50,mont_gun_152_x2,2.2,2.31,0.93,,,16,45,pola_gun_100_x2,2.5,2.626,0.93,,,16,50,pola_gun_100_x2,2.5,2.626,0.93,,,16,45,litt_gun_90_x2,2.5,2.626,0.93,,,16,50,litt_gun_90_x2,2.5,2.626,0.93,,,16,45,pola_gun_203_x2,2,2.117,0.93,,,16,50,pola_gun_203_x2,2,2.117,0.93,,,16,45,trento_gun_203_x2,2,2.117,0.93,,,16,50,trento_gun_203_x2,2,2.117,0.93,,,,,,,,,,,,,,,,,,,,,,,,,,,,,,,,,,,,,,,,,,,,,,,,,,,,,,,,,,,,,,,,,,,,,,,,,,,,,,,,,,,,,,,,,,,,,,,,,,,,,,,,,,,,,,,,,,,,,,,,,
16,45,litt_gun_381_x3,1.1,1.1632,0.75,,,16,50,litt_gun_381_x3,1.1,1.1632,0.75,,,16,45,litt_gun_381a_x3,1.1,1.1632,0.75,,,16,50,litt_gun_381a_x3,1.1,1.1632,0.75,,,16,45,litt_gun_152_x3,1.9,2.008,0.75,,,16,50,litt_gun_152_x3,1.9,2.008,0.75,,,16,45,litt_gun_152a_x3,1.9,2.008,0.75,,,16,50,litt_gun_152a_x3,1.9,2.008,0.75,,,16,45,mont_gun_152_x3,2.2,2.31,0.75,,,16,50,mont_gun_152_x3,2.2,2.31,0.75,,,16,45,pola_gun_100_x3,2.5,2.626,0.75,,,16,50,pola_gun_100_x3,2.5,2.626,0.75,,,16,45,litt_gun_90_x3,2.5,2.626,0.75,,,16,50,litt_gun_90_x3,2.5,2.626,0.75,,,16,45,pola_gun_203_x3,2,2.117,0.75,,,16,50,pola_gun_203_x3,2,2.117,0.75,,,16,45,trento_gun_203_x3,2,2.117,0.75,,,16,50,trento_gun_203_x3,2,2.117,0.75,,,,,,,,,,,,,,,,,,,,,,,,,,,,,,,,,,,,,,,,,,,,,,,,,,,,,,,,,,,,,,,,,,,,,,,,,,,,,,,,,,,,,,,,,,,,,,,,,,,,,,,,,,,,,,,,,,,,,,,,,
16,45,litt_gun_381_x4,1.1,1.1632,0.68,,,16,50,litt_gun_381_x4,1.1,1.1632,0.68,,,16,45,litt_gun_381a_x4,1.1,1.1632,0.68,,,16,50,litt_gun_381a_x4,1.1,1.1632,0.68,,,16,45,litt_gun_152_x4,1.9,2.008,0.68,,,16,50,litt_gun_152_x4,1.9,2.008,0.68,,,16,45,litt_gun_152a_x4,1.9,2.008,0.68,,,16,50,litt_gun_152a_x4,1.9,2.008,0.68,,,16,45,mont_gun_152_x4,2.2,2.31,0.68,,,16,50,mont_gun_152_x4,2.2,2.31,0.68,,,16,45,pola_gun_100_x4,2.5,2.626,0.68,,,16,50,pola_gun_100_x4,2.5,2.626,0.68,,,16,45,litt_gun_90_x4,2.5,2.626,0.68,,,16,50,litt_gun_90_x4,2.5,2.626,0.68,,,16,45,trento_gun_203_x4,2,2.117,0.68,,,16,50,trento_gun_203_x4,2,2.117,0.68,,,16,45,trento_gun_203_x4,2,2.117,0.68,,,16,50,trento_gun_203_x4,2,2.117,0.68,,,,,,,,,,,,,,,,,,,,,,,,,,,,,,,,,,,,,,,,,,,,,,,,,,,,,,,,,,,,,,,,,,,,,,,,,,,,,,,,,,,,,,,,,,,,,,,,,,,,,,,,,,,,,,,,,,,,,,,,,
17,45,litt_gun_381_x1,1.1682,1.2314,1.2,,,17,50,litt_gun_381_x1,1.1682,1.2314,1.2,,,17,45,litt_gun_381a_x1,1.1682,1.2314,1.2,,,17,50,litt_gun_381a_x1,1.1682,1.2314,1.2,,,17,45,litt_gun_152_x1,2.018,2.126,1.2,,,17,50,litt_gun_152_x1,2.018,2.126,1.2,,,17,45,litt_gun_152a_x1,2.018,2.126,1.2,,,17,50,litt_gun_152a_x1,2.018,2.126,1.2,,,17,45,mont_gun_152_x1,2.327,2.437,1.2,,,17,50,mont_gun_152_x1,2.327,2.437,1.2,,,17,45,pola_gun_100_x1,2.636,2.762,1.2,,,17,50,pola_gun_100_x1,2.636,2.762,1.2,,,17,45,litt_gun_90_x1,2.636,2.762,1.2,,,17,50,litt_gun_90_x1,2.636,2.762,1.2,,,17,45,pola_gun_203_x1,2.127,2.244,1.2,,,17,50,pola_gun_203_x1,2.127,2.244,1.2,,,17,45,trento_gun_203_x1,2.127,2.244,1.2,,,17,50,trento_gun_203_x1,2.127,2.244,1.2,,,,,,,,,,,,,,,,,,,,,,,,,,,,,,,,,,,,,,,,,,,,,,,,,,,,,,,,,,,,,,,,,,,,,,,,,,,,,,,,,,,,,,,,,,,,,,,,,,,,,,,,,,,,,,,,,,,,,,,,,
17,45,litt_gun_381_x2,1.1682,1.2314,0.95,,,17,50,litt_gun_381_x2,1.1682,1.2314,0.95,,,17,45,litt_gun_381a_x2,1.1682,1.2314,0.95,,,17,50,litt_gun_381a_x2,1.1682,1.2314,0.95,,,17,45,litt_gun_152_x2,2.018,2.126,0.95,,,17,50,litt_gun_152_x2,2.018,2.126,0.95,,,17,45,litt_gun_152a_x2,2.018,2.126,0.95,,,17,50,litt_gun_152a_x2,2.018,2.126,0.95,,,17,45,mont_gun_152_x2,2.327,2.437,0.95,,,17,50,mont_gun_152_x2,2.327,2.437,0.95,,,17,45,pola_gun_100_x2,2.636,2.762,0.95,,,17,50,pola_gun_100_x2,2.636,2.762,0.95,,,17,45,litt_gun_90_x2,2.636,2.762,0.95,,,17,50,litt_gun_90_x2,2.636,2.762,0.95,,,17,45,pola_gun_203_x2,2.127,2.244,0.95,,,17,50,pola_gun_203_x2,2.127,2.244,0.95,,,17,45,trento_gun_203_x2,2.127,2.244,0.95,,,17,50,trento_gun_203_x2,2.127,2.244,0.95,,,,,,,,,,,,,,,,,,,,,,,,,,,,,,,,,,,,,,,,,,,,,,,,,,,,,,,,,,,,,,,,,,,,,,,,,,,,,,,,,,,,,,,,,,,,,,,,,,,,,,,,,,,,,,,,,,,,,,,,,
17,45,litt_gun_381_x3,1.1682,1.2314,0.775,,,17,50,litt_gun_381_x3,1.1682,1.2314,0.775,,,17,45,litt_gun_381a_x3,1.1682,1.2314,0.775,,,17,50,litt_gun_381a_x3,1.1682,1.2314,0.775,,,17,45,litt_gun_152_x3,2.018,2.126,0.775,,,17,50,litt_gun_152_x3,2.018,2.126,0.775,,,17,45,litt_gun_152a_x3,2.018,2.126,0.775,,,17,50,litt_gun_152a_x3,2.018,2.126,0.775,,,17,45,mont_gun_152_x3,2.327,2.437,0.775,,,17,50,mont_gun_152_x3,2.327,2.437,0.775,,,17,45,pola_gun_100_x3,2.636,2.762,0.775,,,17,50,pola_gun_100_x3,2.636,2.762,0.775,,,17,45,litt_gun_90_x3,2.636,2.762,0.775,,,17,50,litt_gun_90_x3,2.636,2.762,0.775,,,17,45,pola_gun_203_x3,2.127,2.244,0.775,,,17,50,pola_gun_203_x3,2.127,2.244,0.775,,,17,45,trento_gun_203_x3,2.127,2.244,0.775,,,17,50,trento_gun_203_x3,2.127,2.244,0.775,,,,,,,,,,,,,,,,,,,,,,,,,,,,,,,,,,,,,,,,,,,,,,,,,,,,,,,,,,,,,,,,,,,,,,,,,,,,,,,,,,,,,,,,,,,,,,,,,,,,,,,,,,,,,,,,,,,,,,,,,
17,45,litt_gun_381_x4,1.1682,1.2314,0.71,,,17,50,litt_gun_381_x4,1.1682,1.2314,0.71,,,17,45,litt_gun_381a_x4,1.1682,1.2314,0.71,,,17,50,litt_gun_381a_x4,1.1682,1.2314,0.71,,,17,45,litt_gun_152_x4,2.018,2.126,0.71,,,17,50,litt_gun_152_x4,2.018,2.126,0.71,,,17,45,litt_gun_152a_x4,2.018,2.126,0.71,,,17,50,litt_gun_152a_x4,2.018,2.126,0.71,,,17,45,mont_gun_152_x4,2.327,2.437,0.71,,,17,50,mont_gun_152_x4,2.327,2.437,0.71,,,17,45,pola_gun_100_x4,2.636,2.762,0.71,,,17,50,pola_gun_100_x4,2.636,2.762,0.71,,,17,45,litt_gun_90_x4,2.636,2.762,0.71,,,17,50,litt_gun_90_x4,2.636,2.762,0.71,,,17,45,trento_gun_203_x4,2.127,2.244,0.71,,,17,50,trento_gun_203_x4,2.127,2.244,0.71,,,17,45,trento_gun_203_x4,2.127,2.244,0.71,,,17,50,trento_gun_203_x4,2.127,2.244,0.71,,,,,,,,,,,,,,,,,,,,,,,,,,,,,,,,,,,,,,,,,,,,,,,,,,,,,,,,,,,,,,,,,,,,,,,,,,,,,,,,,,,,,,,,,,,,,,,,,,,,,,,,,,,,,,,,,,,,,,,,,
18,45,litt_gun_381_x1,1.2364,1.2996,1.23,,,18,50,litt_gun_381_x1,1.2364,1.2996,1.23,,,18,45,litt_gun_381a_x1,1.2364,1.2996,1.23,,,18,50,litt_gun_381a_x1,1.2364,1.2996,1.23,,,18,45,litt_gun_152_x1,2.136,2.244,1.23,,,18,50,litt_gun_152_x1,2.136,2.244,1.23,,,18,45,litt_gun_152a_x1,2.136,2.244,1.23,,,18,50,litt_gun_152a_x1,2.136,2.244,1.23,,,18,45,mont_gun_152_x1,2.454,2.564,1.23,,,18,50,mont_gun_152_x1,2.454,2.564,1.23,,,18,45,pola_gun_100_x1,2.772,2.898,1.23,,,18,50,pola_gun_100_x1,2.772,2.898,1.23,,,18,45,litt_gun_90_x1,2.772,2.898,1.23,,,18,50,litt_gun_90_x1,2.772,2.898,1.23,,,18,45,pola_gun_203_x1,2.254,2.371,1.23,,,18,50,pola_gun_203_x1,2.254,2.371,1.23,,,18,45,trento_gun_203_x1,2.254,2.371,1.23,,,18,50,trento_gun_203_x1,2.254,2.371,1.23,,,,,,,,,,,,,,,,,,,,,,,,,,,,,,,,,,,,,,,,,,,,,,,,,,,,,,,,,,,,,,,,,,,,,,,,,,,,,,,,,,,,,,,,,,,,,,,,,,,,,,,,,,,,,,,,,,,,,,,,,
18,45,litt_gun_381_x2,1.2364,1.2996,0.985,,,18,50,litt_gun_381_x2,1.2364,1.2996,0.985,,,18,45,litt_gun_381a_x2,1.2364,1.2996,0.985,,,18,50,litt_gun_381a_x2,1.2364,1.2996,0.985,,,18,45,litt_gun_152_x2,2.136,2.244,0.985,,,18,50,litt_gun_152_x2,2.136,2.244,0.985,,,18,45,litt_gun_152a_x2,2.136,2.244,0.985,,,18,50,litt_gun_152a_x2,2.136,2.244,0.985,,,18,45,mont_gun_152_x2,2.454,2.564,0.985,,,18,50,mont_gun_152_x2,2.454,2.564,0.985,,,18,45,pola_gun_100_x2,2.772,2.898,0.985,,,18,50,pola_gun_100_x2,2.772,2.898,0.985,,,18,45,litt_gun_90_x2,2.772,2.898,0.985,,,18,50,litt_gun_90_x2,2.772,2.898,0.985,,,18,45,pola_gun_203_x2,2.254,2.371,0.985,,,18,50,pola_gun_203_x2,2.254,2.371,0.985,,,18,45,trento_gun_203_x2,2.254,2.371,0.985,,,18,50,trento_gun_203_x2,2.254,2.371,0.985,,,,,,,,,,,,,,,,,,,,,,,,,,,,,,,,,,,,,,,,,,,,,,,,,,,,,,,,,,,,,,,,,,,,,,,,,,,,,,,,,,,,,,,,,,,,,,,,,,,,,,,,,,,,,,,,,,,,,,,,,
18,45,litt_gun_381_x3,1.2364,1.2996,0.81,,,18,50,litt_gun_381_x3,1.2364,1.2996,0.81,,,18,45,litt_gun_381a_x3,1.2364,1.2996,0.81,,,18,50,litt_gun_381a_x3,1.2364,1.2996,0.81,,,18,45,litt_gun_152_x3,2.136,2.244,0.81,,,18,50,litt_gun_152_x3,2.136,2.244,0.81,,,18,45,litt_gun_152a_x3,2.136,2.244,0.81,,,18,50,litt_gun_152a_x3,2.136,2.244,0.81,,,18,45,mont_gun_152_x3,2.454,2.564,0.81,,,18,50,mont_gun_152_x3,2.454,2.564,0.81,,,18,45,pola_gun_100_x3,2.772,2.898,0.81,,,18,50,pola_gun_100_x3,2.772,2.898,0.81,,,18,45,litt_gun_90_x3,2.772,2.898,0.81,,,18,50,litt_gun_90_x3,2.772,2.898,0.81,,,18,45,pola_gun_203_x3,2.254,2.371,0.81,,,18,50,pola_gun_203_x3,2.254,2.371,0.81,,,18,45,trento_gun_203_x3,2.254,2.371,0.81,,,18,50,trento_gun_203_x3,2.254,2.371,0.81,,,,,,,,,,,,,,,,,,,,,,,,,,,,,,,,,,,,,,,,,,,,,,,,,,,,,,,,,,,,,,,,,,,,,,,,,,,,,,,,,,,,,,,,,,,,,,,,,,,,,,,,,,,,,,,,,,,,,,,,,
18,45,litt_gun_381_x4,1.2364,1.2996,0.735,,,18,50,litt_gun_381_x4,1.2364,1.2996,0.735,,,18,45,litt_gun_381a_x4,1.2364,1.2996,0.735,,,18,50,litt_gun_381a_x4,1.2364,1.2996,0.735,,,18,45,litt_gun_152_x4,2.136,2.244,0.735,,,18,50,litt_gun_152_x4,2.136,2.244,0.735,,,18,45,litt_gun_152a_x4,2.136,2.244,0.735,,,18,50,litt_gun_152a_x4,2.136,2.244,0.735,,,18,45,mont_gun_152_x4,2.454,2.564,0.735,,,18,50,mont_gun_152_x4,2.454,2.564,0.735,,,18,45,pola_gun_100_x4,2.772,2.898,0.735,,,18,50,pola_gun_100_x4,2.772,2.898,0.735,,,18,45,litt_gun_90_x4,2.772,2.898,0.735,,,18,50,litt_gun_90_x4,2.772,2.898,0.735,,,18,45,trento_gun_203_x4,2.254,2.371,0.735,,,18,50,trento_gun_203_x4,2.254,2.371,0.735,,,18,45,trento_gun_203_x4,2.254,2.371,0.735,,,18,50,trento_gun_203_x4,2.254,2.371,0.735,,,,,,,,,,,,,,,,,,,,,,,,,,,,,,,,,,,,,,,,,,,,,,,,,,,,,,,,,,,,,,,,,,,,,,,,,,,,,,,,,,,,,,,,,,,,,,,,,,,,,,,,,,,,,,,,,,,,,,,,,
19,45,litt_gun_381_x1,1.3046,1.3678,1.16,,,19,50,litt_gun_381_x1,1.3046,1.3678,1.16,,,19,45,litt_gun_381a_x1,1.3046,1.3678,1.16,,,19,50,litt_gun_381a_x1,1.3046,1.3678,1.16,,,19,45,litt_gun_152_x1,2.254,2.362,1.16,,,19,50,litt_gun_152_x1,2.254,2.362,1.16,,,19,45,litt_gun_152a_x1,2.254,2.362,1.16,,,19,50,litt_gun_152a_x1,2.254,2.362,1.16,,,19,45,mont_gun_152_x1,2.581,2.691,1.16,,,19,50,mont_gun_152_x1,2.581,2.691,1.16,,,19,45,pola_gun_100_x1,2.908,3.034,1.16,,,19,50,pola_gun_100_x1,2.908,3.034,1.16,,,19,45,litt_gun_90_x1,2.908,3.034,1.16,,,19,50,litt_gun_90_x1,2.908,3.034,1.16,,,19,45,pola_gun_203_x1,2.381,2.498,1.16,,,19,50,pola_gun_203_x1,2.381,2.498,1.16,,,19,45,trento_gun_203_x1,2.381,2.498,1.16,,,19,50,trento_gun_203_x1,2.381,2.498,1.16,,,,,,,,,,,,,,,,,,,,,,,,,,,,,,,,,,,,,,,,,,,,,,,,,,,,,,,,,,,,,,,,,,,,,,,,,,,,,,,,,,,,,,,,,,,,,,,,,,,,,,,,,,,,,,,,,,,,,,,,,
19,45,litt_gun_381_x2,1.3046,1.3678,0.95,,,19,50,litt_gun_381_x2,1.3046,1.3678,0.95,,,19,45,litt_gun_381a_x2,1.3046,1.3678,0.95,,,19,50,litt_gun_381a_x2,1.3046,1.3678,0.95,,,19,45,litt_gun_152_x2,2.254,2.362,0.95,,,19,50,litt_gun_152_x2,2.254,2.362,0.95,,,19,45,litt_gun_152a_x2,2.254,2.362,0.95,,,19,50,litt_gun_152a_x2,2.254,2.362,0.95,,,19,45,mont_gun_152_x2,2.581,2.691,0.95,,,19,50,mont_gun_152_x2,2.581,2.691,0.95,,,19,45,pola_gun_100_x2,2.908,3.034,0.95,,,19,50,pola_gun_100_x2,2.908,3.034,0.95,,,19,45,litt_gun_90_x2,2.908,3.034,0.95,,,19,50,litt_gun_90_x2,2.908,3.034,0.95,,,19,45,pola_gun_203_x2,2.381,2.498,0.95,,,19,50,pola_gun_203_x2,2.381,2.498,0.95,,,19,45,trento_gun_203_x2,2.381,2.498,0.95,,,19,50,trento_gun_203_x2,2.381,2.498,0.95,,,,,,,,,,,,,,,,,,,,,,,,,,,,,,,,,,,,,,,,,,,,,,,,,,,,,,,,,,,,,,,,,,,,,,,,,,,,,,,,,,,,,,,,,,,,,,,,,,,,,,,,,,,,,,,,,,,,,,,,,
19,45,litt_gun_381_x3,1.3046,1.3678,0.78,,,19,50,litt_gun_381_x3,1.3046,1.3678,0.78,,,19,45,litt_gun_381a_x3,1.3046,1.3678,0.78,,,19,50,litt_gun_381a_x3,1.3046,1.3678,0.78,,,19,45,litt_gun_152_x3,2.254,2.362,0.78,,,19,50,litt_gun_152_x3,2.254,2.362,0.78,,,19,45,litt_gun_152a_x3,2.254,2.362,0.78,,,19,50,litt_gun_152a_x3,2.254,2.362,0.78,,,19,45,mont_gun_152_x3,2.581,2.691,0.78,,,19,50,mont_gun_152_x3,2.581,2.691,0.78,,,19,45,pola_gun_100_x3,2.908,3.034,0.78,,,19,50,pola_gun_100_x3,2.908,3.034,0.78,,,19,45,litt_gun_90_x3,2.908,3.034,0.78,,,19,50,litt_gun_90_x3,2.908,3.034,0.78,,,19,45,pola_gun_203_x3,2.381,2.498,0.78,,,19,50,pola_gun_203_x3,2.381,2.498,0.78,,,19,45,trento_gun_203_x3,2.381,2.498,0.78,,,19,50,trento_gun_203_x3,2.381,2.498,0.78,,,,,,,,,,,,,,,,,,,,,,,,,,,,,,,,,,,,,,,,,,,,,,,,,,,,,,,,,,,,,,,,,,,,,,,,,,,,,,,,,,,,,,,,,,,,,,,,,,,,,,,,,,,,,,,,,,,,,,,,,
19,45,litt_gun_381_x4,1.3046,1.3678,0.725,,,19,50,litt_gun_381_x4,1.3046,1.3678,0.725,,,19,45,litt_gun_381a_x4,1.3046,1.3678,0.725,,,19,50,litt_gun_381a_x4,1.3046,1.3678,0.725,,,19,45,litt_gun_152_x4,2.254,2.362,0.725,,,19,50,litt_gun_152_x4,2.254,2.362,0.725,,,19,45,litt_gun_152a_x4,2.254,2.362,0.725,,,19,50,litt_gun_152a_x4,2.254,2.362,0.725,,,19,45,mont_gun_152_x4,2.581,2.691,0.725,,,19,50,mont_gun_152_x4,2.581,2.691,0.725,,,19,45,pola_gun_100_x4,2.908,3.034,0.725,,,19,50,pola_gun_100_x4,2.908,3.034,0.725,,,19,45,litt_gun_90_x4,2.908,3.034,0.725,,,19,50,litt_gun_90_x4,2.908,3.034,0.725,,,19,45,trento_gun_203_x4,2.381,2.498,0.725,,,19,50,trento_gun_203_x4,2.381,2.498,0.725,,,19,45,trento_gun_203_x4,2.381,2.498,0.725,,,19,50,trento_gun_203_x4,2.381,2.498,0.725,,,,,,,,,,,,,,,,,,,,,,,,,,,,,,,,,,,,,,,,,,,,,,,,,,,,,,,,,,,,,,,,,,,,,,,,,,,,,,,,,,,,,,,,,,,,,,,,,,,,,,,,,,,,,,,,,,,,,,,,,
20,45,litt_gun_381_x1,1.3728,1.436,1.05,,,20,50,litt_gun_381_x1,1.3728,1.436,1.05,,,20,45,litt_gun_381a_x1,1.3728,1.436,1.05,,,20,50,litt_gun_381a_x1,1.3728,1.436,1.05,,,20,45,litt_gun_152_x1,2.372,2.48,1.05,,,20,50,litt_gun_152_x1,2.372,2.48,1.05,,,20,45,litt_gun_152a_x1,2.372,2.48,1.05,,,20,50,litt_gun_152a_x1,2.372,2.48,1.05,,,20,45,mont_gun_152_x1,2.708,2.818,1.05,,,20,50,mont_gun_152_x1,2.708,2.818,1.05,,,20,45,pola_gun_100_x1,3.044,3.18,1.05,,,20,50,pola_gun_100_x1,3.044,3.18,1.05,,,20,45,litt_gun_90_x1,3.044,3.18,1.05,,,20,50,litt_gun_90_x1,3.044,3.18,1.05,,,20,45,pola_gun_203_x1,2.508,2.625,1.05,,,20,50,pola_gun_203_x1,2.508,2.625,1.05,,,20,45,trento_gun_203_x1,2.508,2.625,1.05,,,20,50,trento_gun_203_x1,2.508,2.625,1.05,,,,,,,,,,,,,,,,,,,,,,,,,,,,,,,,,,,,,,,,,,,,,,,,,,,,,,,,,,,,,,,,,,,,,,,,,,,,,,,,,,,,,,,,,,,,,,,,,,,,,,,,,,,,,,,,,,,,,,,,,
20,45,litt_gun_381_x2,1.3728,1.436,0.85,,,20,50,litt_gun_381_x2,1.3728,1.436,0.85,,,20,45,litt_gun_381a_x2,1.3728,1.436,0.85,,,20,50,litt_gun_381a_x2,1.3728,1.436,0.85,,,20,45,litt_gun_152_x2,2.372,2.48,0.85,,,20,50,litt_gun_152_x2,2.372,2.48,0.85,,,20,45,litt_gun_152a_x2,2.372,2.48,0.85,,,20,50,litt_gun_152a_x2,2.372,2.48,0.85,,,20,45,mont_gun_152_x2,2.708,2.818,0.85,,,20,50,mont_gun_152_x2,2.708,2.818,0.85,,,20,45,pola_gun_100_x2,3.044,3.18,0.85,,,20,50,pola_gun_100_x2,3.044,3.18,0.85,,,20,45,litt_gun_90_x2,3.044,3.18,0.85,,,20,50,litt_gun_90_x2,3.044,3.18,0.85,,,20,45,pola_gun_203_x2,2.508,2.625,0.85,,,20,50,pola_gun_203_x2,2.508,2.625,0.85,,,20,45,trento_gun_203_x2,2.508,2.625,0.85,,,20,50,trento_gun_203_x2,2.508,2.625,0.85,,,,,,,,,,,,,,,,,,,,,,,,,,,,,,,,,,,,,,,,,,,,,,,,,,,,,,,,,,,,,,,,,,,,,,,,,,,,,,,,,,,,,,,,,,,,,,,,,,,,,,,,,,,,,,,,,,,,,,,,,
20,45,litt_gun_381_x3,1.3728,1.436,0.7,,,20,50,litt_gun_381_x3,1.3728,1.436,0.7,,,20,45,litt_gun_381a_x3,1.3728,1.436,0.7,,,20,50,litt_gun_381a_x3,1.3728,1.436,0.7,,,20,45,litt_gun_152_x3,2.372,2.48,0.7,,,20,50,litt_gun_152_x3,2.372,2.48,0.7,,,20,45,litt_gun_152a_x3,2.372,2.48,0.7,,,20,50,litt_gun_152a_x3,2.372,2.48,0.7,,,20,45,mont_gun_152_x3,2.708,2.818,0.7,,,20,50,mont_gun_152_x3,2.708,2.818,0.7,,,20,45,pola_gun_100_x3,3.044,3.18,0.7,,,20,50,pola_gun_100_x3,3.044,3.18,0.7,,,20,45,litt_gun_90_x3,3.044,3.18,0.7,,,20,50,litt_gun_90_x3,3.044,3.18,0.7,,,20,45,pola_gun_203_x3,2.508,2.625,0.7,,,20,50,pola_gun_203_x3,2.508,2.625,0.7,,,20,45,trento_gun_203_x3,2.508,2.625,0.7,,,20,50,trento_gun_203_x3,2.508,2.625,0.7,,,,,,,,,,,,,,,,,,,,,,,,,,,,,,,,,,,,,,,,,,,,,,,,,,,,,,,,,,,,,,,,,,,,,,,,,,,,,,,,,,,,,,,,,,,,,,,,,,,,,,,,,,,,,,,,,,,,,,,,,
20,45,litt_gun_381_x4,1.3728,1.436,0.65,,,20,50,litt_gun_381_x4,1.3728,1.436,0.65,,,20,45,litt_gun_381a_x4,1.3728,1.436,0.65,,,20,50,litt_gun_381a_x4,1.3728,1.436,0.65,,,20,45,litt_gun_152_x4,2.372,2.48,0.65,,,20,50,litt_gun_152_x4,2.372,2.48,0.65,,,20,45,litt_gun_152a_x4,2.372,2.48,0.65,,,20,50,litt_gun_152a_x4,2.372,2.48,0.65,,,20,45,mont_gun_152_x4,2.708,2.818,0.65,,,20,50,mont_gun_152_x4,2.708,2.818,0.65,,,20,45,pola_gun_100_x4,3.044,3.18,0.65,,,20,50,pola_gun_100_x4,3.044,3.18,0.65,,,20,45,litt_gun_90_x4,3.044,3.18,0.65,,,20,50,litt_gun_90_x4,3.044,3.18,0.65,,,20,45,trento_gun_203_x4,2.508,2.625,0.65,,,20,50,trento_gun_203_x4,2.508,2.625,0.65,,,20,45,trento_gun_203_x4,2.508,2.625,0.65,,,20,50,trento_gun_203_x4,2.508,2.625,0.65,,,,,,,,,,,,,,,,,,,,,,,,,,,,,,,,,,,,,,,,,,,,,,,,,,,,,,,,,,,,,,,,,,,,,,,,,,,,,,,,,,,,,,,,,,,,,,,,,,,,,,,,,,,,,,,,,,,,,,,,,
,,RUSSIA,,,,,,,,,,,,,,,,,,,,,,,,,,,,,,,,,,,,,,,,,,,,,,,,,,,,,,,,,,,,,,,,,,,,,,,,,,,,,,,,,,,,,,,,,,,,,,,,,,,,,,,,,,,,,,,,,,,,,,,,,,,,,,,,,,,,,,,,,,,,,,,,,,,,,,,,,,,,,,,,,,,,,,,,,,,,,,,,,,,,,,,,,,,,,,,,,,,,,,,,,,,,,,,,,,,,,,,,,,,,,,,,,,,,,,,,,,,,,,,,,,,,,,,,,,,,,,,,,,,,
2,45,tsesarevich_gun_152_x1,0.337,0.4715,0.92,,,2,50,ussr_gun_50_x1,0.337,0.4715,0.92,,,2,55,ussr_gun_50_x1,0.337,0.4715,0.92,,,2,45,ussr_gun_100_x1,0.337,0.4715,0.92,,,2,50,ussr_gun_100_x1,0.337,0.4715,0.92,,,2,45,ussr_gun_152_x1,0.337,0.4715,0.92,,,2,50,ussr_gun_152_x1,0.337,0.4715,0.92,,,2,45,ussr_gun_406_x1,0.145,0.19,0.92,,,2,50,ussr_gun_406_x1,0.145,0.19,0.92,,,,,,,,,,,,,,,,,,,,,,,,,,,,,,,,,,,,,,,,,,,,,,,,,,,,,,,,,,,,,,,,,,,,,,,,,,,,,,,,,,,,,,,,,,,,,,,,,,,,,,,,,,,,,,,,,,,,,,,,,,,,,,,,,,,,,,,,,,,,,,,,,,,,,,,,,,,,,,,,,,,,,,,,,,,,,,,,,,,,,,,,,,,,,,,,,
2,45,tsesarevich_gun_152_x2,0.337,0.4715,0.7,,,2,50,ussr_gun_50_x2,0.337,0.4715,0.7,,,2,55,ussr_gun_50_x2,0.337,0.4715,0.7,,,2,45,ussr_gun_100_x2,0.337,0.4715,0.7,,,2,50,ussr_gun_100_x2,0.337,0.4715,0.7,,,2,45,ussr_gun_152_x2,0.337,0.4715,0.7,,,2,50,ussr_gun_152_x2,0.337,0.4715,0.7,,,2,45,ussr_gun_406_x2,0.145,0.19,0.7,,,2,50,ussr_gun_406_x2,0.145,0.19,0.7,,,,,,,,,,,,,,,,,,,,,,,,,,,,,,,,,,,,,,,,,,,,,,,,,,,,,,,,,,,,,,,,,,,,,,,,,,,,,,,,,,,,,,,,,,,,,,,,,,,,,,,,,,,,,,,,,,,,,,,,,,,,,,,,,,,,,,,,,,,,,,,,,,,,,,,,,,,,,,,,,,,,,,,,,,,,,,,,,,,,,,,,,,,,,,,,,
2,45,tsesarevich_gun_152_x3,0.337,0.4715,0.55,,,2,50,ussr_gun_50_x3,0.337,0.4715,0.55,,,2,55,ussr_gun_50_x3,0.337,0.4715,0.55,,,2,45,ussr_gun_100_x3,0.337,0.4715,0.55,,,2,50,ussr_gun_100_x3,0.337,0.4715,0.55,,,2,45,ussr_gun_152_x3,0.337,0.4715,0.55,,,2,50,ussr_gun_152_x3,0.337,0.4715,0.55,,,2,45,ussr_gun_406_x3,0.145,0.19,0.55,,,2,50,ussr_gun_406_x3,0.145,0.19,0.55,,,,,,,,,,,,,,,,,,,,,,,,,,,,,,,,,,,,,,,,,,,,,,,,,,,,,,,,,,,,,,,,,,,,,,,,,,,,,,,,,,,,,,,,,,,,,,,,,,,,,,,,,,,,,,,,,,,,,,,,,,,,,,,,,,,,,,,,,,,,,,,,,,,,,,,,,,,,,,,,,,,,,,,,,,,,,,,,,,,,,,,,,,,,,,,,,
,45,,0.337,0.4715,0.5,,,2,50,ussr_gun_50_x4,0.337,0.4715,0.5,,,2,55,ussr_gun_50_x4,0.337,0.4715,0.5,,,,45,,0.337,0.4715,0.5,,,,50,,0.337,0.4715,0.5,,,,45,,0.337,0.4715,0.5,,,,50,,0.337,0.4715,0.5,,,2,45,ussr_gun_406_x4,0.145,0.19,0.5,,,2,50,ussr_gun_406_x4,0.145,0.19,0.5,,,,,,,,,,,,,,,,,,,,,,,,,,,,,,,,,,,,,,,,,,,,,,,,,,,,,,,,,,,,,,,,,,,,,,,,,,,,,,,,,,,,,,,,,,,,,,,,,,,,,,,,,,,,,,,,,,,,,,,,,,,,,,,,,,,,,,,,,,,,,,,,,,,,,,,,,,,,,,,,,,,,,,,,,,,,,,,,,,,,,,,,,,,,,,,,,
3,45,tsesarevich_gun_152_x1,0.4915,0.626,1.45,,,3,50,ussr_gun_50_x1,0.4915,0.626,1.45,,,3,55,ussr_gun_50_x1,0.4915,0.626,1.45,,,3,45,ussr_gun_100_x1,0.4915,0.626,1.45,,,3,50,ussr_gun_100_x1,0.4915,0.626,1.45,,,3,45,ussr_gun_152_x1,0.4915,0.626,1.45,,,3,50,ussr_gun_152_x1,0.4915,0.626,1.45,,,3,45,ussr_gun_406_x1,0.195,0.24,1.45,,,3,50,ussr_gun_406_x1,0.195,0.24,1.45,,,,,,,,,,,,,,,,,,,,,,,,,,,,,,,,,,,,,,,,,,,,,,,,,,,,,,,,,,,,,,,,,,,,,,,,,,,,,,,,,,,,,,,,,,,,,,,,,,,,,,,,,,,,,,,,,,,,,,,,,,,,,,,,,,,,,,,,,,,,,,,,,,,,,,,,,,,,,,,,,,,,,,,,,,,,,,,,,,,,,,,,,,,,,,,,,
3,45,tsesarevich_gun_152_x2,0.4915,0.626,1.08,,,3,50,ussr_gun_50_x2,0.4915,0.626,1.08,,,3,55,ussr_gun_50_x2,0.4915,0.626,1.08,,,3,45,ussr_gun_100_x2,0.4915,0.626,1.08,,,3,50,ussr_gun_100_x2,0.4915,0.626,1.08,,,3,45,ussr_gun_152_x2,0.4915,0.626,1.08,,,3,50,ussr_gun_152_x2,0.4915,0.626,1.08,,,3,45,ussr_gun_406_x2,0.195,0.24,1.08,,,3,50,ussr_gun_406_x2,0.195,0.24,1.08,,,,,,,,,,,,,,,,,,,,,,,,,,,,,,,,,,,,,,,,,,,,,,,,,,,,,,,,,,,,,,,,,,,,,,,,,,,,,,,,,,,,,,,,,,,,,,,,,,,,,,,,,,,,,,,,,,,,,,,,,,,,,,,,,,,,,,,,,,,,,,,,,,,,,,,,,,,,,,,,,,,,,,,,,,,,,,,,,,,,,,,,,,,,,,,,,
3,45,tsesarevich_gun_152_x3,0.4915,0.626,0.83,,,3,50,ussr_gun_50_x3,0.4915,0.626,0.83,,,3,55,ussr_gun_50_x3,0.4915,0.626,0.83,,,3,45,ussr_gun_100_x3,0.4915,0.626,0.83,,,3,50,ussr_gun_100_x3,0.4915,0.626,0.83,,,3,45,ussr_gun_152_x3,0.4915,0.626,0.83,,,3,50,ussr_gun_152_x3,0.4915,0.626,0.83,,,3,45,ussr_gun_406_x3,0.195,0.24,0.83,,,3,50,ussr_gun_406_x3,0.195,0.24,0.83,,,,,,,,,,,,,,,,,,,,,,,,,,,,,,,,,,,,,,,,,,,,,,,,,,,,,,,,,,,,,,,,,,,,,,,,,,,,,,,,,,,,,,,,,,,,,,,,,,,,,,,,,,,,,,,,,,,,,,,,,,,,,,,,,,,,,,,,,,,,,,,,,,,,,,,,,,,,,,,,,,,,,,,,,,,,,,,,,,,,,,,,,,,,,,,,,
,45,,0.4915,0.626,0.74,,,3,50,ussr_gun_50_x4,0.4915,0.626,0.74,,,3,55,ussr_gun_50_x4,0.4915,0.626,0.74,,,,45,,0.4915,0.626,0.74,,,,50,,0.4915,0.626,0.74,,,,45,,0.4915,0.626,0.74,,,,50,,0.4915,0.626,0.74,,,3,45,ussr_gun_406_x4,0.195,0.24,0.74,,,3,50,ussr_gun_406_x4,0.195,0.24,0.74,,,,,,,,,,,,,,,,,,,,,,,,,,,,,,,,,,,,,,,,,,,,,,,,,,,,,,,,,,,,,,,,,,,,,,,,,,,,,,,,,,,,,,,,,,,,,,,,,,,,,,,,,,,,,,,,,,,,,,,,,,,,,,,,,,,,,,,,,,,,,,,,,,,,,,,,,,,,,,,,,,,,,,,,,,,,,,,,,,,,,,,,,,,,,,,,,
4,45,tsesarevich_gun_152_x1,0.646,0.7805,1.7,,,4,50,ussr_gun_50_x1,0.646,0.7805,1.7,,,4,55,ussr_gun_50_x1,0.646,0.7805,1.7,,,4,45,ussr_gun_100_x1,0.646,0.7805,1.7,,,4,50,ussr_gun_100_x1,0.646,0.7805,1.7,,,4,45,ussr_gun_152_x1,0.646,0.7805,1.7,,,4,50,ussr_gun_152_x1,0.646,0.7805,1.7,,,4,45,ussr_gun_406_x1,0.245,0.29,1.7,,,4,50,ussr_gun_406_x1,0.245,0.29,1.7,,,,,,,,,,,,,,,,,,,,,,,,,,,,,,,,,,,,,,,,,,,,,,,,,,,,,,,,,,,,,,,,,,,,,,,,,,,,,,,,,,,,,,,,,,,,,,,,,,,,,,,,,,,,,,,,,,,,,,,,,,,,,,,,,,,,,,,,,,,,,,,,,,,,,,,,,,,,,,,,,,,,,,,,,,,,,,,,,,,,,,,,,,,,,,,,,
4,45,tsesarevich_gun_152_x2,0.646,0.7805,1.28,,,4,50,ussr_gun_50_x2,0.646,0.7805,1.28,,,4,55,ussr_gun_50_x2,0.646,0.7805,1.28,,,4,45,ussr_gun_100_x2,0.646,0.7805,1.28,,,4,50,ussr_gun_100_x2,0.646,0.7805,1.28,,,4,45,ussr_gun_152_x2,0.646,0.7805,1.28,,,4,50,ussr_gun_152_x2,0.646,0.7805,1.28,,,4,45,ussr_gun_406_x2,0.245,0.29,1.28,,,4,50,ussr_gun_406_x2,0.245,0.29,1.28,,,,,,,,,,,,,,,,,,,,,,,,,,,,,,,,,,,,,,,,,,,,,,,,,,,,,,,,,,,,,,,,,,,,,,,,,,,,,,,,,,,,,,,,,,,,,,,,,,,,,,,,,,,,,,,,,,,,,,,,,,,,,,,,,,,,,,,,,,,,,,,,,,,,,,,,,,,,,,,,,,,,,,,,,,,,,,,,,,,,,,,,,,,,,,,,,
4,45,tsesarevich_gun_152_x3,0.646,0.7805,1,,,4,50,ussr_gun_50_x3,0.646,0.7805,1,,,4,55,ussr_gun_50_x3,0.646,0.7805,1,,,4,45,ussr_gun_100_x3,0.646,0.7805,1,,,4,50,ussr_gun_100_x3,0.646,0.7805,1,,,4,45,ussr_gun_152_x3,0.646,0.7805,1,,,4,50,ussr_gun_152_x3,0.646,0.7805,1,,,4,45,ussr_gun_406_x3,0.245,0.29,1,,,4,50,ussr_gun_406_x3,0.245,0.29,1,,,,,,,,,,,,,,,,,,,,,,,,,,,,,,,,,,,,,,,,,,,,,,,,,,,,,,,,,,,,,,,,,,,,,,,,,,,,,,,,,,,,,,,,,,,,,,,,,,,,,,,,,,,,,,,,,,,,,,,,,,,,,,,,,,,,,,,,,,,,,,,,,,,,,,,,,,,,,,,,,,,,,,,,,,,,,,,,,,,,,,,,,,,,,,,,,
,45,,0.646,0.7805,0.85,,,4,50,ussr_gun_50_x4,0.646,0.7805,0.85,,,4,55,ussr_gun_50_x4,0.646,0.7805,0.85,,,,45,,0.646,0.7805,0.85,,,,50,,0.646,0.7805,0.85,,,,45,,0.646,0.7805,0.85,,,,50,,0.646,0.7805,0.85,,,4,45,ussr_gun_406_x4,0.245,0.29,0.85,,,4,50,ussr_gun_406_x4,0.245,0.29,0.85,,,,,,,,,,,,,,,,,,,,,,,,,,,,,,,,,,,,,,,,,,,,,,,,,,,,,,,,,,,,,,,,,,,,,,,,,,,,,,,,,,,,,,,,,,,,,,,,,,,,,,,,,,,,,,,,,,,,,,,,,,,,,,,,,,,,,,,,,,,,,,,,,,,,,,,,,,,,,,,,,,,,,,,,,,,,,,,,,,,,,,,,,,,,,,,,,
5,45,tsesarevich_gun_152_x1,0.8005,0.935,1.25,,,5,50,ussr_gun_50_x1,0.8005,0.935,1.25,,,5,55,ussr_gun_50_x1,0.8005,0.935,1.25,,,5,45,ussr_gun_100_x1,0.8005,0.935,1.25,,,5,50,ussr_gun_100_x1,0.8005,0.935,1.25,,,5,45,ussr_gun_152_x1,0.8005,0.935,1.25,,,5,50,ussr_gun_152_x1,0.8005,0.935,1.25,,,5,45,ussr_gun_406_x1,0.295,0.34,1.25,,,5,50,ussr_gun_406_x1,0.295,0.34,1.25,,,,,,,,,,,,,,,,,,,,,,,,,,,,,,,,,,,,,,,,,,,,,,,,,,,,,,,,,,,,,,,,,,,,,,,,,,,,,,,,,,,,,,,,,,,,,,,,,,,,,,,,,,,,,,,,,,,,,,,,,,,,,,,,,,,,,,,,,,,,,,,,,,,,,,,,,,,,,,,,,,,,,,,,,,,,,,,,,,,,,,,,,,,,,,,,,
5,45,tsesarevich_gun_152_x2,0.8005,0.935,0.95,,,5,50,ussr_gun_50_x2,0.8005,0.935,0.95,,,5,55,ussr_gun_50_x2,0.8005,0.935,0.95,,,5,45,ussr_gun_100_x2,0.8005,0.935,0.95,,,5,50,ussr_gun_100_x2,0.8005,0.935,0.95,,,5,45,ussr_gun_152_x2,0.8005,0.935,0.95,,,5,50,ussr_gun_152_x2,0.8005,0.935,0.95,,,5,45,ussr_gun_406_x2,0.295,0.34,0.95,,,5,50,ussr_gun_406_x2,0.295,0.34,0.95,,,,,,,,,,,,,,,,,,,,,,,,,,,,,,,,,,,,,,,,,,,,,,,,,,,,,,,,,,,,,,,,,,,,,,,,,,,,,,,,,,,,,,,,,,,,,,,,,,,,,,,,,,,,,,,,,,,,,,,,,,,,,,,,,,,,,,,,,,,,,,,,,,,,,,,,,,,,,,,,,,,,,,,,,,,,,,,,,,,,,,,,,,,,,,,,,
5,45,tsesarevich_gun_152_x3,0.8005,0.935,0.75,,,5,50,ussr_gun_50_x3,0.8005,0.935,0.75,,,5,55,ussr_gun_50_x3,0.8005,0.935,0.75,,,5,45,ussr_gun_100_x3,0.8005,0.935,0.75,,,5,50,ussr_gun_100_x3,0.8005,0.935,0.75,,,5,45,ussr_gun_152_x3,0.8005,0.935,0.75,,,5,50,ussr_gun_152_x3,0.8005,0.935,0.75,,,5,45,ussr_gun_406_x3,0.295,0.34,0.75,,,5,50,ussr_gun_406_x3,0.295,0.34,0.75,,,,,,,,,,,,,,,,,,,,,,,,,,,,,,,,,,,,,,,,,,,,,,,,,,,,,,,,,,,,,,,,,,,,,,,,,,,,,,,,,,,,,,,,,,,,,,,,,,,,,,,,,,,,,,,,,,,,,,,,,,,,,,,,,,,,,,,,,,,,,,,,,,,,,,,,,,,,,,,,,,,,,,,,,,,,,,,,,,,,,,,,,,,,,,,,,
,45,,0.8005,0.935,0.68,,,5,50,ussr_gun_50_x4,0.8005,0.935,0.68,,,5,55,ussr_gun_50_x4,0.8005,0.935,0.68,,,,45,,0.8005,0.935,0.68,,,,50,,0.8005,0.935,0.68,,,,45,,0.8005,0.935,0.68,,,,50,,0.8005,0.935,0.68,,,5,45,ussr_gun_406_x4,0.295,0.34,0.68,,,5,50,ussr_gun_406_x4,0.295,0.34,0.68,,,,,,,,,,,,,,,,,,,,,,,,,,,,,,,,,,,,,,,,,,,,,,,,,,,,,,,,,,,,,,,,,,,,,,,,,,,,,,,,,,,,,,,,,,,,,,,,,,,,,,,,,,,,,,,,,,,,,,,,,,,,,,,,,,,,,,,,,,,,,,,,,,,,,,,,,,,,,,,,,,,,,,,,,,,,,,,,,,,,,,,,,,,,,,,,,
6,45,tsesarevich_gun_152_x1,0.955,1.0895,1.185,,,6,50,ussr_gun_50_x1,0.955,1.0895,1.185,,,6,55,ussr_gun_50_x1,0.955,1.0895,1.185,,,6,45,ussr_gun_100_x1,0.955,1.0895,1.185,,,6,50,ussr_gun_100_x1,0.955,1.0895,1.185,,,6,45,ussr_gun_152_x1,0.955,1.0895,1.185,,,6,50,ussr_gun_152_x1,0.955,1.0895,1.185,,,6,45,ussr_gun_406_x1,0.345,0.39,1.185,,,6,50,ussr_gun_406_x1,0.345,0.39,1.185,,,,,,,,,,,,,,,,,,,,,,,,,,,,,,,,,,,,,,,,,,,,,,,,,,,,,,,,,,,,,,,,,,,,,,,,,,,,,,,,,,,,,,,,,,,,,,,,,,,,,,,,,,,,,,,,,,,,,,,,,,,,,,,,,,,,,,,,,,,,,,,,,,,,,,,,,,,,,,,,,,,,,,,,,,,,,,,,,,,,,,,,,,,,,,,,,
6,45,tsesarevich_gun_152_x2,0.955,1.0895,0.86,,,6,50,ussr_gun_50_x2,0.955,1.0895,0.86,,,6,55,ussr_gun_50_x2,0.955,1.0895,0.86,,,6,45,ussr_gun_100_x2,0.955,1.0895,0.86,,,6,50,ussr_gun_100_x2,0.955,1.0895,0.86,,,6,45,ussr_gun_152_x2,0.955,1.0895,0.86,,,6,50,ussr_gun_152_x2,0.955,1.0895,0.86,,,6,45,ussr_gun_406_x2,0.345,0.39,0.86,,,6,50,ussr_gun_406_x2,0.345,0.39,0.86,,,,,,,,,,,,,,,,,,,,,,,,,,,,,,,,,,,,,,,,,,,,,,,,,,,,,,,,,,,,,,,,,,,,,,,,,,,,,,,,,,,,,,,,,,,,,,,,,,,,,,,,,,,,,,,,,,,,,,,,,,,,,,,,,,,,,,,,,,,,,,,,,,,,,,,,,,,,,,,,,,,,,,,,,,,,,,,,,,,,,,,,,,,,,,,,,
6,45,tsesarevich_gun_152_x3,0.955,1.0895,0.66,,,6,50,ussr_gun_50_x3,0.955,1.0895,0.66,,,6,55,ussr_gun_50_x3,0.955,1.0895,0.66,,,6,45,ussr_gun_100_x3,0.955,1.0895,0.66,,,6,50,ussr_gun_100_x3,0.955,1.0895,0.66,,,6,45,ussr_gun_152_x3,0.955,1.0895,0.66,,,6,50,ussr_gun_152_x3,0.955,1.0895,0.66,,,6,45,ussr_gun_406_x3,0.345,0.39,0.66,,,6,50,ussr_gun_406_x3,0.345,0.39,0.66,,,,,,,,,,,,,,,,,,,,,,,,,,,,,,,,,,,,,,,,,,,,,,,,,,,,,,,,,,,,,,,,,,,,,,,,,,,,,,,,,,,,,,,,,,,,,,,,,,,,,,,,,,,,,,,,,,,,,,,,,,,,,,,,,,,,,,,,,,,,,,,,,,,,,,,,,,,,,,,,,,,,,,,,,,,,,,,,,,,,,,,,,,,,,,,,,
,45,,0.955,1.0895,0.6,,,6,50,ussr_gun_50_x4,0.955,1.0895,0.6,,,6,55,ussr_gun_50_x4,0.955,1.0895,0.6,,,,45,,0.955,1.0895,0.6,,,,50,,0.955,1.0895,0.6,,,,45,,0.955,1.0895,0.6,,,,50,,0.955,1.0895,0.6,,,6,45,ussr_gun_406_x4,0.345,0.39,0.6,,,6,50,ussr_gun_406_x4,0.345,0.39,0.6,,,,,,,,,,,,,,,,,,,,,,,,,,,,,,,,,,,,,,,,,,,,,,,,,,,,,,,,,,,,,,,,,,,,,,,,,,,,,,,,,,,,,,,,,,,,,,,,,,,,,,,,,,,,,,,,,,,,,,,,,,,,,,,,,,,,,,,,,,,,,,,,,,,,,,,,,,,,,,,,,,,,,,,,,,,,,,,,,,,,,,,,,,,,,,,,,
7,45,tsesarevich_gun_152_x1,1.1095,1.244,1.21,,,7,50,ussr_gun_50_x1,1.1095,1.244,1.21,,,7,55,ussr_gun_50_x1,1.1095,1.244,1.21,,,7,45,ussr_gun_100_x1,1.1095,1.244,1.21,,,7,50,ussr_gun_100_x1,1.1095,1.244,1.21,,,7,45,ussr_gun_152_x1,1.1095,1.244,1.21,,,7,50,ussr_gun_152_x1,1.1095,1.244,1.21,,,7,45,ussr_gun_406_x1,0.395,0.44,1.21,,,7,50,ussr_gun_406_x1,0.395,0.44,1.21,,,,,,,,,,,,,,,,,,,,,,,,,,,,,,,,,,,,,,,,,,,,,,,,,,,,,,,,,,,,,,,,,,,,,,,,,,,,,,,,,,,,,,,,,,,,,,,,,,,,,,,,,,,,,,,,,,,,,,,,,,,,,,,,,,,,,,,,,,,,,,,,,,,,,,,,,,,,,,,,,,,,,,,,,,,,,,,,,,,,,,,,,,,,,,,,,
7,45,tsesarevich_gun_152_x2,1.1095,1.244,0.9,,,7,50,ussr_gun_50_x2,1.1095,1.244,0.9,,,7,55,ussr_gun_50_x2,1.1095,1.244,0.9,,,7,45,ussr_gun_100_x2,1.1095,1.244,0.9,,,7,50,ussr_gun_100_x2,1.1095,1.244,0.9,,,7,45,ussr_gun_152_x2,1.1095,1.244,0.9,,,7,50,ussr_gun_152_x2,1.1095,1.244,0.9,,,7,45,ussr_gun_406_x2,0.395,0.44,0.9,,,7,50,ussr_gun_406_x2,0.395,0.44,0.9,,,,,,,,,,,,,,,,,,,,,,,,,,,,,,,,,,,,,,,,,,,,,,,,,,,,,,,,,,,,,,,,,,,,,,,,,,,,,,,,,,,,,,,,,,,,,,,,,,,,,,,,,,,,,,,,,,,,,,,,,,,,,,,,,,,,,,,,,,,,,,,,,,,,,,,,,,,,,,,,,,,,,,,,,,,,,,,,,,,,,,,,,,,,,,,,,
7,45,tsesarevich_gun_152_x3,1.1095,1.244,0.705,,,7,50,ussr_gun_50_x3,1.1095,1.244,0.705,,,7,55,ussr_gun_50_x3,1.1095,1.244,0.705,,,7,45,ussr_gun_100_x3,1.1095,1.244,0.705,,,7,50,ussr_gun_100_x3,1.1095,1.244,0.705,,,7,45,ussr_gun_152_x3,1.1095,1.244,0.705,,,7,50,ussr_gun_152_x3,1.1095,1.244,0.705,,,7,45,ussr_gun_406_x3,0.395,0.44,0.705,,,7,50,ussr_gun_406_x3,0.395,0.44,0.705,,,,,,,,,,,,,,,,,,,,,,,,,,,,,,,,,,,,,,,,,,,,,,,,,,,,,,,,,,,,,,,,,,,,,,,,,,,,,,,,,,,,,,,,,,,,,,,,,,,,,,,,,,,,,,,,,,,,,,,,,,,,,,,,,,,,,,,,,,,,,,,,,,,,,,,,,,,,,,,,,,,,,,,,,,,,,,,,,,,,,,,,,,,,,,,,,
,45,,1.1095,1.244,0.64,,,7,50,ussr_gun_50_x4,1.1095,1.244,0.64,,,7,55,ussr_gun_50_x4,1.1095,1.244,0.64,,,,45,,1.1095,1.244,0.64,,,,50,,1.1095,1.244,0.64,,,,45,,1.1095,1.244,0.64,,,,50,,1.1095,1.244,0.64,,,7,45,ussr_gun_406_x4,0.395,0.44,0.64,,,7,50,ussr_gun_406_x4,0.395,0.44,0.64,,,,,,,,,,,,,,,,,,,,,,,,,,,,,,,,,,,,,,,,,,,,,,,,,,,,,,,,,,,,,,,,,,,,,,,,,,,,,,,,,,,,,,,,,,,,,,,,,,,,,,,,,,,,,,,,,,,,,,,,,,,,,,,,,,,,,,,,,,,,,,,,,,,,,,,,,,,,,,,,,,,,,,,,,,,,,,,,,,,,,,,,,,,,,,,,,
8,45,tsesarevich_gun_152_x1,1.264,1.3985,1.17,,,8,50,ussr_gun_50_x1,1.264,1.3985,1.17,,,8,55,ussr_gun_50_x1,1.264,1.3985,1.17,,,8,45,ussr_gun_100_x1,1.264,1.3985,1.17,,,8,50,ussr_gun_100_x1,1.264,1.3985,1.17,,,8,45,ussr_gun_152_x1,1.264,1.3985,1.17,,,8,50,ussr_gun_152_x1,1.264,1.3985,1.17,,,8,45,ussr_gun_406_x1,0.445,0.49,1.17,,,8,50,ussr_gun_406_x1,0.445,0.49,1.17,,,,,,,,,,,,,,,,,,,,,,,,,,,,,,,,,,,,,,,,,,,,,,,,,,,,,,,,,,,,,,,,,,,,,,,,,,,,,,,,,,,,,,,,,,,,,,,,,,,,,,,,,,,,,,,,,,,,,,,,,,,,,,,,,,,,,,,,,,,,,,,,,,,,,,,,,,,,,,,,,,,,,,,,,,,,,,,,,,,,,,,,,,,,,,,,,
8,45,tsesarevich_gun_152_x2,1.264,1.3985,0.88,,,8,50,ussr_gun_50_x2,1.264,1.3985,0.88,,,8,55,ussr_gun_50_x2,1.264,1.3985,0.88,,,8,45,ussr_gun_100_x2,1.264,1.3985,0.88,,,8,50,ussr_gun_100_x2,1.264,1.3985,0.88,,,8,45,ussr_gun_152_x2,1.264,1.3985,0.88,,,8,50,ussr_gun_152_x2,1.264,1.3985,0.88,,,8,45,ussr_gun_406_x2,0.445,0.49,0.88,,,8,50,ussr_gun_406_x2,0.445,0.49,0.88,,,,,,,,,,,,,,,,,,,,,,,,,,,,,,,,,,,,,,,,,,,,,,,,,,,,,,,,,,,,,,,,,,,,,,,,,,,,,,,,,,,,,,,,,,,,,,,,,,,,,,,,,,,,,,,,,,,,,,,,,,,,,,,,,,,,,,,,,,,,,,,,,,,,,,,,,,,,,,,,,,,,,,,,,,,,,,,,,,,,,,,,,,,,,,,,,
8,45,tsesarevich_gun_152_x3,1.264,1.3985,0.69,,,8,50,ussr_gun_50_x3,1.264,1.3985,0.69,,,8,55,ussr_gun_50_x3,1.264,1.3985,0.69,,,8,45,ussr_gun_100_x3,1.264,1.3985,0.69,,,8,50,ussr_gun_100_x3,1.264,1.3985,0.69,,,8,45,ussr_gun_152_x3,1.264,1.3985,0.69,,,8,50,ussr_gun_152_x3,1.264,1.3985,0.69,,,8,45,ussr_gun_406_x3,0.445,0.49,0.69,,,8,50,ussr_gun_406_x3,0.445,0.49,0.69,,,,,,,,,,,,,,,,,,,,,,,,,,,,,,,,,,,,,,,,,,,,,,,,,,,,,,,,,,,,,,,,,,,,,,,,,,,,,,,,,,,,,,,,,,,,,,,,,,,,,,,,,,,,,,,,,,,,,,,,,,,,,,,,,,,,,,,,,,,,,,,,,,,,,,,,,,,,,,,,,,,,,,,,,,,,,,,,,,,,,,,,,,,,,,,,,
,45,,1.264,1.3985,0.63,,,8,50,ussr_gun_50_x4,1.264,1.3985,0.63,,,8,55,ussr_gun_50_x4,1.264,1.3985,0.63,,,,45,,1.264,1.3985,0.63,,,,50,,1.264,1.3985,0.63,,,,45,,1.264,1.3985,0.63,,,,50,,1.264,1.3985,0.63,,,8,45,ussr_gun_406_x4,0.445,0.49,0.63,,,8,50,ussr_gun_406_x4,0.445,0.49,0.63,,,,,,,,,,,,,,,,,,,,,,,,,,,,,,,,,,,,,,,,,,,,,,,,,,,,,,,,,,,,,,,,,,,,,,,,,,,,,,,,,,,,,,,,,,,,,,,,,,,,,,,,,,,,,,,,,,,,,,,,,,,,,,,,,,,,,,,,,,,,,,,,,,,,,,,,,,,,,,,,,,,,,,,,,,,,,,,,,,,,,,,,,,,,,,,,,
9,45,tsesarevich_gun_152_x1,1.4185,1.553,1.1,,,9,50,ussr_gun_50_x1,1.4185,1.553,1.1,,,9,55,ussr_gun_50_x1,1.4185,1.553,1.1,,,9,45,ussr_gun_100_x1,1.4185,1.553,1.1,,,9,50,ussr_gun_100_x1,1.4185,1.553,1.1,,,9,45,ussr_gun_152_x1,1.4185,1.553,1.1,,,9,50,ussr_gun_152_x1,1.4185,1.553,1.1,,,9,45,ussr_gun_406_x1,0.495,0.54,1.1,,,9,50,ussr_gun_406_x1,0.495,0.54,1.1,,,,,,,,,,,,,,,,,,,,,,,,,,,,,,,,,,,,,,,,,,,,,,,,,,,,,,,,,,,,,,,,,,,,,,,,,,,,,,,,,,,,,,,,,,,,,,,,,,,,,,,,,,,,,,,,,,,,,,,,,,,,,,,,,,,,,,,,,,,,,,,,,,,,,,,,,,,,,,,,,,,,,,,,,,,,,,,,,,,,,,,,,,,,,,,,,
9,45,tsesarevich_gun_152_x2,1.4185,1.553,0.82,,,9,50,ussr_gun_50_x2,1.4185,1.553,0.82,,,9,55,ussr_gun_50_x2,1.4185,1.553,0.82,,,9,45,ussr_gun_100_x2,1.4185,1.553,0.82,,,9,50,ussr_gun_100_x2,1.4185,1.553,0.82,,,9,45,ussr_gun_152_x2,1.4185,1.553,0.82,,,9,50,ussr_gun_152_x2,1.4185,1.553,0.82,,,9,45,ussr_gun_406_x2,0.495,0.54,0.82,,,9,50,ussr_gun_406_x2,0.495,0.54,0.82,,,,,,,,,,,,,,,,,,,,,,,,,,,,,,,,,,,,,,,,,,,,,,,,,,,,,,,,,,,,,,,,,,,,,,,,,,,,,,,,,,,,,,,,,,,,,,,,,,,,,,,,,,,,,,,,,,,,,,,,,,,,,,,,,,,,,,,,,,,,,,,,,,,,,,,,,,,,,,,,,,,,,,,,,,,,,,,,,,,,,,,,,,,,,,,,,
9,45,tsesarevich_gun_152_x3,1.4185,1.553,0.64,,,9,50,ussr_gun_50_x3,1.4185,1.553,0.64,,,9,55,ussr_gun_50_x3,1.4185,1.553,0.64,,,9,45,ussr_gun_100_x3,1.4185,1.553,0.64,,,9,50,ussr_gun_100_x3,1.4185,1.553,0.64,,,9,45,ussr_gun_152_x3,1.4185,1.553,0.64,,,9,50,ussr_gun_152_x3,1.4185,1.553,0.64,,,9,45,ussr_gun_406_x3,0.495,0.54,0.64,,,9,50,ussr_gun_406_x3,0.495,0.54,0.64,,,,,,,,,,,,,,,,,,,,,,,,,,,,,,,,,,,,,,,,,,,,,,,,,,,,,,,,,,,,,,,,,,,,,,,,,,,,,,,,,,,,,,,,,,,,,,,,,,,,,,,,,,,,,,,,,,,,,,,,,,,,,,,,,,,,,,,,,,,,,,,,,,,,,,,,,,,,,,,,,,,,,,,,,,,,,,,,,,,,,,,,,,,,,,,,,
,45,,1.4185,1.553,0.58,,,9,50,ussr_gun_50_x4,1.4185,1.553,0.58,,,9,55,ussr_gun_50_x4,1.4185,1.553,0.58,,,,45,,1.4185,1.553,0.58,,,,50,,1.4185,1.553,0.58,,,,45,,1.4185,1.553,0.58,,,,50,,1.4185,1.553,0.58,,,9,45,ussr_gun_406_x4,0.495,0.54,0.58,,,9,50,ussr_gun_406_x4,0.495,0.54,0.58,,,,,,,,,,,,,,,,,,,,,,,,,,,,,,,,,,,,,,,,,,,,,,,,,,,,,,,,,,,,,,,,,,,,,,,,,,,,,,,,,,,,,,,,,,,,,,,,,,,,,,,,,,,,,,,,,,,,,,,,,,,,,,,,,,,,,,,,,,,,,,,,,,,,,,,,,,,,,,,,,,,,,,,,,,,,,,,,,,,,,,,,,,,,,,,,,
10,45,tsesarevich_gun_152_x1,1.573,1.7075,1.2,,,10,50,ussr_gun_50_x1,1.573,1.7075,1.2,,,10,55,ussr_gun_50_x1,1.573,1.7075,1.2,,,10,45,ussr_gun_100_x1,1.573,1.7075,1.2,,,10,50,ussr_gun_100_x1,1.573,1.7075,1.2,,,10,45,ussr_gun_152_x1,1.573,1.7075,1.2,,,10,50,ussr_gun_152_x1,1.573,1.7075,1.2,,,10,45,ussr_gun_406_x1,0.545,0.59,1.2,,,10,50,ussr_gun_406_x1,0.545,0.59,1.2,,,,,,,,,,,,,,,,,,,,,,,,,,,,,,,,,,,,,,,,,,,,,,,,,,,,,,,,,,,,,,,,,,,,,,,,,,,,,,,,,,,,,,,,,,,,,,,,,,,,,,,,,,,,,,,,,,,,,,,,,,,,,,,,,,,,,,,,,,,,,,,,,,,,,,,,,,,,,,,,,,,,,,,,,,,,,,,,,,,,,,,,,,,,,,,,,
10,45,tsesarevich_gun_152_x2,1.573,1.7075,0.9,,,10,50,ussr_gun_50_x2,1.573,1.7075,0.9,,,10,55,ussr_gun_50_x2,1.573,1.7075,0.9,,,10,45,ussr_gun_100_x2,1.573,1.7075,0.9,,,10,50,ussr_gun_100_x2,1.573,1.7075,0.9,,,10,45,ussr_gun_152_x2,1.573,1.7075,0.9,,,10,50,ussr_gun_152_x2,1.573,1.7075,0.9,,,10,45,ussr_gun_406_x2,0.545,0.59,0.9,,,10,50,ussr_gun_406_x2,0.545,0.59,0.9,,,,,,,,,,,,,,,,,,,,,,,,,,,,,,,,,,,,,,,,,,,,,,,,,,,,,,,,,,,,,,,,,,,,,,,,,,,,,,,,,,,,,,,,,,,,,,,,,,,,,,,,,,,,,,,,,,,,,,,,,,,,,,,,,,,,,,,,,,,,,,,,,,,,,,,,,,,,,,,,,,,,,,,,,,,,,,,,,,,,,,,,,,,,,,,,,
10,45,tsesarevich_gun_152_x3,1.573,1.7075,0.68,,,10,50,ussr_gun_50_x3,1.573,1.7075,0.68,,,10,55,ussr_gun_50_x3,1.573,1.7075,0.68,,,10,45,ussr_gun_100_x3,1.573,1.7075,0.68,,,10,50,ussr_gun_100_x3,1.573,1.7075,0.68,,,10,45,ussr_gun_152_x3,1.573,1.7075,0.68,,,10,50,ussr_gun_152_x3,1.573,1.7075,0.68,,,10,45,ussr_gun_406_x3,0.545,0.59,0.68,,,10,50,ussr_gun_406_x3,0.545,0.59,0.68,,,,,,,,,,,,,,,,,,,,,,,,,,,,,,,,,,,,,,,,,,,,,,,,,,,,,,,,,,,,,,,,,,,,,,,,,,,,,,,,,,,,,,,,,,,,,,,,,,,,,,,,,,,,,,,,,,,,,,,,,,,,,,,,,,,,,,,,,,,,,,,,,,,,,,,,,,,,,,,,,,,,,,,,,,,,,,,,,,,,,,,,,,,,,,,,,
,45,,1.573,1.7075,0.63,,,10,50,ussr_gun_50_x4,1.573,1.7075,0.63,,,10,55,ussr_gun_50_x4,1.573,1.7075,0.63,,,,45,,1.573,1.7075,0.63,,,,50,,1.573,1.7075,0.63,,,,45,,1.573,1.7075,0.63,,,,50,,1.573,1.7075,0.63,,,10,45,ussr_gun_406_x4,0.545,0.59,0.63,,,10,50,ussr_gun_406_x4,0.545,0.59,0.63,,,,,,,,,,,,,,,,,,,,,,,,,,,,,,,,,,,,,,,,,,,,,,,,,,,,,,,,,,,,,,,,,,,,,,,,,,,,,,,,,,,,,,,,,,,,,,,,,,,,,,,,,,,,,,,,,,,,,,,,,,,,,,,,,,,,,,,,,,,,,,,,,,,,,,,,,,,,,,,,,,,,,,,,,,,,,,,,,,,,,,,,,,,,,,,,,
11,45,tsesarevich_gun_152_x1,1.7275,1.862,1.07,,,11,50,ussr_gun_50_x1,1.7275,1.862,1.07,,,11,55,ussr_gun_50_x1,1.7275,1.862,1.07,,,11,45,ussr_gun_100_x1,1.7275,1.862,1.07,,,11,50,ussr_gun_100_x1,1.7275,1.862,1.07,,,11,45,ussr_gun_152_x1,1.7275,1.862,1.07,,,11,50,ussr_gun_152_x1,1.7275,1.862,1.07,,,11,45,ussr_gun_406_x1,0.595,0.64,1.07,,,11,50,ussr_gun_406_x1,0.595,0.64,1.07,,,,,,,,,,,,,,,,,,,,,,,,,,,,,,,,,,,,,,,,,,,,,,,,,,,,,,,,,,,,,,,,,,,,,,,,,,,,,,,,,,,,,,,,,,,,,,,,,,,,,,,,,,,,,,,,,,,,,,,,,,,,,,,,,,,,,,,,,,,,,,,,,,,,,,,,,,,,,,,,,,,,,,,,,,,,,,,,,,,,,,,,,,,,,,,,,
11,45,tsesarevich_gun_152_x2,1.7275,1.862,0.82,,,11,50,ussr_gun_50_x2,1.7275,1.862,0.82,,,11,55,ussr_gun_50_x2,1.7275,1.862,0.82,,,11,45,ussr_gun_100_x2,1.7275,1.862,0.82,,,11,50,ussr_gun_100_x2,1.7275,1.862,0.82,,,11,45,ussr_gun_152_x2,1.7275,1.862,0.82,,,11,50,ussr_gun_152_x2,1.7275,1.862,0.82,,,11,45,ussr_gun_406_x2,0.595,0.64,0.82,,,11,50,ussr_gun_406_x2,0.595,0.64,0.82,,,,,,,,,,,,,,,,,,,,,,,,,,,,,,,,,,,,,,,,,,,,,,,,,,,,,,,,,,,,,,,,,,,,,,,,,,,,,,,,,,,,,,,,,,,,,,,,,,,,,,,,,,,,,,,,,,,,,,,,,,,,,,,,,,,,,,,,,,,,,,,,,,,,,,,,,,,,,,,,,,,,,,,,,,,,,,,,,,,,,,,,,,,,,,,,,
11,45,tsesarevich_gun_152_x3,1.7275,1.862,0.66,,,11,50,ussr_gun_50_x3,1.7275,1.862,0.66,,,11,55,ussr_gun_50_x3,1.7275,1.862,0.66,,,11,45,ussr_gun_100_x3,1.7275,1.862,0.66,,,11,50,ussr_gun_100_x3,1.7275,1.862,0.66,,,11,45,ussr_gun_152_x3,1.7275,1.862,0.66,,,11,50,ussr_gun_152_x3,1.7275,1.862,0.66,,,11,45,ussr_gun_406_x3,0.595,0.64,0.66,,,11,50,ussr_gun_406_x3,0.595,0.64,0.66,,,,,,,,,,,,,,,,,,,,,,,,,,,,,,,,,,,,,,,,,,,,,,,,,,,,,,,,,,,,,,,,,,,,,,,,,,,,,,,,,,,,,,,,,,,,,,,,,,,,,,,,,,,,,,,,,,,,,,,,,,,,,,,,,,,,,,,,,,,,,,,,,,,,,,,,,,,,,,,,,,,,,,,,,,,,,,,,,,,,,,,,,,,,,,,,,
,45,,1.7275,1.862,0.61,,,11,50,ussr_gun_50_x4,1.7275,1.862,0.61,,,11,55,ussr_gun_50_x4,1.7275,1.862,0.61,,,,45,,1.7275,1.862,0.61,,,,50,,1.7275,1.862,0.61,,,,45,,1.7275,1.862,0.61,,,,50,,1.7275,1.862,0.61,,,11,45,ussr_gun_406_x4,0.595,0.64,0.61,,,11,50,ussr_gun_406_x4,0.595,0.64,0.61,,,,,,,,,,,,,,,,,,,,,,,,,,,,,,,,,,,,,,,,,,,,,,,,,,,,,,,,,,,,,,,,,,,,,,,,,,,,,,,,,,,,,,,,,,,,,,,,,,,,,,,,,,,,,,,,,,,,,,,,,,,,,,,,,,,,,,,,,,,,,,,,,,,,,,,,,,,,,,,,,,,,,,,,,,,,,,,,,,,,,,,,,,,,,,,,,
12,45,tsesarevich_gun_152_x1,1.882,2.0165,1.07,,,12,50,ussr_gun_50_x1,1.882,2.0165,1.07,,,12,55,ussr_gun_50_x1,1.882,2.0165,1.07,,,12,45,ussr_gun_100_x1,1.882,2.0165,1.07,,,12,50,ussr_gun_100_x1,1.882,2.0165,1.07,,,12,45,ussr_gun_152_x1,1.882,2.0165,1.07,,,12,50,ussr_gun_152_x1,1.882,2.0165,1.07,,,12,45,ussr_gun_406_x1,0.645,0.69,1.07,,,12,50,ussr_gun_406_x1,0.645,0.69,1.07,,,,,,,,,,,,,,,,,,,,,,,,,,,,,,,,,,,,,,,,,,,,,,,,,,,,,,,,,,,,,,,,,,,,,,,,,,,,,,,,,,,,,,,,,,,,,,,,,,,,,,,,,,,,,,,,,,,,,,,,,,,,,,,,,,,,,,,,,,,,,,,,,,,,,,,,,,,,,,,,,,,,,,,,,,,,,,,,,,,,,,,,,,,,,,,,,
12,45,tsesarevich_gun_152_x2,1.882,2.0165,0.82,,,12,50,ussr_gun_50_x2,1.882,2.0165,0.82,,,12,55,ussr_gun_50_x2,1.882,2.0165,0.82,,,12,45,ussr_gun_100_x2,1.882,2.0165,0.82,,,12,50,ussr_gun_100_x2,1.882,2.0165,0.82,,,12,45,ussr_gun_152_x2,1.882,2.0165,0.82,,,12,50,ussr_gun_152_x2,1.882,2.0165,0.82,,,12,45,ussr_gun_406_x2,0.645,0.69,0.82,,,12,50,ussr_gun_406_x2,0.645,0.69,0.82,,,,,,,,,,,,,,,,,,,,,,,,,,,,,,,,,,,,,,,,,,,,,,,,,,,,,,,,,,,,,,,,,,,,,,,,,,,,,,,,,,,,,,,,,,,,,,,,,,,,,,,,,,,,,,,,,,,,,,,,,,,,,,,,,,,,,,,,,,,,,,,,,,,,,,,,,,,,,,,,,,,,,,,,,,,,,,,,,,,,,,,,,,,,,,,,,
12,45,tsesarevich_gun_152_x3,1.882,2.0165,0.66,,,12,50,ussr_gun_50_x3,1.882,2.0165,0.66,,,12,55,ussr_gun_50_x3,1.882,2.0165,0.66,,,12,45,ussr_gun_100_x3,1.882,2.0165,0.66,,,12,50,ussr_gun_100_x3,1.882,2.0165,0.66,,,12,45,ussr_gun_152_x3,1.882,2.0165,0.66,,,12,50,ussr_gun_152_x3,1.882,2.0165,0.66,,,12,45,ussr_gun_406_x3,0.645,0.69,0.66,,,12,50,ussr_gun_406_x3,0.645,0.69,0.66,,,,,,,,,,,,,,,,,,,,,,,,,,,,,,,,,,,,,,,,,,,,,,,,,,,,,,,,,,,,,,,,,,,,,,,,,,,,,,,,,,,,,,,,,,,,,,,,,,,,,,,,,,,,,,,,,,,,,,,,,,,,,,,,,,,,,,,,,,,,,,,,,,,,,,,,,,,,,,,,,,,,,,,,,,,,,,,,,,,,,,,,,,,,,,,,,
,45,,1.882,2.0165,0.61,,,12,50,ussr_gun_50_x4,1.882,2.0165,0.61,,,12,55,ussr_gun_50_x4,1.882,2.0165,0.61,,,,45,,1.882,2.0165,0.61,,,,50,,1.882,2.0165,0.61,,,,45,,1.882,2.0165,0.61,,,,50,,1.882,2.0165,0.61,,,12,45,ussr_gun_406_x4,0.645,0.69,0.61,,,12,50,ussr_gun_406_x4,0.645,0.69,0.61,,,,,,,,,,,,,,,,,,,,,,,,,,,,,,,,,,,,,,,,,,,,,,,,,,,,,,,,,,,,,,,,,,,,,,,,,,,,,,,,,,,,,,,,,,,,,,,,,,,,,,,,,,,,,,,,,,,,,,,,,,,,,,,,,,,,,,,,,,,,,,,,,,,,,,,,,,,,,,,,,,,,,,,,,,,,,,,,,,,,,,,,,,,,,,,,,
13,45,tsesarevich_gun_152_x1,2.0365,2.171,1.13,,,13,50,ussr_gun_50_x1,2.0365,2.171,1.13,,,13,55,ussr_gun_50_x1,2.0365,2.171,1.13,,,13,45,ussr_gun_100_x1,2.0365,2.171,1.13,,,13,50,ussr_gun_100_x1,2.0365,2.171,1.13,,,13,45,ussr_gun_152_x1,2.0365,2.171,1.13,,,13,50,ussr_gun_152_x1,2.0365,2.171,1.13,,,13,45,ussr_gun_406_x1,0.695,0.74,1.13,,,13,50,ussr_gun_406_x1,0.695,0.74,1.13,,,,,,,,,,,,,,,,,,,,,,,,,,,,,,,,,,,,,,,,,,,,,,,,,,,,,,,,,,,,,,,,,,,,,,,,,,,,,,,,,,,,,,,,,,,,,,,,,,,,,,,,,,,,,,,,,,,,,,,,,,,,,,,,,,,,,,,,,,,,,,,,,,,,,,,,,,,,,,,,,,,,,,,,,,,,,,,,,,,,,,,,,,,,,,,,,
13,45,tsesarevich_gun_152_x2,2.0365,2.171,0.88,,,13,50,ussr_gun_50_x2,2.0365,2.171,0.88,,,13,55,ussr_gun_50_x2,2.0365,2.171,0.88,,,13,45,ussr_gun_100_x2,2.0365,2.171,0.88,,,13,50,ussr_gun_100_x2,2.0365,2.171,0.88,,,13,45,ussr_gun_152_x2,2.0365,2.171,0.88,,,13,50,ussr_gun_152_x2,2.0365,2.171,0.88,,,13,45,ussr_gun_406_x2,0.695,0.74,0.88,,,13,50,ussr_gun_406_x2,0.695,0.74,0.88,,,,,,,,,,,,,,,,,,,,,,,,,,,,,,,,,,,,,,,,,,,,,,,,,,,,,,,,,,,,,,,,,,,,,,,,,,,,,,,,,,,,,,,,,,,,,,,,,,,,,,,,,,,,,,,,,,,,,,,,,,,,,,,,,,,,,,,,,,,,,,,,,,,,,,,,,,,,,,,,,,,,,,,,,,,,,,,,,,,,,,,,,,,,,,,,,
13,45,tsesarevich_gun_152_x3,2.0365,2.171,0.705,,,13,50,ussr_gun_50_x3,2.0365,2.171,0.705,,,13,55,ussr_gun_50_x3,2.0365,2.171,0.705,,,13,45,ussr_gun_100_x3,2.0365,2.171,0.705,,,13,50,ussr_gun_100_x3,2.0365,2.171,0.705,,,13,45,ussr_gun_152_x3,2.0365,2.171,0.705,,,13,50,ussr_gun_152_x3,2.0365,2.171,0.705,,,13,45,ussr_gun_406_x3,0.695,0.74,0.705,,,13,50,ussr_gun_406_x3,0.695,0.74,0.705,,,,,,,,,,,,,,,,,,,,,,,,,,,,,,,,,,,,,,,,,,,,,,,,,,,,,,,,,,,,,,,,,,,,,,,,,,,,,,,,,,,,,,,,,,,,,,,,,,,,,,,,,,,,,,,,,,,,,,,,,,,,,,,,,,,,,,,,,,,,,,,,,,,,,,,,,,,,,,,,,,,,,,,,,,,,,,,,,,,,,,,,,,,,,,,,,
,45,,2.0365,2.171,0.65,,,13,50,ussr_gun_50_x4,2.0365,2.171,0.65,,,13,55,ussr_gun_50_x4,2.0365,2.171,0.65,,,,45,,2.0365,2.171,0.65,,,,50,,2.0365,2.171,0.65,,,,45,,2.0365,2.171,0.65,,,,50,,2.0365,2.171,0.65,,,13,45,ussr_gun_406_x4,0.695,0.74,0.65,,,13,50,ussr_gun_406_x4,0.695,0.74,0.65,,,,,,,,,,,,,,,,,,,,,,,,,,,,,,,,,,,,,,,,,,,,,,,,,,,,,,,,,,,,,,,,,,,,,,,,,,,,,,,,,,,,,,,,,,,,,,,,,,,,,,,,,,,,,,,,,,,,,,,,,,,,,,,,,,,,,,,,,,,,,,,,,,,,,,,,,,,,,,,,,,,,,,,,,,,,,,,,,,,,,,,,,,,,,,,,,
14,45,tsesarevich_gun_152_x1,2.191,2.3255,1.13,,,14,50,ussr_gun_50_x1,2.191,2.3255,1.13,,,14,55,ussr_gun_50_x1,2.191,2.3255,1.13,,,14,45,ussr_gun_100_x1,2.191,2.3255,1.13,,,14,50,ussr_gun_100_x1,2.191,2.3255,1.13,,,14,45,ussr_gun_152_x1,2.191,2.3255,1.13,,,14,50,ussr_gun_152_x1,2.191,2.3255,1.13,,,14,45,ussr_gun_406_x1,0.745,0.79,1.13,,,14,50,ussr_gun_406_x1,0.745,0.79,1.13,,,,,,,,,,,,,,,,,,,,,,,,,,,,,,,,,,,,,,,,,,,,,,,,,,,,,,,,,,,,,,,,,,,,,,,,,,,,,,,,,,,,,,,,,,,,,,,,,,,,,,,,,,,,,,,,,,,,,,,,,,,,,,,,,,,,,,,,,,,,,,,,,,,,,,,,,,,,,,,,,,,,,,,,,,,,,,,,,,,,,,,,,,,,,,,,,
14,45,tsesarevich_gun_152_x2,2.191,2.3255,0.88,,,14,50,ussr_gun_50_x2,2.191,2.3255,0.88,,,14,55,ussr_gun_50_x2,2.191,2.3255,0.88,,,14,45,ussr_gun_100_x2,2.191,2.3255,0.88,,,14,50,ussr_gun_100_x2,2.191,2.3255,0.88,,,14,45,ussr_gun_152_x2,2.191,2.3255,0.88,,,14,50,ussr_gun_152_x2,2.191,2.3255,0.88,,,14,45,ussr_gun_406_x2,0.745,0.79,0.88,,,14,50,ussr_gun_406_x2,0.745,0.79,0.88,,,,,,,,,,,,,,,,,,,,,,,,,,,,,,,,,,,,,,,,,,,,,,,,,,,,,,,,,,,,,,,,,,,,,,,,,,,,,,,,,,,,,,,,,,,,,,,,,,,,,,,,,,,,,,,,,,,,,,,,,,,,,,,,,,,,,,,,,,,,,,,,,,,,,,,,,,,,,,,,,,,,,,,,,,,,,,,,,,,,,,,,,,,,,,,,,
14,45,tsesarevich_gun_152_x3,2.191,2.3255,0.705,,,14,50,ussr_gun_50_x3,2.191,2.3255,0.705,,,14,55,ussr_gun_50_x3,2.191,2.3255,0.705,,,14,45,ussr_gun_100_x3,2.191,2.3255,0.705,,,14,50,ussr_gun_100_x3,2.191,2.3255,0.705,,,14,45,ussr_gun_152_x3,2.191,2.3255,0.705,,,14,50,ussr_gun_152_x3,2.191,2.3255,0.705,,,14,45,ussr_gun_406_x3,0.745,0.79,0.705,,,14,50,ussr_gun_406_x3,0.745,0.79,0.705,,,,,,,,,,,,,,,,,,,,,,,,,,,,,,,,,,,,,,,,,,,,,,,,,,,,,,,,,,,,,,,,,,,,,,,,,,,,,,,,,,,,,,,,,,,,,,,,,,,,,,,,,,,,,,,,,,,,,,,,,,,,,,,,,,,,,,,,,,,,,,,,,,,,,,,,,,,,,,,,,,,,,,,,,,,,,,,,,,,,,,,,,,,,,,,,,
,45,,2.191,2.3255,0.66,,,14,50,ussr_gun_50_x4,2.191,2.3255,0.66,,,14,55,ussr_gun_50_x4,2.191,2.3255,0.66,,,,45,,2.191,2.3255,0.66,,,,50,,2.191,2.3255,0.66,,,,45,,2.191,2.3255,0.66,,,,50,,2.191,2.3255,0.66,,,14,45,ussr_gun_406_x4,0.745,0.79,0.66,,,14,50,ussr_gun_406_x4,0.745,0.79,0.66,,,,,,,,,,,,,,,,,,,,,,,,,,,,,,,,,,,,,,,,,,,,,,,,,,,,,,,,,,,,,,,,,,,,,,,,,,,,,,,,,,,,,,,,,,,,,,,,,,,,,,,,,,,,,,,,,,,,,,,,,,,,,,,,,,,,,,,,,,,,,,,,,,,,,,,,,,,,,,,,,,,,,,,,,,,,,,,,,,,,,,,,,,,,,,,,,
15,45,tsesarevich_gun_152_x1,2.3455,2.48,1.14,,,15,50,ussr_gun_50_x1,2.3455,2.48,1.14,,,15,55,ussr_gun_50_x1,2.3455,2.48,1.14,,,15,45,ussr_gun_100_x1,2.3455,2.48,1.14,,,15,50,ussr_gun_100_x1,2.3455,2.48,1.14,,,15,45,ussr_gun_152_x1,2.3455,2.48,1.14,,,15,50,ussr_gun_152_x1,2.3455,2.48,1.14,,,15,45,ussr_gun_406_x1,0.795,0.84,1.14,,,15,50,ussr_gun_406_x1,0.795,0.84,1.14,,,,,,,,,,,,,,,,,,,,,,,,,,,,,,,,,,,,,,,,,,,,,,,,,,,,,,,,,,,,,,,,,,,,,,,,,,,,,,,,,,,,,,,,,,,,,,,,,,,,,,,,,,,,,,,,,,,,,,,,,,,,,,,,,,,,,,,,,,,,,,,,,,,,,,,,,,,,,,,,,,,,,,,,,,,,,,,,,,,,,,,,,,,,,,,,,
15,45,tsesarevich_gun_152_x2,2.3455,2.48,0.9,,,15,50,ussr_gun_50_x2,2.3455,2.48,0.9,,,15,55,ussr_gun_50_x2,2.3455,2.48,0.9,,,15,45,ussr_gun_100_x2,2.3455,2.48,0.9,,,15,50,ussr_gun_100_x2,2.3455,2.48,0.9,,,15,45,ussr_gun_152_x2,2.3455,2.48,0.9,,,15,50,ussr_gun_152_x2,2.3455,2.48,0.9,,,15,45,ussr_gun_406_x2,0.795,0.84,0.9,,,15,50,ussr_gun_406_x2,0.795,0.84,0.9,,,,,,,,,,,,,,,,,,,,,,,,,,,,,,,,,,,,,,,,,,,,,,,,,,,,,,,,,,,,,,,,,,,,,,,,,,,,,,,,,,,,,,,,,,,,,,,,,,,,,,,,,,,,,,,,,,,,,,,,,,,,,,,,,,,,,,,,,,,,,,,,,,,,,,,,,,,,,,,,,,,,,,,,,,,,,,,,,,,,,,,,,,,,,,,,,
15,45,tsesarevich_gun_152_x3,2.3455,2.48,0.72,,,15,50,ussr_gun_50_x3,2.3455,2.48,0.72,,,15,55,ussr_gun_50_x3,2.3455,2.48,0.72,,,15,45,ussr_gun_100_x3,2.3455,2.48,0.72,,,15,50,ussr_gun_100_x3,2.3455,2.48,0.72,,,15,45,ussr_gun_152_x3,2.3455,2.48,0.72,,,15,50,ussr_gun_152_x3,2.3455,2.48,0.72,,,15,45,ussr_gun_406_x3,0.795,0.84,0.72,,,15,50,ussr_gun_406_x3,0.795,0.84,0.72,,,,,,,,,,,,,,,,,,,,,,,,,,,,,,,,,,,,,,,,,,,,,,,,,,,,,,,,,,,,,,,,,,,,,,,,,,,,,,,,,,,,,,,,,,,,,,,,,,,,,,,,,,,,,,,,,,,,,,,,,,,,,,,,,,,,,,,,,,,,,,,,,,,,,,,,,,,,,,,,,,,,,,,,,,,,,,,,,,,,,,,,,,,,,,,,,
,45,,2.3455,2.48,0.675,,,15,50,ussr_gun_50_x4,2.3455,2.48,0.675,,,15,55,ussr_gun_50_x4,2.3455,2.48,0.675,,,,45,,2.3455,2.48,0.675,,,,50,,2.3455,2.48,0.675,,,,45,,2.3455,2.48,0.675,,,,50,,2.3455,2.48,0.675,,,15,45,ussr_gun_406_x4,0.795,0.84,0.675,,,15,50,ussr_gun_406_x4,0.795,0.84,0.675,,,,,,,,,,,,,,,,,,,,,,,,,,,,,,,,,,,,,,,,,,,,,,,,,,,,,,,,,,,,,,,,,,,,,,,,,,,,,,,,,,,,,,,,,,,,,,,,,,,,,,,,,,,,,,,,,,,,,,,,,,,,,,,,,,,,,,,,,,,,,,,,,,,,,,,,,,,,,,,,,,,,,,,,,,,,,,,,,,,,,,,,,,,,,,,,,
16,45,tsesarevich_gun_152_x1,2.5,2.6345,1.15,,,16,50,ussr_gun_50_x1,2.5,2.6345,1.15,,,16,55,ussr_gun_50_x1,2.5,2.6345,1.15,,,16,45,ussr_gun_100_x1,2.5,2.6345,1.15,,,16,50,ussr_gun_100_x1,2.5,2.6345,1.15,,,16,45,ussr_gun_152_x1,2.5,2.6345,1.15,,,16,50,ussr_gun_152_x1,2.5,2.6345,1.15,,,16,45,ussr_gun_406_x1,0.845,0.89,1.15,,,16,50,ussr_gun_406_x1,0.845,0.89,1.15,,,,,,,,,,,,,,,,,,,,,,,,,,,,,,,,,,,,,,,,,,,,,,,,,,,,,,,,,,,,,,,,,,,,,,,,,,,,,,,,,,,,,,,,,,,,,,,,,,,,,,,,,,,,,,,,,,,,,,,,,,,,,,,,,,,,,,,,,,,,,,,,,,,,,,,,,,,,,,,,,,,,,,,,,,,,,,,,,,,,,,,,,,,,,,,,,
16,45,tsesarevich_gun_152_x2,2.5,2.6345,0.93,,,16,50,ussr_gun_50_x2,2.5,2.6345,0.93,,,16,55,ussr_gun_50_x2,2.5,2.6345,0.93,,,16,45,ussr_gun_100_x2,2.5,2.6345,0.93,,,16,50,ussr_gun_100_x2,2.5,2.6345,0.93,,,16,45,ussr_gun_152_x2,2.5,2.6345,0.93,,,16,50,ussr_gun_152_x2,2.5,2.6345,0.93,,,16,45,ussr_gun_406_x2,0.845,0.89,0.93,,,16,50,ussr_gun_406_x2,0.845,0.89,0.93,,,,,,,,,,,,,,,,,,,,,,,,,,,,,,,,,,,,,,,,,,,,,,,,,,,,,,,,,,,,,,,,,,,,,,,,,,,,,,,,,,,,,,,,,,,,,,,,,,,,,,,,,,,,,,,,,,,,,,,,,,,,,,,,,,,,,,,,,,,,,,,,,,,,,,,,,,,,,,,,,,,,,,,,,,,,,,,,,,,,,,,,,,,,,,,,,
16,45,tsesarevich_gun_152_x3,2.5,2.6345,0.75,,,16,50,ussr_gun_50_x3,2.5,2.6345,0.75,,,16,55,ussr_gun_50_x3,2.5,2.6345,0.75,,,16,45,ussr_gun_100_x3,2.5,2.6345,0.75,,,16,50,ussr_gun_100_x3,2.5,2.6345,0.75,,,16,45,ussr_gun_152_x3,2.5,2.6345,0.75,,,16,50,ussr_gun_152_x3,2.5,2.6345,0.75,,,16,45,ussr_gun_406_x3,0.845,0.89,0.75,,,16,50,ussr_gun_406_x3,0.845,0.89,0.75,,,,,,,,,,,,,,,,,,,,,,,,,,,,,,,,,,,,,,,,,,,,,,,,,,,,,,,,,,,,,,,,,,,,,,,,,,,,,,,,,,,,,,,,,,,,,,,,,,,,,,,,,,,,,,,,,,,,,,,,,,,,,,,,,,,,,,,,,,,,,,,,,,,,,,,,,,,,,,,,,,,,,,,,,,,,,,,,,,,,,,,,,,,,,,,,,
,45,,2.5,2.6345,0.68,,,16,50,ussr_gun_50_x4,2.5,2.6345,0.68,,,16,55,ussr_gun_50_x4,2.5,2.6345,0.68,,,,45,,2.5,2.6345,0.68,,,,50,,2.5,2.6345,0.68,,,,45,,2.5,2.6345,0.68,,,,50,,2.5,2.6345,0.68,,,16,45,ussr_gun_406_x4,0.845,0.89,0.68,,,16,50,ussr_gun_406_x4,0.845,0.89,0.68,,,,,,,,,,,,,,,,,,,,,,,,,,,,,,,,,,,,,,,,,,,,,,,,,,,,,,,,,,,,,,,,,,,,,,,,,,,,,,,,,,,,,,,,,,,,,,,,,,,,,,,,,,,,,,,,,,,,,,,,,,,,,,,,,,,,,,,,,,,,,,,,,,,,,,,,,,,,,,,,,,,,,,,,,,,,,,,,,,,,,,,,,,,,,,,,,
17,45,tsesarevich_gun_152_x1,2.6545,2.789,1.2,,,17,50,ussr_gun_50_x1,2.6545,2.789,1.2,,,17,55,ussr_gun_50_x1,2.6545,2.789,1.2,,,17,45,ussr_gun_100_x1,2.6545,2.789,1.2,,,17,50,ussr_gun_100_x1,2.6545,2.789,1.2,,,17,45,ussr_gun_152_x1,2.6545,2.789,1.2,,,17,50,ussr_gun_152_x1,2.6545,2.789,1.2,,,17,45,ussr_gun_406_x1,0.895,0.94,1.2,,,17,50,ussr_gun_406_x1,0.895,0.94,1.2,,,,,,,,,,,,,,,,,,,,,,,,,,,,,,,,,,,,,,,,,,,,,,,,,,,,,,,,,,,,,,,,,,,,,,,,,,,,,,,,,,,,,,,,,,,,,,,,,,,,,,,,,,,,,,,,,,,,,,,,,,,,,,,,,,,,,,,,,,,,,,,,,,,,,,,,,,,,,,,,,,,,,,,,,,,,,,,,,,,,,,,,,,,,,,,,,
17,45,tsesarevich_gun_152_x2,2.6545,2.789,0.95,,,17,50,ussr_gun_50_x2,2.6545,2.789,0.95,,,17,55,ussr_gun_50_x2,2.6545,2.789,0.95,,,17,45,ussr_gun_100_x2,2.6545,2.789,0.95,,,17,50,ussr_gun_100_x2,2.6545,2.789,0.95,,,17,45,ussr_gun_152_x2,2.6545,2.789,0.95,,,17,50,ussr_gun_152_x2,2.6545,2.789,0.95,,,17,45,ussr_gun_406_x2,0.895,0.94,0.95,,,17,50,ussr_gun_406_x2,0.895,0.94,0.95,,,,,,,,,,,,,,,,,,,,,,,,,,,,,,,,,,,,,,,,,,,,,,,,,,,,,,,,,,,,,,,,,,,,,,,,,,,,,,,,,,,,,,,,,,,,,,,,,,,,,,,,,,,,,,,,,,,,,,,,,,,,,,,,,,,,,,,,,,,,,,,,,,,,,,,,,,,,,,,,,,,,,,,,,,,,,,,,,,,,,,,,,,,,,,,,,
17,45,tsesarevich_gun_152_x3,2.6545,2.789,0.775,,,17,50,ussr_gun_50_x3,2.6545,2.789,0.775,,,17,55,ussr_gun_50_x3,2.6545,2.789,0.775,,,17,45,ussr_gun_100_x3,2.6545,2.789,0.775,,,17,50,ussr_gun_100_x3,2.6545,2.789,0.775,,,17,45,ussr_gun_152_x3,2.6545,2.789,0.775,,,17,50,ussr_gun_152_x3,2.6545,2.789,0.775,,,17,45,ussr_gun_406_x3,0.895,0.94,0.775,,,17,50,ussr_gun_406_x3,0.895,0.94,0.775,,,,,,,,,,,,,,,,,,,,,,,,,,,,,,,,,,,,,,,,,,,,,,,,,,,,,,,,,,,,,,,,,,,,,,,,,,,,,,,,,,,,,,,,,,,,,,,,,,,,,,,,,,,,,,,,,,,,,,,,,,,,,,,,,,,,,,,,,,,,,,,,,,,,,,,,,,,,,,,,,,,,,,,,,,,,,,,,,,,,,,,,,,,,,,,,,
,45,,2.6545,2.789,0.71,,,17,50,ussr_gun_50_x4,2.6545,2.789,0.71,,,17,55,ussr_gun_50_x4,2.6545,2.789,0.71,,,,45,,2.6545,2.789,0.71,,,,50,,2.6545,2.789,0.71,,,,45,,2.6545,2.789,0.71,,,,50,,2.6545,2.789,0.71,,,17,45,ussr_gun_406_x4,0.895,0.94,0.71,,,17,50,ussr_gun_406_x4,0.895,0.94,0.71,,,,,,,,,,,,,,,,,,,,,,,,,,,,,,,,,,,,,,,,,,,,,,,,,,,,,,,,,,,,,,,,,,,,,,,,,,,,,,,,,,,,,,,,,,,,,,,,,,,,,,,,,,,,,,,,,,,,,,,,,,,,,,,,,,,,,,,,,,,,,,,,,,,,,,,,,,,,,,,,,,,,,,,,,,,,,,,,,,,,,,,,,,,,,,,,,
18,45,tsesarevich_gun_152_x1,2.809,2.9435,1.23,,,18,50,ussr_gun_50_x1,2.809,2.9435,1.23,,,18,55,ussr_gun_50_x1,2.809,2.9435,1.23,,,18,45,ussr_gun_100_x1,2.809,2.9435,1.23,,,18,50,ussr_gun_100_x1,2.809,2.9435,1.23,,,18,45,ussr_gun_152_x1,2.809,2.9435,1.23,,,18,50,ussr_gun_152_x1,2.809,2.9435,1.23,,,18,45,ussr_gun_406_x1,0.945,0.99,1.23,,,18,50,ussr_gun_406_x1,0.945,0.99,1.23,,,,,,,,,,,,,,,,,,,,,,,,,,,,,,,,,,,,,,,,,,,,,,,,,,,,,,,,,,,,,,,,,,,,,,,,,,,,,,,,,,,,,,,,,,,,,,,,,,,,,,,,,,,,,,,,,,,,,,,,,,,,,,,,,,,,,,,,,,,,,,,,,,,,,,,,,,,,,,,,,,,,,,,,,,,,,,,,,,,,,,,,,,,,,,,,,
18,45,tsesarevich_gun_152_x2,2.809,2.9435,0.985,,,18,50,ussr_gun_50_x2,2.809,2.9435,0.985,,,18,55,ussr_gun_50_x2,2.809,2.9435,0.985,,,18,45,ussr_gun_100_x2,2.809,2.9435,0.985,,,18,50,ussr_gun_100_x2,2.809,2.9435,0.985,,,18,45,ussr_gun_152_x2,2.809,2.9435,0.985,,,18,50,ussr_gun_152_x2,2.809,2.9435,0.985,,,18,45,ussr_gun_406_x2,0.945,0.99,0.985,,,18,50,ussr_gun_406_x2,0.945,0.99,0.985,,,,,,,,,,,,,,,,,,,,,,,,,,,,,,,,,,,,,,,,,,,,,,,,,,,,,,,,,,,,,,,,,,,,,,,,,,,,,,,,,,,,,,,,,,,,,,,,,,,,,,,,,,,,,,,,,,,,,,,,,,,,,,,,,,,,,,,,,,,,,,,,,,,,,,,,,,,,,,,,,,,,,,,,,,,,,,,,,,,,,,,,,,,,,,,,,
18,45,tsesarevich_gun_152_x3,2.809,2.9435,0.81,,,18,50,ussr_gun_50_x3,2.809,2.9435,0.81,,,18,55,ussr_gun_50_x3,2.809,2.9435,0.81,,,18,45,ussr_gun_100_x3,2.809,2.9435,0.81,,,18,50,ussr_gun_100_x3,2.809,2.9435,0.81,,,18,45,ussr_gun_152_x3,2.809,2.9435,0.81,,,18,50,ussr_gun_152_x3,2.809,2.9435,0.81,,,18,45,ussr_gun_406_x3,0.945,0.99,0.81,,,18,50,ussr_gun_406_x3,0.945,0.99,0.81,,,,,,,,,,,,,,,,,,,,,,,,,,,,,,,,,,,,,,,,,,,,,,,,,,,,,,,,,,,,,,,,,,,,,,,,,,,,,,,,,,,,,,,,,,,,,,,,,,,,,,,,,,,,,,,,,,,,,,,,,,,,,,,,,,,,,,,,,,,,,,,,,,,,,,,,,,,,,,,,,,,,,,,,,,,,,,,,,,,,,,,,,,,,,,,,,
,45,,2.809,2.9435,0.735,,,18,50,ussr_gun_50_x4,2.809,2.9435,0.735,,,18,55,ussr_gun_50_x4,2.809,2.9435,0.735,,,,45,,2.809,2.9435,0.735,,,,50,,2.809,2.9435,0.735,,,,45,,2.809,2.9435,0.735,,,,50,,2.809,2.9435,0.735,,,18,45,ussr_gun_406_x4,0.945,0.99,0.735,,,18,50,ussr_gun_406_x4,0.945,0.99,0.735,,,,,,,,,,,,,,,,,,,,,,,,,,,,,,,,,,,,,,,,,,,,,,,,,,,,,,,,,,,,,,,,,,,,,,,,,,,,,,,,,,,,,,,,,,,,,,,,,,,,,,,,,,,,,,,,,,,,,,,,,,,,,,,,,,,,,,,,,,,,,,,,,,,,,,,,,,,,,,,,,,,,,,,,,,,,,,,,,,,,,,,,,,,,,,,,,
19,45,tsesarevich_gun_152_x1,2.9635,3.098,1.16,,,19,50,ussr_gun_50_x1,2.9635,3.098,1.16,,,19,55,ussr_gun_50_x1,2.9635,3.098,1.16,,,19,45,ussr_gun_100_x1,2.9635,3.098,1.16,,,19,50,ussr_gun_100_x1,2.9635,3.098,1.16,,,19,45,ussr_gun_152_x1,2.9635,3.098,1.16,,,19,50,ussr_gun_152_x1,2.9635,3.098,1.16,,,19,45,ussr_gun_406_x1,0.995,1.04,1.16,,,19,50,ussr_gun_406_x1,0.995,1.04,1.16,,,,,,,,,,,,,,,,,,,,,,,,,,,,,,,,,,,,,,,,,,,,,,,,,,,,,,,,,,,,,,,,,,,,,,,,,,,,,,,,,,,,,,,,,,,,,,,,,,,,,,,,,,,,,,,,,,,,,,,,,,,,,,,,,,,,,,,,,,,,,,,,,,,,,,,,,,,,,,,,,,,,,,,,,,,,,,,,,,,,,,,,,,,,,,,,,
19,45,tsesarevich_gun_152_x2,2.9635,3.098,0.95,,,19,50,ussr_gun_50_x2,2.9635,3.098,0.95,,,19,55,ussr_gun_50_x2,2.9635,3.098,0.95,,,19,45,ussr_gun_100_x2,2.9635,3.098,0.95,,,19,50,ussr_gun_100_x2,2.9635,3.098,0.95,,,19,45,ussr_gun_152_x2,2.9635,3.098,0.95,,,19,50,ussr_gun_152_x2,2.9635,3.098,0.95,,,19,45,ussr_gun_406_x2,0.995,1.04,0.95,,,19,50,ussr_gun_406_x2,0.995,1.04,0.95,,,,,,,,,,,,,,,,,,,,,,,,,,,,,,,,,,,,,,,,,,,,,,,,,,,,,,,,,,,,,,,,,,,,,,,,,,,,,,,,,,,,,,,,,,,,,,,,,,,,,,,,,,,,,,,,,,,,,,,,,,,,,,,,,,,,,,,,,,,,,,,,,,,,,,,,,,,,,,,,,,,,,,,,,,,,,,,,,,,,,,,,,,,,,,,,,
19,45,tsesarevich_gun_152_x3,2.9635,3.098,0.78,,,19,50,ussr_gun_50_x3,2.9635,3.098,0.78,,,19,55,ussr_gun_50_x3,2.9635,3.098,0.78,,,19,45,ussr_gun_100_x3,2.9635,3.098,0.78,,,19,50,ussr_gun_100_x3,2.9635,3.098,0.78,,,19,45,ussr_gun_152_x3,2.9635,3.098,0.78,,,19,50,ussr_gun_152_x3,2.9635,3.098,0.78,,,19,45,ussr_gun_406_x3,0.995,1.04,0.78,,,19,50,ussr_gun_406_x3,0.995,1.04,0.78,,,,,,,,,,,,,,,,,,,,,,,,,,,,,,,,,,,,,,,,,,,,,,,,,,,,,,,,,,,,,,,,,,,,,,,,,,,,,,,,,,,,,,,,,,,,,,,,,,,,,,,,,,,,,,,,,,,,,,,,,,,,,,,,,,,,,,,,,,,,,,,,,,,,,,,,,,,,,,,,,,,,,,,,,,,,,,,,,,,,,,,,,,,,,,,,,
,45,,2.9635,3.098,0.725,,,19,50,ussr_gun_50_x4,2.9635,3.098,0.725,,,19,55,ussr_gun_50_x4,2.9635,3.098,0.725,,,,45,,2.9635,3.098,0.725,,,,50,,2.9635,3.098,0.725,,,,45,,2.9635,3.098,0.725,,,,50,,2.9635,3.098,0.725,,,19,45,ussr_gun_406_x4,0.995,1.04,0.725,,,19,50,ussr_gun_406_x4,0.995,1.04,0.725,,,,,,,,,,,,,,,,,,,,,,,,,,,,,,,,,,,,,,,,,,,,,,,,,,,,,,,,,,,,,,,,,,,,,,,,,,,,,,,,,,,,,,,,,,,,,,,,,,,,,,,,,,,,,,,,,,,,,,,,,,,,,,,,,,,,,,,,,,,,,,,,,,,,,,,,,,,,,,,,,,,,,,,,,,,,,,,,,,,,,,,,,,,,,,,,,
20,45,tsesarevich_gun_152_x1,3.118,3.2525,1.05,,,20,50,ussr_gun_50_x1,3.118,3.2525,1.05,,,20,55,ussr_gun_50_x1,3.118,3.2525,1.05,,,20,45,ussr_gun_100_x1,3.118,3.2525,1.05,,,20,50,ussr_gun_100_x1,3.118,3.2525,1.05,,,20,45,ussr_gun_152_x1,3.118,3.2525,1.05,,,20,50,ussr_gun_152_x1,3.118,3.2525,1.05,,,20,45,ussr_gun_406_x1,1.045,1.09,1.05,,,20,50,ussr_gun_406_x1,1.045,1.09,1.05,,,,,,,,,,,,,,,,,,,,,,,,,,,,,,,,,,,,,,,,,,,,,,,,,,,,,,,,,,,,,,,,,,,,,,,,,,,,,,,,,,,,,,,,,,,,,,,,,,,,,,,,,,,,,,,,,,,,,,,,,,,,,,,,,,,,,,,,,,,,,,,,,,,,,,,,,,,,,,,,,,,,,,,,,,,,,,,,,,,,,,,,,,,,,,,,,
20,45,tsesarevich_gun_152_x2,3.118,3.2525,0.85,,,20,50,ussr_gun_50_x2,3.118,3.2525,0.85,,,20,55,ussr_gun_50_x2,3.118,3.2525,0.85,,,20,45,ussr_gun_100_x2,3.118,3.2525,0.85,,,20,50,ussr_gun_100_x2,3.118,3.2525,0.85,,,20,45,ussr_gun_152_x2,3.118,3.2525,0.85,,,20,50,ussr_gun_152_x2,3.118,3.2525,0.85,,,20,45,ussr_gun_406_x2,1.045,1.09,0.85,,,20,50,ussr_gun_406_x2,1.045,1.09,0.85,,,,,,,,,,,,,,,,,,,,,,,,,,,,,,,,,,,,,,,,,,,,,,,,,,,,,,,,,,,,,,,,,,,,,,,,,,,,,,,,,,,,,,,,,,,,,,,,,,,,,,,,,,,,,,,,,,,,,,,,,,,,,,,,,,,,,,,,,,,,,,,,,,,,,,,,,,,,,,,,,,,,,,,,,,,,,,,,,,,,,,,,,,,,,,,,,
20,45,tsesarevich_gun_152_x3,3.118,3.2525,0.7,,,20,50,ussr_gun_50_x3,3.118,3.2525,0.7,,,20,55,ussr_gun_50_x3,3.118,3.2525,0.7,,,20,45,ussr_gun_100_x3,3.118,3.2525,0.7,,,20,50,ussr_gun_100_x3,3.118,3.2525,0.7,,,20,45,ussr_gun_152_x3,3.118,3.2525,0.7,,,20,50,ussr_gun_152_x3,3.118,3.2525,0.7,,,20,45,ussr_gun_406_x3,1.045,1.09,0.7,,,20,50,ussr_gun_406_x3,1.045,1.09,0.7,,,,,,,,,,,,,,,,,,,,,,,,,,,,,,,,,,,,,,,,,,,,,,,,,,,,,,,,,,,,,,,,,,,,,,,,,,,,,,,,,,,,,,,,,,,,,,,,,,,,,,,,,,,,,,,,,,,,,,,,,,,,,,,,,,,,,,,,,,,,,,,,,,,,,,,,,,,,,,,,,,,,,,,,,,,,,,,,,,,,,,,,,,,,,,,,,
,45,,3.118,3.2525,0.65,,,20,50,ussr_gun_50_x4,3.118,3.2525,0.65,,,20,55,ussr_gun_50_x4,3.118,3.2525,0.65,,,,45,,3.118,3.2525,0.65,,,,50,,3.118,3.2525,0.65,,,,45,,3.118,3.2525,0.65,,,,50,,3.118,3.2525,0.65,,,20,45,ussr_gun_406_x4,1.045,1.09,0.65,,,20,50,ussr_gun_406_x4,1.045,1.09,0.65,,,,,,,,,,,,,,,,,,,,,,,,,,,,,,,,,,,,,,,,,,,,,,,,,,,,,,,,,,,,,,,,,,,,,,,,,,,,,,,,,,,,,,,,,,,,,,,,,,,,,,,,,,,,,,,,,,,,,,,,,,,,,,,,,,,,,,,,,,,,,,,,,,,,,,,,,,,,,,,,,,,,,,,,,,,,,,,,,,,,,,,,,,,,,,,,,
,,JAPAN,,,,,,,,,,,,,,,,,,,,,,,,,,,,,,,,,,,,,,,,,,,,,,,,,,,,,,,,,,,,,,,,,,,,,,,,,,,,,,,,,,,,,,,,,,,,,,,,,,,,,,,,,,,,,,,,,,,,,,,,,,,,,,,,,,,,,,,,,,,,,,,,,,,,,,,,,,,,,,,,,,,,,,,,,,,,,,,,,,,,,,,,,,,,,,,,,,,,,,,,,,,,,,,,,,,,,,,,,,,,,,,,,,,,,,,,,,,,,,,,,,,,,,,,,,,,,,,,,,,,
2,40,moga_gun_127_x1,0.337,0.4715,0.92,,,2,45,moga_gun_127_x1,0.337,0.4715,0.92,,,2,45,fus_gun_356_x1_a,0.226,0.307,0.92,,,2,50,fus_gun_356_x1_a,0.226,0.307,0.92,,,2,45,yamato_gun_460_x1,0.174,0.228,0.92,,,2,50,yamato_gun_460_x1,0.174,0.228,0.92,,,2,45,yamato_gun_b_460_x1,0.174,0.228,0.92,,,2,50,yamato_gun_b_460_x1,0.174,0.228,0.92,,,2,45,moga_gun_200_x1,0.222,0.339,0.92,,,2,50,moga_gun_200_x1,0.222,0.339,0.92,,,2,45,yamato_gun_127_x1,0.454,0.558,0.92,,,2,50,yamato_gun_127_x1,0.454,0.558,0.92,,,2,50,yamato_gun_155_x1,0.2092,0.3128,0.92,,,2,55,yamato_gun_155_x1,0.2092,0.3128,0.92,,,2,55,yamato_gun_25_x1,0.452,0.614,0.92,,,2,55,akizuki_gun_100_x1,0.337,0.4715,0.92,,,2,50,akizuki_gun_127_x1,0.337,0.4715,0.92,,,2,45,akizuki_gun_b_127_x1,0.337,0.4715,0.92,,,,,,,,,,,,,,,,,,,,,,,,,,,,,,,,,,,,,,,,,,,,,,,,,,,,,,,,,,,,,,,,,,,,,,,,,,,,,,,,,,,,,,,,,,,,,,,,,,,,,,,,,,,,,,,,,,,,,,,,,
2,40,moga_gun_127_x2,0.337,0.4715,0.7,,,2,45,moga_gun_127_x2,0.337,0.4715,0.7,,,2,45,fus_gun_356_x2_a,0.226,0.307,0.7,,,2,50,fus_gun_356_x2_a,0.226,0.307,0.7,,,2,45,yamato_gun_460_x2,0.174,0.228,0.7,,,2,50,yamato_gun_460_x2,0.174,0.228,0.7,,,2,45,yamato_gun_b_460_x2,0.174,0.228,0.7,,,2,50,yamato_gun_b_460_x2,0.174,0.228,0.7,,,2,45,moga_gun_200_x2,0.222,0.339,0.7,,,2,50,moga_gun_200_x2,0.222,0.339,0.7,,,2,45,yamato_gun_127_x2,0.454,0.558,0.7,,,2,50,yamato_gun_127_x2,0.454,0.558,0.7,,,2,50,yamato_gun_155_x2,0.2092,0.3128,0.7,,,2,55,yamato_gun_155_x2,0.2092,0.3128,0.7,,,2,55,yamato_gun_25_x2,0.452,0.614,0.7,,,2,55,akizuki_gun_100_x2,0.337,0.4715,0.7,,,2,50,akizuki_gun_127_x2,0.337,0.4715,0.7,,,2,45,akizuki_gun_b_127_x2,0.337,0.4715,0.7,,,,,,,,,,,,,,,,,,,,,,,,,,,,,,,,,,,,,,,,,,,,,,,,,,,,,,,,,,,,,,,,,,,,,,,,,,,,,,,,,,,,,,,,,,,,,,,,,,,,,,,,,,,,,,,,,,,,,,,,,
2,40,moga_gun_127_x3,0.337,0.4715,0.55,,,2,45,moga_gun_127_x3,0.337,0.4715,0.55,,,2,45,fus_gun_356_x3_a,0.226,0.307,0.55,,,2,50,fus_gun_356_x3_a,0.226,0.307,0.55,,,2,45,yamato_gun_460_x3,0.174,0.228,0.55,,,2,50,yamato_gun_460_x3,0.174,0.228,0.55,,,2,45,yamato_gun_b_460_x3,0.174,0.228,0.55,,,2,50,yamato_gun_b_460_x3,0.174,0.228,0.55,,,2,45,moga_gun_200_x3,0.222,0.339,0.55,,,2,50,moga_gun_200_x3,0.222,0.339,0.55,,,2,45,yamato_gun_127_x3,0.454,0.558,0.55,,,2,50,yamato_gun_127_x3,0.454,0.558,0.55,,,2,50,yamato_gun_155_x3,0.2092,0.3128,0.55,,,2,55,yamato_gun_155_x3,0.2092,0.3128,0.55,,,2,55,yamato_gun_25_x3,0.452,0.614,0.55,,,2,55,akizuki_gun_100_x3,0.337,0.4715,0.55,,,2,50,akizuki_gun_127_x3,0.337,0.4715,0.55,,,2,45,akizuki_gun_b_127_x3,0.337,0.4715,0.55,,,,,,,,,,,,,,,,,,,,,,,,,,,,,,,,,,,,,,,,,,,,,,,,,,,,,,,,,,,,,,,,,,,,,,,,,,,,,,,,,,,,,,,,,,,,,,,,,,,,,,,,,,,,,,,,,,,,,,,,,
,40,,0.337,0.4715,0.5,,,,45,,0.337,0.4715,0.5,,,2,45,fus_gun_356_x4_a,0.226,0.307,0.5,,,2,50,fus_gun_356_x4_a,0.226,0.307,0.5,,,2,45,yamato_gun_460_x4,0.174,0.228,0.5,,,2,50,yamato_gun_460_x4,0.174,0.228,0.5,,,2,45,yamato_gun_b_460_x4,0.174,0.228,0.5,,,2,50,yamato_gun_b_460_x4,0.174,0.228,0.5,,,2,45,moga_gun_200_x4,0.222,0.339,0.5,,,2,50,moga_gun_200_x4,0.222,0.339,0.5,,,2,45,yamato_gun_127_x4,0.454,0.558,0.5,,,2,50,yamato_gun_127_x4,0.454,0.558,0.5,,,2,50,yamato_gun_155_x4,0.2092,0.3128,0.5,,,2,55,yamato_gun_155_x4,0.2092,0.3128,0.5,,,2,55,yamato_gun_25_x4,0.452,0.614,0.5,,,,55,,0.337,0.4715,0.5,,,,50,,0.337,0.4715,0.5,,,,45,,0.337,0.4715,0.5,,,,,,,,,,,,,,,,,,,,,,,,,,,,,,,,,,,,,,,,,,,,,,,,,,,,,,,,,,,,,,,,,,,,,,,,,,,,,,,,,,,,,,,,,,,,,,,,,,,,,,,,,,,,,,,,,,,,,,,,,
3,40,moga_gun_127_x1,0.4915,0.626,1.45,,,3,45,moga_gun_127_x1,0.4915,0.626,1.45,,,3,45,fus_gun_356_x1_a,0.317,0.398,1.45,,,3,50,fus_gun_356_x1_a,0.317,0.398,1.45,,,3,45,yamato_gun_460_x1,0.233,0.287,1.45,,,3,50,yamato_gun_460_x1,0.233,0.287,1.45,,,3,45,yamato_gun_b_460_x1,0.233,0.287,1.45,,,3,50,yamato_gun_b_460_x1,0.233,0.287,1.45,,,3,45,moga_gun_200_x1,0.349,0.466,1.45,,,3,50,moga_gun_200_x1,0.349,0.466,1.45,,,3,45,yamato_gun_127_x1,0.568,0.672,1.45,,,3,50,yamato_gun_127_x1,0.568,0.672,1.45,,,3,50,yamato_gun_155_x1,0.3228,0.4264,1.45,,,3,55,yamato_gun_155_x1,0.3228,0.4264,1.45,,,3,55,yamato_gun_25_x1,0.634,0.796,1.45,,,3,55,akizuki_gun_100_x1,0.4915,0.626,1.45,,,3,50,akizuki_gun_127_x1,0.4915,0.626,1.45,,,3,45,akizuki_gun_b_127_x1,0.4915,0.626,1.45,,,,,,,,,,,,,,,,,,,,,,,,,,,,,,,,,,,,,,,,,,,,,,,,,,,,,,,,,,,,,,,,,,,,,,,,,,,,,,,,,,,,,,,,,,,,,,,,,,,,,,,,,,,,,,,,,,,,,,,,,
3,40,moga_gun_127_x2,0.4915,0.626,1.08,,,3,45,moga_gun_127_x2,0.4915,0.626,1.08,,,3,45,fus_gun_356_x2_a,0.317,0.398,1.08,,,3,50,fus_gun_356_x2_a,0.317,0.398,1.08,,,3,45,yamato_gun_460_x2,0.233,0.287,1.08,,,3,50,yamato_gun_460_x2,0.233,0.287,1.08,,,3,45,yamato_gun_b_460_x2,0.233,0.287,1.08,,,3,50,yamato_gun_b_460_x2,0.233,0.287,1.08,,,3,45,moga_gun_200_x2,0.349,0.466,1.08,,,3,50,moga_gun_200_x2,0.349,0.466,1.08,,,3,45,yamato_gun_127_x2,0.568,0.672,1.08,,,3,50,yamato_gun_127_x2,0.568,0.672,1.08,,,3,50,yamato_gun_155_x2,0.3228,0.4264,1.08,,,3,55,yamato_gun_155_x2,0.3228,0.4264,1.08,,,3,55,yamato_gun_25_x2,0.634,0.796,1.08,,,3,55,akizuki_gun_100_x2,0.4915,0.626,1.08,,,3,50,akizuki_gun_127_x2,0.4915,0.626,1.08,,,3,45,akizuki_gun_b_127_x2,0.4915,0.626,1.08,,,,,,,,,,,,,,,,,,,,,,,,,,,,,,,,,,,,,,,,,,,,,,,,,,,,,,,,,,,,,,,,,,,,,,,,,,,,,,,,,,,,,,,,,,,,,,,,,,,,,,,,,,,,,,,,,,,,,,,,,
3,40,moga_gun_127_x3,0.4915,0.626,0.83,,,3,45,moga_gun_127_x3,0.4915,0.626,0.83,,,3,45,fus_gun_356_x3_a,0.317,0.398,0.83,,,3,50,fus_gun_356_x3_a,0.317,0.398,0.83,,,3,45,yamato_gun_460_x3,0.233,0.287,0.83,,,3,50,yamato_gun_460_x3,0.233,0.287,0.83,,,3,45,yamato_gun_b_460_x3,0.233,0.287,0.83,,,3,50,yamato_gun_b_460_x3,0.233,0.287,0.83,,,3,45,moga_gun_200_x3,0.349,0.466,0.83,,,3,50,moga_gun_200_x3,0.349,0.466,0.83,,,3,45,yamato_gun_127_x3,0.568,0.672,0.83,,,3,50,yamato_gun_127_x3,0.568,0.672,0.83,,,3,50,yamato_gun_155_x3,0.3228,0.4264,0.83,,,3,55,yamato_gun_155_x3,0.3228,0.4264,0.83,,,3,55,yamato_gun_25_x3,0.634,0.796,0.83,,,3,55,akizuki_gun_100_x3,0.4915,0.626,0.83,,,3,50,akizuki_gun_127_x3,0.4915,0.626,0.83,,,3,45,akizuki_gun_b_127_x3,0.4915,0.626,0.83,,,,,,,,,,,,,,,,,,,,,,,,,,,,,,,,,,,,,,,,,,,,,,,,,,,,,,,,,,,,,,,,,,,,,,,,,,,,,,,,,,,,,,,,,,,,,,,,,,,,,,,,,,,,,,,,,,,,,,,,,
,40,,0.4915,0.626,0.74,,,,45,,0.4915,0.626,0.74,,,3,45,fus_gun_356_x4_a,0.317,0.398,0.74,,,3,50,fus_gun_356_x4_a,0.317,0.398,0.74,,,3,45,yamato_gun_460_x4,0.233,0.287,0.74,,,3,50,yamato_gun_460_x4,0.233,0.287,0.74,,,3,45,yamato_gun_b_460_x4,0.233,0.287,0.74,,,3,50,yamato_gun_b_460_x4,0.233,0.287,0.74,,,3,45,moga_gun_200_x4,0.349,0.466,0.74,,,3,50,moga_gun_200_x4,0.349,0.466,0.74,,,3,45,yamato_gun_127_x4,0.568,0.672,0.74,,,3,50,yamato_gun_127_x4,0.568,0.672,0.74,,,3,50,yamato_gun_155_x4,0.3228,0.4264,0.74,,,3,55,yamato_gun_155_x4,0.3228,0.4264,0.74,,,3,55,yamato_gun_25_x4,0.634,0.796,0.74,,,,55,,0.4915,0.626,0.74,,,,50,,0.4915,0.626,0.74,,,,45,,0.4915,0.626,0.74,,,,,,,,,,,,,,,,,,,,,,,,,,,,,,,,,,,,,,,,,,,,,,,,,,,,,,,,,,,,,,,,,,,,,,,,,,,,,,,,,,,,,,,,,,,,,,,,,,,,,,,,,,,,,,,,,,,,,,,,,
4,40,moga_gun_127_x1,0.646,0.7805,1.7,,,4,45,moga_gun_127_x1,0.646,0.7805,1.7,,,4,45,fus_gun_356_x1_a,0.408,0.489,1.7,,,4,50,fus_gun_356_x1_a,0.408,0.489,1.7,,,4,45,yamato_gun_460_x1,0.292,0.346,1.7,,,4,50,yamato_gun_460_x1,0.292,0.346,1.7,,,4,45,yamato_gun_b_460_x1,0.292,0.346,1.7,,,4,50,yamato_gun_b_460_x1,0.292,0.346,1.7,,,4,45,moga_gun_200_x1,0.476,0.593,1.7,,,4,50,moga_gun_200_x1,0.476,0.593,1.7,,,4,45,yamato_gun_127_x1,0.682,0.786,1.7,,,4,50,yamato_gun_127_x1,0.682,0.786,1.7,,,4,50,yamato_gun_155_x1,0.4364,0.54,1.7,,,4,55,yamato_gun_155_x1,0.4364,0.54,1.7,,,4,55,yamato_gun_25_x1,0.816,0.978,1.7,,,4,55,akizuki_gun_100_x1,0.646,0.7805,1.7,,,4,50,akizuki_gun_127_x1,0.646,0.7805,1.7,,,4,45,akizuki_gun_b_127_x1,0.646,0.7805,1.7,,,,,,,,,,,,,,,,,,,,,,,,,,,,,,,,,,,,,,,,,,,,,,,,,,,,,,,,,,,,,,,,,,,,,,,,,,,,,,,,,,,,,,,,,,,,,,,,,,,,,,,,,,,,,,,,,,,,,,,,,
4,40,moga_gun_127_x2,0.646,0.7805,1.28,,,4,45,moga_gun_127_x2,0.646,0.7805,1.28,,,4,45,fus_gun_356_x2_a,0.408,0.489,1.28,,,4,50,fus_gun_356_x2_a,0.408,0.489,1.28,,,4,45,yamato_gun_460_x2,0.292,0.346,1.28,,,4,50,yamato_gun_460_x2,0.292,0.346,1.28,,,4,45,yamato_gun_b_460_x2,0.292,0.346,1.28,,,4,50,yamato_gun_b_460_x2,0.292,0.346,1.28,,,4,45,moga_gun_200_x2,0.476,0.593,1.28,,,4,50,moga_gun_200_x2,0.476,0.593,1.28,,,4,45,yamato_gun_127_x2,0.682,0.786,1.28,,,4,50,yamato_gun_127_x2,0.682,0.786,1.28,,,4,50,yamato_gun_155_x2,0.4364,0.54,1.28,,,4,55,yamato_gun_155_x2,0.4364,0.54,1.28,,,4,55,yamato_gun_25_x2,0.816,0.978,1.28,,,4,55,akizuki_gun_100_x2,0.646,0.7805,1.28,,,4,50,akizuki_gun_127_x2,0.646,0.7805,1.28,,,4,45,akizuki_gun_b_127_x2,0.646,0.7805,1.28,,,,,,,,,,,,,,,,,,,,,,,,,,,,,,,,,,,,,,,,,,,,,,,,,,,,,,,,,,,,,,,,,,,,,,,,,,,,,,,,,,,,,,,,,,,,,,,,,,,,,,,,,,,,,,,,,,,,,,,,,
4,40,moga_gun_127_x3,0.646,0.7805,1,,,4,45,moga_gun_127_x3,0.646,0.7805,1,,,4,45,fus_gun_356_x3_a,0.408,0.489,1,,,4,50,fus_gun_356_x3_a,0.408,0.489,1,,,4,45,yamato_gun_460_x3,0.292,0.346,1,,,4,50,yamato_gun_460_x3,0.292,0.346,1,,,4,45,yamato_gun_b_460_x3,0.292,0.346,1,,,4,50,yamato_gun_b_460_x3,0.292,0.346,1,,,4,45,moga_gun_200_x3,0.476,0.593,1,,,4,50,moga_gun_200_x3,0.476,0.593,1,,,4,45,yamato_gun_127_x3,0.682,0.786,1,,,4,50,yamato_gun_127_x3,0.682,0.786,1,,,4,50,yamato_gun_155_x3,0.4364,0.54,1,,,4,55,yamato_gun_155_x3,0.4364,0.54,1,,,4,55,yamato_gun_25_x3,0.816,0.978,1,,,4,55,akizuki_gun_100_x3,0.646,0.7805,1,,,4,50,akizuki_gun_127_x3,0.646,0.7805,1,,,4,45,akizuki_gun_b_127_x3,0.646,0.7805,1,,,,,,,,,,,,,,,,,,,,,,,,,,,,,,,,,,,,,,,,,,,,,,,,,,,,,,,,,,,,,,,,,,,,,,,,,,,,,,,,,,,,,,,,,,,,,,,,,,,,,,,,,,,,,,,,,,,,,,,,,
,40,,0.646,0.7805,0.85,,,,45,,0.646,0.7805,0.85,,,4,45,fus_gun_356_x4_a,0.408,0.489,0.85,,,4,50,fus_gun_356_x4_a,0.408,0.489,0.85,,,4,45,yamato_gun_460_x4,0.292,0.346,0.85,,,4,50,yamato_gun_460_x4,0.292,0.346,0.85,,,4,45,yamato_gun_b_460_x4,0.292,0.346,0.85,,,4,50,yamato_gun_b_460_x4,0.292,0.346,0.85,,,4,45,moga_gun_200_x4,0.476,0.593,0.85,,,4,50,moga_gun_200_x4,0.476,0.593,0.85,,,4,45,yamato_gun_127_x4,0.682,0.786,0.85,,,4,50,yamato_gun_127_x4,0.682,0.786,0.85,,,4,50,yamato_gun_155_x4,0.4364,0.54,0.85,,,4,55,yamato_gun_155_x4,0.4364,0.54,0.85,,,4,55,yamato_gun_25_x4,0.816,0.978,0.85,,,,55,,0.646,0.7805,0.85,,,,50,,0.646,0.7805,0.85,,,,45,,0.646,0.7805,0.85,,,,,,,,,,,,,,,,,,,,,,,,,,,,,,,,,,,,,,,,,,,,,,,,,,,,,,,,,,,,,,,,,,,,,,,,,,,,,,,,,,,,,,,,,,,,,,,,,,,,,,,,,,,,,,,,,,,,,,,,,
5,40,moga_gun_127_x1,0.8005,0.935,1.25,,,5,45,moga_gun_127_x1,0.8005,0.935,1.25,,,5,45,fus_gun_356_x1_a,0.499,0.58,1.25,,,5,50,fus_gun_356_x1_a,0.499,0.58,1.25,,,5,45,yamato_gun_460_x1,0.351,0.405,1.25,,,5,50,yamato_gun_460_x1,0.351,0.405,1.25,,,5,45,yamato_gun_b_460_x1,0.351,0.405,1.25,,,5,50,yamato_gun_b_460_x1,0.351,0.405,1.25,,,5,45,moga_gun_200_x1,0.603,0.72,1.25,,,5,50,moga_gun_200_x1,0.603,0.72,1.25,,,5,45,yamato_gun_127_x1,0.796,0.9,1.25,,,5,50,yamato_gun_127_x1,0.796,0.9,1.25,,,5,50,yamato_gun_155_x1,0.55,0.6536,1.25,,,5,55,yamato_gun_155_x1,0.55,0.6536,1.25,,,5,55,yamato_gun_25_x1,0.998,1.16,1.25,,,5,55,akizuki_gun_100_x1,0.8005,0.935,1.25,,,5,50,akizuki_gun_127_x1,0.8005,0.935,1.25,,,5,45,akizuki_gun_b_127_x1,0.8005,0.935,1.25,,,,,,,,,,,,,,,,,,,,,,,,,,,,,,,,,,,,,,,,,,,,,,,,,,,,,,,,,,,,,,,,,,,,,,,,,,,,,,,,,,,,,,,,,,,,,,,,,,,,,,,,,,,,,,,,,,,,,,,,,
5,40,moga_gun_127_x2,0.8005,0.935,0.95,,,5,45,moga_gun_127_x2,0.8005,0.935,0.95,,,5,45,fus_gun_356_x2_a,0.499,0.58,0.95,,,5,50,fus_gun_356_x2_a,0.499,0.58,0.95,,,5,45,yamato_gun_460_x2,0.351,0.405,0.95,,,5,50,yamato_gun_460_x2,0.351,0.405,0.95,,,5,45,yamato_gun_b_460_x2,0.351,0.405,0.95,,,5,50,yamato_gun_b_460_x2,0.351,0.405,0.95,,,5,45,moga_gun_200_x2,0.603,0.72,0.95,,,5,50,moga_gun_200_x2,0.603,0.72,0.95,,,5,45,yamato_gun_127_x2,0.796,0.9,0.95,,,5,50,yamato_gun_127_x2,0.796,0.9,0.95,,,5,50,yamato_gun_155_x2,0.55,0.6536,0.95,,,5,55,yamato_gun_155_x2,0.55,0.6536,0.95,,,5,55,yamato_gun_25_x2,0.998,1.16,0.95,,,5,55,akizuki_gun_100_x2,0.8005,0.935,0.95,,,5,50,akizuki_gun_127_x2,0.8005,0.935,0.95,,,5,45,akizuki_gun_b_127_x2,0.8005,0.935,0.95,,,,,,,,,,,,,,,,,,,,,,,,,,,,,,,,,,,,,,,,,,,,,,,,,,,,,,,,,,,,,,,,,,,,,,,,,,,,,,,,,,,,,,,,,,,,,,,,,,,,,,,,,,,,,,,,,,,,,,,,,
5,40,moga_gun_127_x3,0.8005,0.935,0.75,,,5,45,moga_gun_127_x3,0.8005,0.935,0.75,,,5,45,fus_gun_356_x3_a,0.499,0.58,0.75,,,5,50,fus_gun_356_x3_a,0.499,0.58,0.75,,,5,45,yamato_gun_460_x3,0.351,0.405,0.75,,,5,50,yamato_gun_460_x3,0.351,0.405,0.75,,,5,45,yamato_gun_b_460_x3,0.351,0.405,0.75,,,5,50,yamato_gun_b_460_x3,0.351,0.405,0.75,,,5,45,moga_gun_200_x3,0.603,0.72,0.75,,,5,50,moga_gun_200_x3,0.603,0.72,0.75,,,5,45,yamato_gun_127_x3,0.796,0.9,0.75,,,5,50,yamato_gun_127_x3,0.796,0.9,0.75,,,5,50,yamato_gun_155_x3,0.55,0.6536,0.75,,,5,55,yamato_gun_155_x3,0.55,0.6536,0.75,,,5,55,yamato_gun_25_x3,0.998,1.16,0.75,,,5,55,akizuki_gun_100_x3,0.8005,0.935,0.75,,,5,50,akizuki_gun_127_x3,0.8005,0.935,0.75,,,5,45,akizuki_gun_b_127_x3,0.8005,0.935,0.75,,,,,,,,,,,,,,,,,,,,,,,,,,,,,,,,,,,,,,,,,,,,,,,,,,,,,,,,,,,,,,,,,,,,,,,,,,,,,,,,,,,,,,,,,,,,,,,,,,,,,,,,,,,,,,,,,,,,,,,,,
,40,,0.8005,0.935,0.68,,,,45,,0.8005,0.935,0.68,,,5,45,fus_gun_356_x4_a,0.499,0.58,0.68,,,5,50,fus_gun_356_x4_a,0.499,0.58,0.68,,,5,45,yamato_gun_460_x4,0.351,0.405,0.68,,,5,50,yamato_gun_460_x4,0.351,0.405,0.68,,,5,45,yamato_gun_b_460_x4,0.351,0.405,0.68,,,5,50,yamato_gun_b_460_x4,0.351,0.405,0.68,,,5,45,moga_gun_200_x4,0.603,0.72,0.68,,,5,50,moga_gun_200_x4,0.603,0.72,0.68,,,5,45,yamato_gun_127_x4,0.796,0.9,0.68,,,5,50,yamato_gun_127_x4,0.796,0.9,0.68,,,5,50,yamato_gun_155_x4,0.55,0.6536,0.68,,,5,55,yamato_gun_155_x4,0.55,0.6536,0.68,,,5,55,yamato_gun_25_x4,0.998,1.16,0.68,,,,55,,0.8005,0.935,0.68,,,,50,,0.8005,0.935,0.68,,,,45,,0.8005,0.935,0.68,,,,,,,,,,,,,,,,,,,,,,,,,,,,,,,,,,,,,,,,,,,,,,,,,,,,,,,,,,,,,,,,,,,,,,,,,,,,,,,,,,,,,,,,,,,,,,,,,,,,,,,,,,,,,,,,,,,,,,,,,
6,40,moga_gun_127_x1,0.955,1.0895,1.185,,,6,45,moga_gun_127_x1,0.955,1.0895,1.185,,,6,45,fus_gun_356_x1_a,0.59,0.671,1.185,,,6,50,fus_gun_356_x1_a,0.59,0.671,1.185,,,6,45,yamato_gun_460_x1,0.41,0.464,1.185,,,6,50,yamato_gun_460_x1,0.41,0.464,1.185,,,6,45,yamato_gun_b_460_x1,0.41,0.464,1.185,,,6,50,yamato_gun_b_460_x1,0.41,0.464,1.185,,,6,45,moga_gun_200_x1,0.73,0.847,1.185,,,6,50,moga_gun_200_x1,0.73,0.847,1.185,,,6,45,yamato_gun_127_x1,0.91,1.014,1.185,,,6,50,yamato_gun_127_x1,0.91,1.014,1.185,,,6,50,yamato_gun_155_x1,0.6636,0.7672,1.185,,,6,55,yamato_gun_155_x1,0.6636,0.7672,1.185,,,6,55,yamato_gun_25_x1,1.18,1.342,1.185,,,6,55,akizuki_gun_100_x1,0.955,1.0895,1.185,,,6,50,akizuki_gun_127_x3,0.955,1.0895,1.185,,,6,45,akizuki_gun_b_127_x1,0.955,1.0895,1.185,,,,,,,,,,,,,,,,,,,,,,,,,,,,,,,,,,,,,,,,,,,,,,,,,,,,,,,,,,,,,,,,,,,,,,,,,,,,,,,,,,,,,,,,,,,,,,,,,,,,,,,,,,,,,,,,,,,,,,,,,
6,40,moga_gun_127_x2,0.955,1.0895,0.86,,,6,45,moga_gun_127_x2,0.955,1.0895,0.86,,,6,45,fus_gun_356_x2_a,0.59,0.671,0.86,,,6,50,fus_gun_356_x2_a,0.59,0.671,0.86,,,6,45,yamato_gun_460_x2,0.41,0.464,0.86,,,6,50,yamato_gun_460_x2,0.41,0.464,0.86,,,6,45,yamato_gun_b_460_x2,0.41,0.464,0.86,,,6,50,yamato_gun_b_460_x2,0.41,0.464,0.86,,,6,45,moga_gun_200_x2,0.73,0.847,0.86,,,6,50,moga_gun_200_x2,0.73,0.847,0.86,,,6,45,yamato_gun_127_x2,0.91,1.014,0.86,,,6,50,yamato_gun_127_x2,0.91,1.014,0.86,,,6,50,yamato_gun_155_x2,0.6636,0.7672,0.86,,,6,55,yamato_gun_155_x2,0.6636,0.7672,0.86,,,6,55,yamato_gun_25_x2,1.18,1.342,0.86,,,6,55,akizuki_gun_100_x2,0.955,1.0895,0.86,,,6,50,akizuki_gun_127_x3,0.955,1.0895,0.86,,,6,45,akizuki_gun_b_127_x2,0.955,1.0895,0.86,,,,,,,,,,,,,,,,,,,,,,,,,,,,,,,,,,,,,,,,,,,,,,,,,,,,,,,,,,,,,,,,,,,,,,,,,,,,,,,,,,,,,,,,,,,,,,,,,,,,,,,,,,,,,,,,,,,,,,,,,
6,40,moga_gun_127_x3,0.955,1.0895,0.66,,,6,45,moga_gun_127_x3,0.955,1.0895,0.66,,,6,45,fus_gun_356_x3_a,0.59,0.671,0.66,,,6,50,fus_gun_356_x3_a,0.59,0.671,0.66,,,6,45,yamato_gun_460_x3,0.41,0.464,0.66,,,6,50,yamato_gun_460_x3,0.41,0.464,0.66,,,6,45,yamato_gun_b_460_x3,0.41,0.464,0.66,,,6,50,yamato_gun_b_460_x3,0.41,0.464,0.66,,,6,45,moga_gun_200_x3,0.73,0.847,0.66,,,6,50,moga_gun_200_x3,0.73,0.847,0.66,,,6,45,yamato_gun_127_x3,0.91,1.014,0.66,,,6,50,yamato_gun_127_x3,0.91,1.014,0.66,,,6,50,yamato_gun_155_x3,0.6636,0.7672,0.66,,,6,55,yamato_gun_155_x3,0.6636,0.7672,0.66,,,6,55,yamato_gun_25_x3,1.18,1.342,0.66,,,6,55,akizuki_gun_100_x3,0.955,1.0895,0.66,,,6,50,akizuki_gun_127_x3,0.955,1.0895,0.66,,,6,45,akizuki_gun_b_127_x3,0.955,1.0895,0.66,,,,,,,,,,,,,,,,,,,,,,,,,,,,,,,,,,,,,,,,,,,,,,,,,,,,,,,,,,,,,,,,,,,,,,,,,,,,,,,,,,,,,,,,,,,,,,,,,,,,,,,,,,,,,,,,,,,,,,,,,
,40,,0.955,1.0895,0.6,,,,45,,0.955,1.0895,0.6,,,6,45,fus_gun_356_x4_a,0.59,0.671,0.6,,,6,50,fus_gun_356_x4_a,0.59,0.671,0.6,,,6,45,yamato_gun_460_x4,0.41,0.464,0.6,,,6,50,yamato_gun_460_x4,0.41,0.464,0.6,,,6,45,yamato_gun_b_460_x4,0.41,0.464,0.6,,,6,50,yamato_gun_b_460_x4,0.41,0.464,0.6,,,6,45,moga_gun_200_x4,0.73,0.847,0.6,,,6,50,moga_gun_200_x4,0.73,0.847,0.6,,,6,45,yamato_gun_127_x4,0.91,1.014,0.6,,,6,50,yamato_gun_127_x4,0.91,1.014,0.6,,,6,50,yamato_gun_155_x4,0.6636,0.7672,0.6,,,6,55,yamato_gun_155_x4,0.6636,0.7672,0.6,,,6,55,yamato_gun_25_x4,1.18,1.342,0.6,,,,55,,0.955,1.0895,0.6,,,,50,,0.955,1.0895,0.6,,,,45,,0.955,1.0895,0.6,,,,,,,,,,,,,,,,,,,,,,,,,,,,,,,,,,,,,,,,,,,,,,,,,,,,,,,,,,,,,,,,,,,,,,,,,,,,,,,,,,,,,,,,,,,,,,,,,,,,,,,,,,,,,,,,,,,,,,,,,
7,40,moga_gun_127_x1,1.1095,1.244,1.21,,,7,45,moga_gun_127_x1,1.1095,1.244,1.21,,,7,45,fus_gun_356_x1_a,0.681,0.762,1.21,,,7,50,fus_gun_356_x1_a,0.681,0.762,1.21,,,7,45,yamato_gun_460_x1,0.469,0.523,1.21,,,7,50,yamato_gun_460_x1,0.469,0.523,1.21,,,7,45,yamato_gun_b_460_x1,0.469,0.523,1.21,,,7,50,yamato_gun_b_460_x1,0.469,0.523,1.21,,,7,45,moga_gun_200_x1,0.857,0.974,1.21,,,7,50,moga_gun_200_x1,0.857,0.974,1.21,,,7,45,yamato_gun_127_x1,1.024,1.128,1.21,,,7,50,yamato_gun_127_x1,1.024,1.128,1.21,,,7,50,yamato_gun_155_x1,0.7772,0.8808,1.21,,,7,55,yamato_gun_155_x1,0.7772,0.8808,1.21,,,7,55,yamato_gun_25_x1,1.362,1.524,1.21,,,7,55,akizuki_gun_100_x1,1.1095,1.244,1.21,,,7,50,akizuki_gun_127_x3,1.1095,1.244,1.21,,,7,45,akizuki_gun_b_127_x1,1.1095,1.244,1.21,,,,,,,,,,,,,,,,,,,,,,,,,,,,,,,,,,,,,,,,,,,,,,,,,,,,,,,,,,,,,,,,,,,,,,,,,,,,,,,,,,,,,,,,,,,,,,,,,,,,,,,,,,,,,,,,,,,,,,,,,
7,40,moga_gun_127_x2,1.1095,1.244,0.9,,,7,45,moga_gun_127_x2,1.1095,1.244,0.9,,,7,45,fus_gun_356_x2_a,0.681,0.762,0.9,,,7,50,fus_gun_356_x2_a,0.681,0.762,0.9,,,7,45,yamato_gun_460_x2,0.469,0.523,0.9,,,7,50,yamato_gun_460_x2,0.469,0.523,0.9,,,7,45,yamato_gun_b_460_x2,0.469,0.523,0.9,,,7,50,yamato_gun_b_460_x2,0.469,0.523,0.9,,,7,45,moga_gun_200_x2,0.857,0.974,0.9,,,7,50,moga_gun_200_x2,0.857,0.974,0.9,,,7,45,yamato_gun_127_x2,1.024,1.128,0.9,,,7,50,yamato_gun_127_x2,1.024,1.128,0.9,,,7,50,yamato_gun_155_x2,0.7772,0.8808,0.9,,,7,55,yamato_gun_155_x2,0.7772,0.8808,0.9,,,7,55,yamato_gun_25_x2,1.362,1.524,0.9,,,7,55,akizuki_gun_100_x2,1.1095,1.244,0.9,,,7,50,akizuki_gun_127_x3,1.1095,1.244,0.9,,,7,45,akizuki_gun_b_127_x2,1.1095,1.244,0.9,,,,,,,,,,,,,,,,,,,,,,,,,,,,,,,,,,,,,,,,,,,,,,,,,,,,,,,,,,,,,,,,,,,,,,,,,,,,,,,,,,,,,,,,,,,,,,,,,,,,,,,,,,,,,,,,,,,,,,,,,
7,40,moga_gun_127_x3,1.1095,1.244,0.705,,,7,45,moga_gun_127_x3,1.1095,1.244,0.705,,,7,45,fus_gun_356_x3_a,0.681,0.762,0.705,,,7,50,fus_gun_356_x3_a,0.681,0.762,0.705,,,7,45,yamato_gun_460_x3,0.469,0.523,0.705,,,7,50,yamato_gun_460_x3,0.469,0.523,0.705,,,7,45,yamato_gun_b_460_x3,0.469,0.523,0.705,,,7,50,yamato_gun_b_460_x3,0.469,0.523,0.705,,,7,45,moga_gun_200_x3,0.857,0.974,0.705,,,7,50,moga_gun_200_x3,0.857,0.974,0.705,,,7,45,yamato_gun_127_x3,1.024,1.128,0.705,,,7,50,yamato_gun_127_x3,1.024,1.128,0.705,,,7,50,yamato_gun_155_x3,0.7772,0.8808,0.705,,,7,55,yamato_gun_155_x3,0.7772,0.8808,0.705,,,7,55,yamato_gun_25_x3,1.362,1.524,0.705,,,7,55,akizuki_gun_100_x3,1.1095,1.244,0.705,,,7,50,akizuki_gun_127_x3,1.1095,1.244,0.705,,,7,45,akizuki_gun_b_127_x3,1.1095,1.244,0.705,,,,,,,,,,,,,,,,,,,,,,,,,,,,,,,,,,,,,,,,,,,,,,,,,,,,,,,,,,,,,,,,,,,,,,,,,,,,,,,,,,,,,,,,,,,,,,,,,,,,,,,,,,,,,,,,,,,,,,,,,
,40,,1.1095,1.244,0.64,,,,45,,1.1095,1.244,0.64,,,7,45,fus_gun_356_x4_a,0.681,0.762,0.64,,,7,50,fus_gun_356_x4_a,0.681,0.762,0.64,,,7,45,yamato_gun_460_x4,0.469,0.523,0.64,,,7,50,yamato_gun_460_x4,0.469,0.523,0.64,,,7,45,yamato_gun_b_460_x4,0.469,0.523,0.64,,,7,50,yamato_gun_b_460_x4,0.469,0.523,0.64,,,7,45,moga_gun_200_x4,0.857,0.974,0.64,,,7,50,moga_gun_200_x4,0.857,0.974,0.64,,,7,45,yamato_gun_127_x4,1.024,1.128,0.64,,,7,50,yamato_gun_127_x4,1.024,1.128,0.64,,,7,50,yamato_gun_155_x4,0.7772,0.8808,0.64,,,7,55,yamato_gun_155_x4,0.7772,0.8808,0.64,,,7,55,yamato_gun_25_x4,1.362,1.524,0.64,,,,55,,1.1095,1.244,0.64,,,,50,,1.1095,1.244,0.64,,,,45,,1.1095,1.244,0.64,,,,,,,,,,,,,,,,,,,,,,,,,,,,,,,,,,,,,,,,,,,,,,,,,,,,,,,,,,,,,,,,,,,,,,,,,,,,,,,,,,,,,,,,,,,,,,,,,,,,,,,,,,,,,,,,,,,,,,,,,
8,40,moga_gun_127_x1,1.264,1.3985,1.17,,,8,45,moga_gun_127_x1,1.264,1.3985,1.17,,,8,45,fus_gun_356_x1_a,0.772,0.853,1.17,,,8,50,fus_gun_356_x1_a,0.772,0.853,1.17,,,8,45,yamato_gun_460_x1,0.528,0.582,1.17,,,8,50,yamato_gun_460_x1,0.528,0.582,1.17,,,8,45,yamato_gun_b_460_x1,0.528,0.582,1.17,,,8,50,yamato_gun_b_460_x1,0.528,0.582,1.17,,,8,45,moga_gun_200_x1,0.984,1.101,1.17,,,8,50,moga_gun_200_x1,0.984,1.101,1.17,,,8,45,yamato_gun_127_x1,1.138,1.242,1.17,,,8,50,yamato_gun_127_x1,1.138,1.242,1.17,,,8,50,yamato_gun_155_x1,0.8908,0.9944,1.17,,,8,55,yamato_gun_155_x1,0.8908,0.9944,1.17,,,8,55,yamato_gun_25_x1,1.544,1.706,1.17,,,8,55,akizuki_gun_100_x1,1.264,1.3985,1.17,,,8,50,akizuki_gun_127_x3,1.264,1.3985,1.17,,,8,45,akizuki_gun_b_127_x1,1.264,1.3985,1.17,,,,,,,,,,,,,,,,,,,,,,,,,,,,,,,,,,,,,,,,,,,,,,,,,,,,,,,,,,,,,,,,,,,,,,,,,,,,,,,,,,,,,,,,,,,,,,,,,,,,,,,,,,,,,,,,,,,,,,,,,
8,40,moga_gun_127_x2,1.264,1.3985,0.88,,,8,45,moga_gun_127_x2,1.264,1.3985,0.88,,,8,45,fus_gun_356_x2_a,0.772,0.853,0.88,,,8,50,fus_gun_356_x2_a,0.772,0.853,0.88,,,8,45,yamato_gun_460_x2,0.528,0.582,0.88,,,8,50,yamato_gun_460_x2,0.528,0.582,0.88,,,8,45,yamato_gun_b_460_x2,0.528,0.582,0.88,,,8,50,yamato_gun_b_460_x2,0.528,0.582,0.88,,,8,45,moga_gun_200_x2,0.984,1.101,0.88,,,8,50,moga_gun_200_x2,0.984,1.101,0.88,,,8,45,yamato_gun_127_x2,1.138,1.242,0.88,,,8,50,yamato_gun_127_x2,1.138,1.242,0.88,,,8,50,yamato_gun_155_x2,0.8908,0.9944,0.88,,,8,55,yamato_gun_155_x2,0.8908,0.9944,0.88,,,8,55,yamato_gun_25_x2,1.544,1.706,0.88,,,8,55,akizuki_gun_100_x2,1.264,1.3985,0.88,,,8,50,akizuki_gun_127_x3,1.264,1.3985,0.88,,,8,45,akizuki_gun_b_127_x2,1.264,1.3985,0.88,,,,,,,,,,,,,,,,,,,,,,,,,,,,,,,,,,,,,,,,,,,,,,,,,,,,,,,,,,,,,,,,,,,,,,,,,,,,,,,,,,,,,,,,,,,,,,,,,,,,,,,,,,,,,,,,,,,,,,,,,
8,40,moga_gun_127_x3,1.264,1.3985,0.69,,,8,45,moga_gun_127_x3,1.264,1.3985,0.69,,,8,45,fus_gun_356_x3_a,0.772,0.853,0.69,,,8,50,fus_gun_356_x3_a,0.772,0.853,0.69,,,8,45,yamato_gun_460_x3,0.528,0.582,0.69,,,8,50,yamato_gun_460_x3,0.528,0.582,0.69,,,8,45,yamato_gun_b_460_x3,0.528,0.582,0.69,,,8,50,yamato_gun_b_460_x3,0.528,0.582,0.69,,,8,45,moga_gun_200_x3,0.984,1.101,0.69,,,8,50,moga_gun_200_x3,0.984,1.101,0.69,,,8,45,yamato_gun_127_x3,1.138,1.242,0.69,,,8,50,yamato_gun_127_x3,1.138,1.242,0.69,,,8,50,yamato_gun_155_x3,0.8908,0.9944,0.69,,,8,55,yamato_gun_155_x3,0.8908,0.9944,0.69,,,8,55,yamato_gun_25_x3,1.544,1.706,0.69,,,8,55,akizuki_gun_100_x3,1.264,1.3985,0.69,,,8,50,akizuki_gun_127_x3,1.264,1.3985,0.69,,,8,45,akizuki_gun_b_127_x3,1.264,1.3985,0.69,,,,,,,,,,,,,,,,,,,,,,,,,,,,,,,,,,,,,,,,,,,,,,,,,,,,,,,,,,,,,,,,,,,,,,,,,,,,,,,,,,,,,,,,,,,,,,,,,,,,,,,,,,,,,,,,,,,,,,,,,
,40,,1.264,1.3985,0.63,,,,45,,1.264,1.3985,0.63,,,8,45,fus_gun_356_x4_a,0.772,0.853,0.63,,,8,50,fus_gun_356_x4_a,0.772,0.853,0.63,,,8,45,yamato_gun_460_x4,0.528,0.582,0.63,,,8,50,yamato_gun_460_x4,0.528,0.582,0.63,,,8,45,yamato_gun_b_460_x4,0.528,0.582,0.63,,,8,50,yamato_gun_b_460_x4,0.528,0.582,0.63,,,8,45,moga_gun_200_x4,0.984,1.101,0.63,,,8,50,moga_gun_200_x4,0.984,1.101,0.63,,,8,45,yamato_gun_127_x4,1.138,1.242,0.63,,,8,50,yamato_gun_127_x4,1.138,1.242,0.63,,,8,50,yamato_gun_155_x4,0.8908,0.9944,0.63,,,8,55,yamato_gun_155_x4,0.8908,0.9944,0.63,,,8,55,yamato_gun_25_x4,1.544,1.706,0.63,,,,55,,1.264,1.3985,0.63,,,,50,,1.264,1.3985,0.63,,,,45,,1.264,1.3985,0.63,,,,,,,,,,,,,,,,,,,,,,,,,,,,,,,,,,,,,,,,,,,,,,,,,,,,,,,,,,,,,,,,,,,,,,,,,,,,,,,,,,,,,,,,,,,,,,,,,,,,,,,,,,,,,,,,,,,,,,,,,
9,40,moga_gun_127_x1,1.4185,1.553,1.1,,,9,45,moga_gun_127_x1,1.4185,1.553,1.1,,,9,45,fus_gun_356_x1_a,0.863,0.944,1.1,,,9,50,fus_gun_356_x1_a,0.863,0.944,1.1,,,9,45,yamato_gun_460_x1,0.587,0.641,1.1,,,9,50,yamato_gun_460_x1,0.587,0.641,1.1,,,9,45,yamato_gun_b_460_x1,0.587,0.641,1.1,,,9,50,yamato_gun_b_460_x1,0.587,0.641,1.1,,,9,45,moga_gun_200_x1,1.111,1.228,1.1,,,9,50,moga_gun_200_x1,1.111,1.228,1.1,,,9,45,yamato_gun_127_x1,1.252,1.356,1.1,,,9,50,yamato_gun_127_x1,1.252,1.356,1.1,,,9,50,yamato_gun_155_x1,1.0044,0.108,1.1,,,9,55,yamato_gun_155_x1,1.0044,0.108,1.1,,,9,55,yamato_gun_25_x1,1.726,1.888,1.1,,,9,55,akizuki_gun_100_x1,1.4185,1.553,1.1,,,9,50,akizuki_gun_127_x1,1.4185,1.553,1.1,,,9,45,akizuki_gun_b_127_x1,1.4185,1.553,1.1,,,,,,,,,,,,,,,,,,,,,,,,,,,,,,,,,,,,,,,,,,,,,,,,,,,,,,,,,,,,,,,,,,,,,,,,,,,,,,,,,,,,,,,,,,,,,,,,,,,,,,,,,,,,,,,,,,,,,,,,,
9,40,moga_gun_127_x2,1.4185,1.553,0.82,,,9,45,moga_gun_127_x2,1.4185,1.553,0.82,,,9,45,fus_gun_356_x2_a,0.863,0.944,0.82,,,9,50,fus_gun_356_x2_a,0.863,0.944,0.82,,,9,45,yamato_gun_460_x2,0.587,0.641,0.82,,,9,50,yamato_gun_460_x2,0.587,0.641,0.82,,,9,45,yamato_gun_b_460_x2,0.587,0.641,0.82,,,9,50,yamato_gun_b_460_x2,0.587,0.641,0.82,,,9,45,moga_gun_200_x2,1.111,1.228,0.82,,,9,50,moga_gun_200_x2,1.111,1.228,0.82,,,9,45,yamato_gun_127_x2,1.252,1.356,0.82,,,9,50,yamato_gun_127_x2,1.252,1.356,0.82,,,9,50,yamato_gun_155_x2,1.0044,0.108,0.82,,,9,55,yamato_gun_155_x2,1.0044,0.108,0.82,,,9,55,yamato_gun_25_x2,1.726,1.888,0.82,,,9,55,akizuki_gun_100_x2,1.4185,1.553,0.82,,,9,50,akizuki_gun_127_x2,1.4185,1.553,0.82,,,9,45,akizuki_gun_b_127_x2,1.4185,1.553,0.82,,,,,,,,,,,,,,,,,,,,,,,,,,,,,,,,,,,,,,,,,,,,,,,,,,,,,,,,,,,,,,,,,,,,,,,,,,,,,,,,,,,,,,,,,,,,,,,,,,,,,,,,,,,,,,,,,,,,,,,,,
9,40,moga_gun_127_x3,1.4185,1.553,0.64,,,9,45,moga_gun_127_x3,1.4185,1.553,0.64,,,9,45,fus_gun_356_x3_a,0.863,0.944,0.64,,,9,50,fus_gun_356_x3_a,0.863,0.944,0.64,,,9,45,yamato_gun_460_x3,0.587,0.641,0.64,,,9,50,yamato_gun_460_x3,0.587,0.641,0.64,,,9,45,yamato_gun_b_460_x3,0.587,0.641,0.64,,,9,50,yamato_gun_b_460_x3,0.587,0.641,0.64,,,9,45,moga_gun_200_x3,1.111,1.228,0.64,,,9,50,moga_gun_200_x3,1.111,1.228,0.64,,,9,45,yamato_gun_127_x3,1.252,1.356,0.64,,,9,50,yamato_gun_127_x3,1.252,1.356,0.64,,,9,50,yamato_gun_155_x3,1.0044,0.108,0.64,,,9,55,yamato_gun_155_x3,1.0044,0.108,0.64,,,9,55,yamato_gun_25_x3,1.726,1.888,0.64,,,9,55,akizuki_gun_100_x3,1.4185,1.553,0.64,,,9,50,akizuki_gun_127_x3,1.4185,1.553,0.64,,,9,45,akizuki_gun_b_127_x3,1.4185,1.553,0.64,,,,,,,,,,,,,,,,,,,,,,,,,,,,,,,,,,,,,,,,,,,,,,,,,,,,,,,,,,,,,,,,,,,,,,,,,,,,,,,,,,,,,,,,,,,,,,,,,,,,,,,,,,,,,,,,,,,,,,,,,
,40,,1.4185,1.553,0.58,,,,45,,1.4185,1.553,0.58,,,9,45,fus_gun_356_x4_a,0.863,0.944,0.58,,,9,50,fus_gun_356_x4_a,0.863,0.944,0.58,,,9,45,yamato_gun_460_x4,0.587,0.641,0.58,,,9,50,yamato_gun_460_x4,0.587,0.641,0.58,,,9,45,yamato_gun_b_460_x4,0.587,0.641,0.58,,,9,50,yamato_gun_b_460_x4,0.587,0.641,0.58,,,9,45,moga_gun_200_x4,1.111,1.228,0.58,,,9,50,moga_gun_200_x4,1.111,1.228,0.58,,,9,45,yamato_gun_127_x4,1.252,1.356,0.58,,,9,50,yamato_gun_127_x4,1.252,1.356,0.58,,,9,50,yamato_gun_155_x4,1.0044,0.108,0.58,,,9,55,yamato_gun_155_x4,1.0044,0.108,0.58,,,9,55,yamato_gun_25_x4,1.726,1.888,0.58,,,,55,,1.4185,1.553,0.58,,,,50,,1.4185,1.553,0.58,,,,45,,1.4185,1.553,0.58,,,,,,,,,,,,,,,,,,,,,,,,,,,,,,,,,,,,,,,,,,,,,,,,,,,,,,,,,,,,,,,,,,,,,,,,,,,,,,,,,,,,,,,,,,,,,,,,,,,,,,,,,,,,,,,,,,,,,,,,,
10,40,moga_gun_127_x1,1.573,1.7075,1.2,,,10,45,moga_gun_127_x1,1.573,1.7075,1.2,,,10,45,fus_gun_356_x1_a,0.954,1.035,1.2,,,10,50,fus_gun_356_x1_a,0.954,1.035,1.2,,,10,45,yamato_gun_460_x1,0.646,0.7,1.2,,,10,50,yamato_gun_460_x1,0.646,0.7,1.2,,,10,45,yamato_gun_b_460_x1,0.646,0.7,1.2,,,10,50,yamato_gun_b_460_x1,0.646,0.7,1.2,,,10,45,moga_gun_200_x1,1.238,1.355,1.2,,,10,50,moga_gun_200_x1,1.238,1.355,1.2,,,10,45,yamato_gun_127_x1,1.366,1.47,1.2,,,10,50,yamato_gun_127_x1,1.366,1.47,1.2,,,10,50,yamato_gun_155_x1,1.118,1.2216,1.2,,,10,55,yamato_gun_155_x1,1.118,1.2216,1.2,,,10,55,yamato_gun_25_x1,1.908,2.07,1.2,,,10,55,akizuki_gun_100_x1,1.573,1.7075,1.2,,,10,50,akizuki_gun_127_x1,1.573,1.7075,1.2,,,10,45,akizuki_gun_b_127_x1,1.573,1.7075,1.2,,,,,,,,,,,,,,,,,,,,,,,,,,,,,,,,,,,,,,,,,,,,,,,,,,,,,,,,,,,,,,,,,,,,,,,,,,,,,,,,,,,,,,,,,,,,,,,,,,,,,,,,,,,,,,,,,,,,,,,,,
10,40,moga_gun_127_x2,1.573,1.7075,0.9,,,10,45,moga_gun_127_x2,1.573,1.7075,0.9,,,10,45,fus_gun_356_x2_a,0.954,1.035,0.9,,,10,50,fus_gun_356_x2_a,0.954,1.035,0.9,,,10,45,yamato_gun_460_x2,0.646,0.7,0.9,,,10,50,yamato_gun_460_x2,0.646,0.7,0.9,,,10,45,yamato_gun_b_460_x2,0.646,0.7,0.9,,,10,50,yamato_gun_b_460_x2,0.646,0.7,0.9,,,10,45,moga_gun_200_x2,1.238,1.355,0.9,,,10,50,moga_gun_200_x2,1.238,1.355,0.9,,,10,45,yamato_gun_127_x2,1.366,1.47,0.9,,,10,50,yamato_gun_127_x2,1.366,1.47,0.9,,,10,50,yamato_gun_155_x2,1.118,1.2216,0.9,,,10,55,yamato_gun_155_x2,1.118,1.2216,0.9,,,10,55,yamato_gun_25_x2,1.908,2.07,0.9,,,10,55,akizuki_gun_100_x2,1.573,1.7075,0.9,,,10,50,akizuki_gun_127_x2,1.573,1.7075,0.9,,,10,45,akizuki_gun_b_127_x2,1.573,1.7075,0.9,,,,,,,,,,,,,,,,,,,,,,,,,,,,,,,,,,,,,,,,,,,,,,,,,,,,,,,,,,,,,,,,,,,,,,,,,,,,,,,,,,,,,,,,,,,,,,,,,,,,,,,,,,,,,,,,,,,,,,,,,
10,40,moga_gun_127_x3,1.573,1.7075,0.68,,,10,45,moga_gun_127_x3,1.573,1.7075,0.68,,,10,45,fus_gun_356_x3_a,0.954,1.035,0.68,,,10,50,fus_gun_356_x3_a,0.954,1.035,0.68,,,10,45,yamato_gun_460_x3,0.646,0.7,0.68,,,10,50,yamato_gun_460_x3,0.646,0.7,0.68,,,10,45,yamato_gun_b_460_x3,0.646,0.7,0.68,,,10,50,yamato_gun_b_460_x3,0.646,0.7,0.68,,,10,45,moga_gun_200_x3,1.238,1.355,0.68,,,10,50,moga_gun_200_x3,1.238,1.355,0.68,,,10,45,yamato_gun_127_x3,1.366,1.47,0.68,,,10,50,yamato_gun_127_x3,1.366,1.47,0.68,,,10,50,yamato_gun_155_x3,1.118,1.2216,0.68,,,10,55,yamato_gun_155_x3,1.118,1.2216,0.68,,,10,55,yamato_gun_25_x3,1.908,2.07,0.68,,,10,55,akizuki_gun_100_x3,1.573,1.7075,0.68,,,10,50,akizuki_gun_127_x3,1.573,1.7075,0.68,,,10,45,akizuki_gun_b_127_x3,1.573,1.7075,0.68,,,,,,,,,,,,,,,,,,,,,,,,,,,,,,,,,,,,,,,,,,,,,,,,,,,,,,,,,,,,,,,,,,,,,,,,,,,,,,,,,,,,,,,,,,,,,,,,,,,,,,,,,,,,,,,,,,,,,,,,,
,40,,1.573,1.7075,0.63,,,,45,,1.573,1.7075,0.63,,,10,45,fus_gun_356_x4_a,0.954,1.035,0.63,,,10,50,fus_gun_356_x4_a,0.954,1.035,0.63,,,10,45,yamato_gun_460_x4,0.646,0.7,0.63,,,10,50,yamato_gun_460_x4,0.646,0.7,0.63,,,10,45,yamato_gun_b_460_x4,0.646,0.7,0.63,,,10,50,yamato_gun_b_460_x4,0.646,0.7,0.63,,,10,45,moga_gun_200_x4,1.238,1.355,0.63,,,10,50,moga_gun_200_x4,1.238,1.355,0.63,,,10,45,yamato_gun_127_x4,1.366,1.47,0.63,,,10,50,yamato_gun_127_x4,1.366,1.47,0.63,,,10,50,yamato_gun_155_x4,1.118,1.2216,0.63,,,10,55,yamato_gun_155_x4,1.118,1.2216,0.63,,,10,55,yamato_gun_25_x4,1.908,2.07,0.63,,,,55,,1.573,1.7075,0.63,,,,50,,1.573,1.7075,0.63,,,,45,,1.573,1.7075,0.63,,,,,,,,,,,,,,,,,,,,,,,,,,,,,,,,,,,,,,,,,,,,,,,,,,,,,,,,,,,,,,,,,,,,,,,,,,,,,,,,,,,,,,,,,,,,,,,,,,,,,,,,,,,,,,,,,,,,,,,,,
11,40,moga_gun_127_x1,1.7275,1.862,1.07,,,11,45,moga_gun_127_x1,1.7275,1.862,1.07,,,11,45,fus_gun_356_x1_a,1.045,1.126,1.07,,,11,50,fus_gun_356_x1_a,1.045,1.126,1.07,,,11,45,yamato_gun_460_x1,0.705,0.759,1.07,,,11,50,yamato_gun_460_x1,0.705,0.759,1.07,,,11,45,yamato_gun_b_460_x1,0.705,0.759,1.07,,,11,50,yamato_gun_b_460_x1,0.705,0.759,1.07,,,11,45,moga_gun_200_x1,1.365,1.482,1.07,,,11,50,moga_gun_200_x1,1.365,1.482,1.07,,,11,45,yamato_gun_127_x1,1.48,1.584,1.07,,,11,50,yamato_gun_127_x1,1.48,1.584,1.07,,,11,50,yamato_gun_155_x1,1.2316,1.3352,1.07,,,11,55,yamato_gun_155_x1,1.2316,1.3352,1.07,,,11,55,yamato_gun_25_x1,2.09,2.252,1.07,,,11,55,akizuki_gun_100_x1,1.7275,1.862,1.07,,,11,50,akizuki_gun_127_x1,1.7275,1.862,1.07,,,11,45,akizuki_gun_b_127_x1,1.7275,1.862,1.07,,,,,,,,,,,,,,,,,,,,,,,,,,,,,,,,,,,,,,,,,,,,,,,,,,,,,,,,,,,,,,,,,,,,,,,,,,,,,,,,,,,,,,,,,,,,,,,,,,,,,,,,,,,,,,,,,,,,,,,,,
11,40,moga_gun_127_x2,1.7275,1.862,0.82,,,11,45,moga_gun_127_x2,1.7275,1.862,0.82,,,11,45,fus_gun_356_x2_a,1.045,1.126,0.82,,,11,50,fus_gun_356_x2_a,1.045,1.126,0.82,,,11,45,yamato_gun_460_x2,0.705,0.759,0.82,,,11,50,yamato_gun_460_x2,0.705,0.759,0.82,,,11,45,yamato_gun_b_460_x2,0.705,0.759,0.82,,,11,50,yamato_gun_b_460_x2,0.705,0.759,0.82,,,11,45,moga_gun_200_x2,1.365,1.482,0.82,,,11,50,moga_gun_200_x2,1.365,1.482,0.82,,,11,45,yamato_gun_127_x2,1.48,1.584,0.82,,,11,50,yamato_gun_127_x2,1.48,1.584,0.82,,,11,50,yamato_gun_155_x2,1.2316,1.3352,0.82,,,11,55,yamato_gun_155_x2,1.2316,1.3352,0.82,,,11,55,yamato_gun_25_x2,2.09,2.252,0.82,,,11,55,akizuki_gun_100_x2,1.7275,1.862,0.82,,,11,50,akizuki_gun_127_x2,1.7275,1.862,0.82,,,11,45,akizuki_gun_b_127_x2,1.7275,1.862,0.82,,,,,,,,,,,,,,,,,,,,,,,,,,,,,,,,,,,,,,,,,,,,,,,,,,,,,,,,,,,,,,,,,,,,,,,,,,,,,,,,,,,,,,,,,,,,,,,,,,,,,,,,,,,,,,,,,,,,,,,,,
11,40,moga_gun_127_x3,1.7275,1.862,0.66,,,11,45,moga_gun_127_x3,1.7275,1.862,0.66,,,11,45,fus_gun_356_x3_a,1.045,1.126,0.66,,,11,50,fus_gun_356_x3_a,1.045,1.126,0.66,,,11,45,yamato_gun_460_x3,0.705,0.759,0.66,,,11,50,yamato_gun_460_x3,0.705,0.759,0.66,,,11,45,yamato_gun_b_460_x3,0.705,0.759,0.66,,,11,50,yamato_gun_b_460_x3,0.705,0.759,0.66,,,11,45,moga_gun_200_x3,1.365,1.482,0.66,,,11,50,moga_gun_200_x3,1.365,1.482,0.66,,,11,45,yamato_gun_127_x3,1.48,1.584,0.66,,,11,50,yamato_gun_127_x3,1.48,1.584,0.66,,,11,50,yamato_gun_155_x3,1.2316,1.3352,0.66,,,11,55,yamato_gun_155_x3,1.2316,1.3352,0.66,,,11,55,yamato_gun_25_x3,2.09,2.252,0.66,,,11,55,akizuki_gun_100_x3,1.7275,1.862,0.66,,,11,50,akizuki_gun_127_x3,1.7275,1.862,0.66,,,11,45,akizuki_gun_b_127_x3,1.7275,1.862,0.66,,,,,,,,,,,,,,,,,,,,,,,,,,,,,,,,,,,,,,,,,,,,,,,,,,,,,,,,,,,,,,,,,,,,,,,,,,,,,,,,,,,,,,,,,,,,,,,,,,,,,,,,,,,,,,,,,,,,,,,,,
,40,,1.7275,1.862,0.61,,,,45,,1.7275,1.862,0.61,,,11,45,fus_gun_356_x4_a,1.045,1.126,0.61,,,11,50,fus_gun_356_x4_a,1.045,1.126,0.61,,,11,45,yamato_gun_460_x4,0.705,0.759,0.61,,,11,50,yamato_gun_460_x4,0.705,0.759,0.61,,,11,45,yamato_gun_b_460_x4,0.705,0.759,0.61,,,11,50,yamato_gun_b_460_x4,0.705,0.759,0.61,,,11,45,moga_gun_200_x4,1.365,1.482,0.61,,,11,50,moga_gun_200_x4,1.365,1.482,0.61,,,11,45,yamato_gun_127_x4,1.48,1.584,0.61,,,11,50,yamato_gun_127_x4,1.48,1.584,0.61,,,11,50,yamato_gun_155_x4,1.2316,1.3352,0.61,,,11,55,yamato_gun_155_x4,1.2316,1.3352,0.61,,,11,55,yamato_gun_25_x4,2.09,2.252,0.61,,,,55,,1.7275,1.862,0.61,,,,50,,1.7275,1.862,0.61,,,,45,,1.7275,1.862,0.61,,,,,,,,,,,,,,,,,,,,,,,,,,,,,,,,,,,,,,,,,,,,,,,,,,,,,,,,,,,,,,,,,,,,,,,,,,,,,,,,,,,,,,,,,,,,,,,,,,,,,,,,,,,,,,,,,,,,,,,,,
12,40,moga_gun_127_x1,1.882,2.0165,1.07,,,12,45,moga_gun_127_x1,1.882,2.0165,1.07,,,12,45,fus_gun_356_x1_a,1.136,1.217,1.07,,,12,50,fus_gun_356_x1_a,1.136,1.217,1.07,,,12,45,yamato_gun_460_x1,0.765,0.818,1.07,,,12,50,yamato_gun_460_x1,0.765,0.818,1.07,,,12,45,yamato_gun_b_460_x1,0.765,0.818,1.07,,,12,50,yamato_gun_b_460_x1,0.765,0.818,1.07,,,12,45,moga_gun_200_x1,1.492,1.609,1.07,,,12,50,moga_gun_200_x1,1.492,1.609,1.07,,,12,45,yamato_gun_127_x1,1.594,1.698,1.07,,,12,50,yamato_gun_127_x1,1.594,1.698,1.07,,,12,50,yamato_gun_155_x1,1.3452,1.4488,1.07,,,12,55,yamato_gun_155_x1,1.3452,1.4488,1.07,,,12,55,yamato_gun_25_x1,2.272,2.434,1.07,,,12,55,akizuki_gun_100_x1,1.882,2.0165,1.07,,,12,50,akizuki_gun_127_x1,1.882,2.0165,1.07,,,12,45,akizuki_gun_b_127_x1,1.882,2.0165,1.07,,,,,,,,,,,,,,,,,,,,,,,,,,,,,,,,,,,,,,,,,,,,,,,,,,,,,,,,,,,,,,,,,,,,,,,,,,,,,,,,,,,,,,,,,,,,,,,,,,,,,,,,,,,,,,,,,,,,,,,,,
12,40,moga_gun_127_x2,1.882,2.0165,0.82,,,12,45,moga_gun_127_x2,1.882,2.0165,0.82,,,12,45,fus_gun_356_x2_a,1.136,1.217,0.82,,,12,50,fus_gun_356_x2_a,1.136,1.217,0.82,,,12,45,yamato_gun_460_x2,0.765,0.818,0.82,,,12,50,yamato_gun_460_x2,0.765,0.818,0.82,,,12,45,yamato_gun_b_460_x2,0.765,0.818,0.82,,,12,50,yamato_gun_b_460_x2,0.765,0.818,0.82,,,12,45,moga_gun_200_x2,1.492,1.609,0.82,,,12,50,moga_gun_200_x2,1.492,1.609,0.82,,,12,45,yamato_gun_127_x2,1.594,1.698,0.82,,,12,50,yamato_gun_127_x2,1.594,1.698,0.82,,,12,50,yamato_gun_155_x2,1.3452,1.4488,0.82,,,12,55,yamato_gun_155_x2,1.3452,1.4488,0.82,,,12,55,yamato_gun_25_x2,2.272,2.434,0.82,,,12,55,akizuki_gun_100_x2,1.882,2.0165,0.82,,,12,50,akizuki_gun_127_x2,1.882,2.0165,0.82,,,12,45,akizuki_gun_b_127_x2,1.882,2.0165,0.82,,,,,,,,,,,,,,,,,,,,,,,,,,,,,,,,,,,,,,,,,,,,,,,,,,,,,,,,,,,,,,,,,,,,,,,,,,,,,,,,,,,,,,,,,,,,,,,,,,,,,,,,,,,,,,,,,,,,,,,,,
12,40,moga_gun_127_x3,1.882,2.0165,0.66,,,12,45,moga_gun_127_x3,1.882,2.0165,0.66,,,12,45,fus_gun_356_x3_a,1.136,1.217,0.66,,,12,50,fus_gun_356_x3_a,1.136,1.217,0.66,,,12,45,yamato_gun_460_x3,0.765,0.818,0.66,,,12,50,yamato_gun_460_x3,0.765,0.818,0.66,,,12,45,yamato_gun_b_460_x3,0.765,0.818,0.66,,,12,50,yamato_gun_b_460_x3,0.765,0.818,0.66,,,12,45,moga_gun_200_x3,1.492,1.609,0.66,,,12,50,moga_gun_200_x3,1.492,1.609,0.66,,,12,45,yamato_gun_127_x3,1.594,1.698,0.66,,,12,50,yamato_gun_127_x3,1.594,1.698,0.66,,,12,50,yamato_gun_155_x3,1.3452,1.4488,0.66,,,12,55,yamato_gun_155_x3,1.3452,1.4488,0.66,,,12,55,yamato_gun_25_x3,2.272,2.434,0.66,,,12,55,akizuki_gun_100_x3,1.882,2.0165,0.66,,,12,50,akizuki_gun_127_x3,1.882,2.0165,0.66,,,12,45,akizuki_gun_b_127_x3,1.882,2.0165,0.66,,,,,,,,,,,,,,,,,,,,,,,,,,,,,,,,,,,,,,,,,,,,,,,,,,,,,,,,,,,,,,,,,,,,,,,,,,,,,,,,,,,,,,,,,,,,,,,,,,,,,,,,,,,,,,,,,,,,,,,,,
,40,,1.882,2.0165,0.61,,,,45,,1.882,2.0165,0.61,,,12,45,fus_gun_356_x4_a,1.136,1.217,0.61,,,12,50,fus_gun_356_x4_a,1.136,1.217,0.61,,,12,45,yamato_gun_460_x4,0.765,0.818,0.61,,,12,50,yamato_gun_460_x4,0.765,0.818,0.61,,,12,45,yamato_gun_b_460_x4,0.765,0.818,0.61,,,12,50,yamato_gun_b_460_x4,0.765,0.818,0.61,,,12,45,moga_gun_200_x4,1.492,1.609,0.61,,,12,50,moga_gun_200_x4,1.492,1.609,0.61,,,12,45,yamato_gun_127_x4,1.594,1.698,0.61,,,12,50,yamato_gun_127_x4,1.594,1.698,0.61,,,12,50,yamato_gun_155_x4,1.3452,1.4488,0.61,,,12,55,yamato_gun_155_x4,1.3452,1.4488,0.61,,,12,55,yamato_gun_25_x4,2.272,2.434,0.61,,,,55,,1.882,2.0165,0.61,,,,50,,1.882,2.0165,0.61,,,,45,,1.882,2.0165,0.61,,,,,,,,,,,,,,,,,,,,,,,,,,,,,,,,,,,,,,,,,,,,,,,,,,,,,,,,,,,,,,,,,,,,,,,,,,,,,,,,,,,,,,,,,,,,,,,,,,,,,,,,,,,,,,,,,,,,,,,,,
13,40,moga_gun_127_x1,2.0365,2.171,1.13,,,13,45,moga_gun_127_x1,2.0365,2.171,1.13,,,13,45,fus_gun_356_x1_a,1.227,1.308,1.13,,,13,50,fus_gun_356_x1_a,1.227,1.308,1.13,,,13,45,yamato_gun_460_x1,0.823,0.877,1.13,,,13,50,yamato_gun_460_x1,0.823,0.877,1.13,,,13,45,yamato_gun_b_460_x1,0.823,0.877,1.13,,,13,50,yamato_gun_b_460_x1,0.823,0.877,1.13,,,13,45,moga_gun_200_x1,1.619,1.736,1.13,,,13,50,moga_gun_200_x1,1.619,1.736,1.13,,,13,45,yamato_gun_127_x1,1.708,1.812,1.13,,,13,50,yamato_gun_127_x1,1.708,1.812,1.13,,,13,50,yamato_gun_155_x1,1.4588,1.5624,1.13,,,13,55,yamato_gun_155_x1,1.4588,1.5624,1.13,,,13,55,yamato_gun_25_x1,2.454,2.616,1.13,,,13,55,akizuki_gun_100_x1,2.0365,2.171,1.13,,,13,50,akizuki_gun_127_x1,2.0365,2.171,1.13,,,13,45,akizuki_gun_b_127_x1,2.0365,2.171,1.13,,,,,,,,,,,,,,,,,,,,,,,,,,,,,,,,,,,,,,,,,,,,,,,,,,,,,,,,,,,,,,,,,,,,,,,,,,,,,,,,,,,,,,,,,,,,,,,,,,,,,,,,,,,,,,,,,,,,,,,,,
13,40,moga_gun_127_x2,2.0365,2.171,0.88,,,13,45,moga_gun_127_x2,2.0365,2.171,0.88,,,13,45,fus_gun_356_x2_a,1.227,1.308,0.88,,,13,50,fus_gun_356_x2_a,1.227,1.308,0.88,,,13,45,yamato_gun_460_x2,0.823,0.877,0.88,,,13,50,yamato_gun_460_x2,0.823,0.877,0.88,,,13,45,yamato_gun_b_460_x2,0.823,0.877,0.88,,,13,50,yamato_gun_b_460_x2,0.823,0.877,0.88,,,13,45,moga_gun_200_x2,1.619,1.736,0.88,,,13,50,moga_gun_200_x2,1.619,1.736,0.88,,,13,45,yamato_gun_127_x2,1.708,1.812,0.88,,,13,50,yamato_gun_127_x2,1.708,1.812,0.88,,,13,50,yamato_gun_155_x2,1.4588,1.5624,0.88,,,13,55,yamato_gun_155_x2,1.4588,1.5624,0.88,,,13,55,yamato_gun_25_x2,2.454,2.616,0.88,,,13,55,akizuki_gun_100_x2,2.0365,2.171,0.88,,,13,50,akizuki_gun_127_x2,2.0365,2.171,0.88,,,13,45,akizuki_gun_b_127_x2,2.0365,2.171,0.88,,,,,,,,,,,,,,,,,,,,,,,,,,,,,,,,,,,,,,,,,,,,,,,,,,,,,,,,,,,,,,,,,,,,,,,,,,,,,,,,,,,,,,,,,,,,,,,,,,,,,,,,,,,,,,,,,,,,,,,,,
13,40,moga_gun_127_x3,2.0365,2.171,0.705,,,13,45,moga_gun_127_x3,2.0365,2.171,0.705,,,13,45,fus_gun_356_x3_a,1.227,1.308,0.705,,,13,50,fus_gun_356_x3_a,1.227,1.308,0.705,,,13,45,yamato_gun_460_x3,0.823,0.877,0.705,,,13,50,yamato_gun_460_x3,0.823,0.877,0.705,,,13,45,yamato_gun_b_460_x3,0.823,0.877,0.705,,,13,50,yamato_gun_b_460_x3,0.823,0.877,0.705,,,13,45,moga_gun_200_x3,1.619,1.736,0.705,,,13,50,moga_gun_200_x3,1.619,1.736,0.705,,,13,45,yamato_gun_127_x3,1.708,1.812,0.705,,,13,50,yamato_gun_127_x3,1.708,1.812,0.705,,,13,50,yamato_gun_155_x3,1.4588,1.5624,0.705,,,13,55,yamato_gun_155_x3,1.4588,1.5624,0.705,,,13,55,yamato_gun_25_x3,2.454,2.616,0.705,,,13,55,akizuki_gun_100_x3,2.0365,2.171,0.705,,,13,50,akizuki_gun_127_x3,2.0365,2.171,0.705,,,13,45,akizuki_gun_b_127_x3,2.0365,2.171,0.705,,,,,,,,,,,,,,,,,,,,,,,,,,,,,,,,,,,,,,,,,,,,,,,,,,,,,,,,,,,,,,,,,,,,,,,,,,,,,,,,,,,,,,,,,,,,,,,,,,,,,,,,,,,,,,,,,,,,,,,,,
,40,,2.0365,2.171,0.65,,,,45,,2.0365,2.171,0.65,,,13,45,fus_gun_356_x4_a,1.227,1.308,0.65,,,13,50,fus_gun_356_x4_a,1.227,1.308,0.65,,,13,45,yamato_gun_460_x4,0.823,0.877,0.65,,,13,50,yamato_gun_460_x4,0.823,0.877,0.65,,,13,45,yamato_gun_b_460_x4,0.823,0.877,0.65,,,13,50,yamato_gun_b_460_x4,0.823,0.877,0.65,,,13,45,moga_gun_200_x4,1.619,1.736,0.65,,,13,50,moga_gun_200_x4,1.619,1.736,0.65,,,13,45,yamato_gun_127_x4,1.708,1.812,0.65,,,13,50,yamato_gun_127_x4,1.708,1.812,0.65,,,13,50,yamato_gun_155_x4,1.4588,1.5624,0.65,,,13,55,yamato_gun_155_x4,1.4588,1.5624,0.65,,,13,55,yamato_gun_25_x4,2.454,2.616,0.65,,,,55,,2.0365,2.171,0.65,,,,50,,2.0365,2.171,0.65,,,,45,,2.0365,2.171,0.65,,,,,,,,,,,,,,,,,,,,,,,,,,,,,,,,,,,,,,,,,,,,,,,,,,,,,,,,,,,,,,,,,,,,,,,,,,,,,,,,,,,,,,,,,,,,,,,,,,,,,,,,,,,,,,,,,,,,,,,,,
14,40,moga_gun_127_x1,2.191,2.3255,1.13,,,14,45,moga_gun_127_x1,2.191,2.3255,1.13,,,14,45,fus_gun_356_x1_a,1.318,1.399,1.13,,,14,50,fus_gun_356_x1_a,1.318,1.399,1.13,,,14,45,yamato_gun_460_x1,0.882,0.936,1.13,,,14,50,yamato_gun_460_x1,0.882,0.936,1.13,,,14,45,yamato_gun_b_460_x1,0.882,0.936,1.13,,,14,50,yamato_gun_b_460_x1,0.882,0.936,1.13,,,14,45,moga_gun_200_x1,1.746,1.863,1.13,,,14,50,moga_gun_200_x1,1.746,1.863,1.13,,,14,45,yamato_gun_127_x1,1.822,1.926,1.13,,,14,50,yamato_gun_127_x1,1.822,1.926,1.13,,,14,50,yamato_gun_155_x1,1.5724,1.676,1.13,,,14,55,yamato_gun_155_x1,1.5724,1.676,1.13,,,14,55,yamato_gun_25_x1,2.636,2.798,1.13,,,14,55,akizuki_gun_100_x1,2.191,2.3255,1.13,,,14,50,akizuki_gun_127_x1,2.191,2.3255,1.13,,,14,45,akizuki_gun_b_127_x1,2.191,2.3255,1.13,,,,,,,,,,,,,,,,,,,,,,,,,,,,,,,,,,,,,,,,,,,,,,,,,,,,,,,,,,,,,,,,,,,,,,,,,,,,,,,,,,,,,,,,,,,,,,,,,,,,,,,,,,,,,,,,,,,,,,,,,
14,40,moga_gun_127_x2,2.191,2.3255,0.88,,,14,45,moga_gun_127_x2,2.191,2.3255,0.88,,,14,45,fus_gun_356_x2_a,1.318,1.399,0.88,,,14,50,fus_gun_356_x2_a,1.318,1.399,0.88,,,14,45,yamato_gun_460_x2,0.882,0.936,0.88,,,14,50,yamato_gun_460_x2,0.882,0.936,0.88,,,14,45,yamato_gun_b_460_x2,0.882,0.936,0.88,,,14,50,yamato_gun_b_460_x2,0.882,0.936,0.88,,,14,45,moga_gun_200_x2,1.746,1.863,0.88,,,14,50,moga_gun_200_x2,1.746,1.863,0.88,,,14,45,yamato_gun_127_x2,1.822,1.926,0.88,,,14,50,yamato_gun_127_x2,1.822,1.926,0.88,,,14,50,yamato_gun_155_x2,1.5724,1.676,0.88,,,14,55,yamato_gun_155_x2,1.5724,1.676,0.88,,,14,55,yamato_gun_25_x2,2.636,2.798,0.88,,,14,55,akizuki_gun_100_x2,2.191,2.3255,0.88,,,14,50,akizuki_gun_127_x2,2.191,2.3255,0.88,,,14,45,akizuki_gun_b_127_x2,2.191,2.3255,0.88,,,,,,,,,,,,,,,,,,,,,,,,,,,,,,,,,,,,,,,,,,,,,,,,,,,,,,,,,,,,,,,,,,,,,,,,,,,,,,,,,,,,,,,,,,,,,,,,,,,,,,,,,,,,,,,,,,,,,,,,,
14,40,moga_gun_127_x3,2.191,2.3255,0.705,,,14,45,moga_gun_127_x3,2.191,2.3255,0.705,,,14,45,fus_gun_356_x3_a,1.318,1.399,0.705,,,14,50,fus_gun_356_x3_a,1.318,1.399,0.705,,,14,45,yamato_gun_460_x3,0.882,0.936,0.705,,,14,50,yamato_gun_460_x3,0.882,0.936,0.705,,,14,45,yamato_gun_b_460_x3,0.882,0.936,0.705,,,14,50,yamato_gun_b_460_x3,0.882,0.936,0.705,,,14,45,moga_gun_200_x3,1.746,1.863,0.705,,,14,50,moga_gun_200_x3,1.746,1.863,0.705,,,14,45,yamato_gun_127_x3,1.822,1.926,0.705,,,14,50,yamato_gun_127_x3,1.822,1.926,0.705,,,14,50,yamato_gun_155_x3,1.5724,1.676,0.705,,,14,55,yamato_gun_155_x3,1.5724,1.676,0.705,,,14,55,yamato_gun_25_x3,2.636,2.798,0.705,,,14,55,akizuki_gun_100_x3,2.191,2.3255,0.705,,,14,50,akizuki_gun_127_x3,2.191,2.3255,0.705,,,14,45,akizuki_gun_b_127_x3,2.191,2.3255,0.705,,,,,,,,,,,,,,,,,,,,,,,,,,,,,,,,,,,,,,,,,,,,,,,,,,,,,,,,,,,,,,,,,,,,,,,,,,,,,,,,,,,,,,,,,,,,,,,,,,,,,,,,,,,,,,,,,,,,,,,,,
,40,,2.191,2.3255,0.66,,,,45,,2.191,2.3255,0.66,,,14,45,fus_gun_356_x4_a,1.318,1.399,0.66,,,14,50,fus_gun_356_x4_a,1.318,1.399,0.66,,,14,45,yamato_gun_460_x4,0.882,0.936,0.66,,,14,50,yamato_gun_460_x4,0.882,0.936,0.66,,,14,45,yamato_gun_b_460_x4,0.882,0.936,0.66,,,14,50,yamato_gun_b_460_x4,0.882,0.936,0.66,,,14,45,moga_gun_200_x4,1.746,1.863,0.66,,,14,50,moga_gun_200_x4,1.746,1.863,0.66,,,14,45,yamato_gun_127_x4,1.822,1.926,0.66,,,14,50,yamato_gun_127_x4,1.822,1.926,0.66,,,14,50,yamato_gun_155_x4,1.5724,1.676,0.66,,,14,55,yamato_gun_155_x4,1.5724,1.676,0.66,,,14,55,yamato_gun_25_x4,2.636,2.798,0.66,,,,55,,2.191,2.3255,0.66,,,,50,,2.191,2.3255,0.66,,,,45,,2.191,2.3255,0.66,,,,,,,,,,,,,,,,,,,,,,,,,,,,,,,,,,,,,,,,,,,,,,,,,,,,,,,,,,,,,,,,,,,,,,,,,,,,,,,,,,,,,,,,,,,,,,,,,,,,,,,,,,,,,,,,,,,,,,,,,
15,40,moga_gun_127_x1,2.3455,2.48,1.14,,,15,45,moga_gun_127_x1,2.3455,2.48,1.14,,,15,45,fus_gun_356_x1_a,1.409,1.49,1.14,,,15,50,fus_gun_356_x1_a,1.409,1.49,1.14,,,15,45,yamato_gun_460_x1,0.941,0.995,1.14,,,15,50,yamato_gun_460_x1,0.941,0.995,1.14,,,15,45,yamato_gun_b_460_x1,0.941,0.995,1.14,,,15,50,yamato_gun_b_460_x1,0.941,0.995,1.14,,,15,45,moga_gun_200_x1,1.873,1.99,1.14,,,15,50,moga_gun_200_x1,1.873,1.99,1.14,,,15,45,yamato_gun_127_x1,1.936,2.04,1.14,,,15,50,yamato_gun_127_x1,1.936,2.04,1.14,,,15,50,yamato_gun_155_x1,1.686,1.7896,1.14,,,15,55,yamato_gun_155_x1,1.686,1.7896,1.14,,,15,55,yamato_gun_25_x1,2.818,2.98,1.14,,,15,55,akizuki_gun_100_x1,2.3455,2.48,1.14,,,15,50,akizuki_gun_127_x1,2.3455,2.48,1.14,,,15,45,akizuki_gun_b_127_x1,2.3455,2.48,1.14,,,,,,,,,,,,,,,,,,,,,,,,,,,,,,,,,,,,,,,,,,,,,,,,,,,,,,,,,,,,,,,,,,,,,,,,,,,,,,,,,,,,,,,,,,,,,,,,,,,,,,,,,,,,,,,,,,,,,,,,,
15,40,moga_gun_127_x2,2.3455,2.48,0.9,,,15,45,moga_gun_127_x2,2.3455,2.48,0.9,,,15,45,fus_gun_356_x2_a,1.409,1.49,0.9,,,15,50,fus_gun_356_x2_a,1.409,1.49,0.9,,,15,45,yamato_gun_460_x2,0.941,0.995,0.9,,,15,50,yamato_gun_460_x2,0.941,0.995,0.9,,,15,45,yamato_gun_b_460_x2,0.941,0.995,0.9,,,15,50,yamato_gun_b_460_x2,0.941,0.995,0.9,,,15,45,moga_gun_200_x2,1.873,1.99,0.9,,,15,50,moga_gun_200_x2,1.873,1.99,0.9,,,15,45,yamato_gun_127_x2,1.936,2.04,0.9,,,15,50,yamato_gun_127_x2,1.936,2.04,0.9,,,15,50,yamato_gun_155_x2,1.686,1.7896,0.9,,,15,55,yamato_gun_155_x2,1.686,1.7896,0.9,,,15,55,yamato_gun_25_x2,2.818,2.98,0.9,,,15,55,akizuki_gun_100_x2,2.3455,2.48,0.9,,,15,50,akizuki_gun_127_x2,2.3455,2.48,0.9,,,15,45,akizuki_gun_b_127_x2,2.3455,2.48,0.9,,,,,,,,,,,,,,,,,,,,,,,,,,,,,,,,,,,,,,,,,,,,,,,,,,,,,,,,,,,,,,,,,,,,,,,,,,,,,,,,,,,,,,,,,,,,,,,,,,,,,,,,,,,,,,,,,,,,,,,,,
15,40,moga_gun_127_x3,2.3455,2.48,0.72,,,15,45,moga_gun_127_x3,2.3455,2.48,0.72,,,15,45,fus_gun_356_x3_a,1.409,1.49,0.72,,,15,50,fus_gun_356_x3_a,1.409,1.49,0.72,,,15,45,yamato_gun_460_x3,0.941,0.995,0.72,,,15,50,yamato_gun_460_x3,0.941,0.995,0.72,,,15,45,yamato_gun_b_460_x3,0.941,0.995,0.72,,,15,50,yamato_gun_b_460_x3,0.941,0.995,0.72,,,15,45,moga_gun_200_x3,1.873,1.99,0.72,,,15,50,moga_gun_200_x3,1.873,1.99,0.72,,,15,45,yamato_gun_127_x3,1.936,2.04,0.72,,,15,50,yamato_gun_127_x3,1.936,2.04,0.72,,,15,50,yamato_gun_155_x3,1.686,1.7896,0.72,,,15,55,yamato_gun_155_x3,1.686,1.7896,0.72,,,15,55,yamato_gun_25_x3,2.818,2.98,0.72,,,15,55,akizuki_gun_100_x3,2.3455,2.48,0.72,,,15,50,akizuki_gun_127_x3,2.3455,2.48,0.72,,,15,45,akizuki_gun_b_127_x3,2.3455,2.48,0.72,,,,,,,,,,,,,,,,,,,,,,,,,,,,,,,,,,,,,,,,,,,,,,,,,,,,,,,,,,,,,,,,,,,,,,,,,,,,,,,,,,,,,,,,,,,,,,,,,,,,,,,,,,,,,,,,,,,,,,,,,
,40,,2.3455,2.48,0.675,,,,45,,2.3455,2.48,0.675,,,15,45,fus_gun_356_x4_a,1.409,1.49,0.675,,,15,50,fus_gun_356_x4_a,1.409,1.49,0.675,,,15,45,yamato_gun_460_x4,0.941,0.995,0.675,,,15,50,yamato_gun_460_x4,0.941,0.995,0.675,,,15,45,yamato_gun_b_460_x4,0.941,0.995,0.675,,,15,50,yamato_gun_b_460_x4,0.941,0.995,0.675,,,15,45,moga_gun_200_x4,1.873,1.99,0.675,,,15,50,moga_gun_200_x4,1.873,1.99,0.675,,,15,45,yamato_gun_127_x4,1.936,2.04,0.675,,,15,50,yamato_gun_127_x4,1.936,2.04,0.675,,,15,50,yamato_gun_155_x4,1.686,1.7896,0.675,,,15,55,yamato_gun_155_x4,1.686,1.7896,0.675,,,15,55,yamato_gun_25_x4,2.818,2.98,0.675,,,,55,,2.3455,2.48,0.675,,,,50,,2.3455,2.48,0.675,,,,45,,2.3455,2.48,0.675,,,,,,,,,,,,,,,,,,,,,,,,,,,,,,,,,,,,,,,,,,,,,,,,,,,,,,,,,,,,,,,,,,,,,,,,,,,,,,,,,,,,,,,,,,,,,,,,,,,,,,,,,,,,,,,,,,,,,,,,,
16,40,moga_gun_127_x1,2.5,2.6345,1.15,,,16,45,moga_gun_127_x1,2.5,2.6345,1.15,,,16,45,fus_gun_356_x1_a,1.5,1.581,1.15,,,16,50,fus_gun_356_x1_a,1.5,1.581,1.15,,,16,45,yamato_gun_460_x1,1,1.054,1.15,,,16,50,yamato_gun_460_x1,1,1.054,1.15,,,16,45,yamato_gun_b_460_x1,1,1.054,1.15,,,16,50,yamato_gun_b_460_x1,1,1.054,1.15,,,16,45,moga_gun_200_x1,2,2.117,1.15,,,16,50,moga_gun_200_x1,2,2.117,1.15,,,16,45,yamato_gun_127_x1,2.05,2.154,1.15,,,16,50,yamato_gun_127_x1,2.05,2.154,1.15,,,16,50,yamato_gun_155_x1,1.7996,1.9032,1.15,,,16,55,yamato_gun_155_x1,1.7996,1.9032,1.15,,,16,55,yamato_gun_25_x1,3,3.162,1.15,,,16,55,akizuki_gun_100_x1,2.5,2.6345,1.15,,,16,50,akizuki_gun_127_x1,2.5,2.6345,1.15,,,16,45,akizuki_gun_b_127_x1,2.5,2.6345,1.15,,,,,,,,,,,,,,,,,,,,,,,,,,,,,,,,,,,,,,,,,,,,,,,,,,,,,,,,,,,,,,,,,,,,,,,,,,,,,,,,,,,,,,,,,,,,,,,,,,,,,,,,,,,,,,,,,,,,,,,,,
16,40,moga_gun_127_x2,2.5,2.6345,0.93,,,16,45,moga_gun_127_x2,2.5,2.6345,0.93,,,16,45,fus_gun_356_x2_a,1.5,1.581,0.93,,,16,50,fus_gun_356_x2_a,1.5,1.581,0.93,,,16,45,yamato_gun_460_x2,1,1.054,0.93,,,16,50,yamato_gun_460_x2,1,1.054,0.93,,,16,45,yamato_gun_b_460_x2,1,1.054,0.93,,,16,50,yamato_gun_b_460_x2,1,1.054,0.93,,,16,45,moga_gun_200_x2,2,2.117,0.93,,,16,50,moga_gun_200_x2,2,2.117,0.93,,,16,45,yamato_gun_127_x2,2.05,2.154,0.93,,,16,50,yamato_gun_127_x2,2.05,2.154,0.93,,,16,50,yamato_gun_155_x2,1.7996,1.9032,0.93,,,16,55,yamato_gun_155_x2,1.7996,1.9032,0.93,,,16,55,yamato_gun_25_x2,3,3.162,0.93,,,16,55,akizuki_gun_100_x2,2.5,2.6345,0.93,,,16,50,akizuki_gun_127_x2,2.5,2.6345,0.93,,,16,45,akizuki_gun_b_127_x2,2.5,2.6345,0.93,,,,,,,,,,,,,,,,,,,,,,,,,,,,,,,,,,,,,,,,,,,,,,,,,,,,,,,,,,,,,,,,,,,,,,,,,,,,,,,,,,,,,,,,,,,,,,,,,,,,,,,,,,,,,,,,,,,,,,,,,
16,40,moga_gun_127_x3,2.5,2.6345,0.75,,,16,45,moga_gun_127_x3,2.5,2.6345,0.75,,,16,45,fus_gun_356_x3_a,1.5,1.581,0.75,,,16,50,fus_gun_356_x3_a,1.5,1.581,0.75,,,16,45,yamato_gun_460_x3,1,1.054,0.75,,,16,50,yamato_gun_460_x3,1,1.054,0.75,,,16,45,yamato_gun_b_460_x3,1,1.054,0.75,,,16,50,yamato_gun_b_460_x3,1,1.054,0.75,,,16,45,moga_gun_200_x3,2,2.117,0.75,,,16,50,moga_gun_200_x3,2,2.117,0.75,,,16,45,yamato_gun_127_x3,2.05,2.154,0.75,,,16,50,yamato_gun_127_x3,2.05,2.154,0.75,,,16,50,yamato_gun_155_x3,1.7996,1.9032,0.75,,,16,55,yamato_gun_155_x3,1.7996,1.9032,0.75,,,16,55,yamato_gun_25_x3,3,3.162,0.75,,,16,55,akizuki_gun_100_x3,2.5,2.6345,0.75,,,16,50,akizuki_gun_127_x3,2.5,2.6345,0.75,,,16,45,akizuki_gun_b_127_x3,2.5,2.6345,0.75,,,,,,,,,,,,,,,,,,,,,,,,,,,,,,,,,,,,,,,,,,,,,,,,,,,,,,,,,,,,,,,,,,,,,,,,,,,,,,,,,,,,,,,,,,,,,,,,,,,,,,,,,,,,,,,,,,,,,,,,,
,40,,2.5,2.6345,0.68,,,,45,,2.5,2.6345,0.68,,,16,45,fus_gun_356_x4_a,1.5,1.581,0.68,,,16,50,fus_gun_356_x4_a,1.5,1.581,0.68,,,16,45,yamato_gun_460_x4,1,1.054,0.68,,,16,50,yamato_gun_460_x4,1,1.054,0.68,,,16,45,yamato_gun_b_460_x4,1,1.054,0.68,,,16,50,yamato_gun_b_460_x4,1,1.054,0.68,,,16,45,moga_gun_200_x4,2,2.117,0.68,,,16,50,moga_gun_200_x4,2,2.117,0.68,,,16,45,yamato_gun_127_x4,2.05,2.154,0.68,,,16,50,yamato_gun_127_x4,2.05,2.154,0.68,,,16,50,yamato_gun_155_x4,1.7996,1.9032,0.68,,,16,55,yamato_gun_155_x4,1.7996,1.9032,0.68,,,16,55,yamato_gun_25_x4,3,3.162,0.68,,,,55,,2.5,2.6345,0.68,,,,50,,2.5,2.6345,0.68,,,,45,,2.5,2.6345,0.68,,,,,,,,,,,,,,,,,,,,,,,,,,,,,,,,,,,,,,,,,,,,,,,,,,,,,,,,,,,,,,,,,,,,,,,,,,,,,,,,,,,,,,,,,,,,,,,,,,,,,,,,,,,,,,,,,,,,,,,,,
17,40,moga_gun_127_x1,2.6545,2.789,1.2,,,17,45,moga_gun_127_x1,2.6545,2.789,1.2,,,17,45,fus_gun_356_x1_a,1.591,1.672,1.2,,,17,50,fus_gun_356_x1_a,1.591,1.672,1.2,,,17,45,yamato_gun_460_x1,1.059,1.113,1.2,,,17,50,yamato_gun_460_x1,1.059,1.113,1.2,,,17,45,yamato_gun_b_460_x1,1.059,1.113,1.2,,,17,50,yamato_gun_b_460_x1,1.059,1.113,1.2,,,17,45,moga_gun_200_x1,2.127,2.244,1.2,,,17,50,moga_gun_200_x1,2.127,2.244,1.2,,,17,45,yamato_gun_127_x1,2.164,2.268,1.2,,,17,50,yamato_gun_127_x1,2.164,2.268,1.2,,,17,50,yamato_gun_155_x1,1.9132,2.0168,1.2,,,17,55,yamato_gun_155_x1,1.9132,2.0168,1.2,,,17,55,yamato_gun_25_x1,3.182,3.344,1.2,,,17,55,akizuki_gun_100_x1,2.6545,2.789,1.2,,,17,50,akizuki_gun_127_x1,2.6545,2.789,1.2,,,17,45,akizuki_gun_b_127_x1,2.6545,2.789,1.2,,,,,,,,,,,,,,,,,,,,,,,,,,,,,,,,,,,,,,,,,,,,,,,,,,,,,,,,,,,,,,,,,,,,,,,,,,,,,,,,,,,,,,,,,,,,,,,,,,,,,,,,,,,,,,,,,,,,,,,,,
17,40,moga_gun_127_x2,2.6545,2.789,0.95,,,17,45,moga_gun_127_x2,2.6545,2.789,0.95,,,17,45,fus_gun_356_x2_a,1.591,1.672,0.95,,,17,50,fus_gun_356_x2_a,1.591,1.672,0.95,,,17,45,yamato_gun_460_x2,1.059,1.113,0.95,,,17,50,yamato_gun_460_x2,1.059,1.113,0.95,,,17,45,yamato_gun_b_460_x2,1.059,1.113,0.95,,,17,50,yamato_gun_b_460_x2,1.059,1.113,0.95,,,17,45,moga_gun_200_x2,2.127,2.244,0.95,,,17,50,moga_gun_200_x2,2.127,2.244,0.95,,,17,45,yamato_gun_127_x2,2.164,2.268,0.95,,,17,50,yamato_gun_127_x2,2.164,2.268,0.95,,,17,50,yamato_gun_155_x2,1.9132,2.0168,0.95,,,17,55,yamato_gun_155_x2,1.9132,2.0168,0.95,,,17,55,yamato_gun_25_x2,3.182,3.344,0.95,,,17,55,akizuki_gun_100_x2,2.6545,2.789,0.95,,,17,50,akizuki_gun_127_x2,2.6545,2.789,0.95,,,17,45,akizuki_gun_b_127_x2,2.6545,2.789,0.95,,,,,,,,,,,,,,,,,,,,,,,,,,,,,,,,,,,,,,,,,,,,,,,,,,,,,,,,,,,,,,,,,,,,,,,,,,,,,,,,,,,,,,,,,,,,,,,,,,,,,,,,,,,,,,,,,,,,,,,,,
17,40,moga_gun_127_x3,2.6545,2.789,0.775,,,17,45,moga_gun_127_x3,2.6545,2.789,0.775,,,17,45,fus_gun_356_x3_a,1.591,1.672,0.775,,,17,50,fus_gun_356_x3_a,1.591,1.672,0.775,,,17,45,yamato_gun_460_x3,1.059,1.113,0.775,,,17,50,yamato_gun_460_x3,1.059,1.113,0.775,,,17,45,yamato_gun_b_460_x3,1.059,1.113,0.775,,,17,50,yamato_gun_b_460_x3,1.059,1.113,0.775,,,17,45,moga_gun_200_x3,2.127,2.244,0.775,,,17,50,moga_gun_200_x3,2.127,2.244,0.775,,,17,45,yamato_gun_127_x3,2.164,2.268,0.775,,,17,50,yamato_gun_127_x3,2.164,2.268,0.775,,,17,50,yamato_gun_155_x3,1.9132,2.0168,0.775,,,17,55,yamato_gun_155_x3,1.9132,2.0168,0.775,,,17,55,yamato_gun_25_x3,3.182,3.344,0.775,,,17,55,akizuki_gun_100_x3,2.6545,2.789,0.775,,,17,50,akizuki_gun_127_x3,2.6545,2.789,0.775,,,17,45,akizuki_gun_b_127_x3,2.6545,2.789,0.775,,,,,,,,,,,,,,,,,,,,,,,,,,,,,,,,,,,,,,,,,,,,,,,,,,,,,,,,,,,,,,,,,,,,,,,,,,,,,,,,,,,,,,,,,,,,,,,,,,,,,,,,,,,,,,,,,,,,,,,,,
,40,,2.6545,2.789,0.71,,,,45,,2.6545,2.789,0.71,,,17,45,fus_gun_356_x4_a,1.591,1.672,0.71,,,17,50,fus_gun_356_x4_a,1.591,1.672,0.71,,,17,45,yamato_gun_460_x4,1.059,1.113,0.71,,,17,50,yamato_gun_460_x4,1.059,1.113,0.71,,,17,45,yamato_gun_b_460_x4,1.059,1.113,0.71,,,17,50,yamato_gun_b_460_x4,1.059,1.113,0.71,,,17,45,moga_gun_200_x4,2.127,2.244,0.71,,,17,50,moga_gun_200_x4,2.127,2.244,0.71,,,17,45,yamato_gun_127_x4,2.164,2.268,0.71,,,17,50,yamato_gun_127_x4,2.164,2.268,0.71,,,17,50,yamato_gun_155_x4,1.9132,2.0168,0.71,,,17,55,yamato_gun_155_x4,1.9132,2.0168,0.71,,,17,55,yamato_gun_25_x4,3.182,3.344,0.71,,,,55,,2.6545,2.789,0.71,,,,50,,2.6545,2.789,0.71,,,,45,,2.6545,2.789,0.71,,,,,,,,,,,,,,,,,,,,,,,,,,,,,,,,,,,,,,,,,,,,,,,,,,,,,,,,,,,,,,,,,,,,,,,,,,,,,,,,,,,,,,,,,,,,,,,,,,,,,,,,,,,,,,,,,,,,,,,,,
18,40,moga_gun_127_x1,2.809,2.9435,1.23,,,18,45,moga_gun_127_x1,2.809,2.9435,1.23,,,18,45,fus_gun_356_x1_a,1.682,1.763,1.23,,,18,50,fus_gun_356_x1_a,1.682,1.763,1.23,,,18,45,yamato_gun_460_x1,1.118,1.172,1.23,,,18,50,yamato_gun_460_x1,1.118,1.172,1.23,,,18,45,yamato_gun_b_460_x1,1.118,1.172,1.23,,,18,50,yamato_gun_b_460_x1,1.118,1.172,1.23,,,18,45,moga_gun_200_x1,2.254,2.371,1.23,,,18,50,moga_gun_200_x1,2.254,2.371,1.23,,,18,45,yamato_gun_127_x1,2.278,2.392,1.23,,,18,50,yamato_gun_127_x1,2.278,2.392,1.23,,,18,50,yamato_gun_155_x1,2.0268,2.1304,1.23,,,18,55,yamato_gun_155_x1,2.0268,2.1304,1.23,,,18,55,yamato_gun_25_x1,3.364,3.526,1.23,,,18,55,akizuki_gun_100_x1,2.809,2.9435,1.23,,,18,50,akizuki_gun_127_x1,2.809,2.9435,1.23,,,18,45,akizuki_gun_b_127_x1,2.809,2.9435,1.23,,,,,,,,,,,,,,,,,,,,,,,,,,,,,,,,,,,,,,,,,,,,,,,,,,,,,,,,,,,,,,,,,,,,,,,,,,,,,,,,,,,,,,,,,,,,,,,,,,,,,,,,,,,,,,,,,,,,,,,,,
18,40,moga_gun_127_x2,2.809,2.9435,0.985,,,18,45,moga_gun_127_x2,2.809,2.9435,0.985,,,18,45,fus_gun_356_x2_a,1.682,1.763,0.985,,,18,50,fus_gun_356_x2_a,1.682,1.763,0.985,,,18,45,yamato_gun_460_x2,1.118,1.172,0.985,,,18,50,yamato_gun_460_x2,1.118,1.172,0.985,,,18,45,yamato_gun_b_460_x2,1.118,1.172,0.985,,,18,50,yamato_gun_b_460_x2,1.118,1.172,0.985,,,18,45,moga_gun_200_x2,2.254,2.371,0.985,,,18,50,moga_gun_200_x2,2.254,2.371,0.985,,,18,45,yamato_gun_127_x2,2.278,2.392,0.985,,,18,50,yamato_gun_127_x2,2.278,2.392,0.985,,,18,50,yamato_gun_155_x2,2.0268,2.1304,0.985,,,18,55,yamato_gun_155_x2,2.0268,2.1304,0.985,,,18,55,yamato_gun_25_x2,3.364,3.526,0.985,,,18,55,akizuki_gun_100_x2,2.809,2.9435,0.985,,,18,50,akizuki_gun_127_x2,2.809,2.9435,0.985,,,18,45,akizuki_gun_b_127_x2,2.809,2.9435,0.985,,,,,,,,,,,,,,,,,,,,,,,,,,,,,,,,,,,,,,,,,,,,,,,,,,,,,,,,,,,,,,,,,,,,,,,,,,,,,,,,,,,,,,,,,,,,,,,,,,,,,,,,,,,,,,,,,,,,,,,,,
18,40,moga_gun_127_x3,2.809,2.9435,0.81,,,18,45,moga_gun_127_x3,2.809,2.9435,0.81,,,18,45,fus_gun_356_x3_a,1.682,1.763,0.81,,,18,50,fus_gun_356_x3_a,1.682,1.763,0.81,,,18,45,yamato_gun_460_x3,1.118,1.172,0.81,,,18,50,yamato_gun_460_x3,1.118,1.172,0.81,,,18,45,yamato_gun_b_460_x3,1.118,1.172,0.81,,,18,50,yamato_gun_b_460_x3,1.118,1.172,0.81,,,18,45,moga_gun_200_x3,2.254,2.371,0.81,,,18,50,moga_gun_200_x3,2.254,2.371,0.81,,,18,45,yamato_gun_127_x3,2.278,2.392,0.81,,,18,50,yamato_gun_127_x3,2.278,2.392,0.81,,,18,50,yamato_gun_155_x3,2.0268,2.1304,0.81,,,18,55,yamato_gun_155_x3,2.0268,2.1304,0.81,,,18,55,yamato_gun_25_x3,3.364,3.526,0.81,,,18,55,akizuki_gun_100_x3,2.809,2.9435,0.81,,,18,50,akizuki_gun_127_x3,2.809,2.9435,0.81,,,18,45,akizuki_gun_b_127_x3,2.809,2.9435,0.81,,,,,,,,,,,,,,,,,,,,,,,,,,,,,,,,,,,,,,,,,,,,,,,,,,,,,,,,,,,,,,,,,,,,,,,,,,,,,,,,,,,,,,,,,,,,,,,,,,,,,,,,,,,,,,,,,,,,,,,,,
,40,,2.809,2.9435,0.735,,,,45,,2.809,2.9435,0.735,,,18,45,fus_gun_356_x4_a,1.682,1.763,0.735,,,18,50,fus_gun_356_x4_a,1.682,1.763,0.735,,,18,45,yamato_gun_460_x4,1.118,1.172,0.735,,,18,50,yamato_gun_460_x4,1.118,1.172,0.735,,,18,45,yamato_gun_b_460_x4,1.118,1.172,0.735,,,18,50,yamato_gun_b_460_x4,1.118,1.172,0.735,,,18,45,moga_gun_200_x4,2.254,2.371,0.735,,,18,50,moga_gun_200_x4,2.254,2.371,0.735,,,18,45,yamato_gun_127_x4,2.278,2.392,0.735,,,18,50,yamato_gun_127_x4,2.278,2.392,0.735,,,18,50,yamato_gun_155_x4,2.0268,2.1304,0.735,,,18,55,yamato_gun_155_x4,2.0268,2.1304,0.735,,,18,55,yamato_gun_25_x4,3.364,3.526,0.735,,,,55,,2.809,2.9435,0.735,,,,50,,2.809,2.9435,0.735,,,,45,,2.809,2.9435,0.735,,,,,,,,,,,,,,,,,,,,,,,,,,,,,,,,,,,,,,,,,,,,,,,,,,,,,,,,,,,,,,,,,,,,,,,,,,,,,,,,,,,,,,,,,,,,,,,,,,,,,,,,,,,,,,,,,,,,,,,,,
19,40,moga_gun_127_x1,2.9635,3.098,1.16,,,19,45,moga_gun_127_x1,2.9635,3.098,1.16,,,19,45,fus_gun_356_x1_a,1.773,1.854,1.16,,,19,50,fus_gun_356_x1_a,1.773,1.854,1.16,,,19,45,yamato_gun_460_x1,1.177,1.231,1.16,,,19,50,yamato_gun_460_x1,1.177,1.231,1.16,,,19,45,yamato_gun_b_460_x1,1.177,1.231,1.16,,,19,50,yamato_gun_b_460_x1,1.177,1.231,1.16,,,19,45,moga_gun_200_x1,2.381,2.498,1.16,,,19,50,moga_gun_200_x1,2.381,2.498,1.16,,,19,45,yamato_gun_127_x1,2.392,2.496,1.16,,,19,50,yamato_gun_127_x1,2.392,2.496,1.16,,,19,50,yamato_gun_155_x1,2.1404,2.244,1.16,,,19,55,yamato_gun_155_x1,2.1404,2.244,1.16,,,19,55,yamato_gun_25_x1,3.546,3.708,1.16,,,19,55,akizuki_gun_100_x1,2.9635,3.098,1.16,,,19,50,akizuki_gun_127_x1,2.9635,3.098,1.16,,,19,45,akizuki_gun_b_127_x1,2.9635,3.098,1.16,,,,,,,,,,,,,,,,,,,,,,,,,,,,,,,,,,,,,,,,,,,,,,,,,,,,,,,,,,,,,,,,,,,,,,,,,,,,,,,,,,,,,,,,,,,,,,,,,,,,,,,,,,,,,,,,,,,,,,,,,
19,40,moga_gun_127_x2,2.9635,3.098,0.95,,,19,45,moga_gun_127_x2,2.9635,3.098,0.95,,,19,45,fus_gun_356_x2_a,1.773,1.854,0.95,,,19,50,fus_gun_356_x2_a,1.773,1.854,0.95,,,19,45,yamato_gun_460_x2,1.177,1.231,0.95,,,19,50,yamato_gun_460_x2,1.177,1.231,0.95,,,19,45,yamato_gun_b_460_x2,1.177,1.231,0.95,,,19,50,yamato_gun_b_460_x2,1.177,1.231,0.95,,,19,45,moga_gun_200_x2,2.381,2.498,0.95,,,19,50,moga_gun_200_x2,2.381,2.498,0.95,,,19,45,yamato_gun_127_x2,2.392,2.496,0.95,,,19,50,yamato_gun_127_x2,2.392,2.496,0.95,,,19,50,yamato_gun_155_x2,2.1404,2.244,0.95,,,19,55,yamato_gun_155_x2,2.1404,2.244,0.95,,,19,55,yamato_gun_25_x2,3.546,3.708,0.95,,,19,55,akizuki_gun_100_x2,2.9635,3.098,0.95,,,19,50,akizuki_gun_127_x2,2.9635,3.098,0.95,,,19,45,akizuki_gun_b_127_x2,2.9635,3.098,0.95,,,,,,,,,,,,,,,,,,,,,,,,,,,,,,,,,,,,,,,,,,,,,,,,,,,,,,,,,,,,,,,,,,,,,,,,,,,,,,,,,,,,,,,,,,,,,,,,,,,,,,,,,,,,,,,,,,,,,,,,,
19,40,moga_gun_127_x3,2.9635,3.098,0.78,,,19,45,moga_gun_127_x3,2.9635,3.098,0.78,,,19,45,fus_gun_356_x3_a,1.773,1.854,0.78,,,19,50,fus_gun_356_x3_a,1.773,1.854,0.78,,,19,45,yamato_gun_460_x3,1.177,1.231,0.78,,,19,50,yamato_gun_460_x3,1.177,1.231,0.78,,,19,45,yamato_gun_b_460_x3,1.177,1.231,0.78,,,19,50,yamato_gun_b_460_x3,1.177,1.231,0.78,,,19,45,moga_gun_200_x3,2.381,2.498,0.78,,,19,50,moga_gun_200_x3,2.381,2.498,0.78,,,19,45,yamato_gun_127_x3,2.392,2.496,0.78,,,19,50,yamato_gun_127_x3,2.392,2.496,0.78,,,19,50,yamato_gun_155_x3,2.1404,2.244,0.78,,,19,55,yamato_gun_155_x3,2.1404,2.244,0.78,,,19,55,yamato_gun_25_x3,3.546,3.708,0.78,,,19,55,akizuki_gun_100_x3,2.9635,3.098,0.78,,,19,50,akizuki_gun_127_x3,2.9635,3.098,0.78,,,19,45,akizuki_gun_b_127_x3,2.9635,3.098,0.78,,,,,,,,,,,,,,,,,,,,,,,,,,,,,,,,,,,,,,,,,,,,,,,,,,,,,,,,,,,,,,,,,,,,,,,,,,,,,,,,,,,,,,,,,,,,,,,,,,,,,,,,,,,,,,,,,,,,,,,,,
,40,,2.9635,3.098,0.725,,,,45,,2.9635,3.098,0.725,,,19,45,fus_gun_356_x4_a,1.773,1.854,0.725,,,19,50,fus_gun_356_x4_a,1.773,1.854,0.725,,,19,45,yamato_gun_460_x4,1.177,1.231,0.725,,,19,50,yamato_gun_460_x4,1.177,1.231,0.725,,,19,45,yamato_gun_b_460_x4,1.177,1.231,0.725,,,19,50,yamato_gun_b_460_x4,1.177,1.231,0.725,,,19,45,moga_gun_200_x4,2.381,2.498,0.725,,,19,50,moga_gun_200_x4,2.381,2.498,0.725,,,19,45,yamato_gun_127_x4,2.392,2.496,0.725,,,19,50,yamato_gun_127_x4,2.392,2.496,0.725,,,19,50,yamato_gun_155_x4,2.1404,2.244,0.725,,,19,55,yamato_gun_155_x4,2.1404,2.244,0.725,,,19,55,yamato_gun_25_x4,3.546,3.708,0.725,,,,55,,2.9635,3.098,0.725,,,,50,,2.9635,3.098,0.725,,,,45,,2.9635,3.098,0.725,,,,,,,,,,,,,,,,,,,,,,,,,,,,,,,,,,,,,,,,,,,,,,,,,,,,,,,,,,,,,,,,,,,,,,,,,,,,,,,,,,,,,,,,,,,,,,,,,,,,,,,,,,,,,,,,,,,,,,,,,
20,40,moga_gun_127_x1,3.118,3.2525,1.05,,,20,45,moga_gun_127_x1,3.118,3.2525,1.05,,,20,45,fus_gun_356_x1_a,1.864,1.945,1.05,,,20,50,fus_gun_356_x1_a,1.864,1.945,1.05,,,20,45,yamato_gun_460_x1,1.236,1.29,1.05,,,20,50,yamato_gun_460_x1,1.236,1.29,1.05,,,20,45,yamato_gun_b_460_x1,1.236,1.29,1.05,,,20,50,yamato_gun_b_460_x1,1.236,1.29,1.05,,,20,45,moga_gun_200_x1,2.508,2.625,1.05,,,20,50,moga_gun_200_x1,2.508,2.625,1.05,,,20,45,yamato_gun_127_x1,2.506,2.61,1.05,,,20,50,yamato_gun_127_x1,2.506,2.61,1.05,,,20,50,yamato_gun_155_x1,2.254,2.3576,1.05,,,20,55,yamato_gun_155_x1,2.254,2.3576,1.05,,,20,55,yamato_gun_25_x1,3.728,3.89,1.05,,,20,55,akizuki_gun_100_x1,3.118,3.2525,1.05,,,20,50,akizuki_gun_127_x1,3.118,3.2525,1.05,,,20,45,akizuki_gun_b_127_x1,3.118,3.2525,1.05,,,,,,,,,,,,,,,,,,,,,,,,,,,,,,,,,,,,,,,,,,,,,,,,,,,,,,,,,,,,,,,,,,,,,,,,,,,,,,,,,,,,,,,,,,,,,,,,,,,,,,,,,,,,,,,,,,,,,,,,,
20,40,moga_gun_127_x2,3.118,3.2525,0.85,,,20,45,moga_gun_127_x2,3.118,3.2525,0.85,,,20,45,fus_gun_356_x2_a,1.864,1.945,0.85,,,20,50,fus_gun_356_x2_a,1.864,1.945,0.85,,,20,45,yamato_gun_460_x2,1.236,1.29,0.85,,,20,50,yamato_gun_460_x2,1.236,1.29,0.85,,,20,45,yamato_gun_b_460_x2,1.236,1.29,0.85,,,20,50,yamato_gun_b_460_x2,1.236,1.29,0.85,,,20,45,moga_gun_200_x2,2.508,2.625,0.85,,,20,50,moga_gun_200_x2,2.508,2.625,0.85,,,20,45,yamato_gun_127_x2,2.506,2.61,0.85,,,20,50,yamato_gun_127_x2,2.506,2.61,0.85,,,20,50,yamato_gun_155_x2,2.254,2.3576,0.85,,,20,55,yamato_gun_155_x2,2.254,2.3576,0.85,,,20,55,yamato_gun_25_x2,3.728,3.89,0.85,,,20,55,akizuki_gun_100_x2,3.118,3.2525,0.85,,,20,50,akizuki_gun_127_x2,3.118,3.2525,0.85,,,20,45,akizuki_gun_b_127_x2,3.118,3.2525,0.85,,,,,,,,,,,,,,,,,,,,,,,,,,,,,,,,,,,,,,,,,,,,,,,,,,,,,,,,,,,,,,,,,,,,,,,,,,,,,,,,,,,,,,,,,,,,,,,,,,,,,,,,,,,,,,,,,,,,,,,,,
20,40,moga_gun_127_x3,3.118,3.2525,0.7,,,20,45,moga_gun_127_x3,3.118,3.2525,0.7,,,20,45,fus_gun_356_x3_a,1.864,1.945,0.7,,,20,50,fus_gun_356_x3_a,1.864,1.945,0.7,,,20,45,yamato_gun_460_x3,1.236,1.29,0.7,,,20,50,yamato_gun_460_x3,1.236,1.29,0.7,,,20,45,yamato_gun_b_460_x3,1.236,1.29,0.7,,,20,50,yamato_gun_b_460_x3,1.236,1.29,0.7,,,20,45,moga_gun_200_x3,2.508,2.625,0.7,,,20,50,moga_gun_200_x3,2.508,2.625,0.7,,,20,45,yamato_gun_127_x3,2.506,2.61,0.7,,,20,50,yamato_gun_127_x3,2.506,2.61,0.7,,,20,50,yamato_gun_155_x3,2.254,2.3576,0.7,,,20,55,yamato_gun_155_x3,2.254,2.3576,0.7,,,20,55,yamato_gun_25_x3,3.728,3.89,0.7,,,20,55,akizuki_gun_100_x3,3.118,3.2525,0.7,,,20,50,akizuki_gun_127_x3,3.118,3.2525,0.7,,,20,45,akizuki_gun_b_127_x3,3.118,3.2525,0.7,,,,,,,,,,,,,,,,,,,,,,,,,,,,,,,,,,,,,,,,,,,,,,,,,,,,,,,,,,,,,,,,,,,,,,,,,,,,,,,,,,,,,,,,,,,,,,,,,,,,,,,,,,,,,,,,,,,,,,,,,
,40,,3.118,3.2525,0.65,,,,45,,3.118,3.2525,0.65,,,20,45,fus_gun_356_x4_a,1.864,1.945,0.65,,,20,50,fus_gun_356_x4_a,1.864,1.945,0.65,,,20,45,yamato_gun_460_x4,1.236,1.29,0.65,,,20,50,yamato_gun_460_x4,1.236,1.29,0.65,,,20,45,yamato_gun_b_460_x4,1.236,1.29,0.65,,,20,50,yamato_gun_b_460_x4,1.236,1.29,0.65,,,20,45,moga_gun_200_x4,2.508,2.625,0.65,,,20,50,moga_gun_200_x4,2.508,2.625,0.65,,,20,45,yamato_gun_127_x4,2.506,2.61,0.65,,,20,50,yamato_gun_127_x4,2.506,2.61,0.65,,,20,50,yamato_gun_155_x4,2.254,2.3576,0.65,,,20,55,yamato_gun_155_x4,2.254,2.3576,0.65,,,20,55,yamato_gun_25_x4,3.728,3.89,0.65,,,,55,,3.118,3.2525,0.65,,,,50,,3.118,3.2525,0.65,,,,45,,3.118,3.2525,0.65,,,,,,,,,,,,,,,,,,,,,,,,,,,,,,,,,,,,,,,,,,,,,,,,,,,,,,,,,,,,,,,,,,,,,,,,,,,,,,,,,,,,,,,,,,,,,,,,,,,,,,,,,,,,,,,,,,,,,,,,,
,,FRANCE,,,,,,,,,,,,,,,,,,,,,,,,,,,,,,,,,,,,,,,,,,,,,,,,,,,,,,,,,,,,,,,,,,,,,,,,,,,,,,,,,,,,,,,,,,,,,,,,,,,,,,,,,,,,,,,,,,,,,,,,,,,,,,,,,,,,,,,,,,,,,,,,,,,,,,,,,,,,,,,,,,,,,,,,,,,,,,,,,,,,,,,,,,,,,,,,,,,,,,,,,,,,,,,,,,,,,,,,,,,,,,,,,,,,,,,,,,,,,,,,,,,,,,,,,,,,,,,,,,,,
2,,massena_gun_138_x1,0.452,0.614,0.92,,,2,,bouvet_gun_138_x1,0.452,0.614,0.92,,,2,,dante_gun_240_x1,0.248,0.356,0.92,,,2,,bouvet_gun_305_x1,0.248,0.356,0.92,,,2,,dante_gun_305_x1,0.226,0.307,0.92,,,2,45,dant_gun_245_x1,0.248,0.356,0.92,,,2,50,dant_gun_245_x1,0.248,0.356,0.92,,,2,45,richelieu_gun_380_x1,0.1452,0.2084,0.92,,,2,50,richelieu_gun_380_x1,0.1452,0.2084,0.92,,,2,50,richelieu_gun_152_x1,0.224,0.324,0.92,,,2,45,rich_gun_cal130_x1,0.596,0.722,0.92,,,2,50,richelieu_gun_100_x1,0.726,0.897,0.92,,,2,45,,0.1452,0.2084,,,,2,50,,0.1452,0.2084,,,,2,55,,0.596,0.722,,,,2,60,,0.596,0.722,,,,,,,,,,,,,,,,,,,,,,,,,,,,,,,,,,,,,,,,,,,,,,,,,,,,,,,,,,,,,,,,,,,,,,,,,,,,,,,,,,,,,,,,,,,,,,,,,,,,,,,,,,,,,,,,,,,,,,,,,,,,,,,,,,,,,,,,,,
2,,massena_gun_138_x2,0.452,0.614,0.7,,,2,,bouvet_gun_138_x2,0.452,0.614,0.7,,,2,,dante_gun_240_x2,0.248,0.356,0.7,,,2,,bouvet_gun_305_x2,0.248,0.356,0.7,,,2,,dante_gun_305_x2,0.226,0.307,0.7,,,2,45,dant_gun_245_x2,0.248,0.356,0.7,,,2,50,dant_gun_245_x2,0.248,0.356,0.7,,,2,45,richelieu_gun_380_x2,0.1452,0.2084,0.7,,,2,50,richelieu_gun_380_x2,0.1452,0.2084,0.7,,,2,50,richelieu_gun_152_x2,0.224,0.324,0.7,,,2,45,rich_gun_cal130_x2,0.596,0.722,0.7,,,2,50,richelieu_gun_100_x2,0.726,0.897,0.7,,,2,45,,0.1452,0.2084,,,,2,50,,0.1452,0.2084,,,,2,55,,0.596,0.722,,,,2,60,,0.596,0.722,,,,,,,,,,,,,,,,,,,,,,,,,,,,,,,,,,,,,,,,,,,,,,,,,,,,,,,,,,,,,,,,,,,,,,,,,,,,,,,,,,,,,,,,,,,,,,,,,,,,,,,,,,,,,,,,,,,,,,,,,,,,,,,,,,,,,,,,,,
2,,,0.452,0.614,0.55,,,2,,,0.452,0.614,0.55,,,2,,,0.248,0.356,0.55,,,2,,,0.248,0.356,0.55,,,2,,,0.226,0.307,0.55,,,2,45,dant_gun_245_x3,0.248,0.356,0.55,,,2,50,dant_gun_245_x3,0.248,0.356,0.55,,,2,45,richelieu_gun_380_x3,0.1452,0.2084,0.55,,,2,50,richelieu_gun_380_x3,0.1452,0.2084,0.55,,,2,50,richelieu_gun_152_x3,0.224,0.324,0.55,,,2,45,rich_gun_cal130_x3,0.596,0.722,0.55,,,2,50,richelieu_gun_100_x3,0.726,0.897,0.55,,,2,45,,0.1452,0.2084,,,,2,50,,0.1452,0.2084,,,,2,55,,0.596,0.722,,,,2,60,,0.596,0.722,,,,,,,,,,,,,,,,,,,,,,,,,,,,,,,,,,,,,,,,,,,,,,,,,,,,,,,,,,,,,,,,,,,,,,,,,,,,,,,,,,,,,,,,,,,,,,,,,,,,,,,,,,,,,,,,,,,,,,,,,,,,,,,,,,,,,,,,,,
,,,0.452,0.614,0.5,,,,,,0.452,0.614,0.5,,,,,,0.248,0.356,0.5,,,,,,0.248,0.356,0.5,,,,,,0.226,0.307,0.5,,,2,45,dant_gun_245_x4,0.248,0.356,0.5,,,2,50,dant_gun_245_x4,0.248,0.356,0.5,,,2,45,richelieu_gun_380_x4,0.1452,0.2084,0.5,,,2,50,richelieu_gun_380_x4,0.1452,0.2084,0.5,,,2,50,richelieu_gun_152_x4,0.224,0.324,0.5,,,2,45,rich_gun_cal130_x4,0.596,0.722,0.5,,,2,50,richelieu_gun_100_x4,0.726,0.897,0.5,,,2,45,richelieu_gun_b_380_x4,0.1452,0.2084,0.55,,,2,50,richelieu_gun_b_380_x4,0.1452,0.2084,0.55,,,2,55,richelieu_gun_120_x4,0.596,0.722,0.55,,,2,60,richelieu_gun_120_x4,0.596,0.722,0.55,,,,,,,,,,,,,,,,,,,,,,,,,,,,,,,,,,,,,,,,,,,,,,,,,,,,,,,,,,,,,,,,,,,,,,,,,,,,,,,,,,,,,,,,,,,,,,,,,,,,,,,,,,,,,,,,,,,,,,,,,,,,,,,,,,,,,,,,,
3,,massena_gun_138_x1,0.634,0.796,1.45,,,3,,bouvet_gun_138_x1,0.634,0.796,1.45,,,3,,dante_gun_240_x1,0.366,0.474,1.45,,,3,,bouvet_gun_305_x1,0.366,0.474,1.45,,,3,,dante_gun_305_x1,0.317,0.398,1.45,,,3,45,dant_gun_245_x1,0.366,0.474,1.45,,,3,50,dant_gun_245_x1,0.366,0.474,1.45,,,3,45,richelieu_gun_380_x1,0.2134,0.2766,1.45,,,3,50,richelieu_gun_380_x1,0.2134,0.2766,1.45,,,3,50,richelieu_gun_152_x1,0.333,0.433,1.45,,,3,45,rich_gun_cal130_x1,0.732,0.858,1.45,,,3,50,richelieu_gun_100_x1,0.917,1.088,1.45,,,3,45,,0.2134,0.2766,,,,3,50,,0.2134,0.2766,,,,3,55,,0.732,0.858,,,,3,60,,0.732,0.858,,,,,,,,,,,,,,,,,,,,,,,,,,,,,,,,,,,,,,,,,,,,,,,,,,,,,,,,,,,,,,,,,,,,,,,,,,,,,,,,,,,,,,,,,,,,,,,,,,,,,,,,,,,,,,,,,,,,,,,,,,,,,,,,,,,,,,,,,,
3,,massena_gun_138_x2,0.634,0.796,1.08,,,3,,bouvet_gun_138_x2,0.634,0.796,1.08,,,3,,dante_gun_240_x2,0.366,0.474,1.08,,,3,,bouvet_gun_305_x2,0.366,0.474,1.08,,,3,,dante_gun_305_x2,0.317,0.398,1.08,,,3,45,dant_gun_245_x2,0.366,0.474,1.08,,,3,50,dant_gun_245_x2,0.366,0.474,1.08,,,3,45,richelieu_gun_380_x2,0.2134,0.2766,1.08,,,3,50,richelieu_gun_380_x2,0.2134,0.2766,1.08,,,3,50,richelieu_gun_152_x2,0.333,0.433,1.08,,,3,45,rich_gun_cal130_x2,0.732,0.858,1.08,,,3,50,richelieu_gun_100_x2,0.917,1.088,1.08,,,3,45,,0.2134,0.2766,,,,3,50,,0.2134,0.2766,,,,3,55,,0.732,0.858,,,,3,60,,0.732,0.858,,,,,,,,,,,,,,,,,,,,,,,,,,,,,,,,,,,,,,,,,,,,,,,,,,,,,,,,,,,,,,,,,,,,,,,,,,,,,,,,,,,,,,,,,,,,,,,,,,,,,,,,,,,,,,,,,,,,,,,,,,,,,,,,,,,,,,,,,,
3,,,0.634,0.796,0.83,,,3,,,0.634,0.796,0.83,,,3,,,0.366,0.474,0.83,,,3,,,0.366,0.474,0.83,,,3,,,0.317,0.398,0.83,,,3,45,dant_gun_245_x3,0.366,0.474,0.83,,,3,50,dant_gun_245_x3,0.366,0.474,0.83,,,3,45,richelieu_gun_380_x3,0.2134,0.2766,0.83,,,3,50,richelieu_gun_380_x3,0.2134,0.2766,0.83,,,3,50,richelieu_gun_152_x3,0.333,0.433,0.83,,,3,45,rich_gun_cal130_x3,0.732,0.858,0.83,,,3,50,richelieu_gun_100_x3,0.917,1.088,0.83,,,3,45,,0.2134,0.2766,,,,3,50,,0.2134,0.2766,,,,3,55,,0.732,0.858,,,,3,60,,0.732,0.858,,,,,,,,,,,,,,,,,,,,,,,,,,,,,,,,,,,,,,,,,,,,,,,,,,,,,,,,,,,,,,,,,,,,,,,,,,,,,,,,,,,,,,,,,,,,,,,,,,,,,,,,,,,,,,,,,,,,,,,,,,,,,,,,,,,,,,,,,,
,,,0.634,0.796,0.74,,,,,,0.634,0.796,0.74,,,,,,0.366,0.474,0.74,,,,,,0.366,0.474,0.74,,,,,,0.317,0.398,0.74,,,3,45,dant_gun_245_x4,0.366,0.474,0.74,,,3,50,dant_gun_245_x4,0.366,0.474,0.74,,,3,45,richelieu_gun_380_x4,0.2134,0.2766,0.74,,,3,50,richelieu_gun_380_x4,0.2134,0.2766,0.74,,,3,50,richelieu_gun_152_x4,0.333,0.433,0.74,,,3,45,rich_gun_cal130_x4,0.732,0.858,0.74,,,3,50,richelieu_gun_100_x4,0.917,1.088,0.74,,,3,45,richelieu_gun_b_380_x4,0.2134,0.2766,0.83,,,3,50,richelieu_gun_b_380_x4,0.2134,0.2766,0.83,,,3,55,richelieu_gun_120_x4,0.732,0.858,0.83,,,3,60,richelieu_gun_120_x4,0.732,0.858,0.83,,,,,,,,,,,,,,,,,,,,,,,,,,,,,,,,,,,,,,,,,,,,,,,,,,,,,,,,,,,,,,,,,,,,,,,,,,,,,,,,,,,,,,,,,,,,,,,,,,,,,,,,,,,,,,,,,,,,,,,,,,,,,,,,,,,,,,,,,
4,,massena_gun_138_x1,0.816,0.978,1.7,,,4,,bouvet_gun_138_x1,0.816,0.978,1.7,,,4,,dante_gun_240_x1,0.484,0.592,1.7,,,4,,bouvet_gun_305_x1,0.484,0.592,1.7,,,4,,dante_gun_305_x1,0.408,0.489,1.7,,,4,45,dant_gun_245_x1,0.484,0.592,1.7,,,4,50,dant_gun_245_x1,0.484,0.592,1.7,,,4,45,richelieu_gun_380_x1,0.2816,0.3448,1.7,,,4,50,richelieu_gun_380_x1,0.2816,0.3448,1.7,,,4,50,richelieu_gun_152_x1,0.442,0.542,1.7,,,4,45,rich_gun_cal130_x1,0.868,0.994,1.7,,,4,50,richelieu_gun_100_x1,1.108,1.279,1.7,,,4,45,,0.2816,0.3448,,,,4,50,,0.2816,0.3448,,,,4,55,,0.868,0.994,,,,4,60,,0.868,0.994,,,,,,,,,,,,,,,,,,,,,,,,,,,,,,,,,,,,,,,,,,,,,,,,,,,,,,,,,,,,,,,,,,,,,,,,,,,,,,,,,,,,,,,,,,,,,,,,,,,,,,,,,,,,,,,,,,,,,,,,,,,,,,,,,,,,,,,,,,
4,,massena_gun_138_x2,0.816,0.978,1.28,,,4,,bouvet_gun_138_x2,0.816,0.978,1.28,,,4,,dante_gun_240_x2,0.484,0.592,1.28,,,4,,bouvet_gun_305_x2,0.484,0.592,1.28,,,4,,dante_gun_305_x2,0.408,0.489,1.28,,,4,45,dant_gun_245_x2,0.484,0.592,1.28,,,4,50,dant_gun_245_x2,0.484,0.592,1.28,,,4,45,richelieu_gun_380_x2,0.2816,0.3448,1.28,,,4,50,richelieu_gun_380_x2,0.2816,0.3448,1.28,,,4,50,richelieu_gun_152_x2,0.442,0.542,1.28,,,4,45,rich_gun_cal130_x2,0.868,0.994,1.28,,,4,50,richelieu_gun_100_x2,1.108,1.279,1.28,,,4,45,,0.2816,0.3448,,,,4,50,,0.2816,0.3448,,,,4,55,,0.868,0.994,,,,4,60,,0.868,0.994,,,,,,,,,,,,,,,,,,,,,,,,,,,,,,,,,,,,,,,,,,,,,,,,,,,,,,,,,,,,,,,,,,,,,,,,,,,,,,,,,,,,,,,,,,,,,,,,,,,,,,,,,,,,,,,,,,,,,,,,,,,,,,,,,,,,,,,,,,
4,,,0.816,0.978,1,,,4,,,0.816,0.978,1,,,4,,,0.484,0.592,1,,,4,,,0.484,0.592,1,,,4,,,0.408,0.489,1,,,4,45,dant_gun_245_x3,0.484,0.592,1,,,4,50,dant_gun_245_x3,0.484,0.592,1,,,4,45,richelieu_gun_380_x3,0.2816,0.3448,1,,,4,50,richelieu_gun_380_x3,0.2816,0.3448,1,,,4,50,richelieu_gun_152_x3,0.442,0.542,1,,,4,45,rich_gun_cal130_x3,0.868,0.994,1,,,4,50,richelieu_gun_100_x3,1.108,1.279,1,,,4,45,,0.2816,0.3448,,,,4,50,,0.2816,0.3448,,,,4,55,,0.868,0.994,,,,4,60,,0.868,0.994,,,,,,,,,,,,,,,,,,,,,,,,,,,,,,,,,,,,,,,,,,,,,,,,,,,,,,,,,,,,,,,,,,,,,,,,,,,,,,,,,,,,,,,,,,,,,,,,,,,,,,,,,,,,,,,,,,,,,,,,,,,,,,,,,,,,,,,,,,
,,,0.816,0.978,0.85,,,,,,0.816,0.978,0.85,,,,,,0.484,0.592,0.85,,,,,,0.484,0.592,0.85,,,,,,0.408,0.489,0.85,,,4,45,dant_gun_245_x4,0.484,0.592,0.85,,,4,50,dant_gun_245_x4,0.484,0.592,0.85,,,4,45,richelieu_gun_380_x4,0.2816,0.3448,0.85,,,4,50,richelieu_gun_380_x4,0.2816,0.3448,0.85,,,4,50,richelieu_gun_152_x4,0.442,0.542,0.85,,,4,45,rich_gun_cal130_x4,0.868,0.994,0.85,,,4,50,richelieu_gun_100_x4,1.108,1.279,0.85,,,4,45,richelieu_gun_b_380_x4,0.2816,0.3448,1,,,4,50,richelieu_gun_b_380_x4,0.2816,0.3448,1,,,4,55,richelieu_gun_120_x4,0.868,0.994,1,,,4,60,richelieu_gun_120_x4,0.868,0.994,1,,,,,,,,,,,,,,,,,,,,,,,,,,,,,,,,,,,,,,,,,,,,,,,,,,,,,,,,,,,,,,,,,,,,,,,,,,,,,,,,,,,,,,,,,,,,,,,,,,,,,,,,,,,,,,,,,,,,,,,,,,,,,,,,,,,,,,,,,
5,,massena_gun_138_x1,0.998,1.16,1.25,,,5,,bouvet_gun_138_x1,0.998,1.16,1.25,,,5,,dante_gun_240_x1,0.602,0.71,1.25,,,5,,bouvet_gun_305_x1,0.602,0.71,1.25,,,5,,dante_gun_305_x1,0.499,0.58,1.25,,,5,45,dant_gun_245_x1,0.602,0.71,1.25,,,5,50,dant_gun_245_x1,0.602,0.71,1.25,,,5,45,richelieu_gun_380_x1,0.3498,0.413,1.25,,,5,50,richelieu_gun_380_x1,0.3498,0.413,1.25,,,5,50,richelieu_gun_152_x1,0.551,0.651,1.25,,,5,45,rich_gun_cal130_x1,1.004,1.13,1.25,,,5,50,richelieu_gun_100_x1,1.299,1.47,1.25,,,5,45,,0.3498,0.413,,,,5,50,,0.3498,0.413,,,,5,55,,1.004,1.13,,,,5,60,,1.004,1.13,,,,,,,,,,,,,,,,,,,,,,,,,,,,,,,,,,,,,,,,,,,,,,,,,,,,,,,,,,,,,,,,,,,,,,,,,,,,,,,,,,,,,,,,,,,,,,,,,,,,,,,,,,,,,,,,,,,,,,,,,,,,,,,,,,,,,,,,,,
5,,massena_gun_138_x2,0.998,1.16,0.95,,,5,,bouvet_gun_138_x2,0.998,1.16,0.95,,,5,,dante_gun_240_x2,0.602,0.71,0.95,,,5,,bouvet_gun_305_x2,0.602,0.71,0.95,,,5,,dante_gun_305_x2,0.499,0.58,0.95,,,5,45,dant_gun_245_x2,0.602,0.71,0.95,,,5,50,dant_gun_245_x2,0.602,0.71,0.95,,,5,45,richelieu_gun_380_x2,0.3498,0.413,0.95,,,5,50,richelieu_gun_380_x2,0.3498,0.413,0.95,,,5,50,richelieu_gun_152_x2,0.551,0.651,0.95,,,5,45,rich_gun_cal130_x2,1.004,1.13,0.95,,,5,50,richelieu_gun_100_x2,1.299,1.47,0.95,,,5,45,,0.3498,0.413,,,,5,50,,0.3498,0.413,,,,5,55,,1.004,1.13,,,,5,60,,1.004,1.13,,,,,,,,,,,,,,,,,,,,,,,,,,,,,,,,,,,,,,,,,,,,,,,,,,,,,,,,,,,,,,,,,,,,,,,,,,,,,,,,,,,,,,,,,,,,,,,,,,,,,,,,,,,,,,,,,,,,,,,,,,,,,,,,,,,,,,,,,,
5,,,0.998,1.16,0.75,,,5,,,0.998,1.16,0.75,,,5,,,0.602,0.71,0.75,,,5,,,0.602,0.71,0.75,,,5,,,0.499,0.58,0.75,,,5,45,dant_gun_245_x3,0.602,0.71,0.75,,,5,50,dant_gun_245_x3,0.602,0.71,0.75,,,5,45,richelieu_gun_380_x3,0.3498,0.413,0.75,,,5,50,richelieu_gun_380_x3,0.3498,0.413,0.75,,,5,50,richelieu_gun_152_x3,0.551,0.651,0.75,,,5,45,rich_gun_cal130_x3,1.004,1.13,0.75,,,5,50,richelieu_gun_100_x3,1.299,1.47,0.75,,,5,45,,0.3498,0.413,,,,5,50,,0.3498,0.413,,,,5,55,,1.004,1.13,,,,5,60,,1.004,1.13,,,,,,,,,,,,,,,,,,,,,,,,,,,,,,,,,,,,,,,,,,,,,,,,,,,,,,,,,,,,,,,,,,,,,,,,,,,,,,,,,,,,,,,,,,,,,,,,,,,,,,,,,,,,,,,,,,,,,,,,,,,,,,,,,,,,,,,,,,
,,,0.998,1.16,0.68,,,,,,0.998,1.16,0.68,,,,,,0.602,0.71,0.68,,,,,,0.602,0.71,0.68,,,,,,0.499,0.58,0.68,,,5,45,dant_gun_245_x4,0.602,0.71,0.68,,,5,50,dant_gun_245_x4,0.602,0.71,0.68,,,5,45,richelieu_gun_380_x4,0.3498,0.413,0.68,,,5,50,richelieu_gun_380_x4,0.3498,0.413,0.68,,,5,50,richelieu_gun_152_x4,0.551,0.651,0.68,,,5,45,rich_gun_cal130_x4,1.004,1.13,0.68,,,5,50,richelieu_gun_100_x4,1.299,1.47,0.68,,,5,45,richelieu_gun_b_380_x4,0.3498,0.413,0.75,,,5,50,richelieu_gun_b_380_x4,0.3498,0.413,0.75,,,5,55,richelieu_gun_120_x4,1.004,1.13,0.75,,,5,60,richelieu_gun_120_x4,1.004,1.13,0.75,,,,,,,,,,,,,,,,,,,,,,,,,,,,,,,,,,,,,,,,,,,,,,,,,,,,,,,,,,,,,,,,,,,,,,,,,,,,,,,,,,,,,,,,,,,,,,,,,,,,,,,,,,,,,,,,,,,,,,,,,,,,,,,,,,,,,,,,,
6,,massena_gun_138_x1,1.18,1.342,1.185,,,6,,bouvet_gun_138_x1,1.18,1.342,1.185,,,6,,dante_gun_240_x1,0.72,0.828,1.185,,,6,,bouvet_gun_305_x1,0.72,0.828,1.185,,,6,,dante_gun_305_x1,0.59,0.671,1.185,,,6,45,dant_gun_245_x1,0.72,0.828,1.185,,,6,50,dant_gun_245_x1,0.72,0.828,1.185,,,6,45,richelieu_gun_380_x1,0.418,0.4812,1.185,,,6,50,richelieu_gun_380_x1,0.418,0.4812,1.185,,,6,50,richelieu_gun_152_x1,0.66,0.76,1.185,,,6,45,rich_gun_cal130_x1,1.14,1.266,1.185,,,6,50,richelieu_gun_100_x1,1.49,1.661,1.185,,,6,45,,0.418,0.4812,,,,6,50,,0.418,0.4812,,,,6,55,,1.14,1.266,,,,6,60,,1.14,1.266,,,,,,,,,,,,,,,,,,,,,,,,,,,,,,,,,,,,,,,,,,,,,,,,,,,,,,,,,,,,,,,,,,,,,,,,,,,,,,,,,,,,,,,,,,,,,,,,,,,,,,,,,,,,,,,,,,,,,,,,,,,,,,,,,,,,,,,,,,
6,,massena_gun_138_x2,1.18,1.342,0.86,,,6,,bouvet_gun_138_x2,1.18,1.342,0.86,,,6,,dante_gun_240_x2,0.72,0.828,0.86,,,6,,bouvet_gun_305_x2,0.72,0.828,0.86,,,6,,dante_gun_305_x2,0.59,0.671,0.86,,,6,45,dant_gun_245_x2,0.72,0.828,0.86,,,6,50,dant_gun_245_x2,0.72,0.828,0.86,,,6,45,richelieu_gun_380_x2,0.418,0.4812,0.86,,,6,50,richelieu_gun_380_x2,0.418,0.4812,0.86,,,6,50,richelieu_gun_152_x2,0.66,0.76,0.86,,,6,45,rich_gun_cal130_x2,1.14,1.266,0.86,,,6,50,richelieu_gun_100_x2,1.49,1.661,0.86,,,6,45,,0.418,0.4812,,,,6,50,,0.418,0.4812,,,,6,55,,1.14,1.266,,,,6,60,,1.14,1.266,,,,,,,,,,,,,,,,,,,,,,,,,,,,,,,,,,,,,,,,,,,,,,,,,,,,,,,,,,,,,,,,,,,,,,,,,,,,,,,,,,,,,,,,,,,,,,,,,,,,,,,,,,,,,,,,,,,,,,,,,,,,,,,,,,,,,,,,,,
6,,,1.18,1.342,0.66,,,6,,,1.18,1.342,0.66,,,6,,,0.72,0.828,0.66,,,6,,,0.72,0.828,0.66,,,6,,,0.59,0.671,0.66,,,6,45,dant_gun_245_x3,0.72,0.828,0.66,,,6,50,dant_gun_245_x3,0.72,0.828,0.66,,,6,45,richelieu_gun_380_x3,0.418,0.4812,0.66,,,6,50,richelieu_gun_380_x3,0.418,0.4812,0.66,,,6,50,richelieu_gun_152_x3,0.66,0.76,0.66,,,6,45,rich_gun_cal130_x3,1.14,1.266,0.66,,,6,50,richelieu_gun_100_x3,1.49,1.661,0.66,,,6,45,,0.418,0.4812,,,,6,50,,0.418,0.4812,,,,6,55,,1.14,1.266,,,,6,60,,1.14,1.266,,,,,,,,,,,,,,,,,,,,,,,,,,,,,,,,,,,,,,,,,,,,,,,,,,,,,,,,,,,,,,,,,,,,,,,,,,,,,,,,,,,,,,,,,,,,,,,,,,,,,,,,,,,,,,,,,,,,,,,,,,,,,,,,,,,,,,,,,,
,,,1.18,1.342,0.6,,,,,,1.18,1.342,0.6,,,,,,0.72,0.828,0.6,,,,,,0.72,0.828,0.6,,,,,,0.59,0.671,0.6,,,6,45,dant_gun_245_x4,0.72,0.828,0.6,,,6,50,dant_gun_245_x4,0.72,0.828,0.6,,,6,45,richelieu_gun_380_x4,0.418,0.4812,0.6,,,6,50,richelieu_gun_380_x4,0.418,0.4812,0.6,,,6,50,richelieu_gun_152_x4,0.66,0.76,0.6,,,6,45,rich_gun_cal130_x4,1.14,1.266,0.6,,,6,50,richelieu_gun_100_x4,1.49,1.661,0.6,,,6,45,richelieu_gun_b_380_x4,0.418,0.4812,0.66,,,6,50,richelieu_gun_b_380_x4,0.418,0.4812,0.66,,,6,55,richelieu_gun_120_x4,1.14,1.266,0.66,,,6,60,richelieu_gun_120_x4,1.14,1.266,0.66,,,,,,,,,,,,,,,,,,,,,,,,,,,,,,,,,,,,,,,,,,,,,,,,,,,,,,,,,,,,,,,,,,,,,,,,,,,,,,,,,,,,,,,,,,,,,,,,,,,,,,,,,,,,,,,,,,,,,,,,,,,,,,,,,,,,,,,,,
7,,massena_gun_138_x1,1.362,1.524,1.21,,,7,,bouvet_gun_138_x1,1.362,1.524,1.21,,,7,,dante_gun_240_x1,0.838,0.946,1.21,,,7,,bouvet_gun_305_x1,0.838,0.946,1.21,,,7,,dante_gun_305_x1,0.681,0.762,1.21,,,7,45,dant_gun_245_x1,0.838,0.946,1.21,,,7,50,dant_gun_245_x1,0.838,0.946,1.21,,,7,45,richelieu_gun_380_x1,0.4862,0.5494,1.21,,,7,50,richelieu_gun_380_x1,0.4862,0.5494,1.21,,,7,50,richelieu_gun_152_x1,0.769,0.869,1.21,,,7,45,rich_gun_cal130_x1,1.276,1.402,1.21,,,7,50,richelieu_gun_100_x1,1.681,1.852,1.21,,,7,45,,0.4862,0.5494,,,,7,50,,0.4862,0.5494,,,,7,55,,1.276,1.402,,,,7,60,,1.276,1.402,,,,,,,,,,,,,,,,,,,,,,,,,,,,,,,,,,,,,,,,,,,,,,,,,,,,,,,,,,,,,,,,,,,,,,,,,,,,,,,,,,,,,,,,,,,,,,,,,,,,,,,,,,,,,,,,,,,,,,,,,,,,,,,,,,,,,,,,,,
7,,massena_gun_138_x2,1.362,1.524,0.9,,,7,,bouvet_gun_138_x2,1.362,1.524,0.9,,,7,,dante_gun_240_x2,0.838,0.946,0.9,,,7,,bouvet_gun_305_x2,0.838,0.946,0.9,,,7,,dante_gun_305_x2,0.681,0.762,0.9,,,7,45,dant_gun_245_x2,0.838,0.946,0.9,,,7,50,dant_gun_245_x2,0.838,0.946,0.9,,,7,45,richelieu_gun_380_x2,0.4862,0.5494,0.9,,,7,50,richelieu_gun_380_x2,0.4862,0.5494,0.9,,,7,50,richelieu_gun_152_x2,0.769,0.869,0.9,,,7,45,rich_gun_cal130_x2,1.276,1.402,0.9,,,7,50,richelieu_gun_100_x2,1.681,1.852,0.9,,,7,45,,0.4862,0.5494,,,,7,50,,0.4862,0.5494,,,,7,55,,1.276,1.402,,,,7,60,,1.276,1.402,,,,,,,,,,,,,,,,,,,,,,,,,,,,,,,,,,,,,,,,,,,,,,,,,,,,,,,,,,,,,,,,,,,,,,,,,,,,,,,,,,,,,,,,,,,,,,,,,,,,,,,,,,,,,,,,,,,,,,,,,,,,,,,,,,,,,,,,,,
7,,,1.362,1.524,0.705,,,7,,,1.362,1.524,0.705,,,7,,,0.838,0.946,0.705,,,7,,,0.838,0.946,0.705,,,7,,,0.681,0.762,0.705,,,7,45,dant_gun_245_x3,0.838,0.946,0.705,,,7,50,dant_gun_245_x3,0.838,0.946,0.705,,,7,45,richelieu_gun_380_x3,0.4862,0.5494,0.705,,,7,50,richelieu_gun_380_x3,0.4862,0.5494,0.705,,,7,50,richelieu_gun_152_x3,0.769,0.869,0.705,,,7,45,rich_gun_cal130_x3,1.276,1.402,0.705,,,7,50,richelieu_gun_100_x3,1.681,1.852,0.705,,,7,45,,0.4862,0.5494,,,,7,50,,0.4862,0.5494,,,,7,55,,1.276,1.402,,,,7,60,,1.276,1.402,,,,,,,,,,,,,,,,,,,,,,,,,,,,,,,,,,,,,,,,,,,,,,,,,,,,,,,,,,,,,,,,,,,,,,,,,,,,,,,,,,,,,,,,,,,,,,,,,,,,,,,,,,,,,,,,,,,,,,,,,,,,,,,,,,,,,,,,,,
,,,1.362,1.524,0.64,,,,,,1.362,1.524,0.64,,,,,,0.838,0.946,0.64,,,,,,0.838,0.946,0.64,,,,,,0.681,0.762,0.64,,,7,45,dant_gun_245_x4,0.838,0.946,0.64,,,7,50,dant_gun_245_x4,0.838,0.946,0.64,,,7,45,richelieu_gun_380_x4,0.4862,0.5494,0.64,,,7,50,richelieu_gun_380_x4,0.4862,0.5494,0.64,,,7,50,richelieu_gun_152_x4,0.769,0.869,0.64,,,7,45,rich_gun_cal130_x4,1.276,1.402,0.64,,,7,50,richelieu_gun_100_x4,1.681,1.852,0.64,,,7,45,richelieu_gun_b_380_x4,0.4862,0.5494,0.705,,,7,50,richelieu_gun_b_380_x4,0.4862,0.5494,0.705,,,7,55,richelieu_gun_120_x4,1.276,1.402,0.705,,,7,60,richelieu_gun_120_x4,1.276,1.402,0.705,,,,,,,,,,,,,,,,,,,,,,,,,,,,,,,,,,,,,,,,,,,,,,,,,,,,,,,,,,,,,,,,,,,,,,,,,,,,,,,,,,,,,,,,,,,,,,,,,,,,,,,,,,,,,,,,,,,,,,,,,,,,,,,,,,,,,,,,,
8,,massena_gun_138_x1,1.544,1.706,1.17,,,8,,bouvet_gun_138_x1,1.544,1.706,1.17,,,8,,dante_gun_240_x1,0.956,1.064,1.17,,,8,,bouvet_gun_305_x1,0.956,1.064,1.17,,,8,,dante_gun_305_x1,0.772,0.853,1.17,,,8,45,dant_gun_245_x1,0.956,1.064,1.17,,,8,50,dant_gun_245_x1,0.956,1.064,1.17,,,8,45,richelieu_gun_380_x1,0.5544,0.6176,1.17,,,8,50,richelieu_gun_380_x1,0.5544,0.6176,1.17,,,8,50,richelieu_gun_152_x1,0.878,0.978,1.17,,,8,45,rich_gun_cal130_x1,1.412,1.538,1.17,,,8,50,richelieu_gun_100_x1,1.872,2.043,1.17,,,8,45,,0.5544,0.6176,,,,8,50,,0.5544,0.6176,,,,8,55,,1.412,1.538,,,,8,60,,1.412,1.538,,,,,,,,,,,,,,,,,,,,,,,,,,,,,,,,,,,,,,,,,,,,,,,,,,,,,,,,,,,,,,,,,,,,,,,,,,,,,,,,,,,,,,,,,,,,,,,,,,,,,,,,,,,,,,,,,,,,,,,,,,,,,,,,,,,,,,,,,,
8,,massena_gun_138_x2,1.544,1.706,0.88,,,8,,bouvet_gun_138_x2,1.544,1.706,0.88,,,8,,dante_gun_240_x2,0.956,1.064,0.88,,,8,,bouvet_gun_305_x2,0.956,1.064,0.88,,,8,,dante_gun_305_x2,0.772,0.853,0.88,,,8,45,dant_gun_245_x2,0.956,1.064,0.88,,,8,50,dant_gun_245_x2,0.956,1.064,0.88,,,8,45,richelieu_gun_380_x2,0.5544,0.6176,0.88,,,8,50,richelieu_gun_380_x2,0.5544,0.6176,0.88,,,8,50,richelieu_gun_152_x2,0.878,0.978,0.88,,,8,45,rich_gun_cal130_x2,1.412,1.538,0.88,,,8,50,richelieu_gun_100_x2,1.872,2.043,0.88,,,8,45,,0.5544,0.6176,,,,8,50,,0.5544,0.6176,,,,8,55,,1.412,1.538,,,,8,60,,1.412,1.538,,,,,,,,,,,,,,,,,,,,,,,,,,,,,,,,,,,,,,,,,,,,,,,,,,,,,,,,,,,,,,,,,,,,,,,,,,,,,,,,,,,,,,,,,,,,,,,,,,,,,,,,,,,,,,,,,,,,,,,,,,,,,,,,,,,,,,,,,,
8,,,1.544,1.706,0.69,,,8,,,1.544,1.706,0.69,,,8,,,0.956,1.064,0.69,,,8,,,0.956,1.064,0.69,,,8,,,0.772,0.853,0.69,,,8,45,dant_gun_245_x3,0.956,1.064,0.69,,,8,50,dant_gun_245_x3,0.956,1.064,0.69,,,8,45,richelieu_gun_380_x3,0.5544,0.6176,0.69,,,8,50,richelieu_gun_380_x3,0.5544,0.6176,0.69,,,8,50,richelieu_gun_152_x3,0.878,0.978,0.69,,,8,45,rich_gun_cal130_x3,1.412,1.538,0.69,,,8,50,richelieu_gun_100_x3,1.872,2.043,0.69,,,8,45,,0.5544,0.6176,,,,8,50,,0.5544,0.6176,,,,8,55,,1.412,1.538,,,,8,60,,1.412,1.538,,,,,,,,,,,,,,,,,,,,,,,,,,,,,,,,,,,,,,,,,,,,,,,,,,,,,,,,,,,,,,,,,,,,,,,,,,,,,,,,,,,,,,,,,,,,,,,,,,,,,,,,,,,,,,,,,,,,,,,,,,,,,,,,,,,,,,,,,,
,,,1.544,1.706,0.63,,,,,,1.544,1.706,0.63,,,,,,0.956,1.064,0.63,,,,,,0.956,1.064,0.63,,,,,,0.772,0.853,0.63,,,8,45,dant_gun_245_x4,0.956,1.064,0.63,,,8,50,dant_gun_245_x4,0.956,1.064,0.63,,,8,45,richelieu_gun_380_x4,0.5544,0.6176,0.63,,,8,50,richelieu_gun_380_x4,0.5544,0.6176,0.63,,,8,50,richelieu_gun_152_x4,0.878,0.978,0.63,,,8,45,rich_gun_cal130_x4,1.412,1.538,0.63,,,8,50,richelieu_gun_100_x4,1.872,2.043,0.63,,,8,45,richelieu_gun_b_380_x4,0.5544,0.6176,0.69,,,8,50,richelieu_gun_b_380_x4,0.5544,0.6176,0.69,,,8,55,richelieu_gun_120_x4,1.412,1.538,0.69,,,8,60,richelieu_gun_120_x4,1.412,1.538,0.69,,,,,,,,,,,,,,,,,,,,,,,,,,,,,,,,,,,,,,,,,,,,,,,,,,,,,,,,,,,,,,,,,,,,,,,,,,,,,,,,,,,,,,,,,,,,,,,,,,,,,,,,,,,,,,,,,,,,,,,,,,,,,,,,,,,,,,,,,
9,,massena_gun_138_x1,1.726,1.888,1.1,,,9,,bouvet_gun_138_x1,1.726,1.888,1.1,,,9,,dante_gun_240_x1,1.074,1.182,1.1,,,9,,bouvet_gun_305_x1,1.074,1.182,1.1,,,9,,dante_gun_305_x1,0.863,0.944,1.1,,,9,45,dant_gun_245_x1,1.074,1.182,1.1,,,9,50,dant_gun_245_x1,1.074,1.182,1.1,,,9,45,richelieu_gun_380_x1,0.6226,0.6858,1.1,,,9,50,richelieu_gun_380_x1,0.6226,0.6858,1.1,,,9,50,richelieu_gun_152_x1,0.987,1.087,1.1,,,9,45,rich_gun_cal130_x1,1.548,1.674,1.1,,,9,50,richelieu_gun_100_x1,2.063,2.234,1.1,,,9,45,,0.6226,0.6858,,,,9,50,,0.6226,0.6858,,,,9,55,,1.548,1.674,,,,9,60,,1.548,1.674,,,,,,,,,,,,,,,,,,,,,,,,,,,,,,,,,,,,,,,,,,,,,,,,,,,,,,,,,,,,,,,,,,,,,,,,,,,,,,,,,,,,,,,,,,,,,,,,,,,,,,,,,,,,,,,,,,,,,,,,,,,,,,,,,,,,,,,,,,
9,,massena_gun_138_x2,1.726,1.888,0.82,,,9,,bouvet_gun_138_x2,1.726,1.888,0.82,,,9,,dante_gun_240_x2,1.074,1.182,0.82,,,9,,bouvet_gun_305_x2,1.074,1.182,0.82,,,9,,dante_gun_305_x2,0.863,0.944,0.82,,,9,45,dant_gun_245_x2,1.074,1.182,0.82,,,9,50,dant_gun_245_x2,1.074,1.182,0.82,,,9,45,richelieu_gun_380_x2,0.6226,0.6858,0.82,,,9,50,richelieu_gun_380_x2,0.6226,0.6858,0.82,,,9,50,richelieu_gun_152_x2,0.987,1.087,0.82,,,9,45,rich_gun_cal130_x2,1.548,1.674,0.82,,,9,50,richelieu_gun_100_x2,2.063,2.234,0.82,,,9,45,,0.6226,0.6858,,,,9,50,,0.6226,0.6858,,,,9,55,,1.548,1.674,,,,9,60,,1.548,1.674,,,,,,,,,,,,,,,,,,,,,,,,,,,,,,,,,,,,,,,,,,,,,,,,,,,,,,,,,,,,,,,,,,,,,,,,,,,,,,,,,,,,,,,,,,,,,,,,,,,,,,,,,,,,,,,,,,,,,,,,,,,,,,,,,,,,,,,,,,
9,,,1.726,1.888,0.64,,,9,,,1.726,1.888,0.64,,,9,,,1.074,1.182,0.64,,,9,,,1.074,1.182,0.64,,,9,,,0.863,0.944,0.64,,,9,45,dant_gun_245_x3,1.074,1.182,0.64,,,9,50,dant_gun_245_x3,1.074,1.182,0.64,,,9,45,richelieu_gun_380_x3,0.6226,0.6858,0.64,,,9,50,richelieu_gun_380_x3,0.6226,0.6858,0.64,,,9,50,richelieu_gun_152_x3,0.987,1.087,0.64,,,9,45,rich_gun_cal130_x3,1.548,1.674,0.64,,,9,50,richelieu_gun_100_x3,2.063,2.234,0.64,,,9,45,,0.6226,0.6858,,,,9,50,,0.6226,0.6858,,,,9,55,,1.548,1.674,,,,9,60,,1.548,1.674,,,,,,,,,,,,,,,,,,,,,,,,,,,,,,,,,,,,,,,,,,,,,,,,,,,,,,,,,,,,,,,,,,,,,,,,,,,,,,,,,,,,,,,,,,,,,,,,,,,,,,,,,,,,,,,,,,,,,,,,,,,,,,,,,,,,,,,,,,
,,,1.726,1.888,0.58,,,,,,1.726,1.888,0.58,,,,,,1.074,1.182,0.58,,,,,,1.074,1.182,0.58,,,,,,0.863,0.944,0.58,,,9,45,dant_gun_245_x4,1.074,1.182,0.58,,,9,50,dant_gun_245_x4,1.074,1.182,0.58,,,9,45,richelieu_gun_380_x4,0.6226,0.6858,0.58,,,9,50,richelieu_gun_380_x4,0.6226,0.6858,0.58,,,9,50,richelieu_gun_152_x4,0.987,1.087,0.58,,,9,45,rich_gun_cal130_x4,1.548,1.674,0.58,,,9,50,richelieu_gun_100_x4,2.063,2.234,0.58,,,9,45,richelieu_gun_b_380_x4,0.6226,0.6858,0.64,,,9,50,richelieu_gun_b_380_x4,0.6226,0.6858,0.64,,,9,55,richelieu_gun_120_x4,1.548,1.674,0.64,,,9,60,richelieu_gun_120_x4,1.548,1.674,0.64,,,,,,,,,,,,,,,,,,,,,,,,,,,,,,,,,,,,,,,,,,,,,,,,,,,,,,,,,,,,,,,,,,,,,,,,,,,,,,,,,,,,,,,,,,,,,,,,,,,,,,,,,,,,,,,,,,,,,,,,,,,,,,,,,,,,,,,,,
10,,massena_gun_138_x1,1.908,2.07,1.2,,,10,,bouvet_gun_138_x1,1.908,2.07,1.2,,,10,,dante_gun_240_x1,1.192,1.3,1.2,,,10,,bouvet_gun_305_x1,1.192,1.3,1.2,,,10,,dante_gun_305_x1,0.954,1.035,1.2,,,10,45,dant_gun_245_x1,1.192,1.3,1.2,,,10,50,dant_gun_245_x1,1.192,1.3,1.2,,,10,45,richelieu_gun_380_x1,0.6908,0.754,1.2,,,10,50,richelieu_gun_380_x1,0.6908,0.754,1.2,,,10,50,richelieu_gun_152_x1,1.096,1.196,1.2,,,10,45,rich_gun_cal130_x1,1.684,1.81,1.2,,,10,50,richelieu_gun_100_x1,2.254,2.425,1.2,,,10,45,,0.6908,0.754,,,,10,50,,0.6908,0.754,,,,10,55,,1.684,1.81,,,,10,60,,1.684,1.81,,,,,,,,,,,,,,,,,,,,,,,,,,,,,,,,,,,,,,,,,,,,,,,,,,,,,,,,,,,,,,,,,,,,,,,,,,,,,,,,,,,,,,,,,,,,,,,,,,,,,,,,,,,,,,,,,,,,,,,,,,,,,,,,,,,,,,,,,,
10,,massena_gun_138_x2,1.908,2.07,0.9,,,10,,bouvet_gun_138_x2,1.908,2.07,0.9,,,10,,dante_gun_240_x2,1.192,1.3,0.9,,,10,,bouvet_gun_305_x2,1.192,1.3,0.9,,,10,,dante_gun_305_x2,0.954,1.035,0.9,,,10,45,dant_gun_245_x2,1.192,1.3,0.9,,,10,50,dant_gun_245_x2,1.192,1.3,0.9,,,10,45,richelieu_gun_380_x2,0.6908,0.754,0.9,,,10,50,richelieu_gun_380_x2,0.6908,0.754,0.9,,,10,50,richelieu_gun_152_x2,1.096,1.196,0.9,,,10,45,rich_gun_cal130_x2,1.684,1.81,0.9,,,10,50,richelieu_gun_100_x2,2.254,2.425,0.9,,,10,45,,0.6908,0.754,,,,10,50,,0.6908,0.754,,,,10,55,,1.684,1.81,,,,10,60,,1.684,1.81,,,,,,,,,,,,,,,,,,,,,,,,,,,,,,,,,,,,,,,,,,,,,,,,,,,,,,,,,,,,,,,,,,,,,,,,,,,,,,,,,,,,,,,,,,,,,,,,,,,,,,,,,,,,,,,,,,,,,,,,,,,,,,,,,,,,,,,,,,
10,,,1.908,2.07,0.68,,,10,,,1.908,2.07,0.68,,,10,,,1.192,1.3,0.68,,,10,,,1.192,1.3,0.68,,,10,,,0.954,1.035,0.68,,,10,45,dant_gun_245_x3,1.192,1.3,0.68,,,10,50,dant_gun_245_x3,1.192,1.3,0.68,,,10,45,richelieu_gun_380_x3,0.6908,0.754,0.68,,,10,50,richelieu_gun_380_x3,0.6908,0.754,0.68,,,10,50,richelieu_gun_152_x3,1.096,1.196,0.68,,,10,45,rich_gun_cal130_x3,1.684,1.81,0.68,,,10,50,richelieu_gun_100_x3,2.254,2.425,0.68,,,10,45,,0.6908,0.754,,,,10,50,,0.6908,0.754,,,,10,55,,1.684,1.81,,,,10,60,,1.684,1.81,,,,,,,,,,,,,,,,,,,,,,,,,,,,,,,,,,,,,,,,,,,,,,,,,,,,,,,,,,,,,,,,,,,,,,,,,,,,,,,,,,,,,,,,,,,,,,,,,,,,,,,,,,,,,,,,,,,,,,,,,,,,,,,,,,,,,,,,,,
,,,1.908,2.07,0.63,,,,,,1.908,2.07,0.63,,,,,,1.192,1.3,0.63,,,,,,1.192,1.3,0.63,,,,,,0.954,1.035,0.63,,,10,45,dant_gun_245_x4,1.192,1.3,0.63,,,10,50,dant_gun_245_x4,1.192,1.3,0.63,,,10,45,richelieu_gun_380_x4,0.6908,0.754,0.63,,,10,50,richelieu_gun_380_x4,0.6908,0.754,0.63,,,10,50,richelieu_gun_152_x4,1.096,1.196,0.63,,,10,45,rich_gun_cal130_x4,1.684,1.81,0.63,,,10,50,richelieu_gun_100_x4,2.254,2.425,0.63,,,10,45,richelieu_gun_b_380_x4,0.6908,0.754,0.68,,,10,50,richelieu_gun_b_380_x4,0.6908,0.754,0.68,,,10,55,richelieu_gun_120_x4,1.684,1.81,0.68,,,10,60,richelieu_gun_120_x4,1.684,1.81,0.68,,,,,,,,,,,,,,,,,,,,,,,,,,,,,,,,,,,,,,,,,,,,,,,,,,,,,,,,,,,,,,,,,,,,,,,,,,,,,,,,,,,,,,,,,,,,,,,,,,,,,,,,,,,,,,,,,,,,,,,,,,,,,,,,,,,,,,,,,
11,,massena_gun_138_x1,2.09,2.252,1.07,,,11,,bouvet_gun_138_x1,2.09,2.252,1.07,,,11,,dante_gun_240_x1,1.31,1.418,1.07,,,11,,bouvet_gun_305_x1,1.31,1.418,1.07,,,11,,dante_gun_305_x1,1.045,1.126,1.07,,,11,45,dant_gun_245_x1,1.31,1.418,1.07,,,11,50,dant_gun_245_x1,1.31,1.418,1.07,,,11,45,richelieu_gun_380_x1,0.759,0.8222,1.07,,,11,50,richelieu_gun_380_x1,0.759,0.8222,1.07,,,11,50,richelieu_gun_152_x1,1.205,1.305,1.07,,,11,45,rich_gun_cal130_x1,1.82,1.946,1.07,,,11,50,richelieu_gun_100_x1,2.445,2.616,1.07,,,11,45,,0.759,0.8222,,,,11,50,,0.759,0.8222,,,,11,55,,1.82,1.946,,,,11,60,,1.82,1.946,,,,,,,,,,,,,,,,,,,,,,,,,,,,,,,,,,,,,,,,,,,,,,,,,,,,,,,,,,,,,,,,,,,,,,,,,,,,,,,,,,,,,,,,,,,,,,,,,,,,,,,,,,,,,,,,,,,,,,,,,,,,,,,,,,,,,,,,,,
11,,massena_gun_138_x2,2.09,2.252,0.82,,,11,,bouvet_gun_138_x2,2.09,2.252,0.82,,,11,,dante_gun_240_x2,1.31,1.418,0.82,,,11,,bouvet_gun_305_x2,1.31,1.418,0.82,,,11,,dante_gun_305_x2,1.045,1.126,0.82,,,11,45,dant_gun_245_x2,1.31,1.418,0.82,,,11,50,dant_gun_245_x2,1.31,1.418,0.82,,,11,45,richelieu_gun_380_x2,0.759,0.8222,0.82,,,11,50,richelieu_gun_380_x2,0.759,0.8222,0.82,,,11,50,richelieu_gun_152_x2,1.205,1.305,0.82,,,11,45,rich_gun_cal130_x2,1.82,1.946,0.82,,,11,50,richelieu_gun_100_x2,2.445,2.616,0.82,,,11,45,,0.759,0.8222,,,,11,50,,0.759,0.8222,,,,11,55,,1.82,1.946,,,,11,60,,1.82,1.946,,,,,,,,,,,,,,,,,,,,,,,,,,,,,,,,,,,,,,,,,,,,,,,,,,,,,,,,,,,,,,,,,,,,,,,,,,,,,,,,,,,,,,,,,,,,,,,,,,,,,,,,,,,,,,,,,,,,,,,,,,,,,,,,,,,,,,,,,,
11,,,2.09,2.252,0.66,,,11,,,2.09,2.252,0.66,,,11,,,1.31,1.418,0.66,,,11,,,1.31,1.418,0.66,,,11,,,1.045,1.126,0.66,,,11,45,dant_gun_245_x3,1.31,1.418,0.66,,,11,50,dant_gun_245_x3,1.31,1.418,0.66,,,11,45,richelieu_gun_380_x3,0.759,0.8222,0.66,,,11,50,richelieu_gun_380_x3,0.759,0.8222,0.66,,,11,50,richelieu_gun_152_x3,1.205,1.305,0.66,,,11,45,rich_gun_cal130_x3,1.82,1.946,0.66,,,11,50,richelieu_gun_100_x3,2.445,2.616,0.66,,,11,45,,0.759,0.8222,,,,11,50,,0.759,0.8222,,,,11,55,,1.82,1.946,,,,11,60,,1.82,1.946,,,,,,,,,,,,,,,,,,,,,,,,,,,,,,,,,,,,,,,,,,,,,,,,,,,,,,,,,,,,,,,,,,,,,,,,,,,,,,,,,,,,,,,,,,,,,,,,,,,,,,,,,,,,,,,,,,,,,,,,,,,,,,,,,,,,,,,,,,
,,,2.09,2.252,0.61,,,,,,2.09,2.252,0.61,,,,,,1.31,1.418,0.61,,,,,,1.31,1.418,0.61,,,,,,1.045,1.126,0.61,,,11,45,dant_gun_245_x4,1.31,1.418,0.61,,,11,50,dant_gun_245_x4,1.31,1.418,0.61,,,11,45,richelieu_gun_380_x4,0.759,0.8222,0.61,,,11,50,richelieu_gun_380_x4,0.759,0.8222,0.61,,,11,50,richelieu_gun_152_x4,1.205,1.305,0.61,,,11,45,rich_gun_cal130_x4,1.82,1.946,0.61,,,11,50,richelieu_gun_100_x4,2.445,2.616,0.61,,,11,45,richelieu_gun_b_380_x4,0.759,0.8222,0.66,,,11,50,richelieu_gun_b_380_x4,0.759,0.8222,0.66,,,11,55,richelieu_gun_120_x4,1.82,1.946,0.66,,,11,60,richelieu_gun_120_x4,1.82,1.946,0.66,,,,,,,,,,,,,,,,,,,,,,,,,,,,,,,,,,,,,,,,,,,,,,,,,,,,,,,,,,,,,,,,,,,,,,,,,,,,,,,,,,,,,,,,,,,,,,,,,,,,,,,,,,,,,,,,,,,,,,,,,,,,,,,,,,,,,,,,,
12,,massena_gun_138_x1,2.272,2.434,1.07,,,12,,bouvet_gun_138_x1,2.272,2.434,1.07,,,12,,dante_gun_240_x1,1.428,1.536,1.07,,,12,,bouvet_gun_305_x1,1.428,1.536,1.07,,,12,,dante_gun_305_x1,1.136,1.217,1.07,,,12,45,dant_gun_245_x1,1.428,1.536,1.07,,,12,50,dant_gun_245_x1,1.428,1.536,1.07,,,12,45,richelieu_gun_380_x1,0.8272,0.8904,1.07,,,12,50,richelieu_gun_380_x1,0.8272,0.8904,1.07,,,12,50,richelieu_gun_152_x1,1.314,1.414,1.07,,,12,45,rich_gun_cal130_x1,1.956,2.082,1.07,,,12,50,richelieu_gun_100_x1,2.636,2.807,1.07,,,12,45,,0.8272,0.8904,,,,12,50,,0.8272,0.8904,,,,12,55,,1.956,2.082,,,,12,60,,1.956,2.082,,,,,,,,,,,,,,,,,,,,,,,,,,,,,,,,,,,,,,,,,,,,,,,,,,,,,,,,,,,,,,,,,,,,,,,,,,,,,,,,,,,,,,,,,,,,,,,,,,,,,,,,,,,,,,,,,,,,,,,,,,,,,,,,,,,,,,,,,,
12,,massena_gun_138_x2,2.272,2.434,0.82,,,12,,bouvet_gun_138_x2,2.272,2.434,0.82,,,12,,dante_gun_240_x2,1.428,1.536,0.82,,,12,,bouvet_gun_305_x2,1.428,1.536,0.82,,,12,,dante_gun_305_x2,1.136,1.217,0.82,,,12,45,dant_gun_245_x2,1.428,1.536,0.82,,,12,50,dant_gun_245_x2,1.428,1.536,0.82,,,12,45,richelieu_gun_380_x2,0.8272,0.8904,0.82,,,12,50,richelieu_gun_380_x2,0.8272,0.8904,0.82,,,12,50,richelieu_gun_152_x2,1.314,1.414,0.82,,,12,45,rich_gun_cal130_x2,1.956,2.082,0.82,,,12,50,richelieu_gun_100_x2,2.636,2.807,0.82,,,12,45,,0.8272,0.8904,,,,12,50,,0.8272,0.8904,,,,12,55,,1.956,2.082,,,,12,60,,1.956,2.082,,,,,,,,,,,,,,,,,,,,,,,,,,,,,,,,,,,,,,,,,,,,,,,,,,,,,,,,,,,,,,,,,,,,,,,,,,,,,,,,,,,,,,,,,,,,,,,,,,,,,,,,,,,,,,,,,,,,,,,,,,,,,,,,,,,,,,,,,,
12,,,2.272,2.434,0.66,,,12,,,2.272,2.434,0.66,,,12,,,1.428,1.536,0.66,,,12,,,1.428,1.536,0.66,,,12,,,1.136,1.217,0.66,,,12,45,dant_gun_245_x3,1.428,1.536,0.66,,,12,50,dant_gun_245_x3,1.428,1.536,0.66,,,12,45,richelieu_gun_380_x3,0.8272,0.8904,0.66,,,12,50,richelieu_gun_380_x3,0.8272,0.8904,0.66,,,12,50,richelieu_gun_152_x3,1.314,1.414,0.66,,,12,45,rich_gun_cal130_x3,1.956,2.082,0.66,,,12,50,richelieu_gun_100_x3,2.636,2.807,0.66,,,12,45,,0.8272,0.8904,,,,12,50,,0.8272,0.8904,,,,12,55,,1.956,2.082,,,,12,60,,1.956,2.082,,,,,,,,,,,,,,,,,,,,,,,,,,,,,,,,,,,,,,,,,,,,,,,,,,,,,,,,,,,,,,,,,,,,,,,,,,,,,,,,,,,,,,,,,,,,,,,,,,,,,,,,,,,,,,,,,,,,,,,,,,,,,,,,,,,,,,,,,,
,,,2.272,2.434,0.61,,,,,,2.272,2.434,0.61,,,,,,1.428,1.536,0.61,,,,,,1.428,1.536,0.61,,,,,,1.136,1.217,0.61,,,12,45,dant_gun_245_x4,1.428,1.536,0.61,,,12,50,dant_gun_245_x4,1.428,1.536,0.61,,,12,45,richelieu_gun_380_x4,0.8272,0.8904,0.61,,,12,50,richelieu_gun_380_x4,0.8272,0.8904,0.61,,,12,50,richelieu_gun_152_x4,1.314,1.414,0.61,,,12,45,rich_gun_cal130_x4,1.956,2.082,0.61,,,12,50,richelieu_gun_100_x4,2.636,2.807,0.61,,,12,45,richelieu_gun_b_380_x4,0.8272,0.8904,0.66,,,12,50,richelieu_gun_b_380_x4,0.8272,0.8904,0.66,,,12,55,richelieu_gun_120_x4,1.956,2.082,0.66,,,12,60,richelieu_gun_120_x4,1.956,2.082,0.66,,,,,,,,,,,,,,,,,,,,,,,,,,,,,,,,,,,,,,,,,,,,,,,,,,,,,,,,,,,,,,,,,,,,,,,,,,,,,,,,,,,,,,,,,,,,,,,,,,,,,,,,,,,,,,,,,,,,,,,,,,,,,,,,,,,,,,,,,
13,,massena_gun_138_x1,2.454,2.616,1.13,,,13,,bouvet_gun_138_x1,2.454,2.616,1.13,,,13,,dante_gun_240_x1,1.546,1.654,1.13,,,13,,bouvet_gun_305_x1,1.546,1.654,1.13,,,13,,dante_gun_305_x1,1.227,1.308,1.13,,,13,45,dant_gun_245_x1,1.546,1.654,1.13,,,13,50,dant_gun_245_x1,1.546,1.654,1.13,,,13,45,richelieu_gun_380_x1,0.8954,0.9586,1.13,,,13,50,richelieu_gun_380_x1,0.8954,0.9586,1.13,,,13,50,richelieu_gun_152_x1,1.423,1.523,1.13,,,13,45,rich_gun_cal130_x1,2.092,2.218,1.13,,,13,50,richelieu_gun_100_x1,2.827,2.998,1.13,,,13,45,,0.8954,0.9586,,,,13,50,,0.8954,0.9586,,,,13,55,,2.092,2.218,,,,13,60,,2.092,2.218,,,,,,,,,,,,,,,,,,,,,,,,,,,,,,,,,,,,,,,,,,,,,,,,,,,,,,,,,,,,,,,,,,,,,,,,,,,,,,,,,,,,,,,,,,,,,,,,,,,,,,,,,,,,,,,,,,,,,,,,,,,,,,,,,,,,,,,,,,
13,,massena_gun_138_x2,2.454,2.616,0.88,,,13,,bouvet_gun_138_x2,2.454,2.616,0.88,,,13,,dante_gun_240_x2,1.546,1.654,0.88,,,13,,bouvet_gun_305_x2,1.546,1.654,0.88,,,13,,dante_gun_305_x2,1.227,1.308,0.88,,,13,45,dant_gun_245_x2,1.546,1.654,0.88,,,13,50,dant_gun_245_x2,1.546,1.654,0.88,,,13,45,richelieu_gun_380_x2,0.8954,0.9586,0.88,,,13,50,richelieu_gun_380_x2,0.8954,0.9586,0.88,,,13,50,richelieu_gun_152_x2,1.423,1.523,0.88,,,13,45,rich_gun_cal130_x2,2.092,2.218,0.88,,,13,50,richelieu_gun_100_x2,2.827,2.998,0.88,,,13,45,,0.8954,0.9586,,,,13,50,,0.8954,0.9586,,,,13,55,,2.092,2.218,,,,13,60,,2.092,2.218,,,,,,,,,,,,,,,,,,,,,,,,,,,,,,,,,,,,,,,,,,,,,,,,,,,,,,,,,,,,,,,,,,,,,,,,,,,,,,,,,,,,,,,,,,,,,,,,,,,,,,,,,,,,,,,,,,,,,,,,,,,,,,,,,,,,,,,,,,
13,,,2.454,2.616,0.705,,,13,,,2.454,2.616,0.705,,,13,,,1.546,1.654,0.705,,,13,,,1.546,1.654,0.705,,,13,,,1.227,1.308,0.705,,,13,45,dant_gun_245_x3,1.546,1.654,0.705,,,13,50,dant_gun_245_x3,1.546,1.654,0.705,,,13,45,richelieu_gun_380_x3,0.8954,0.9586,0.705,,,13,50,richelieu_gun_380_x3,0.8954,0.9586,0.705,,,13,50,richelieu_gun_152_x3,1.423,1.523,0.705,,,13,45,rich_gun_cal130_x3,2.092,2.218,0.705,,,13,50,richelieu_gun_100_x3,2.827,2.998,0.705,,,13,45,,0.8954,0.9586,,,,13,50,,0.8954,0.9586,,,,13,55,,2.092,2.218,,,,13,60,,2.092,2.218,,,,,,,,,,,,,,,,,,,,,,,,,,,,,,,,,,,,,,,,,,,,,,,,,,,,,,,,,,,,,,,,,,,,,,,,,,,,,,,,,,,,,,,,,,,,,,,,,,,,,,,,,,,,,,,,,,,,,,,,,,,,,,,,,,,,,,,,,,
,,,2.454,2.616,0.65,,,,,,2.454,2.616,0.65,,,,,,1.546,1.654,0.65,,,,,,1.546,1.654,0.65,,,,,,1.227,1.308,0.65,,,13,45,dant_gun_245_x4,1.546,1.654,0.65,,,13,50,dant_gun_245_x4,1.546,1.654,0.65,,,13,45,richelieu_gun_380_x4,0.8954,0.9586,0.65,,,13,50,richelieu_gun_380_x4,0.8954,0.9586,0.65,,,13,50,richelieu_gun_152_x4,1.423,1.523,0.65,,,13,45,rich_gun_cal130_x4,2.092,2.218,0.65,,,13,50,richelieu_gun_100_x4,2.827,2.998,0.65,,,13,45,richelieu_gun_b_380_x4,0.8954,0.9586,0.705,,,13,50,richelieu_gun_b_380_x4,0.8954,0.9586,0.705,,,13,55,richelieu_gun_120_x4,2.092,2.218,0.705,,,13,60,richelieu_gun_120_x4,2.092,2.218,0.705,,,,,,,,,,,,,,,,,,,,,,,,,,,,,,,,,,,,,,,,,,,,,,,,,,,,,,,,,,,,,,,,,,,,,,,,,,,,,,,,,,,,,,,,,,,,,,,,,,,,,,,,,,,,,,,,,,,,,,,,,,,,,,,,,,,,,,,,,
14,,massena_gun_138_x1,2.636,2.798,1.13,,,14,,bouvet_gun_138_x1,2.636,2.798,1.13,,,14,,dante_gun_240_x1,1.664,1.772,1.13,,,14,,bouvet_gun_305_x1,1.664,1.772,1.13,,,14,,dante_gun_305_x1,1.318,1.399,1.13,,,14,45,dant_gun_245_x1,1.664,1.772,1.13,,,14,50,dant_gun_245_x1,1.664,1.772,1.13,,,14,45,richelieu_gun_380_x1,0.9636,1.0268,1.13,,,14,50,richelieu_gun_380_x1,0.9636,1.0268,1.13,,,14,50,richelieu_gun_152_x1,1.532,1.632,1.13,,,14,45,rich_gun_cal130_x1,2.228,2.354,1.13,,,14,50,richelieu_gun_100_x1,3.018,3.189,1.13,,,14,45,,0.9636,1.0268,,,,14,50,,0.9636,1.0268,,,,14,55,,2.228,2.354,,,,14,60,,2.228,2.354,,,,,,,,,,,,,,,,,,,,,,,,,,,,,,,,,,,,,,,,,,,,,,,,,,,,,,,,,,,,,,,,,,,,,,,,,,,,,,,,,,,,,,,,,,,,,,,,,,,,,,,,,,,,,,,,,,,,,,,,,,,,,,,,,,,,,,,,,,
14,,massena_gun_138_x2,2.636,2.798,0.88,,,14,,bouvet_gun_138_x2,2.636,2.798,0.88,,,14,,dante_gun_240_x2,1.664,1.772,0.88,,,14,,bouvet_gun_305_x2,1.664,1.772,0.88,,,14,,dante_gun_305_x2,1.318,1.399,0.88,,,14,45,dant_gun_245_x2,1.664,1.772,0.88,,,14,50,dant_gun_245_x2,1.664,1.772,0.88,,,14,45,richelieu_gun_380_x2,0.9636,1.0268,0.88,,,14,50,richelieu_gun_380_x2,0.9636,1.0268,0.88,,,14,50,richelieu_gun_152_x2,1.532,1.632,0.88,,,14,45,rich_gun_cal130_x2,2.228,2.354,0.88,,,14,50,richelieu_gun_100_x2,3.018,3.189,0.88,,,14,45,,0.9636,1.0268,,,,14,50,,0.9636,1.0268,,,,14,55,,2.228,2.354,,,,14,60,,2.228,2.354,,,,,,,,,,,,,,,,,,,,,,,,,,,,,,,,,,,,,,,,,,,,,,,,,,,,,,,,,,,,,,,,,,,,,,,,,,,,,,,,,,,,,,,,,,,,,,,,,,,,,,,,,,,,,,,,,,,,,,,,,,,,,,,,,,,,,,,,,,
14,,,2.636,2.798,0.705,,,14,,,2.636,2.798,0.705,,,14,,,1.664,1.772,0.705,,,14,,,1.664,1.772,0.705,,,14,,,1.318,1.399,0.705,,,14,45,dant_gun_245_x3,1.664,1.772,0.705,,,14,50,dant_gun_245_x3,1.664,1.772,0.705,,,14,45,richelieu_gun_380_x3,0.9636,1.0268,0.705,,,14,50,richelieu_gun_380_x3,0.9636,1.0268,0.705,,,14,50,richelieu_gun_152_x3,1.532,1.632,0.705,,,14,45,rich_gun_cal130_x3,2.228,2.354,0.705,,,14,50,richelieu_gun_100_x3,3.018,3.189,0.705,,,14,45,,0.9636,1.0268,,,,14,50,,0.9636,1.0268,,,,14,55,,2.228,2.354,,,,14,60,,2.228,2.354,,,,,,,,,,,,,,,,,,,,,,,,,,,,,,,,,,,,,,,,,,,,,,,,,,,,,,,,,,,,,,,,,,,,,,,,,,,,,,,,,,,,,,,,,,,,,,,,,,,,,,,,,,,,,,,,,,,,,,,,,,,,,,,,,,,,,,,,,,
,,,2.636,2.798,0.66,,,,,,2.636,2.798,0.66,,,,,,1.664,1.772,0.66,,,,,,1.664,1.772,0.66,,,,,,1.318,1.399,0.66,,,14,45,dant_gun_245_x4,1.664,1.772,0.66,,,14,50,dant_gun_245_x4,1.664,1.772,0.66,,,14,45,richelieu_gun_380_x4,0.9636,1.0268,0.66,,,14,50,richelieu_gun_380_x4,0.9636,1.0268,0.66,,,14,50,richelieu_gun_152_x4,1.532,1.632,0.66,,,14,45,rich_gun_cal130_x4,2.228,2.354,0.66,,,14,50,richelieu_gun_100_x4,3.018,3.189,0.66,,,14,45,richelieu_gun_b_380_x4,0.9636,1.0268,0.705,,,14,50,richelieu_gun_b_380_x4,0.9636,1.0268,0.705,,,14,55,richelieu_gun_120_x4,2.228,2.354,0.705,,,14,60,richelieu_gun_120_x4,2.228,2.354,0.705,,,,,,,,,,,,,,,,,,,,,,,,,,,,,,,,,,,,,,,,,,,,,,,,,,,,,,,,,,,,,,,,,,,,,,,,,,,,,,,,,,,,,,,,,,,,,,,,,,,,,,,,,,,,,,,,,,,,,,,,,,,,,,,,,,,,,,,,,
15,,massena_gun_138_x1,2.818,2.98,1.14,,,15,,bouvet_gun_138_x1,2.818,2.98,1.14,,,15,,dante_gun_240_x1,1.782,1.89,1.14,,,15,,bouvet_gun_305_x1,1.782,1.89,1.14,,,15,,dante_gun_305_x1,1.409,1.49,1.14,,,15,45,dant_gun_245_x1,1.782,1.89,1.14,,,15,50,dant_gun_245_x1,1.782,1.89,1.14,,,15,45,richelieu_gun_380_x1,1.0318,1.095,1.14,,,15,50,richelieu_gun_380_x1,1.0318,1.095,1.14,,,15,50,richelieu_gun_152_x1,1.641,1.741,1.14,,,15,45,rich_gun_cal130_x1,2.364,2.49,1.14,,,15,50,richelieu_gun_100_x1,3.209,3.38,1.14,,,15,45,,1.0318,1.095,,,,15,50,,1.0318,1.095,,,,15,55,,2.364,2.49,,,,15,60,,2.364,2.49,,,,,,,,,,,,,,,,,,,,,,,,,,,,,,,,,,,,,,,,,,,,,,,,,,,,,,,,,,,,,,,,,,,,,,,,,,,,,,,,,,,,,,,,,,,,,,,,,,,,,,,,,,,,,,,,,,,,,,,,,,,,,,,,,,,,,,,,,,
15,,massena_gun_138_x2,2.818,2.98,0.9,,,15,,bouvet_gun_138_x2,2.818,2.98,0.9,,,15,,dante_gun_240_x2,1.782,1.89,0.9,,,15,,bouvet_gun_305_x2,1.782,1.89,0.9,,,15,,dante_gun_305_x2,1.409,1.49,0.9,,,15,45,dant_gun_245_x2,1.782,1.89,0.9,,,15,50,dant_gun_245_x2,1.782,1.89,0.9,,,15,45,richelieu_gun_380_x2,1.0318,1.095,0.9,,,15,50,richelieu_gun_380_x2,1.0318,1.095,0.9,,,15,50,richelieu_gun_152_x2,1.641,1.741,0.9,,,15,45,rich_gun_cal130_x2,2.364,2.49,0.9,,,15,50,richelieu_gun_100_x2,3.209,3.38,0.9,,,15,45,,1.0318,1.095,,,,15,50,,1.0318,1.095,,,,15,55,,2.364,2.49,,,,15,60,,2.364,2.49,,,,,,,,,,,,,,,,,,,,,,,,,,,,,,,,,,,,,,,,,,,,,,,,,,,,,,,,,,,,,,,,,,,,,,,,,,,,,,,,,,,,,,,,,,,,,,,,,,,,,,,,,,,,,,,,,,,,,,,,,,,,,,,,,,,,,,,,,,
15,,,2.818,2.98,0.72,,,15,,,2.818,2.98,0.72,,,15,,,1.782,1.89,0.72,,,15,,,1.782,1.89,0.72,,,15,,,1.409,1.49,0.72,,,15,45,dant_gun_245_x3,1.782,1.89,0.72,,,15,50,dant_gun_245_x3,1.782,1.89,0.72,,,15,45,richelieu_gun_380_x3,1.0318,1.095,0.72,,,15,50,richelieu_gun_380_x3,1.0318,1.095,0.72,,,15,50,richelieu_gun_152_x3,1.641,1.741,0.72,,,15,45,rich_gun_cal130_x3,2.364,2.49,0.72,,,15,50,richelieu_gun_100_x3,3.209,3.38,0.72,,,15,45,,1.0318,1.095,,,,15,50,,1.0318,1.095,,,,15,55,,2.364,2.49,,,,15,60,,2.364,2.49,,,,,,,,,,,,,,,,,,,,,,,,,,,,,,,,,,,,,,,,,,,,,,,,,,,,,,,,,,,,,,,,,,,,,,,,,,,,,,,,,,,,,,,,,,,,,,,,,,,,,,,,,,,,,,,,,,,,,,,,,,,,,,,,,,,,,,,,,,
,,,2.818,2.98,0.675,,,,,,2.818,2.98,0.675,,,,,,1.782,1.89,0.675,,,,,,1.782,1.89,0.675,,,,,,1.409,1.49,0.675,,,15,45,dant_gun_245_x4,1.782,1.89,0.675,,,15,50,dant_gun_245_x4,1.782,1.89,0.675,,,15,45,richelieu_gun_380_x4,1.0318,1.095,0.675,,,15,50,richelieu_gun_380_x4,1.0318,1.095,0.675,,,15,50,richelieu_gun_152_x4,1.641,1.741,0.675,,,15,45,rich_gun_cal130_x4,2.364,2.49,0.675,,,15,50,richelieu_gun_100_x4,3.209,3.38,0.675,,,15,45,richelieu_gun_b_380_x4,1.0318,1.095,0.72,,,15,50,richelieu_gun_b_380_x4,1.0318,1.095,0.72,,,15,55,richelieu_gun_120_x4,2.364,2.49,0.72,,,15,60,richelieu_gun_120_x4,2.364,2.49,0.72,,,,,,,,,,,,,,,,,,,,,,,,,,,,,,,,,,,,,,,,,,,,,,,,,,,,,,,,,,,,,,,,,,,,,,,,,,,,,,,,,,,,,,,,,,,,,,,,,,,,,,,,,,,,,,,,,,,,,,,,,,,,,,,,,,,,,,,,,
16,,massena_gun_138_x1,3,3.162,1.15,,,16,,bouvet_gun_138_x1,3,3.162,1.15,,,16,,dante_gun_240_x1,1.9,2.008,1.15,,,16,,bouvet_gun_305_x1,1.9,2.008,1.15,,,16,,dante_gun_305_x1,1.5,1.581,1.15,,,16,45,dant_gun_245_x1,1.9,2.008,1.15,,,16,50,dant_gun_245_x1,1.9,2.008,1.15,,,16,45,richelieu_gun_380_x1,1.1,1.1632,1.15,,,16,50,richelieu_gun_380_x1,1.1,1.1632,1.15,,,16,50,richelieu_gun_152_x1,1.75,1.85,1.15,,,16,45,rich_gun_cal130_x1,2.5,2.626,1.15,,,16,50,richelieu_gun_100_x1,3.4,3.571,1.15,,,16,45,,1.1,1.1632,,,,16,50,,1.1,1.1632,,,,16,55,,2.5,2.626,,,,16,60,,2.5,2.626,,,,,,,,,,,,,,,,,,,,,,,,,,,,,,,,,,,,,,,,,,,,,,,,,,,,,,,,,,,,,,,,,,,,,,,,,,,,,,,,,,,,,,,,,,,,,,,,,,,,,,,,,,,,,,,,,,,,,,,,,,,,,,,,,,,,,,,,,,
16,,massena_gun_138_x2,3,3.162,0.93,,,16,,bouvet_gun_138_x2,3,3.162,0.93,,,16,,dante_gun_240_x2,1.9,2.008,0.93,,,16,,bouvet_gun_305_x2,1.9,2.008,0.93,,,16,,dante_gun_305_x2,1.5,1.581,0.93,,,16,45,dant_gun_245_x2,1.9,2.008,0.93,,,16,50,dant_gun_245_x2,1.9,2.008,0.93,,,16,45,richelieu_gun_380_x2,1.1,1.1632,0.93,,,16,50,richelieu_gun_380_x2,1.1,1.1632,0.93,,,16,50,richelieu_gun_152_x2,1.75,1.85,0.93,,,16,45,rich_gun_cal130_x2,2.5,2.626,0.93,,,16,50,richelieu_gun_100_x2,3.4,3.571,0.93,,,16,45,,1.1,1.1632,,,,16,50,,1.1,1.1632,,,,16,55,,2.5,2.626,,,,16,60,,2.5,2.626,,,,,,,,,,,,,,,,,,,,,,,,,,,,,,,,,,,,,,,,,,,,,,,,,,,,,,,,,,,,,,,,,,,,,,,,,,,,,,,,,,,,,,,,,,,,,,,,,,,,,,,,,,,,,,,,,,,,,,,,,,,,,,,,,,,,,,,,,,
16,,,3,3.162,0.75,,,16,,,3,3.162,0.75,,,16,,,1.9,2.008,0.75,,,16,,,1.9,2.008,0.75,,,16,,,1.5,1.581,0.75,,,16,45,dant_gun_245_x3,1.9,2.008,0.75,,,16,50,dant_gun_245_x3,1.9,2.008,0.75,,,16,45,richelieu_gun_380_x3,1.1,1.1632,0.75,,,16,50,richelieu_gun_380_x3,1.1,1.1632,0.75,,,16,50,richelieu_gun_152_x3,1.75,1.85,0.75,,,16,45,rich_gun_cal130_x3,2.5,2.626,0.75,,,16,50,richelieu_gun_100_x3,3.4,3.571,0.75,,,16,45,,1.1,1.1632,,,,16,50,,1.1,1.1632,,,,16,55,,2.5,2.626,,,,16,60,,2.5,2.626,,,,,,,,,,,,,,,,,,,,,,,,,,,,,,,,,,,,,,,,,,,,,,,,,,,,,,,,,,,,,,,,,,,,,,,,,,,,,,,,,,,,,,,,,,,,,,,,,,,,,,,,,,,,,,,,,,,,,,,,,,,,,,,,,,,,,,,,,,
,,,3,3.162,0.68,,,,,,3,3.162,0.68,,,,,,1.9,2.008,0.68,,,,,,1.9,2.008,0.68,,,,,,1.5,1.581,0.68,,,16,45,dant_gun_245_x4,1.9,2.008,0.68,,,16,50,dant_gun_245_x4,1.9,2.008,0.68,,,16,45,richelieu_gun_380_x4,1.1,1.1632,0.68,,,16,50,richelieu_gun_380_x4,1.1,1.1632,0.68,,,16,50,richelieu_gun_152_x4,1.75,1.85,0.68,,,16,45,rich_gun_cal130_x4,2.5,2.626,0.68,,,16,50,richelieu_gun_100_x4,3.4,3.571,0.68,,,16,45,richelieu_gun_b_380_x4,1.1,1.1632,0.75,,,16,50,richelieu_gun_b_380_x4,1.1,1.1632,0.75,,,16,55,richelieu_gun_120_x4,2.5,2.626,0.75,,,16,60,richelieu_gun_120_x4,2.5,2.626,0.75,,,,,,,,,,,,,,,,,,,,,,,,,,,,,,,,,,,,,,,,,,,,,,,,,,,,,,,,,,,,,,,,,,,,,,,,,,,,,,,,,,,,,,,,,,,,,,,,,,,,,,,,,,,,,,,,,,,,,,,,,,,,,,,,,,,,,,,,,
17,,massena_gun_138_x1,3.182,3.344,1.2,,,17,,bouvet_gun_138_x1,3.182,3.344,1.2,,,17,,dante_gun_240_x1,2.018,2.126,1.2,,,17,,bouvet_gun_305_x1,2.018,2.126,1.2,,,17,,dante_gun_305_x1,1.591,1.672,1.2,,,17,45,dant_gun_245_x1,2.018,2.126,1.2,,,17,50,dant_gun_245_x1,2.018,2.126,1.2,,,17,45,richelieu_gun_380_x1,1.1682,1.2314,1.2,,,17,50,richelieu_gun_380_x1,1.1682,1.2314,1.2,,,17,50,richelieu_gun_152_x1,1.859,1.959,1.2,,,17,45,rich_gun_cal130_x1,2.636,2.762,1.2,,,17,50,richelieu_gun_100_x1,3.591,3.762,1.2,,,17,45,,1.1682,1.2314,,,,17,50,,1.1682,1.2314,,,,17,55,,2.636,2.762,,,,17,60,,2.636,2.762,,,,,,,,,,,,,,,,,,,,,,,,,,,,,,,,,,,,,,,,,,,,,,,,,,,,,,,,,,,,,,,,,,,,,,,,,,,,,,,,,,,,,,,,,,,,,,,,,,,,,,,,,,,,,,,,,,,,,,,,,,,,,,,,,,,,,,,,,,
17,,massena_gun_138_x2,3.182,3.344,0.95,,,17,,bouvet_gun_138_x2,3.182,3.344,0.95,,,17,,dante_gun_240_x2,2.018,2.126,0.95,,,17,,bouvet_gun_305_x2,2.018,2.126,0.95,,,17,,dante_gun_305_x2,1.591,1.672,0.95,,,17,45,dant_gun_245_x2,2.018,2.126,0.95,,,17,50,dant_gun_245_x2,2.018,2.126,0.95,,,17,45,richelieu_gun_380_x2,1.1682,1.2314,0.95,,,17,50,richelieu_gun_380_x2,1.1682,1.2314,0.95,,,17,50,richelieu_gun_152_x2,1.859,1.959,0.95,,,17,45,rich_gun_cal130_x2,2.636,2.762,0.95,,,17,50,richelieu_gun_100_x2,3.591,3.762,0.95,,,17,45,,1.1682,1.2314,,,,17,50,,1.1682,1.2314,,,,17,55,,2.636,2.762,,,,17,60,,2.636,2.762,,,,,,,,,,,,,,,,,,,,,,,,,,,,,,,,,,,,,,,,,,,,,,,,,,,,,,,,,,,,,,,,,,,,,,,,,,,,,,,,,,,,,,,,,,,,,,,,,,,,,,,,,,,,,,,,,,,,,,,,,,,,,,,,,,,,,,,,,,
17,,,3.182,3.344,0.775,,,17,,,3.182,3.344,0.775,,,17,,,2.018,2.126,0.775,,,17,,,2.018,2.126,0.775,,,17,,,1.591,1.672,0.775,,,17,45,dant_gun_245_x3,2.018,2.126,0.775,,,17,50,dant_gun_245_x3,2.018,2.126,0.775,,,17,45,richelieu_gun_380_x3,1.1682,1.2314,0.775,,,17,50,richelieu_gun_380_x3,1.1682,1.2314,0.775,,,17,50,richelieu_gun_152_x3,1.859,1.959,0.775,,,17,45,rich_gun_cal130_x3,2.636,2.762,0.775,,,17,50,richelieu_gun_100_x3,3.591,3.762,0.775,,,17,45,,1.1682,1.2314,,,,17,50,,1.1682,1.2314,,,,17,55,,2.636,2.762,,,,17,60,,2.636,2.762,,,,,,,,,,,,,,,,,,,,,,,,,,,,,,,,,,,,,,,,,,,,,,,,,,,,,,,,,,,,,,,,,,,,,,,,,,,,,,,,,,,,,,,,,,,,,,,,,,,,,,,,,,,,,,,,,,,,,,,,,,,,,,,,,,,,,,,,,,
,,,3.182,3.344,0.71,,,,,,3.182,3.344,0.71,,,,,,2.018,2.126,0.71,,,,,,2.018,2.126,0.71,,,,,,1.591,1.672,0.71,,,17,45,dant_gun_245_x4,2.018,2.126,0.71,,,17,50,dant_gun_245_x4,2.018,2.126,0.71,,,17,45,richelieu_gun_380_x4,1.1682,1.2314,0.71,,,17,50,richelieu_gun_380_x4,1.1682,1.2314,0.71,,,17,50,richelieu_gun_152_x4,1.859,1.959,0.71,,,17,45,rich_gun_cal130_x4,2.636,2.762,0.71,,,17,50,richelieu_gun_100_x4,3.591,3.762,0.71,,,17,45,richelieu_gun_b_380_x4,1.1682,1.2314,0.775,,,17,50,richelieu_gun_b_380_x4,1.1682,1.2314,0.775,,,17,55,richelieu_gun_120_x4,2.636,2.762,0.775,,,17,60,richelieu_gun_120_x4,2.636,2.762,0.775,,,,,,,,,,,,,,,,,,,,,,,,,,,,,,,,,,,,,,,,,,,,,,,,,,,,,,,,,,,,,,,,,,,,,,,,,,,,,,,,,,,,,,,,,,,,,,,,,,,,,,,,,,,,,,,,,,,,,,,,,,,,,,,,,,,,,,,,,
18,,massena_gun_138_x1,3.364,3.526,1.23,,,18,,bouvet_gun_138_x1,3.364,3.526,1.23,,,18,,dante_gun_240_x1,2.136,2.244,1.23,,,18,,bouvet_gun_305_x1,2.136,2.244,1.23,,,18,,dante_gun_305_x1,1.682,1.763,1.23,,,18,45,dant_gun_245_x1,2.136,2.244,1.23,,,18,50,dant_gun_245_x1,2.136,2.244,1.23,,,18,45,richelieu_gun_380_x1,1.2364,1.2996,1.23,,,18,50,richelieu_gun_380_x1,1.2364,1.2996,1.23,,,18,50,richelieu_gun_152_x1,1.968,2.068,1.23,,,18,45,rich_gun_cal130_x1,2.772,2.898,1.23,,,18,50,richelieu_gun_100_x1,3.782,3.953,1.23,,,18,45,,1.2364,1.2996,,,,18,50,,1.2364,1.2996,,,,18,55,,2.772,2.898,,,,18,60,,2.772,2.898,,,,,,,,,,,,,,,,,,,,,,,,,,,,,,,,,,,,,,,,,,,,,,,,,,,,,,,,,,,,,,,,,,,,,,,,,,,,,,,,,,,,,,,,,,,,,,,,,,,,,,,,,,,,,,,,,,,,,,,,,,,,,,,,,,,,,,,,,,
18,,massena_gun_138_x2,3.364,3.526,0.985,,,18,,bouvet_gun_138_x2,3.364,3.526,0.985,,,18,,dante_gun_240_x2,2.136,2.244,0.985,,,18,,bouvet_gun_305_x2,2.136,2.244,0.985,,,18,,dante_gun_305_x2,1.682,1.763,0.985,,,18,45,dant_gun_245_x2,2.136,2.244,0.985,,,18,50,dant_gun_245_x2,2.136,2.244,0.985,,,18,45,richelieu_gun_380_x2,1.2364,1.2996,0.985,,,18,50,richelieu_gun_380_x2,1.2364,1.2996,0.985,,,18,50,richelieu_gun_152_x2,1.968,2.068,0.985,,,18,45,rich_gun_cal130_x2,2.772,2.898,0.985,,,18,50,richelieu_gun_100_x2,3.782,3.953,0.985,,,18,45,,1.2364,1.2996,,,,18,50,,1.2364,1.2996,,,,18,55,,2.772,2.898,,,,18,60,,2.772,2.898,,,,,,,,,,,,,,,,,,,,,,,,,,,,,,,,,,,,,,,,,,,,,,,,,,,,,,,,,,,,,,,,,,,,,,,,,,,,,,,,,,,,,,,,,,,,,,,,,,,,,,,,,,,,,,,,,,,,,,,,,,,,,,,,,,,,,,,,,,
18,,,3.364,3.526,0.81,,,18,,,3.364,3.526,0.81,,,18,,,2.136,2.244,0.81,,,18,,,2.136,2.244,0.81,,,18,,,1.682,1.763,0.81,,,18,45,dant_gun_245_x3,2.136,2.244,0.81,,,18,50,dant_gun_245_x3,2.136,2.244,0.81,,,18,45,richelieu_gun_380_x3,1.2364,1.2996,0.81,,,18,50,richelieu_gun_380_x3,1.2364,1.2996,0.81,,,18,50,richelieu_gun_152_x3,1.968,2.068,0.81,,,18,45,rich_gun_cal130_x3,2.772,2.898,0.81,,,18,50,richelieu_gun_100_x3,3.782,3.953,0.81,,,18,45,,1.2364,1.2996,,,,18,50,,1.2364,1.2996,,,,18,55,,2.772,2.898,,,,18,60,,2.772,2.898,,,,,,,,,,,,,,,,,,,,,,,,,,,,,,,,,,,,,,,,,,,,,,,,,,,,,,,,,,,,,,,,,,,,,,,,,,,,,,,,,,,,,,,,,,,,,,,,,,,,,,,,,,,,,,,,,,,,,,,,,,,,,,,,,,,,,,,,,,
,,,3.364,3.526,0.735,,,,,,3.364,3.526,0.735,,,,,,2.136,2.244,0.735,,,,,,2.136,2.244,0.735,,,,,,1.682,1.763,0.735,,,18,45,dant_gun_245_x4,2.136,2.244,0.735,,,18,50,dant_gun_245_x4,2.136,2.244,0.735,,,18,45,richelieu_gun_380_x4,1.2364,1.2996,0.735,,,18,50,richelieu_gun_380_x4,1.2364,1.2996,0.735,,,18,50,richelieu_gun_152_x4,1.968,2.068,0.735,,,18,45,rich_gun_cal130_x4,2.772,2.898,0.735,,,18,50,richelieu_gun_100_x4,3.782,3.953,0.735,,,18,45,richelieu_gun_b_380_x4,1.2364,1.2996,0.81,,,18,50,richelieu_gun_b_380_x4,1.2364,1.2996,0.81,,,18,55,richelieu_gun_120_x4,2.772,2.898,0.81,,,18,60,richelieu_gun_120_x4,2.772,2.898,0.81,,,,,,,,,,,,,,,,,,,,,,,,,,,,,,,,,,,,,,,,,,,,,,,,,,,,,,,,,,,,,,,,,,,,,,,,,,,,,,,,,,,,,,,,,,,,,,,,,,,,,,,,,,,,,,,,,,,,,,,,,,,,,,,,,,,,,,,,,
19,,massena_gun_138_x1,3.546,3.708,1.16,,,19,,bouvet_gun_138_x1,3.546,3.708,1.16,,,19,,dante_gun_240_x1,2.254,2.362,1.16,,,19,,bouvet_gun_305_x1,2.254,2.362,1.16,,,19,,dante_gun_305_x1,1.773,1.854,1.16,,,19,45,dant_gun_245_x1,2.254,2.362,1.16,,,19,50,dant_gun_245_x1,2.254,2.362,1.16,,,19,45,richelieu_gun_380_x1,1.3046,1.3678,1.16,,,19,50,richelieu_gun_380_x1,1.3046,1.3678,1.16,,,19,50,richelieu_gun_152_x1,2.077,2.177,1.16,,,19,45,rich_gun_cal130_x1,2.908,3.034,1.16,,,19,50,richelieu_gun_100_x1,3.973,4.144,1.16,,,19,45,,1.3046,1.3678,,,,19,50,,1.3046,1.3678,,,,19,55,,2.908,3.034,,,,19,60,,2.908,3.034,,,,,,,,,,,,,,,,,,,,,,,,,,,,,,,,,,,,,,,,,,,,,,,,,,,,,,,,,,,,,,,,,,,,,,,,,,,,,,,,,,,,,,,,,,,,,,,,,,,,,,,,,,,,,,,,,,,,,,,,,,,,,,,,,,,,,,,,,,
19,,massena_gun_138_x2,3.546,3.708,0.95,,,19,,bouvet_gun_138_x2,3.546,3.708,0.95,,,19,,dante_gun_240_x2,2.254,2.362,0.95,,,19,,bouvet_gun_305_x2,2.254,2.362,0.95,,,19,,dante_gun_305_x2,1.773,1.854,0.95,,,19,45,dant_gun_245_x2,2.254,2.362,0.95,,,19,50,dant_gun_245_x2,2.254,2.362,0.95,,,19,45,richelieu_gun_380_x2,1.3046,1.3678,0.95,,,19,50,richelieu_gun_380_x2,1.3046,1.3678,0.95,,,19,50,richelieu_gun_152_x2,2.077,2.177,0.95,,,19,45,rich_gun_cal130_x2,2.908,3.034,0.95,,,19,50,richelieu_gun_100_x2,3.973,4.144,0.95,,,19,45,,1.3046,1.3678,,,,19,50,,1.3046,1.3678,,,,19,55,,2.908,3.034,,,,19,60,,2.908,3.034,,,,,,,,,,,,,,,,,,,,,,,,,,,,,,,,,,,,,,,,,,,,,,,,,,,,,,,,,,,,,,,,,,,,,,,,,,,,,,,,,,,,,,,,,,,,,,,,,,,,,,,,,,,,,,,,,,,,,,,,,,,,,,,,,,,,,,,,,,
19,,,3.546,3.708,0.78,,,19,,,3.546,3.708,0.78,,,19,,,2.254,2.362,0.78,,,19,,,2.254,2.362,0.78,,,19,,,1.773,1.854,0.78,,,19,45,dant_gun_245_x3,2.254,2.362,0.78,,,19,50,dant_gun_245_x3,2.254,2.362,0.78,,,19,45,richelieu_gun_380_x3,1.3046,1.3678,0.78,,,19,50,richelieu_gun_380_x3,1.3046,1.3678,0.78,,,19,50,richelieu_gun_152_x3,2.077,2.177,0.78,,,19,45,rich_gun_cal130_x3,2.908,3.034,0.78,,,19,50,richelieu_gun_100_x3,3.973,4.144,0.78,,,19,45,,1.3046,1.3678,,,,19,50,,1.3046,1.3678,,,,19,55,,2.908,3.034,,,,19,60,,2.908,3.034,,,,,,,,,,,,,,,,,,,,,,,,,,,,,,,,,,,,,,,,,,,,,,,,,,,,,,,,,,,,,,,,,,,,,,,,,,,,,,,,,,,,,,,,,,,,,,,,,,,,,,,,,,,,,,,,,,,,,,,,,,,,,,,,,,,,,,,,,,
,,,3.546,3.708,0.725,,,,,,3.546,3.708,0.725,,,,,,2.254,2.362,0.725,,,,,,2.254,2.362,0.725,,,,,,1.773,1.854,0.725,,,19,45,dant_gun_245_x4,2.254,2.362,0.725,,,19,50,dant_gun_245_x4,2.254,2.362,0.725,,,19,45,richelieu_gun_380_x4,1.3046,1.3678,0.725,,,19,50,richelieu_gun_380_x4,1.3046,1.3678,0.725,,,19,50,richelieu_gun_152_x4,2.077,2.177,0.725,,,19,45,rich_gun_cal130_x4,2.908,3.034,0.725,,,19,50,richelieu_gun_100_x4,3.973,4.144,0.725,,,19,45,richelieu_gun_b_380_x4,1.3046,1.3678,0.78,,,19,50,richelieu_gun_b_380_x4,1.3046,1.3678,0.78,,,19,55,richelieu_gun_120_x4,2.908,3.034,0.78,,,19,60,richelieu_gun_120_x4,2.908,3.034,0.78,,,,,,,,,,,,,,,,,,,,,,,,,,,,,,,,,,,,,,,,,,,,,,,,,,,,,,,,,,,,,,,,,,,,,,,,,,,,,,,,,,,,,,,,,,,,,,,,,,,,,,,,,,,,,,,,,,,,,,,,,,,,,,,,,,,,,,,,,
20,,massena_gun_138_x1,3.728,3.89,1.05,,,20,,bouvet_gun_138_x1,3.728,3.89,1.05,,,20,,dante_gun_240_x1,2.372,2.48,1.05,,,20,,bouvet_gun_305_x1,2.372,2.48,1.05,,,20,,dante_gun_305_x1,1.864,1.945,1.05,,,20,45,dant_gun_245_x1,2.372,2.48,1.05,,,20,50,dant_gun_245_x1,2.372,2.48,1.05,,,20,45,richelieu_gun_380_x1,1.3728,1.436,1.05,,,20,50,richelieu_gun_380_x1,1.3728,1.436,1.05,,,20,50,richelieu_gun_152_x1,2.186,2.286,1.05,,,20,45,rich_gun_cal130_x1,3.044,3.18,1.05,,,20,50,richelieu_gun_100_x1,4.164,4.335,1.05,,,20,45,,1.3728,1.436,,,,20,50,,1.3728,1.436,,,,20,55,,3.044,3.18,,,,20,60,,3.044,3.18,,,,,,,,,,,,,,,,,,,,,,,,,,,,,,,,,,,,,,,,,,,,,,,,,,,,,,,,,,,,,,,,,,,,,,,,,,,,,,,,,,,,,,,,,,,,,,,,,,,,,,,,,,,,,,,,,,,,,,,,,,,,,,,,,,,,,,,,,,
20,,massena_gun_138_x2,3.728,3.89,0.85,,,20,,bouvet_gun_138_x2,3.728,3.89,0.85,,,20,,dante_gun_240_x2,2.372,2.48,0.85,,,20,,bouvet_gun_305_x2,2.372,2.48,0.85,,,20,,dante_gun_305_x2,1.864,1.945,0.85,,,20,45,dant_gun_245_x2,2.372,2.48,0.85,,,20,50,dant_gun_245_x2,2.372,2.48,0.85,,,20,45,richelieu_gun_380_x2,1.3728,1.436,0.85,,,20,50,richelieu_gun_380_x2,1.3728,1.436,0.85,,,20,50,richelieu_gun_152_x2,2.186,2.286,0.85,,,20,45,rich_gun_cal130_x2,3.044,3.18,0.85,,,20,50,richelieu_gun_100_x2,4.164,4.335,0.85,,,20,45,,1.3728,1.436,,,,20,50,,1.3728,1.436,,,,20,55,,3.044,3.18,,,,20,60,,3.044,3.18,,,,,,,,,,,,,,,,,,,,,,,,,,,,,,,,,,,,,,,,,,,,,,,,,,,,,,,,,,,,,,,,,,,,,,,,,,,,,,,,,,,,,,,,,,,,,,,,,,,,,,,,,,,,,,,,,,,,,,,,,,,,,,,,,,,,,,,,,,
20,,,3.728,3.89,0.7,,,20,,,3.728,3.89,0.7,,,20,,,2.372,2.48,0.7,,,20,,,2.372,2.48,0.7,,,20,,,1.864,1.945,0.7,,,20,45,dant_gun_245_x3,2.372,2.48,0.7,,,20,50,dant_gun_245_x3,2.372,2.48,0.7,,,20,45,richelieu_gun_380_x3,1.3728,1.436,0.7,,,20,50,richelieu_gun_380_x3,1.3728,1.436,0.7,,,20,50,richelieu_gun_152_x3,2.186,2.286,0.7,,,20,45,rich_gun_cal130_x3,3.044,3.18,0.7,,,20,50,richelieu_gun_100_x3,4.164,4.335,0.7,,,20,45,,1.3728,1.436,,,,20,50,,1.3728,1.436,,,,20,55,,3.044,3.18,,,,20,60,,3.044,3.18,,,,,,,,,,,,,,,,,,,,,,,,,,,,,,,,,,,,,,,,,,,,,,,,,,,,,,,,,,,,,,,,,,,,,,,,,,,,,,,,,,,,,,,,,,,,,,,,,,,,,,,,,,,,,,,,,,,,,,,,,,,,,,,,,,,,,,,,,,
,,,3.728,3.89,0.65,,,,,,3.728,3.89,0.65,,,,,,2.372,2.48,0.65,,,,,,2.372,2.48,0.65,,,,,,1.864,1.945,0.65,,,20,45,dant_gun_245_x4,2.372,2.48,0.65,,,20,50,dant_gun_245_x4,2.372,2.48,0.65,,,20,45,richelieu_gun_380_x4,1.3728,1.436,0.65,,,20,50,richelieu_gun_380_x4,1.3728,1.436,0.65,,,20,50,richelieu_gun_152_x4,2.186,2.286,0.65,,,20,45,rich_gun_cal130_x4,3.044,3.18,0.65,,,20,50,richelieu_gun_100_x4,4.164,4.335,0.65,,,20,45,richelieu_gun_b_380_x4,1.3728,1.436,0.7,,,20,50,richelieu_gun_b_380_x4,1.3728,1.436,0.7,,,20,55,richelieu_gun_120_x4,3.044,3.18,0.7,,,20,60,richelieu_gun_120_x4,3.044,3.18,0.7,,,,,,,,,,,,,,,,,,,,,,,,,,,,,,,,,,,,,,,,,,,,,,,,,,,,,,,,,,,,,,,,,,,,,,,,,,,,,,,,,,,,,,,,,,,,,,,,,,,,,,,,,,,,,,,,,,,,,,,,,,,,,,,,,,,,,,,,,
,,,,,,,,,,,,,,,,,,,,,,,,,,,,,,,,,,,,,,,,,,,,,,,,,,,,,,,,,,,,,,,,,,,,,,,,,,,,,,,,,,,,,,,,,,,,,,,,,,,,,,,,,,,,,,,,,,,,,,,,,,,,,,,,,,,,,,,,,,,,,,,,,,,,,,,,,,,,,,,,,,,,,,,,,,,,,,,,,,,,,,,,,,,,,,,,,,,,,,,,,,,,,,,,,,,,,,,,,,,,,,,,,,,,,,,,,,,,,,,,,,,,,,,,,,,,,,,,,,,,,,
,,,,,,,,,,,,,,,,,,,,,,,,,,,,,,,,,,,,,,,,,,,,,,,,,,,,,,,,,,,,,,,,,,,,,,,,,,,,,,,,,,,,,,,,,,,,,,,,,,,,,,,,,,,,,,,,,,,,,,,,,,,,,,,,,,,,,,,,,,,,,,,,,,,,,,,,,,,,,,,,,,,,,,,,,,,,,,,,,,,,,,,,,,,,,,,,,,,,,,,,,,,,,,,,,,,,,,,,,,,,,,,,,,,,,,,,,,,,,,,,,,,,,,,,,,,,,,,,,,,,,,
,,,,,,,,,,,,,,,,,,,,,,,,,,,,,,,,,,,,,,,,,,,,,,,,,,,,,,,,,,,,,,,,,,,,,,,,,,,,,,,,,,,,,,,,,,,,,,,,,,,,,,,,,,,,,,,,,,,,,,,,,,,,,,,,,,,,,,,,,,,,,,,,,,,,,,,,,,,,,,,,,,,,,,,,,,,,,,,,,,,,,,,,,,,,,,,,,,,,,,,,,,,,,,,,,,,,,,,,,,,,,,,,,,,,,,,,,,,,,,,,,,,,,,,,,,,,,,,,,,,,,,
,,,,,,,,,,,,,,,,,,,,,,,,,,,,,,,,,,,,,,,,,,,,,,,,,,,,,,,,,,,,,,,,,,,,,,,,,,,,,,,,,,,,,,,,,,,,,,,,,,,,,,,,,,,,,,,,,,,,,,,,,,,,,,,,,,,,,,,,,,,,,,,,,,,,,,,,,,,,,,,,,,,,,,,,,,,,,,,,,,,,,,,,,,,,,,,,,,,,,,,,,,,,,,,,,,,,,,,,,,,,,,,,,,,,,,,,,,,,,,,,,,,,,,,,,,,,,,,,,,,,,,
,,,,,,,,,,,,,,,,,,,,,,,,,,,,,,,,,,,,,,,,,,,,,,,,,,,,,,,,,,,,,,,,,,,,,,,,,,,,,,,,,,,,,,,,,,,,,,,,,,,,,,,,,,,,,,,,,,,,,,,,,,,,,,,,,,,,,,,,,,,,,,,,,,,,,,,,,,,,,,,,,,,,,,,,,,,,,,,,,,,,,,,,,,,,,,,,,,,,,,,,,,,,,,,,,,,,,,,,,,,,,,,,,,,,,,,,,,,,,,,,,,,,,,,,,,,,,,,,,,,,,,
,,,,,,,,,,,,,,,,,,,,,,,,,,,,,,,,,,,,,,,,,,,,,,,,,,,,,,,,,,,,,,,,,,,,,,,,,,,,,,,,,,,,,,,,,,,,,,,,,,,,,,,,,,,,,,,,,,,,,,,,,,,,,,,,,,,,,,,,,,,,,,,,,,,,,,,,,,,,,,,,,,,,,,,,,,,,,,,,,,,,,,,,,,,,,,,,,,,,,,,,,,,,,,,,,,,,,,,,,,,,,,,,,,,,,,,,,,,,,,,,,,,,,,,,,,,,,,,,,,,,,,
,,,,,,,,,,,,,,,,,,,,,,,,,,,,,,,,,,,,,,,,,,,,,,,,,,,,,,,,,,,,,,,,,,,,,,,,,,,,,,,,,,,,,,,,,,,,,,,,,,,,,,,,,,,,,,,,,,,,,,,,,,,,,,,,,,,,,,,,,,,,,,,,,,,,,,,,,,,,,,,,,,,,,,,,,,,,,,,,,,,,,,,,,,,,,,,,,,,,,,,,,,,,,,,,,,,,,,,,,,,,,,,,,,,,,,,,,,,,,,,,,,,,,,,,,,,,,,,,,,,,,,
,,,,,,,,,,,,,,,,,,,,,,,,,,,,,,,,,,,,,,,,,,,,,,,,,,,,,,,,,,,,,,,,,,,,,,,,,,,,,,,,,,,,,,,,,,,,,,,,,,,,,,,,,,,,,,,,,,,,,,,,,,,,,,,,,,,,,,,,,,,,,,,,,,,,,,,,,,,,,,,,,,,,,,,,,,,,,,,,,,,,,,,,,,,,,,,,,,,,,,,,,,,,,,,,,,,,,,,,,,,,,,,,,,,,,,,,,,,,,,,,,,,,,,,,,,,,,,,,,,,,,,
,,,,,,,,,,,,,,,,,,,,,,,,,,,,,,,,,,,,,,,,,,,,,,,,,,,,,,,,,,,,,,,,,,,,,,,,,,,,,,,,,,,,,,,,,,,,,,,,,,,,,,,,,,,,,,,,,,,,,,,,,,,,,,,,,,,,,,,,,,,,,,,,,,,,,,,,,,,,,,,,,,,,,,,,,,,,,,,,,,,,,,,,,,,,,,,,,,,,,,,,,,,,,,,,,,,,,,,,,,,,,,,,,,,,,,,,,,,,,,,,,,,,,,,,,,,,,,,,,,,,,,
,,,,,,,,,,,,,,,,,,,,,,,,,,,,,,,,,,,,,,,,,,,,,,,,,,,,,,,,,,,,,,,,,,,,,,,,,,,,,,,,,,,,,,,,,,,,,,,,,,,,,,,,,,,,,,,,,,,,,,,,,,,,,,,,,,,,,,,,,,,,,,,,,,,,,,,,,,,,,,,,,,,,,,,,,,,,,,,,,,,,,,,,,,,,,,,,,,,,,,,,,,,,,,,,,,,,,,,,,,,,,,,,,,,,,,,,,,,,,,,,,,,,,,,,,,,,,,,,,,,,,,
,,,,,,,,,,,,,,,,,,,,,,,,,,,,,,,,,,,,,,,,,,,,,,,,,,,,,,,,,,,,,,,,,,,,,,,,,,,,,,,,,,,,,,,,,,,,,,,,,,,,,,,,,,,,,,,,,,,,,,,,,,,,,,,,,,,,,,,,,,,,,,,,,,,,,,,,,,,,,,,,,,,,,,,,,,,,,,,,,,,,,,,,,,,,,,,,,,,,,,,,,,,,,,,,,,,,,,,,,,,,,,,,,,,,,,,,,,,,,,,,,,,,,,,,,,,,,,,,,,,,,,
,,,,,,,,,,,,,,,,,,,,,,,,,,,,,,,,,,,,,,,,,,,,,,,,,,,,,,,,,,,,,,,,,,,,,,,,,,,,,,,,,,,,,,,,,,,,,,,,,,,,,,,,,,,,,,,,,,,,,,,,,,,,,,,,,,,,,,,,,,,,,,,,,,,,,,,,,,,,,,,,,,,,,,,,,,,,,,,,,,,,,,,,,,,,,,,,,,,,,,,,,,,,,,,,,,,,,,,,,,,,,,,,,,,,,,,,,,,,,,,,,,,,,,,,,,,,,,,,,,,,,,
,,,,,,,,,,,,,,,,,,,,,,,,,,,,,,,,,,,,,,,,,,,,,,,,,,,,,,,,,,,,,,,,,,,,,,,,,,,,,,,,,,,,,,,,,,,,,,,,,,,,,,,,,,,,,,,,,,,,,,,,,,,,,,,,,,,,,,,,,,,,,,,,,,,,,,,,,,,,,,,,,,,,,,,,,,,,,,,,,,,,,,,,,,,,,,,,,,,,,,,,,,,,,,,,,,,,,,,,,,,,,,,,,,,,,,,,,,,,,,,,,,,,,,,,,,,,,,,,,,,,,,
,,,,,,,,,,,,,,,,,,,,,,,,,,,,,,,,,,,,,,,,,,,,,,,,,,,,,,,,,,,,,,,,,,,,,,,,,,,,,,,,,,,,,,,,,,,,,,,,,,,,,,,,,,,,,,,,,,,,,,,,,,,,,,,,,,,,,,,,,,,,,,,,,,,,,,,,,,,,,,,,,,,,,,,,,,,,,,,,,,,,,,,,,,,,,,,,,,,,,,,,,,,,,,,,,,,,,,,,,,,,,,,,,,,,,,,,,,,,,,,,,,,,,,,,,,,,,,,,,,,,,,
,,,,,,,,,,,,,,,,,,,,,,,,,,,,,,,,,,,,,,,,,,,,,,,,,,,,,,,,,,,,,,,,,,,,,,,,,,,,,,,,,,,,,,,,,,,,,,,,,,,,,,,,,,,,,,,,,,,,,,,,,,,,,,,,,,,,,,,,,,,,,,,,,,,,,,,,,,,,,,,,,,,,,,,,,,,,,,,,,,,,,,,,,,,,,,,,,,,,,,,,,,,,,,,,,,,,,,,,,,,,,,,,,,,,,,,,,,,,,,,,,,,,,,,,,,,,,,,,,,,,,,
,,,,,,,,,,,,,,,,,,,,,,,,,,,,,,,,,,,,,,,,,,,,,,,,,,,,,,,,,,,,,,,,,,,,,,,,,,,,,,,,,,,,,,,,,,,,,,,,,,,,,,,,,,,,,,,,,,,,,,,,,,,,,,,,,,,,,,,,,,,,,,,,,,,,,,,,,,,,,,,,,,,,,,,,,,,,,,,,,,,,,,,,,,,,,,,,,,,,,,,,,,,,,,,,,,,,,,,,,,,,,,,,,,,,,,,,,,,,,,,,,,,,,,,,,,,,,,,,,,,,,,
,,,,,,,,,,,,,,,,,,,,,,,,,,,,,,,,,,,,,,,,,,,,,,,,,,,,,,,,,,,,,,,,,,,,,,,,,,,,,,,,,,,,,,,,,,,,,,,,,,,,,,,,,,,,,,,,,,,,,,,,,,,,,,,,,,,,,,,,,,,,,,,,,,,,,,,,,,,,,,,,,,,,,,,,,,,,,,,,,,,,,,,,,,,,,,,,,,,,,,,,,,,,,,,,,,,,,,,,,,,,,,,,,,,,,,,,,,,,,,,,,,,,,,,,,,,,,,,,,,,,,,
,,,,,,,,,,,,,,,,,,,,,,,,,,,,,,,,,,,,,,,,,,,,,,,,,,,,,,,,,,,,,,,,,,,,,,,,,,,,,,,,,,,,,,,,,,,,,,,,,,,,,,,,,,,,,,,,,,,,,,,,,,,,,,,,,,,,,,,,,,,,,,,,,,,,,,,,,,,,,,,,,,,,,,,,,,,,,,,,,,,,,,,,,,,,,,,,,,,,,,,,,,,,,,,,,,,,,,,,,,,,,,,,,,,,,,,,,,,,,,,,,,,,,,,,,,,,,,,,,,,,,,
,,,,,,,,,,,,,,,,,,,,,,,,,,,,,,,,,,,,,,,,,,,,,,,,,,,,,,,,,,,,,,,,,,,,,,,,,,,,,,,,,,,,,,,,,,,,,,,,,,,,,,,,,,,,,,,,,,,,,,,,,,,,,,,,,,,,,,,,,,,,,,,,,,,,,,,,,,,,,,,,,,,,,,,,,,,,,,,,,,,,,,,,,,,,,,,,,,,,,,,,,,,,,,,,,,,,,,,,,,,,,,,,,,,,,,,,,,,,,,,,,,,,,,,,,,,,,,,,,,,,,,
,,,,,,,,,,,,,,,,,,,,,,,,,,,,,,,,,,,,,,,,,,,,,,,,,,,,,,,,,,,,,,,,,,,,,,,,,,,,,,,,,,,,,,,,,,,,,,,,,,,,,,,,,,,,,,,,,,,,,,,,,,,,,,,,,,,,,,,,,,,,,,,,,,,,,,,,,,,,,,,,,,,,,,,,,,,,,,,,,,,,,,,,,,,,,,,,,,,,,,,,,,,,,,,,,,,,,,,,,,,,,,,,,,,,,,,,,,,,,,,,,,,,,,,,,,,,,,,,,,,,,,
,,,,,,,,,,,,,,,,,,,,,,,,,,,,,,,,,,,,,,,,,,,,,,,,,,,,,,,,,,,,,,,,,,,,,,,,,,,,,,,,,,,,,,,,,,,,,,,,,,,,,,,,,,,,,,,,,,,,,,,,,,,,,,,,,,,,,,,,,,,,,,,,,,,,,,,,,,,,,,,,,,,,,,,,,,,,,,,,,,,,,,,,,,,,,,,,,,,,,,,,,,,,,,,,,,,,,,,,,,,,,,,,,,,,,,,,,,,,,,,,,,,,,,,,,,,,,,,,,,,,,,
