,,,,,,,,,,,,,,,,,,,,,,,,,,,,,,,,,,,,,,,,,,,,,,,,,,,,,,,,,,,,,,,,,,,,,,,,,,,,,,,,,,,,,,,,,,,,,,,,,,,,,,,,,,,,,,,,,,,,,,,,,,,,,,,,,,,,,,,,,,,,,,,,,,,,,,,,,,,,,,,,,,,,,,,,
,GERMANY,,,,,,,,,,,,,,,,,,,,,,,,,,,,,,,,,,,,,,,,,,,,,,,,,,,,,,,,,,,,,,,,,,,,,,,,,,,,,,,,,,,,,,,,,,,,,,,,,,,,,,,,,,,,,,,,,,,,,,,,,,,,,,,,,,,,,,,,,,,,,,,,,,,,,,,,,,,,,,,,,,,,,,,
2,brandenburg_gun_279_x1,0.18,0.26,10,3.2,,2,friedrich_gun_228_x1,0.205,0.305,10,3.06,,2,friedrich_gun_305_x1,0.18,0.26,10,2.62,,2,vdt_gun_280_x1,0.205,0.305,10,2.3,,2,vdt_gun_200_x1,0.235,0.34,10,2.74,,2/52,spee_gun_var_280_x1,0.21,0.31,10,2.6,,2,bismarck_gun_b_150_x1,0.35,0.425,10,2.75,,2,spee_gun_150_x1,0.35,0.515,10,2.7,,2/54,spee_gun_280_x1_a,0.21,0.31,10,2.7,,2,bismarck_gun_150_x1,0.35,0.425,10,2.75,,2,bismarck_gun_105_x1,0.4,0.59,10,2.75,,2,bismarck_gun_380_x1,0.18,0.26,10,2.06,,,,,,,,,,SINGLES,,,,,,,,,,,,,,,,,,,,,,,,,,,,,,,,,,,,,,,,,,,,,,,,,,,,,,,,,,,,,,,,,,,,,,,,,,,,
2,brandenburg_gun_279_x2,0.18,0.26,10,3.2,,2,friedrich_gun_228_x2,0.205,0.305,10,3.06,,2,friedrich_gun_305_x2,0.18,0.26,10,2.62,,2,vdt_gun_280_x2,0.205,0.305,10,2.3,,2,vdt_gun_200_x2,0.235,0.34,10,2.74,,2/52,spee_gun_var_280_x2,0.21,0.31,10,2.6,,2,bismarck_gun_b_150_x2,0.35,0.425,10,2.75,,2,spee_gun_150_x2,0.35,0.515,10,2.7,,2/54,spee_gun_280_x2_a,0.21,0.31,10,2.7,,2,bismarck_gun_150_x2,0.35,0.425,10,2.75,,2,bismarck_gun_105_x2,0.4,0.59,10,2.75,,2,bismarck_gun_380_x2,0.18,0.26,10,2.06,,,,,,,,,2,brandenburg_gun_76_x1,0.38,0.56,1,2.48,,2,dd_s_gun_c_102_x1,0.38,0.56,1,2.48,,2/40,dd_s_gun_d_102_x1,0.4,0.58,1,2.5,,,,,,,,,,,,,,,,,,,,,,,,,,,,,,,,,,,,,,,,,,,,,,,,,,,,,,,,,,
2,brandenburg_gun_279_x3,0.18,0.26,10,1.78,,2,friedrich_gun_228_x3,0.205,0.305,10,3.06,,2,friedrich_gun_305_x3,0.18,0.26,10,2.62,,2,vdt_gun_280_x3,0.205,0.305,10,2.3,,2,,,,,,,2/52,spee_gun_var_280_x3,0.21,0.31,10,2.6,,2,bismarck_gun_b_150_x3,0.35,0.425,10,2.75,,2,spee_gun_150_x3,0.35,0.515,10,2.7,,2/54,spee_gun_280_x3_a,0.21,0.31,10,2.7,,2,bismarck_gun_150_x3,0.35,0.425,10,2.75,,2,bismarck_gun_105_x3,0.4,0.59,10,2.75,,2,bismarck_gun_380_x3,0.18,0.26,10,2.06,,,,,,,,,3,brandenburg_gun_76_x1,0.57,0.75,1,2.1,,3,dd_s_gun_c_102_x1,0.57,0.75,1,2.1,,3/40,dd_s_gun_d_102_x1,0.6,0.78,1,2.1,,,,,,,,,,,,,,,,,,,,,,,,,,,,,,,,,,,,,,,,,,,,,,,,,,,,,,,,,,
3,brandenburg_gun_279_x1,0.27,0.35,10,2.72,,3,friedrich_gun_228_x1,0.3075,0.4075,10,2.58,,3,friedrich_gun_305_x1,0.27,0.35,10,2.22,,3,vdt_gun_280_x1,0.3075,0.4075,10,1.94,,3,vdt_gun_200_x1,0.3525,0.46,10,2.32,,3/52,spee_gun_var_280_x1,0.315,0.415,10,2.22,,3,bismarck_gun_b_150_x1,0.475,0.55,10,2.575,,3,spee_gun_150_x1,0.525,0.69,10,2.3,,3/54,spee_gun_280_x1_a,0.315,0.415,10,2.3,,3,bismarck_gun_150_x1,0.475,0.55,10,2.575,,3,bismarck_gun_105_x1,0.6,0.79,10,2.3,,3,bismarck_gun_380_x1,0.27,0.35,10,1.74,,,,,,,,,4,brandenburg_gun_76_x1,0.76,0.94,1,1.74,,4,dd_s_gun_c_102_x1,0.76,0.94,1,1.74,,4/40,dd_s_gun_d_102_x1,0.8,0.98,1,1.72,,,,,,,,,,,,,,,,,,,,,,,,,,,,,,,,,,,,,,,,,,,,,,,,,,,,,,,,,,
3,brandenburg_gun_279_x2,0.27,0.35,10,2.72,,3,friedrich_gun_228_x2,0.3075,0.4075,10,2.58,,3,friedrich_gun_305_x2,0.27,0.35,10,2.22,,3,vdt_gun_280_x2,0.3075,0.4075,10,1.94,,3,vdt_gun_200_x2,0.3525,0.46,10,2.32,,3/52,spee_gun_var_280_x2,0.315,0.415,10,2.22,,3,bismarck_gun_b_150_x2,0.475,0.55,10,2.575,,3,spee_gun_150_x2,0.525,0.69,10,2.3,,3/54,spee_gun_280_x2_a,0.315,0.415,10,2.3,,3,bismarck_gun_150_x2,0.475,0.55,10,2.575,,3,bismarck_gun_105_x2,0.6,0.79,10,2.3,,3,bismarck_gun_380_x2,0.27,0.35,10,1.74,,,,,,,,,5,brandenburg_gun_76_x1,0.95,1.13,1,1.36,,5,dd_s_gun_c_102_x1,0.95,1.13,1,1.36,,5/40,dd_s_gun_d_102_x1,1,1.18,1,1.36,,,,,,,,,,,,,,,,,,,,,,,,,,,,,,,,,,,,,,,,,,,,,,,,,,,,,,,,,,
3,brandenburg_gun_279_x3,0.27,0.35,10,1.52,,3,friedrich_gun_228_x3,0.3075,0.4075,10,2.58,,3,friedrich_gun_305_x3,0.27,0.35,10,2.22,,3,vdt_gun_280_x3,0.3075,0.4075,10,1.94,,3,,,,,,,3/52,spee_gun_var_280_x3,0.315,0.415,10,2.22,,3,bismarck_gun_b_150_x3,0.475,0.55,10,2.575,,3,spee_gun_150_x3,0.525,0.69,10,2.3,,3/54,spee_gun_280_x3_a,0.315,0.415,10,2.3,,3,bismarck_gun_150_x3,0.475,0.55,10,2.575,,3,bismarck_gun_105_x3,0.6,0.79,10,2.3,,3,bismarck_gun_380_x3,0.27,0.35,10,1.74,,,,,,,,,6,brandenburg_gun_76_x1,1.14,1.32,1,1.28,,6,dd_s_gun_c_102_x1,1.14,1.32,1,1.28,,6/40,dd_s_gun_d_102_x1,1.2,1.38,1,1.3,,,,,,,,,,,,,,,,,,,,,,,,,,,,,,,,,,,,,,,,,,,,,,,,,,,,,,,,,,
4,brandenburg_gun_279_x1,0.36,0.44,8.25,2.24,,4,friedrich_gun_228_x1,0.41,0.51,8.25,2.16,,4,friedrich_gun_305_x1,0.36,0.44,8.25,1.84,,4,vdt_gun_280_x1,0.41,0.51,8.25,1.6,,4,vdt_gun_200_x1,0.47,0.58,8.25,1.92,,4/52,spee_gun_var_280_x1,0.42,0.52,8.25,1.82,,4,bismarck_gun_b_150_x1,0.6,0.7,8.25,2.23,,4,spee_gun_150_x1,0.7,0.865,8.25,1.9,,4/54,spee_gun_280_x1_a,0.42,0.52,8.25,1.9,,4,bismarck_gun_150_x1,0.6,0.7,8.25,2.23,,4,bismarck_gun_105_x1,0.8,0.99,8.25,1.9,,4,bismarck_gun_380_x1,0.36,0.44,8.25,1.44,,,,,,,,,7,brandenburg_gun_76_x1,1.33,1.51,0.9,1.26,,7,dd_s_gun_c_102_x1,1.33,1.51,0.9,1.26,,7/40,dd_s_gun_d_102_x1,1.4,1.58,0.9,1.26,,,,,,,,,,,,,,,,,,,,,,,,,,,,,,,,,,,,,,,,,,,,,,,,,,,,,,,,,,
4,brandenburg_gun_279_x2,0.36,0.44,8.25,2.24,,4,friedrich_gun_228_x2,0.41,0.51,8.25,2.16,,4,friedrich_gun_305_x2,0.36,0.44,8.25,1.84,,4,vdt_gun_280_x2,0.41,0.51,8.25,1.6,,4,vdt_gun_200_x2,0.47,0.58,8.25,1.92,,4/52,spee_gun_var_280_x2,0.42,0.52,8.25,1.82,,4,bismarck_gun_b_150_x2,0.6,0.7,8.25,2.23,,4,spee_gun_150_x2,0.7,0.865,8.25,1.9,,4/54,spee_gun_280_x2_a,0.42,0.52,8.25,1.9,,4,bismarck_gun_150_x2,0.6,0.7,8.25,2.23,,4,bismarck_gun_105_x2,0.8,0.99,8.25,1.9,,4,bismarck_gun_380_x2,0.36,0.44,8.25,1.44,,,,,,,,,8,brandenburg_gun_76_x1,1.52,1.7,0.9,1.22,,8,dd_s_gun_c_102_x1,1.52,1.7,0.9,1.22,,8/40,dd_s_gun_d_102_x1,1.6,1.78,0.9,1.22,,,,,,,,,,,,,,,,,,,,,,,,,,,,,,,,,,,,,,,,,,,,,,,,,,,,,,,,,,
4,brandenburg_gun_279_x3,0.36,0.44,8.25,1.24,,4,friedrich_gun_228_x3,0.41,0.51,8.25,2.16,,4,friedrich_gun_305_x3,0.36,0.44,8.25,1.84,,4,vdt_gun_280_x3,0.41,0.51,8.25,1.6,,4,,,,,,,4/52,spee_gun_var_280_x3,0.42,0.52,8.25,1.82,,4,bismarck_gun_b_150_x3,0.6,0.7,8.25,2.23,,4,spee_gun_150_x3,0.7,0.865,8.25,1.9,,4/54,spee_gun_280_x3_a,0.42,0.52,8.25,1.9,,4,bismarck_gun_150_x3,0.6,0.7,8.25,2.23,,4,bismarck_gun_105_x3,0.8,0.99,8.25,1.9,,4,bismarck_gun_380_x3,0.36,0.44,8.25,1.44,,,,,,,,,9,brandenburg_gun_76_x1,1.71,1.89,0.6,1.2,,9,dd_s_gun_c_102_x1,1.71,1.89,0.6,1.2,,9/40,dd_s_gun_d_102_x1,1.8,1.98,0.6,1.2,,,,,,,,,,,,,,,,,,,,,,,,,,,,,,,,,,,,,,,,,,,,,,,,,,,,,,,,,,
5,brandenburg_gun_279_x1,0.45,0.53,5.25,1.74,,5,friedrich_gun_228_x1,0.5125,0.6125,5.25,1.68,,5,friedrich_gun_305_x1,0.45,0.53,5.25,1.43,,5,vdt_gun_280_x1,0.5125,0.6125,5.25,1.26,,5,vdt_gun_200_x1,0.5875,0.69,5.25,1.5,,5/52,spee_gun_var_280_x1,0.525,0.625,5.25,1.42,,5,bismarck_gun_b_150_x1,0.725,0.8,5.25,1.855,,5,spee_gun_150_x1,0.875,1.04,5.25,1.48,,5/54,spee_gun_280_x1_a,0.525,0.625,5.25,1.48,,5,bismarck_gun_150_x1,0.725,0.8,5.25,1.855,,5,bismarck_gun_105_x1,1,1.19,5.25,1.5,,5,bismarck_gun_380_x1,0.45,0.53,5.25,1.12,,,,,,,,,10,brandenburg_gun_76_x1,1.9,2.08,0.6,1.16,,10,dd_s_gun_c_102_x1,1.9,2.08,0.6,1.16,,10/40,dd_s_gun_d_102_x1,2,2.18,0.6,1.16,,,,,,,,,,,,,,,,,,,,,,,,,,,,,,,,,,,,,,,,,,,,,,,,,,,,,,,,,,
5,brandenburg_gun_279_x2,0.45,0.53,5.25,1.74,,5,friedrich_gun_228_x2,0.5125,0.6125,5.25,1.68,,5,friedrich_gun_305_x2,0.45,0.53,5.25,1.43,,5,vdt_gun_280_x2,0.5125,0.6125,5.25,1.26,,5,vdt_gun_200_x2,0.5875,0.69,5.25,1.5,,5/52,spee_gun_var_280_x2,0.525,0.625,5.25,1.42,,5,bismarck_gun_b_150_x2,0.725,0.8,5.25,1.855,,5,spee_gun_150_x2,0.875,1.04,5.25,1.48,,5/54,spee_gun_280_x2_a,0.525,0.625,5.25,1.48,,5,bismarck_gun_150_x2,0.725,0.8,5.25,1.855,,5,bismarck_gun_105_x2,1,1.19,5.25,1.5,,5,bismarck_gun_380_x2,0.45,0.53,5.25,1.12,,,,,,,,,11,brandenburg_gun_76_x1,2.09,2.27,0.6,0.92,,11,dd_s_gun_c_102_x1,2.09,2.27,0.6,0.92,,11/40,dd_s_gun_d_102_x1,2.2,2.38,0.6,0.92,,,,,,,,,,,,,,,,,,,,,,,,,,,,,,,,,,,,,,,,,,,,,,,,,,,,,,,,,,
5,brandenburg_gun_279_x3,0.45,0.53,5.25,0.99,,5,friedrich_gun_228_x3,0.5125,0.6125,5.25,1.68,,5,friedrich_gun_305_x3,0.45,0.53,5.25,1.43,,5,vdt_gun_280_x3,0.5125,0.6125,5.25,1.26,,5,,,,,,,5/52,spee_gun_var_280_x3,0.525,0.625,5.25,1.42,,5,bismarck_gun_b_150_x3,0.725,0.8,5.25,1.855,,5,spee_gun_150_x3,0.875,1.04,5.25,1.48,,5/54,spee_gun_280_x3_a,0.525,0.625,5.25,1.48,,5,bismarck_gun_150_x3,0.725,0.8,5.25,1.855,,5,bismarck_gun_105_x3,1,1.19,5.25,1.5,,5,bismarck_gun_380_x3,0.45,0.53,5.25,1.12,,,,,,,,,12,brandenburg_gun_76_x1,2.28,2.46,0.6,0.92,,12,dd_s_gun_c_102_x1,2.28,2.46,0.6,0.92,,12/40,dd_s_gun_d_102_x1,2.4,2.58,0.6,0.92,,,,,,,,,,,,,,,,,,,,,,,,,,,,,,,,,,,,,,,,,,,,,,,,,,,,,,,,,,
6,brandenburg_gun_279_x1,0.54,0.62,3.7,1.66,,6,friedrich_gun_228_x1,0.615,0.715,3.7,1.6,,6,friedrich_gun_305_x1,0.54,0.62,3.7,1.38,,6,vdt_gun_280_x1,0.615,0.715,3.7,1.2,,6,vdt_gun_200_x1,0.705,0.81,3.7,1.42,,6/52,spee_gun_var_280_x1,0.63,0.73,3.7,1.36,,6,bismarck_gun_b_150_x1,0.85,0.92,3.7,1.78,,6,spee_gun_150_x1,1.05,1.215,3.7,1.4,,6/54,spee_gun_280_x1_a,0.63,0.73,3.7,1.4,,6,bismarck_gun_150_x1,0.85,0.92,3.7,1.78,,6,bismarck_gun_105_x1,1.2,1.39,3.7,1.42,,6,bismarck_gun_380_x1,0.54,0.62,3.7,1.06,,,,,,,,,13,brandenburg_gun_76_x1,2.47,2.65,0.6,0.92,,13,dd_s_gun_c_102_x1,2.47,2.65,0.6,0.92,,13/40,dd_s_gun_d_102_x1,2.6,2.78,0.6,0.92,,,,,,,,,,,,,,,,,,,,,,,,,,,,,,,,,,,,,,,,,,,,,,,,,,,,,,,,,,
6,brandenburg_gun_279_x2,0.54,0.62,3.7,1.66,,6,friedrich_gun_228_x2,0.615,0.715,3.7,1.6,,6,friedrich_gun_305_x2,0.54,0.62,3.7,1.38,,6,vdt_gun_280_x2,0.615,0.715,3.7,1.2,,6,vdt_gun_200_x2,0.705,0.81,3.7,1.42,,6/52,spee_gun_var_280_x2,0.63,0.73,3.7,1.36,,6,bismarck_gun_b_150_x2,0.85,0.92,3.7,1.78,,6,spee_gun_150_x2,1.05,1.215,3.7,1.4,,6/54,spee_gun_280_x2_a,0.63,0.73,3.7,1.4,,6,bismarck_gun_150_x2,0.85,0.92,3.7,1.78,,6,bismarck_gun_105_x2,1.2,1.39,3.7,1.42,,6,bismarck_gun_380_x2,0.54,0.62,3.7,1.06,,,,,,,,,14,brandenburg_gun_76_x1,2.66,2.84,0.6,0.92,,14,dd_s_gun_c_102_x1,2.66,2.84,0.6,0.92,,14/40,dd_s_gun_d_102_x1,2.8,2.98,0.6,0.9,,,,,,,,,,,,,,,,,,,,,,,,,,,,,,,,,,,,,,,,,,,,,,,,,,,,,,,,,,
6,brandenburg_gun_279_x3,0.54,0.62,3.7,0.92,,6,friedrich_gun_228_x3,0.615,0.715,3.7,1.6,,6,friedrich_gun_305_x3,0.54,0.62,3.7,1.38,,6,vdt_gun_280_x3,0.615,0.715,3.7,1.2,,6,,,,,,,6/52,spee_gun_var_280_x3,0.63,0.73,3.7,1.36,,6,bismarck_gun_b_150_x3,0.85,0.92,3.7,1.78,,6,spee_gun_150_x3,1.05,1.215,3.7,1.4,,6/54,spee_gun_280_x3_a,0.63,0.73,3.7,1.4,,6,bismarck_gun_150_x3,0.85,0.92,3.7,1.78,,6,bismarck_gun_105_x3,1.2,1.39,3.7,1.42,,6,bismarck_gun_380_x3,0.54,0.62,3.7,1.06,,,,,,,,,15,brandenburg_gun_76_x1,2.85,3.03,0.6,0.9,,15,dd_s_gun_c_102_x1,2.85,3.03,0.6,0.9,,15/40,dd_s_gun_d_102_x1,3,3.18,0.6,0.9,,,,,,,,,,,,,,,,,,,,,,,,,,,,,,,,,,,,,,,,,,,,,,,,,,,,,,,,,,
7,brandenburg_gun_279_x1,0.63,0.71,3.1,1.64,,7,friedrich_gun_228_x1,0.7175,0.8175,3.1,1.56,,7,friedrich_gun_305_x1,0.63,0.71,3.1,1.34,,7,vdt_gun_280_x1,0.7175,0.8175,3.1,1.16,,7,vdt_gun_200_x1,0.8225,0.93,3.1,1.4,,7/52,spee_gun_var_280_x1,0.735,0.835,3.1,1.32,,7,bismarck_gun_b_150_x1,0.975,1.05,3.1,1.74,,7,spee_gun_150_x1,1.225,1.39,3.1,1.38,,7/54,spee_gun_280_x1_a,0.735,0.835,3.1,1.38,,7,bismarck_gun_150_x1,0.975,1.05,3.1,1.74,,7,bismarck_gun_105_x1,1.4,1.59,3.1,1.38,,7,bismarck_gun_380_x1,0.63,0.71,3.1,1.04,,,,,,,,,16,brandenburg_gun_76_x1,3.04,3.22,0.6,0.9,,16,dd_s_gun_c_102_x1,3.04,3.22,0.6,0.9,,16/40,dd_s_gun_d_102_x1,3.2,3.38,0.6,0.9,,,,,,,,,,,,,,,,,,,,,,,,,,,,,,,,,,,,,,,,,,,,,,,,,,,,,,,,,,
7,brandenburg_gun_279_x2,0.63,0.71,3.1,1.64,,7,friedrich_gun_228_x2,0.7175,0.8175,3.1,1.56,,7,friedrich_gun_305_x2,0.63,0.71,3.1,1.34,,7,vdt_gun_280_x2,0.7175,0.8175,3.1,1.16,,7,vdt_gun_200_x2,0.8225,0.93,3.1,1.4,,7/52,spee_gun_var_280_x2,0.735,0.835,3.1,1.32,,7,bismarck_gun_b_150_x2,0.975,1.05,3.1,1.74,,7,spee_gun_150_x2,1.225,1.39,3.1,1.38,,7/54,spee_gun_280_x2_a,0.735,0.835,3.1,1.38,,7,bismarck_gun_150_x2,0.975,1.05,3.1,1.74,,7,bismarck_gun_105_x2,1.4,1.59,3.1,1.38,,7,bismarck_gun_380_x2,0.63,0.71,3.1,1.04,,,,,,,,,17,brandenburg_gun_76_x1,3.23,3.41,0.6,0.89,,17,dd_s_gun_c_102_x1,3.23,3.41,0.6,0.89,,17/40,dd_s_gun_d_102_x1,3.4,3.58,0.6,0.9,,,,,,,,,,,,,,,,,,,,,,,,,,,,,,,,,,,,,,,,,,,,,,,,,,,,,,,,,,
7,brandenburg_gun_279_x3,0.63,0.71,3.1,0.9,,7,friedrich_gun_228_x3,0.7175,0.8175,3.1,1.56,,7,friedrich_gun_305_x3,0.63,0.71,3.1,1.34,,7,vdt_gun_280_x3,0.7175,0.8175,3.1,1.16,,7,,,,,,,7/52,spee_gun_var_280_x3,0.735,0.835,3.1,1.32,,7,bismarck_gun_b_150_x3,0.975,1.05,3.1,1.74,,7,spee_gun_150_x3,1.225,1.39,3.1,1.38,,7/54,spee_gun_280_x3_a,0.735,0.835,3.1,1.38,,7,bismarck_gun_150_x3,0.975,1.05,3.1,1.74,,7,bismarck_gun_105_x3,1.4,1.59,3.1,1.38,,7,bismarck_gun_380_x3,0.63,0.71,3.1,1.04,,,,,,,,,18,brandenburg_gun_76_x1,3.42,3.6,0.6,0.89,,18,dd_s_gun_c_102_x1,3.42,3.6,0.6,0.89,,18/40,dd_s_gun_d_102_x1,3.6,3.78,0.6,0.89,,,,,,,,,,,,,,,,,,,,,,,,,,,,,,,,,,,,,,,,,,,,,,,,,,,,,,,,,,
8,brandenburg_gun_279_x1,0.72,0.8,2.5,1.58,,8,friedrich_gun_228_x1,0.82,0.92,2.5,1.52,,8,friedrich_gun_305_x1,0.72,0.8,2.5,1.3,,8,vdt_gun_280_x1,0.82,0.92,2.5,1.14,,8,vdt_gun_200_x1,0.94,1.04,2.5,1.36,,8/52,spee_gun_var_280_x1,0.84,0.94,2.5,1.28,,8,bismarck_gun_b_150_x1,1.1,1.15,2.5,1.72,,8,spee_gun_150_x1,1.4,1.565,2.5,1.34,,8/54,spee_gun_280_x1_a,0.84,0.94,2.5,1.34,,8,bismarck_gun_150_x1,1.1,1.15,2.5,1.72,,8,bismarck_gun_105_x1,1.6,1.79,2.5,1.34,,8,bismarck_gun_380_x1,0.72,0.8,2.5,1.02,,,,,,,,,19,brandenburg_gun_76_x1,3.61,3.79,0.6,0.88,,19,dd_s_gun_c_102_x1,3.61,3.79,0.6,0.88,,19/40,dd_s_gun_d_102_x1,3.8,3.98,0.6,0.88,,,,,,,,,,,,,,,,,,,,,,,,,,,,,,,,,,,,,,,,,,,,,,,,,,,,,,,,,,
8,brandenburg_gun_279_x2,0.72,0.8,2.5,1.58,,8,friedrich_gun_228_x2,0.82,0.92,2.5,1.52,,8,friedrich_gun_305_x2,0.72,0.8,2.5,1.3,,8,vdt_gun_280_x2,0.82,0.92,2.5,1.14,,8,vdt_gun_200_x2,0.94,1.04,2.5,1.36,,8/52,spee_gun_var_280_x2,0.84,0.94,2.5,1.28,,8,bismarck_gun_b_150_x2,1.1,1.15,2.5,1.72,,8,spee_gun_150_x2,1.4,1.565,2.5,1.34,,8/54,spee_gun_280_x2_a,0.84,0.94,2.5,1.34,,8,bismarck_gun_150_x2,1.1,1.15,2.5,1.72,,8,bismarck_gun_105_x2,1.6,1.79,2.5,1.34,,8,bismarck_gun_380_x2,0.72,0.8,2.5,1.02,,,,,,,,,20,brandenburg_gun_76_x1,3.8,3.98,0.6,0.88,,20,dd_s_gun_c_102_x1,3.8,3.98,0.6,0.88,,20/40,dd_s_gun_d_102_x1,4,4.18,0.6,0.88,,,,,,,,,,,,,,,,,,,,,,,,,,,,,,,,,,,,,,,,,,,,,,,,,,,,,,,,,,
8,brandenburg_gun_279_x3,0.72,0.8,2.5,0.88,,8,friedrich_gun_228_x3,0.82,0.92,2.5,1.52,,8,friedrich_gun_305_x3,0.72,0.8,2.5,1.3,,8,vdt_gun_280_x3,0.82,0.92,2.5,1.14,,8,,,,,,,8/52,spee_gun_var_280_x3,0.84,0.94,2.5,1.28,,8,bismarck_gun_b_150_x3,1.1,1.15,2.5,1.72,,8,spee_gun_150_x3,1.4,1.565,2.5,1.34,,8/54,spee_gun_280_x3_a,0.84,0.94,2.5,1.34,,8,bismarck_gun_150_x3,1.1,1.15,2.5,1.72,,8,bismarck_gun_105_x3,1.6,1.79,2.5,1.34,,8,bismarck_gun_380_x3,0.72,0.8,2.5,1.02,,,,,,,,,,,,,,,,,,,,,,,,,,,,,,,,,,,,,,,,,,,,,,,,,,,,,,,,,,,,,,,,,,,,,,,,,,,,,,,,,,,,,,
9,brandenburg_gun_279_x1,0.81,0.89,1.95,1.54,,9,friedrich_gun_228_x1,0.9225,1.0225,1.95,1.46,,9,friedrich_gun_305_x1,0.81,0.89,1.95,1.28,,9,vdt_gun_280_x1,0.9225,1.0225,1.95,1.1,,9,vdt_gun_200_x1,1.0575,1.16,1.95,1.32,,9/52,spee_gun_var_280_x1,0.945,1.045,1.95,1.24,,9,bismarck_gun_b_150_x1,1.225,1.325,1.95,1.69,,9,spee_gun_150_x1,1.575,1.74,1.95,1.3,,9/54,spee_gun_280_x1_a,0.945,1.045,1.95,1.3,,9,bismarck_gun_150_x1,1.225,1.325,1.95,1.69,,9,bismarck_gun_105_x1,1.8,1.99,1.95,1.3,,9,bismarck_gun_380_x1,0.81,0.89,1.95,0.98,,,,,,,,,,,,,,,,,,,,,,,,,,,,,,,,,,,,,,,,,,,,,,,,,,,,,,,,,,,,,,,,,,,,,,,,,,,,,,,,,,,,,,
9,brandenburg_gun_279_x2,0.81,0.89,1.95,1.54,,9,friedrich_gun_228_x2,0.9225,1.0225,1.95,1.46,,9,friedrich_gun_305_x2,0.81,0.89,1.95,1.28,,9,vdt_gun_280_x2,0.9225,1.0225,1.95,1.1,,9,vdt_gun_200_x2,1.0575,1.16,1.95,1.32,,9/52,spee_gun_var_280_x2,0.945,1.045,1.95,1.24,,9,bismarck_gun_b_150_x2,1.225,1.325,1.95,1.69,,9,spee_gun_150_x2,1.575,1.74,1.95,1.3,,9/54,spee_gun_280_x2_a,0.945,1.045,1.95,1.3,,9,bismarck_gun_150_x2,1.225,1.325,1.95,1.69,,9,bismarck_gun_105_x2,1.8,1.99,1.95,1.3,,9,bismarck_gun_380_x2,0.81,0.89,1.95,0.98,,,,,,,,,,,,,,,,,,,,,,,,,,,,,,,,,,,,,,,,,,,,,,,,,,,,,,,,,,,,,,,,,,,,,,,,,,,,,,,,,,,,,,
9,brandenburg_gun_279_x3,0.81,0.89,1.95,0.85,,9,friedrich_gun_228_x3,0.9225,1.0225,1.95,1.46,,9,friedrich_gun_305_x3,0.81,0.89,1.95,1.28,,9,vdt_gun_280_x3,0.9225,1.0225,1.95,1.1,,9,,,,,,,9/52,spee_gun_var_280_x3,0.945,1.045,1.95,1.24,,9,bismarck_gun_b_150_x3,1.225,1.325,1.95,1.69,,9,spee_gun_150_x3,1.575,1.74,1.95,1.3,,9/54,spee_gun_280_x3_a,0.945,1.045,1.95,1.3,,9,bismarck_gun_150_x3,1.225,1.325,1.95,1.69,,9,bismarck_gun_105_x3,1.8,1.99,1.95,1.3,,9,bismarck_gun_380_x3,0.81,0.89,1.95,0.98,,,,,,,,,2,friedrich_gun_152_x1,0.5,0.725,10,2.1,,2/45,dd_s_gun_b_102_x1,0.4,0.58,1,2.8,,2/45,dd_s_gun_d_102_x1,0.4,0.58,1,2.8,,,,,,,,,,,,,,,,,,,,,,,,,,,,,,,,,,,,,,,,,,,,,,,,,,,,,,,,,,
10,brandenburg_gun_279_x1,0.9,0.98,1.74,1.5,,10,friedrich_gun_228_x1,1.025,1.125,1.74,1.425,,10,friedrich_gun_305_x1,0.9,0.98,1.74,1.22,,10,vdt_gun_280_x1,1.025,1.125,1.74,1.06,,10,vdt_gun_200_x1,1.175,1.28,1.74,1.28,,10/52,spee_gun_var_280_x1,1.05,1.15,1.74,1.2,,10,bismarck_gun_b_150_x1,1.35,1.45,1.74,1.65,,10,spee_gun_150_x1,1.75,1.915,1.74,1.26,,10/54,spee_gun_280_x1_a,1.05,1.15,1.74,1.26,,10,bismarck_gun_150_x1,1.35,1.45,1.74,1.65,,10,bismarck_gun_105_x1,2,2.19,1.74,1.26,,10,bismarck_gun_380_x1,0.9,0.98,1.74,0.96,,,,,,,,,3,friedrich_gun_152_x1,0.75,0.975,10,1.76,,3/45,dd_s_gun_b_102_x1,0.6,0.78,1,2.34,,3/45,dd_s_gun_d_102_x1,0.6,0.78,1,2.34,,,,,,,,,,,,,,,,,,,,,,,,,,,,,,,,,,,,,,,,,,,,,,,,,,,,,,,,,,
10,brandenburg_gun_279_x2,0.9,0.98,1.74,1.5,,10,friedrich_gun_228_x2,1.025,1.125,1.74,1.425,,10,friedrich_gun_305_x2,0.9,0.98,1.74,1.22,,10,vdt_gun_280_x2,1.025,1.125,1.74,1.06,,10,vdt_gun_200_x2,1.175,1.28,1.74,1.28,,10/52,spee_gun_var_280_x2,1.05,1.15,1.74,1.2,,10,bismarck_gun_b_150_x2,1.35,1.45,1.74,1.65,,10,spee_gun_150_x2,1.75,1.915,1.74,1.26,,10/54,spee_gun_280_x2_a,1.05,1.15,1.74,1.26,,10,bismarck_gun_150_x2,1.35,1.45,1.74,1.65,,10,bismarck_gun_105_x2,2,2.19,1.74,1.26,,10,bismarck_gun_380_x2,0.9,0.98,1.74,0.96,,,,,,,,,4,friedrich_gun_152_x1,1,1.225,8.25,1.44,,4/45,dd_s_gun_b_102_x1,0.8,0.98,1,1.94,,4/45,dd_s_gun_d_102_x1,0.8,0.98,1,1.94,,,,,,,,,,,,,,,,,,,,,,,,,,,,,,,,,,,,,,,,,,,,,,,,,,,,,,,,,,
10,brandenburg_gun_279_x3,0.9,0.98,1.74,0.83,,10,friedrich_gun_228_x3,1.025,1.125,1.74,1.425,,10,friedrich_gun_305_x3,0.9,0.98,1.74,1.22,,10,vdt_gun_280_x3,1.025,1.125,1.74,1.06,,10,,,,,,,10/52,spee_gun_var_280_x3,1.05,1.15,1.74,1.2,,10,bismarck_gun_b_150_x3,1.35,1.45,1.74,1.65,,10,spee_gun_150_x3,1.75,1.915,1.74,1.26,,10/54,spee_gun_280_x3_a,1.05,1.15,1.74,1.26,,10,bismarck_gun_150_x3,1.35,1.45,1.74,1.65,,10,bismarck_gun_105_x3,2,2.19,1.74,1.26,,10,bismarck_gun_380_x3,0.9,0.98,1.74,0.96,,,,,,,,,5,friedrich_gun_152_x1,1.25,1.475,5.25,1.14,,5/45,dd_s_gun_b_102_x1,1,1.18,1,1.52,,5/45,dd_s_gun_d_102_x1,1,1.18,1,1.52,,,,,,,,,,,,,,,,,,,,,,,,,,,,,,,,,,,,,,,,,,,,,,,,,,,,,,,,,,
11,brandenburg_gun_279_x1,0.99,1.07,1.59,1.18,,11,friedrich_gun_228_x1,1.1275,1.2275,1.59,1.15,,11,friedrich_gun_305_x1,0.99,1.07,1.59,0.975,,11,vdt_gun_280_x1,1.1275,1.2275,1.59,0.86,,11,vdt_gun_200_x1,1.2925,1.4,1.59,1.02,,11/52,spee_gun_var_280_x1,1.155,1.255,1.59,0.96,,11,bismarck_gun_b_150_x1,1.475,1.575,1.59,1.32,,11,spee_gun_150_x1,1.925,2.09,1.59,,,11/54,spee_gun_280_x1_a,1.155,1.255,1.59,1,,11,bismarck_gun_150_x1,1.475,1.575,1.59,1.32,,11,bismarck_gun_105_x1,2.2,2.39,1.59,1.01,,11,bismarck_gun_380_x1,0.99,1.07,1.59,0.76,,,,,,,,,6,friedrich_gun_152_x1,1.5,1.725,3.7,1.08,,6/45,dd_s_gun_b_102_x1,1.2,1.38,1,1.46,,6/45,dd_s_gun_d_102_x1,1.2,1.38,1,1.46,,,,,,,,,,,,,,,,,,,,,,,,,,,,,,,,,,,,,,,,,,,,,,,,,,,,,,,,,,
11,brandenburg_gun_279_x2,0.99,1.07,1.59,1.18,,11,friedrich_gun_228_x2,1.1275,1.2275,1.59,1.15,,11,friedrich_gun_305_x2,0.99,1.07,1.59,0.975,,11,vdt_gun_280_x2,1.1275,1.2275,1.59,0.86,,11,vdt_gun_200_x2,1.2925,1.4,1.59,1.02,,11/52,spee_gun_var_280_x2,1.155,1.255,1.59,0.96,,11,bismarck_gun_b_150_x2,1.475,1.575,1.59,1.32,,11,spee_gun_150_x2,1.925,2.09,1.59,,,11/54,spee_gun_280_x2_a,1.155,1.255,1.59,1,,11,bismarck_gun_150_x2,1.475,1.575,1.59,1.32,,11,bismarck_gun_105_x2,2.2,2.39,1.59,1.01,,11,bismarck_gun_380_x2,0.99,1.07,1.59,0.76,,,,,,,,,7,friedrich_gun_152_x1,1.75,1.975,3.1,1.06,,7/45,dd_s_gun_b_102_x1,1.4,1.58,0.9,1.4,,7/45,dd_s_gun_d_102_x1,1.4,1.58,0.9,1.4,,,,,,,,,,,,,,,,,,,,,,,,,,,,,,,,,,,,,,,,,,,,,,,,,,,,,,,,,,
11,brandenburg_gun_279_x3,0.99,1.07,1.59,0.66,,11,friedrich_gun_228_x3,1.1275,1.2275,1.59,1.15,,11,friedrich_gun_305_x3,0.99,1.07,1.59,0.975,,11,vdt_gun_280_x3,1.1275,1.2275,1.59,0.86,,11,,,,,,,11/52,spee_gun_var_280_x3,1.155,1.255,1.59,0.96,,11,bismarck_gun_b_150_x3,1.475,1.575,1.59,1.32,,11,spee_gun_150_x3,1.925,2.09,1.59,,,11/54,spee_gun_280_x3_a,1.155,1.255,1.59,1,,11,bismarck_gun_150_x3,1.475,1.575,1.59,1.32,,11,bismarck_gun_105_x3,2.2,2.39,1.59,1.01,,11,bismarck_gun_380_x3,0.99,1.07,1.59,0.76,,,,,,,,,8,friedrich_gun_152_x1,2,2.225,2.5,1.02,,8/45,dd_s_gun_b_102_x1,1.6,1.78,0.9,1.36,,8/45,dd_s_gun_d_102_x1,1.6,1.78,0.9,1.36,,,,,,,,,,,,,,,,,,,,,,,,,,,,,,,,,,,,,,,,,,,,,,,,,,,,,,,,,,
12,brandenburg_gun_279_x1,1.08,1.16,1.49,1.18,,12,friedrich_gun_228_x1,1.23,1.33,1.49,1.14,,12,friedrich_gun_305_x1,1.08,1.16,1.49,0.975,,12,vdt_gun_280_x1,1.23,1.33,1.49,0.85,,12,vdt_gun_200_x1,1.41,1.51,1.49,1.02,,12/52,spee_gun_var_280_x1,1.26,1.36,1.49,0.96,,12,bismarck_gun_b_150_x1,1.6,1.7,1.49,1.33,,12,spee_gun_150_x1,2.1,2.265,1.49,,,12/54,spee_gun_280_x1_a,1.26,1.36,1.49,1,,12,bismarck_gun_150_x1,1.6,1.7,1.49,1.33,,12,bismarck_gun_105_x1,2.4,2.59,1.49,1.01,,12,bismarck_gun_380_x1,1.08,1.16,1.49,0.76,,,,,,,,,9,friedrich_gun_152_x1,2.25,2.475,1.95,1,,9/45,dd_s_gun_b_102_x1,1.8,1.98,0.6,1.34,,9/45,dd_s_gun_d_102_x1,1.8,1.98,0.6,1.34,,,,,,,,,,,,,,,,,,,,,,,,,,,,,,,,,,,,,,,,,,,,,,,,,,,,,,,,,,
12,brandenburg_gun_279_x2,1.08,1.16,1.49,1.18,,12,friedrich_gun_228_x2,1.23,1.33,1.49,1.14,,12,friedrich_gun_305_x2,1.08,1.16,1.49,0.975,,12,vdt_gun_280_x2,1.23,1.33,1.49,0.85,,12,vdt_gun_200_x2,1.41,1.51,1.49,1.02,,12/52,spee_gun_var_280_x2,1.26,1.36,1.49,0.96,,12,bismarck_gun_b_150_x2,1.6,1.7,1.49,1.33,,12,spee_gun_150_x2,2.1,2.265,1.49,,,12/54,spee_gun_280_x2_a,1.26,1.36,1.49,1,,12,bismarck_gun_150_x2,1.6,1.7,1.49,1.33,,12,bismarck_gun_105_x2,2.4,2.59,1.49,1.01,,12,bismarck_gun_380_x2,1.08,1.16,1.49,0.76,,,,,,,,,10,friedrich_gun_152_x1,2.5,2.725,1.74,0.98,,10/45,dd_s_gun_b_102_x1,2,2.18,0.6,1.3,,10/45,dd_s_gun_d_102_x1,2,2.18,0.6,1.3,,,,,,,,,,,,,,,,,,,,,,,,,,,,,,,,,,,,,,,,,,,,,,,,,,,,,,,,,,
12,brandenburg_gun_279_x3,1.08,1.16,1.49,0.66,,12,friedrich_gun_228_x3,1.23,1.33,1.49,1.14,,12,friedrich_gun_305_x3,1.08,1.16,1.49,0.975,,12,vdt_gun_280_x3,1.23,1.33,1.49,0.85,,12,,,,,,,12/52,spee_gun_var_280_x3,1.26,1.36,1.49,0.96,,12,bismarck_gun_b_150_x3,1.6,1.7,1.49,1.33,,12,spee_gun_150_x3,2.1,2.265,1.49,,,12/54,spee_gun_280_x3_a,1.26,1.36,1.49,1,,12,bismarck_gun_150_x3,1.6,1.7,1.49,1.33,,12,bismarck_gun_105_x3,2.4,2.59,1.49,1.01,,12,bismarck_gun_380_x3,1.08,1.16,1.49,0.76,,,,,,,,,11,friedrich_gun_152_x1,2.75,2.975,1.59,0.78,,11/45,dd_s_gun_b_102_x1,2.2,2.38,0.6,1.04,,11/45,dd_s_gun_d_102_x1,2.2,2.38,0.6,1.04,,,,,,,,,,,,,,,,,,,,,,,,,,,,,,,,,,,,,,,,,,,,,,,,,,,,,,,,,,
13,brandenburg_gun_279_x1,1.17,1.25,1.44,1.18,,13,friedrich_gun_228_x1,1.3325,1.4325,1.44,1.125,,13,friedrich_gun_305_x1,1.17,1.25,1.44,0.97,,13,vdt_gun_280_x1,1.3325,1.4325,1.44,0.84,,13,vdt_gun_200_x1,1.5275,1.63,1.44,1.02,,13/52,spee_gun_var_280_x1,1.365,1.465,1.44,0.96,,13,bismarck_gun_b_150_x1,1.725,1.825,1.44,1.33,,13,spee_gun_150_x1,2.275,2.44,1.44,,,13/54,spee_gun_280_x1_a,1.365,1.465,1.44,1,,13,bismarck_gun_150_x1,1.725,1.825,1.44,1.33,,13,bismarck_gun_105_x1,2.6,2.79,1.44,,,13,bismarck_gun_380_x1,1.17,1.25,1.44,0.76,,,,,,,,,12,friedrich_gun_152_x1,3,3.225,1.49,0.77,,12/45,dd_s_gun_b_102_x1,2.4,2.58,0.6,1.02,,12/45,dd_s_gun_d_102_x1,2.4,2.58,0.6,1.02,,,,,,,,,,,,,,,,,,,,,,,,,,,,,,,,,,,,,,,,,,,,,,,,,,,,,,,,,,
13,brandenburg_gun_279_x2,1.17,1.25,1.44,1.18,,13,friedrich_gun_228_x2,1.3325,1.4325,1.44,1.125,,13,friedrich_gun_305_x2,1.17,1.25,1.44,0.97,,13,vdt_gun_280_x2,1.3325,1.4325,1.44,0.84,,13,vdt_gun_200_x2,1.5275,1.63,1.44,1.02,,13/52,spee_gun_var_280_x2,1.365,1.465,1.44,0.96,,13,bismarck_gun_b_150_x2,1.725,1.825,1.44,1.33,,13,spee_gun_150_x2,2.275,2.44,1.44,,,13/54,spee_gun_280_x2_a,1.365,1.465,1.44,1,,13,bismarck_gun_150_x2,1.725,1.825,1.44,1.33,,13,bismarck_gun_105_x2,2.6,2.79,1.44,,,13,bismarck_gun_380_x2,1.17,1.25,1.44,0.76,,,,,,,,,13,friedrich_gun_152_x1,3.25,3.475,1.44,0.77,,13/45,dd_s_gun_b_102_x1,2.6,2.78,0.6,1.02,,13/45,dd_s_gun_d_102_x1,2.6,2.78,0.6,1.02,,,,,,,,,,,,,,,,,,,,,,,,,,,,,,,,,,,,,,,,,,,,,,,,,,,,,,,,,,
13,brandenburg_gun_279_x3,1.17,1.25,1.44,0.65,,13,friedrich_gun_228_x3,1.3325,1.4325,1.44,1.125,,13,friedrich_gun_305_x3,1.17,1.25,1.44,0.97,,13,vdt_gun_280_x3,1.3325,1.4325,1.44,0.84,,13,,,,,,,13/52,spee_gun_var_280_x3,1.365,1.465,1.44,0.96,,13,bismarck_gun_b_150_x3,1.725,1.825,1.44,1.33,,13,spee_gun_150_x3,2.275,2.44,1.44,,,13/54,spee_gun_280_x3_a,1.365,1.465,1.44,1,,13,bismarck_gun_150_x3,1.725,1.825,1.44,1.33,,13,bismarck_gun_105_x3,2.6,2.79,1.44,,,13,bismarck_gun_380_x3,1.17,1.25,1.44,0.76,,,,,,,,,14,friedrich_gun_152_x1,3.5,3.725,1.4,0.77,,14/45,dd_s_gun_b_102_x1,2.8,2.98,0.6,1.02,,14/45,dd_s_gun_d_102_x1,2.8,2.98,0.6,1.02,,,,,,,,,,,,,,,,,,,,,,,,,,,,,,,,,,,,,,,,,,,,,,,,,,,,,,,,,,
14,brandenburg_gun_279_x1,1.26,1.34,1.4,1.16,,14,friedrich_gun_228_x1,1.435,1.535,1.4,1.125,,14,friedrich_gun_305_x1,1.26,1.34,1.4,0.97,,14,vdt_gun_280_x1,1.435,1.535,1.4,0.84,,14,vdt_gun_200_x1,1.645,1.75,1.4,1,,14/52,spee_gun_var_280_x1,1.47,1.57,1.4,0.96,,14,bismarck_gun_b_150_x1,1.85,1.95,1.4,1.33,,14,spee_gun_150_x1,2.45,2.615,1.4,0.99,,14/54,spee_gun_280_x1_a,1.47,1.57,1.4,0.98,,14,bismarck_gun_150_x1,1.85,1.95,1.4,1.33,,14,bismarck_gun_105_x1,2.8,2.99,1.4,,,14,bismarck_gun_380_x1,1.26,1.34,1.4,0.75,,,,,,,,,15,friedrich_gun_152_x1,3.75,3.975,1.5,0.76,,15/45,dd_s_gun_b_102_x1,3,3.18,0.6,1.02,,15/45,dd_s_gun_d_102_x1,3,3.18,0.6,1.02,,,,,,,,,,,,,,,,,,,,,,,,,,,,,,,,,,,,,,,,,,,,,,,,,,,,,,,,,,
14,brandenburg_gun_279_x2,1.26,1.34,1.4,1.16,,14,friedrich_gun_228_x2,1.435,1.535,1.4,1.125,,14,friedrich_gun_305_x2,1.26,1.34,1.4,0.97,,14,vdt_gun_280_x2,1.435,1.535,1.4,0.84,,14,vdt_gun_200_x2,1.645,1.75,1.4,1,,14/52,spee_gun_var_280_x2,1.47,1.57,1.4,0.96,,14,bismarck_gun_b_150_x2,1.85,1.95,1.4,1.33,,14,spee_gun_150_x2,2.45,2.615,1.4,0.99,,14/54,spee_gun_280_x2_a,1.47,1.57,1.4,0.98,,14,bismarck_gun_150_x2,1.85,1.95,1.4,1.33,,14,bismarck_gun_105_x2,2.8,2.99,1.4,,,14,bismarck_gun_380_x2,1.26,1.34,1.4,0.75,,,,,,,,,16,friedrich_gun_152_x1,4,4.225,1.565,0.76,,16/45,dd_s_gun_b_102_x1,3.2,3.38,0.6,1,,16/45,dd_s_gun_d_102_x1,3.2,3.38,0.6,1,,,,,,,,,,,,,,,,,,,,,,,,,,,,,,,,,,,,,,,,,,,,,,,,,,,,,,,,,,
14,brandenburg_gun_279_x3,1.26,1.34,1.4,0.65,,14,friedrich_gun_228_x3,1.435,1.535,1.4,1.125,,14,friedrich_gun_305_x3,1.26,1.34,1.4,0.97,,14,vdt_gun_280_x3,1.435,1.535,1.4,0.84,,14,,,,,,,14/52,spee_gun_var_280_x3,1.47,1.57,1.4,0.96,,14,bismarck_gun_b_150_x3,1.85,1.95,1.4,1.33,,14,spee_gun_150_x3,2.45,2.615,1.4,0.99,,14/54,spee_gun_280_x3_a,1.47,1.57,1.4,0.98,,14,bismarck_gun_150_x3,1.85,1.95,1.4,1.33,,14,bismarck_gun_105_x3,2.8,2.99,1.4,,,14,bismarck_gun_380_x3,1.26,1.34,1.4,0.75,,,,,,,,,17,friedrich_gun_152_x1,4.25,4.475,1.51,0.76,,17/45,dd_s_gun_b_102_x1,3.4,3.58,0.6,1,,17/45,dd_s_gun_d_102_x1,3.4,3.58,0.6,1,,,,,,,,,,,,,,,,,,,,,,,,,,,,,,,,,,,,,,,,,,,,,,,,,,,,,,,,,,
15,brandenburg_gun_279_x1,1.35,1.43,1.5,1.16,,15,friedrich_gun_228_x1,1.5375,1.6375,1.5,1.125,,15,friedrich_gun_305_x1,1.35,1.43,1.5,0.96,,15,vdt_gun_280_x1,1.5375,1.6375,1.5,0.84,,15,vdt_gun_200_x1,1.7625,1.87,1.5,1,,15/52,spee_gun_var_280_x1,1.575,1.675,1.5,0.94,,15,bismarck_gun_b_150_x1,1.975,2.075,1.5,1.32,,15,spee_gun_150_x1,2.625,2.79,1.5,0.98,,15/54,spee_gun_280_x1_a,1.575,1.675,1.5,0.98,,15,bismarck_gun_150_x1,1.975,2.075,1.5,1.32,,15,bismarck_gun_105_x1,3,3.19,1.5,0.99,,15,bismarck_gun_380_x1,1.35,1.43,1.5,0.75,,,,,,,,,18,friedrich_gun_152_x1,4.5,4.725,1.51,0.75,,18/45,dd_s_gun_b_102_x1,3.6,3.78,0.6,0.99,,18/45,dd_s_gun_d_102_x1,3.6,3.78,0.6,0.99,,,,,,,,,,,,,,,,,,,,,,,,,,,,,,,,,,,,,,,,,,,,,,,,,,,,,,,,,,
15,brandenburg_gun_279_x2,1.35,1.43,1.5,1.16,,15,friedrich_gun_228_x2,1.5375,1.6375,1.5,1.125,,15,friedrich_gun_305_x2,1.35,1.43,1.5,0.96,,15,vdt_gun_280_x2,1.5375,1.6375,1.5,0.84,,15,vdt_gun_200_x2,1.7625,1.87,1.5,1,,15/52,spee_gun_var_280_x2,1.575,1.675,1.5,0.94,,15,bismarck_gun_b_150_x2,1.975,2.075,1.5,1.32,,15,spee_gun_150_x2,2.625,2.79,1.5,0.98,,15/54,spee_gun_280_x2_a,1.575,1.675,1.5,0.98,,15,bismarck_gun_150_x2,1.975,2.075,1.5,1.32,,15,bismarck_gun_105_x2,3,3.19,1.5,0.99,,15,bismarck_gun_380_x2,1.35,1.43,1.5,0.75,,,,,,,,,19,friedrich_gun_152_x1,4.75,4.975,1.415,0.75,,19/45,dd_s_gun_b_102_x1,3.8,3.98,0.6,0.99,,19/45,dd_s_gun_d_102_x1,3.8,3.98,0.6,0.99,,,,,,,,,,,,,,,,,,,,,,,,,,,,,,,,,,,,,,,,,,,,,,,,,,,,,,,,,,
15,brandenburg_gun_279_x3,1.35,1.43,1.5,0.65,,15,friedrich_gun_228_x3,1.5375,1.6375,1.5,1.125,,15,friedrich_gun_305_x3,1.35,1.43,1.5,0.96,,15,vdt_gun_280_x3,1.5375,1.6375,1.5,0.84,,15,,,,,,,15/52,spee_gun_var_280_x3,1.575,1.675,1.5,0.94,,15,bismarck_gun_b_150_x3,1.975,2.075,1.5,1.32,,15,spee_gun_150_x3,2.625,2.79,1.5,0.98,,15/54,spee_gun_280_x3_a,1.575,1.675,1.5,0.98,,15,bismarck_gun_150_x3,1.975,2.075,1.5,1.32,,15,bismarck_gun_105_x3,3,3.19,1.5,0.99,,15,bismarck_gun_380_x3,1.35,1.43,1.5,0.75,,,,,,,,,20,friedrich_gun_152_x1,5,5.225,1.25,0.74,,20/40,dd_s_gun_b_102_x1,4,4.18,0.6,0.98,,20/40,dd_s_gun_d_102_x1,4,4.18,0.6,0.98,,,,,,,,,,,,,,,,,,,,,,,,,,,,,,,,,,,,,,,,,,,,,,,,,,,,,,,,,,
16,brandenburg_gun_279_x1,1.44,1.52,1.565,1.15,,16,friedrich_gun_228_x1,1.64,1.74,1.565,1.125,,16,friedrich_gun_305_x1,1.44,1.52,1.565,0.96,,16,vdt_gun_280_x1,1.64,1.74,1.565,0.84,,16,vdt_gun_200_x1,1.88,1.98,1.565,1,,16/52,spee_gun_var_280_x1,1.68,1.78,1.565,0.94,,16,bismarck_gun_b_150_x1,2.1,2.2,1.565,1.32,,16,spee_gun_150_x1,2.8,2.965,1.565,0.98,,16/54,spee_gun_280_x1_a,1.68,1.78,1.565,0.98,,16,bismarck_gun_150_x1,2.1,2.2,1.565,1.32,,16,bismarck_gun_105_x1,3.2,3.39,1.565,0.98,,16,bismarck_gun_380_x1,1.44,1.52,1.565,0.74,,,,,,,,,,,,,,,,,,,,,,,,,,,,,,,,,,,,,,,,,,,,,,,,,,,,,,,,,,,,,,,,,,,,,,,,,,,,,,,,,,,,,,
16,brandenburg_gun_279_x2,1.44,1.52,1.565,1.15,,16,friedrich_gun_228_x2,1.64,1.74,1.565,1.125,,16,friedrich_gun_305_x2,1.44,1.52,1.565,0.96,,16,vdt_gun_280_x2,1.64,1.74,1.565,0.84,,16,vdt_gun_200_x2,1.88,1.98,1.565,1,,16/52,spee_gun_var_280_x2,1.68,1.78,1.565,0.94,,16,bismarck_gun_b_150_x2,2.1,2.2,1.565,1.32,,16,spee_gun_150_x2,2.8,2.965,1.565,0.98,,16/54,spee_gun_280_x2_a,1.68,1.78,1.565,0.98,,16,bismarck_gun_150_x2,2.1,2.2,1.565,1.32,,16,bismarck_gun_105_x2,3.2,3.39,1.565,0.98,,16,bismarck_gun_380_x2,1.44,1.52,1.565,0.74,,,,,,,,,,,,,,,,,,,,,,,,,,,,,,,,,,,,,,,,,,,,,,,,,,,,,,,,,,,,,,,,,,,,,,,,,,,,,,,,,,,,,,
16,brandenburg_gun_279_x3,1.44,1.52,1.565,0.65,,16,friedrich_gun_228_x3,1.64,1.74,1.565,1.125,,16,friedrich_gun_305_x3,1.44,1.52,1.565,0.96,,16,vdt_gun_280_x3,1.64,1.74,1.565,0.84,,16,,,,,,,16/52,spee_gun_var_280_x3,1.68,1.78,1.565,0.94,,16,bismarck_gun_b_150_x3,2.1,2.2,1.565,1.32,,16,spee_gun_150_x3,2.8,2.965,1.565,0.98,,16/54,spee_gun_280_x3_a,1.68,1.78,1.565,0.98,,16,bismarck_gun_150_x3,2.1,2.2,1.565,1.32,,16,bismarck_gun_105_x3,3.2,3.39,1.565,0.98,,16,bismarck_gun_380_x3,1.44,1.52,1.565,0.74,,,,,,,,,,,,,,,,,,,,,,,,,,,,,,,,,,,,,,,,,,,,,,,,,,,,,,,,,,,,,,,,,,,,,,,,,,,,,,,,,,,,,,
17,brandenburg_gun_279_x1,1.53,1.61,1.51,1.15,,17,friedrich_gun_228_x1,1.7425,1.8425,1.51,1.1,,17,friedrich_gun_305_x1,1.53,1.61,1.51,0.94,,17,vdt_gun_280_x1,1.7425,1.8425,1.51,0.83,,17,vdt_gun_200_x1,1.9975,2.1,1.51,0.98,,17/52,spee_gun_var_280_x1,1.785,1.885,1.51,0.94,,17,bismarck_gun_b_150_x1,2.225,2.325,1.51,1.32,,17,spee_gun_150_x1,2.975,3.14,1.51,0.98,,17/54,spee_gun_280_x1_a,1.785,1.885,1.51,0.98,,17,bismarck_gun_150_x1,2.225,2.325,1.51,1.32,,17,bismarck_gun_105_x1,3.4,3.59,1.51,0.98,,17,bismarck_gun_380_x1,1.53,1.61,1.51,0.74,,,,,,,,,,,,,,,,,,,,,,,,,,,,,,,,,,,,,,,,,,,,,,,,,,,,,,,,,,,,,,,,,,,,,,,,,,,,,,,,,,,,,,
17,brandenburg_gun_279_x2,1.53,1.61,1.51,1.15,,17,friedrich_gun_228_x2,1.7425,1.8425,1.51,1.1,,17,friedrich_gun_305_x2,1.53,1.61,1.51,0.94,,17,vdt_gun_280_x2,1.7425,1.8425,1.51,0.83,,17,vdt_gun_200_x2,1.9975,2.1,1.51,0.98,,17/52,spee_gun_var_280_x2,1.785,1.885,1.51,0.94,,17,bismarck_gun_b_150_x2,2.225,2.325,1.51,1.32,,17,spee_gun_150_x2,2.975,3.14,1.51,0.98,,17/54,spee_gun_280_x2_a,1.785,1.885,1.51,0.98,,17,bismarck_gun_150_x2,2.225,2.325,1.51,1.32,,17,bismarck_gun_105_x2,3.4,3.59,1.51,0.98,,17,bismarck_gun_380_x2,1.53,1.61,1.51,0.74,,,,,,,,,,,,,,,,,,,,,,,,,,,,,,,,,,,,,,,,,,,,,,,,,,,,,,,,,,,,,,,,,,,,,,,,,,,,,,,,,,,,,,
17,brandenburg_gun_279_x3,1.53,1.61,1.51,0.64,,17,friedrich_gun_228_x3,1.7425,1.8425,1.51,1.1,,17,friedrich_gun_305_x3,1.53,1.61,1.51,0.94,,17,vdt_gun_280_x3,1.7425,1.8425,1.51,0.83,,17,,,,,,,17/52,spee_gun_var_280_x3,1.785,1.885,1.51,0.94,,17,bismarck_gun_b_150_x3,2.225,2.325,1.51,1.32,,17,spee_gun_150_x3,2.975,3.14,1.51,0.98,,17/54,spee_gun_280_x3_a,1.785,1.885,1.51,0.98,,17,bismarck_gun_150_x3,2.225,2.325,1.51,1.32,,17,bismarck_gun_105_x3,3.4,3.59,1.51,0.98,,17,bismarck_gun_380_x3,1.53,1.61,1.51,0.74,,,,,,,,,,,,,,,,,,,,,,,,,,,,,,,,,,,,,,,,,,,,,,,,,,,,,,,,,,,,,,,,,,,,,,,,,,,,,,,,,,,,,,
18,brandenburg_gun_279_x1,1.62,1.7,1.51,1.15,,18,friedrich_gun_228_x1,1.845,1.945,1.51,1.1,,18,friedrich_gun_305_x1,1.62,1.7,1.51,0.94,,18,vdt_gun_280_x1,1.845,1.945,1.51,0.83,,18,vdt_gun_200_x1,2.115,2.22,1.51,0.98,,18/52,spee_gun_var_280_x1,1.89,1.99,1.51,0.94,,18,bismarck_gun_b_150_x1,2.35,2.45,1.51,1.32,,18,spee_gun_150_x1,3.15,3.315,1.51,0.97,,18/54,spee_gun_280_x1_a,1.89,1.99,1.51,0.97,,18,bismarck_gun_150_x1,2.35,2.45,1.51,1.32,,18,bismarck_gun_105_x1,3.6,3.79,1.51,0.98,,18,bismarck_gun_380_x1,1.62,1.7,1.51,0.73,,,,,,,,,,,,,,,,,,,,,,,,,,,,,,,,,,,,,,,,,,,,,,,,,,,,,,,,,,,,,,,,,,,,,,,,,,,,,,,,,,,,,,
18,brandenburg_gun_279_x2,1.62,1.7,1.51,1.15,,18,friedrich_gun_228_x2,1.845,1.945,1.51,1.1,,18,friedrich_gun_305_x2,1.62,1.7,1.51,0.94,,18,vdt_gun_280_x2,1.845,1.945,1.51,0.83,,18,vdt_gun_200_x2,2.115,2.22,1.51,0.98,,18/52,spee_gun_var_280_x2,1.89,1.99,1.51,0.94,,18,bismarck_gun_b_150_x2,2.35,2.45,1.51,1.32,,18,spee_gun_150_x2,3.15,3.315,1.51,0.97,,18/54,spee_gun_280_x2_a,1.89,1.99,1.51,0.97,,18,bismarck_gun_150_x2,2.35,2.45,1.51,1.32,,18,bismarck_gun_105_x2,3.6,3.79,1.51,0.98,,18,bismarck_gun_380_x2,1.62,1.7,1.51,0.73,,,,,,,,,,,,,,,,,,,,,,,,,,,,,,,,,,,,,,,,,,,,,,,,,,,,,,,,,,,,,,,,,,,,,,,,,,,,,,,,,,,,,,
18,brandenburg_gun_279_x3,1.62,1.7,1.51,0.64,,18,friedrich_gun_228_x3,1.845,1.945,1.51,1.1,,18,friedrich_gun_305_x3,1.62,1.7,1.51,0.94,,18,vdt_gun_280_x3,1.845,1.945,1.51,0.83,,18,,,,,,,18/52,spee_gun_var_280_x3,1.89,1.99,1.51,0.94,,18,bismarck_gun_b_150_x3,2.35,2.45,1.51,1.32,,18,spee_gun_150_x3,3.15,3.315,1.51,0.97,,18/54,spee_gun_280_x3_a,1.89,1.99,1.51,0.97,,18,bismarck_gun_150_x3,2.35,2.45,1.51,1.32,,18,bismarck_gun_105_x3,3.6,3.79,1.51,0.98,,18,bismarck_gun_380_x3,1.62,1.7,1.51,0.73,,,,,,,,,,,,,,,,,,,,,,,,,,,,,,,,,,,,,,,,,,,,,,,,,,,,,,,,,,,,,,,,,,,,,,,,,,,,,,,,,,,,,,
19,brandenburg_gun_279_x1,1.71,1.79,1.415,1.15,,19,friedrich_gun_228_x1,1.9475,2.0475,1.415,1.1,,19,friedrich_gun_305_x1,1.71,1.79,1.415,0.94,,19,vdt_gun_280_x1,1.9475,2.0475,1.415,0.83,,19,vdt_gun_200_x1,2.2325,2.34,1.415,0.98,,19/52,spee_gun_var_280_x1,1.995,2.095,1.415,0.93,,19,bismarck_gun_b_150_x1,2.475,2.575,1.415,1.32,,19,spee_gun_150_x1,3.325,3.49,1.415,0.96,,19/54,spee_gun_280_x1_a,1.995,2.095,1.415,0.97,,19,bismarck_gun_150_x1,2.475,2.575,1.415,1.32,,19,bismarck_gun_105_x1,3.8,3.99,1.415,0.98,,19,bismarck_gun_380_x1,1.71,1.79,1.415,0.73,,,,,,,,,,,,,,,,,,,,,,,,,,,,,,,,,,,,,,,,,,,,,,,,,,,,,,,,,,,,,,,,,,,,,,,,,,,,,,,,,,,,,,
19,brandenburg_gun_279_x2,1.71,1.79,1.415,1.15,,19,friedrich_gun_228_x2,1.9475,2.0475,1.415,1.1,,19,friedrich_gun_305_x2,1.71,1.79,1.415,0.94,,19,vdt_gun_280_x2,1.9475,2.0475,1.415,0.83,,19,vdt_gun_200_x2,2.2325,2.34,1.415,0.98,,19/52,spee_gun_var_280_x2,1.995,2.095,1.415,0.93,,19,bismarck_gun_b_150_x2,2.475,2.575,1.415,1.32,,19,spee_gun_150_x2,3.325,3.49,1.415,0.96,,19/54,spee_gun_280_x2_a,1.995,2.095,1.415,0.97,,19,bismarck_gun_150_x2,2.475,2.575,1.415,1.32,,19,bismarck_gun_105_x2,3.8,3.99,1.415,0.98,,19,bismarck_gun_380_x2,1.71,1.79,1.415,0.73,,,,,,,,,,,,,,,,,,,,,,,,,,,,,,,,,,,,,,,,,,,,,,,,,,,,,,,,,,,,,,,,,,,,,,,,,,,,,,,,,,,,,,
19,brandenburg_gun_279_x3,1.71,1.79,1.415,0.64,,19,friedrich_gun_228_x3,1.9475,2.0475,1.415,1.1,,19,friedrich_gun_305_x3,1.71,1.79,1.415,0.94,,19,vdt_gun_280_x3,1.9475,2.0475,1.415,0.83,,19,,,,,,,19/52,spee_gun_var_280_x3,1.995,2.095,1.415,0.93,,19,bismarck_gun_b_150_x3,2.475,2.575,1.415,1.32,,19,spee_gun_150_x3,3.325,3.49,1.415,0.96,,19/54,spee_gun_280_x3_a,1.995,2.095,1.415,0.97,,19,bismarck_gun_150_x3,2.475,2.575,1.415,1.32,,19,bismarck_gun_105_x3,3.8,3.99,1.415,0.98,,19,bismarck_gun_380_x3,1.71,1.79,1.415,0.73,,,,,,,,,,,,,,,,,,,,,,,,,,,,,,,,,,,,,,,,,,,,,,,,,,,,,,,,,,,,,,,,,,,,,,,,,,,,,,,,,,,,,,
20,brandenburg_gun_279_x1,1.8,1.88,1.25,1.125,,20,friedrich_gun_228_x1,2.03,2.11,1.25,1.1,,20,friedrich_gun_305_x1,1.8,1.88,1.25,0.93,,20,vdt_gun_280_x1,2.03,2.11,1.25,0.83,,20,vdt_gun_200_x1,2.35,2.46,1.25,0.97,,20/52,spee_gun_var_280_x1,2.1,2.2,1.25,0.92,,20,bismarck_gun_b_150_x1,2.6,2.7,1.25,1.32,,20,spee_gun_150_x1,3.5,3.665,1.25,0.96,,20/54,spee_gun_280_x1_a,2.1,2.2,1.25,0.96,,20,bismarck_gun_150_x1,2.6,2.7,1.25,1.32,,20,bismarck_gun_105_x1,4,4.19,1.25,0.97,,20,bismarck_gun_380_x1,1.8,1.88,1.25,0.73,,,,,,,,,,,,,,,,,,,,,,,,,,,,,,,,,,,,,,,,,,,,,,,,,,,,,,,,,,,,,,,,,,,,,,,,,,,,,,,,,,,,,,
20,brandenburg_gun_279_x2,1.8,1.88,1.25,1.125,,20,friedrich_gun_228_x2,2.03,2.11,1.25,1.1,,20,friedrich_gun_305_x2,1.8,1.88,1.25,0.93,,20,vdt_gun_280_x2,2.03,2.11,1.25,0.83,,20,vdt_gun_200_x2,2.35,2.46,1.25,0.97,,20/52,spee_gun_var_280_x2,2.1,2.2,1.25,0.92,,20,bismarck_gun_b_150_x2,2.6,2.7,1.25,1.32,,20,spee_gun_150_x2,3.5,3.665,1.25,0.96,,20/54,spee_gun_280_x2_a,2.1,2.2,1.25,0.96,,20,bismarck_gun_150_x2,2.6,2.7,1.25,1.32,,20,bismarck_gun_105_x2,4,4.19,1.25,0.97,,20,bismarck_gun_380_x2,1.8,1.88,1.25,0.73,,,,,,,,,,,,,,,,,,,,,,,,,,,,,,,,,,,,,,,,,,,,,,,,,,,,,,,,,,,,,,,,,,,,,,,,,,,,,,,,,,,,,,
20,brandenburg_gun_279_x3,1.8,1.88,1.25,0.63,,20,friedrich_gun_228_x3,2.03,2.11,1.25,1.1,,20,friedrich_gun_305_x3,1.8,1.88,1.25,0.93,,20,vdt_gun_280_x3,2.03,2.11,1.25,0.83,,20,,,,,,,20/52,spee_gun_var_280_x3,2.1,2.2,1.25,0.92,,20,bismarck_gun_b_150_x3,2.6,2.7,1.25,1.32,,20,spee_gun_150_x3,3.5,3.665,1.25,0.96,,20/54,spee_gun_280_x3_a,2.1,2.2,1.25,0.96,,20,bismarck_gun_150_x3,2.6,2.7,1.25,1.32,,20,bismarck_gun_105_x3,4,4.19,1.25,0.97,,20,bismarck_gun_380_x3,1.8,1.88,1.25,0.73,,,,,,,,,,,,,,,,,,,,,,,,,,,,,,,,,,,,,,,,,,,,,,,,,,,,,,,,,,,,,,,,,,,,,,,,,,,,,,,,,,,,,,
,USA,,,,,,,,,,,,,,,,,,,,,,,,,,,,,,,,,,,,,,,,,,,,,,,,,,,,,,,,,,,,,,,,,,,,,,,,,,,,,,,,,,,,,,,,,,,,,,,,,,,,,,,,,,,,,,,,,,,,,,,,,,,,,,,,,,,,,,,,,,,,,,,,,,,,,,,,,,,,,,,,,,,,,,,
2,maine_gun_254_x1,0.27,0.365,10,2.86,,2,maine_gun_254_x1_a,0.27,0.365,10,2.25,,2,maine_gun_254_x1_b,0.24,0.32,10,2.35,,2,maine_gun_230_x1,0.35,0.44,10,1.55,,2/45,ny_gun_356_x1,0.25,0.35,10,1.6,,2/50,ny_gun_356_x1,0.25,0.35,10,1.8,,2,ny_gun_210_x1,0.37,0.546,10,2.1,,2,maine_gun_152_x1,0.45,0.62,10,1.65,,2/45,iowa_gun_406_x1,0.125,0.175,10,2.25,,2/50,iowa_gun_406_x1,0.125,0.175,10,2.5,,2,iowa_gun_b_127_x1,0.6,0.88,10,1.5,,2,atl_gun_125_x1,0.5,0.62,10,1.55,,2/40,brooklyn_gun_152_x1,0.25,0.39,10,2.32,,2/47,brooklyn_gun_b_152_x1,0.25,0.39,10,2.2,,,QUAD,,,,,,,,,,,,,,,,,,,,,,,,,,,,,,,,,,,,,,,,,,,,,,,,,,,,,,,,,,,,,,,,,,,,,
2,maine_gun_254_x2,0.27,0.365,10,2.86,,2,maine_gun_254_x2_a,0.27,0.365,10,2.25,,2,maine_gun_254_x2_b,0.24,0.32,10,2.35,,2,maine_gun_230_x2,0.35,0.44,10,1.55,,2/45,ny_gun_356_x2,0.25,0.35,10,1.6,,2/50,ny_gun_356_x2,0.25,0.35,10,1.8,,2,ny_gun_210_x2,0.37,0.546,10,2.1,,2,maine_gun_152_x2,0.45,0.62,10,1.65,,2/45,iowa_gun_406_x2,0.125,0.175,10,2.25,,2/50,iowa_gun_406_x2,0.125,0.175,10,2.5,,2,iowa_gun_b_127_x2,0.6,0.88,10,1.5,,2,atl_gun_125_x2,0.5,0.62,10,1.55,,2/40,brooklyn_gun_152_x2,0.25,0.39,10,2.32,,2/47,brooklyn_gun_b_152_x2,0.25,0.39,10,2.2,,2/47,brooklyn_gun_b_152_x4,0.25,0.39,10,2.2,,2/45,ny_gun_356_x4,0.25,0.35,10,1.6,,,,,,,,,,,,,,,,,,,,,,,,,,,,,,,,,,,,,,,,,,,,,,,,,,,,,,,,,,
2,maine_gun_254_x3,0.27,0.365,10,2.86,,2,maine_gun_254_x3_a,0.27,0.365,10,2.25,,2,maine_gun_254_x3_b,0.24,0.32,10,2.35,,2,maine_gun_230_x3,0.35,0.44,10,1.55,,2/45,ny_gun_356_x3,0.25,0.35,10,1.6,,2/50,ny_gun_356_x3,0.25,0.35,10,1.8,,2,ny_gun_210_x3,0.37,0.546,10,2.1,,2,maine_gun_152_x3,0.45,0.62,10,1.65,,2/45,iowa_gun_406_x3,0.125,0.175,10,2.25,,2/50,iowa_gun_406_x3,0.125,0.175,10,2.5,,2,iowa_gun_b_127_x3,0.6,0.88,10,1.5,,2,atl_gun_125_x3,0.5,0.62,10,1.55,,2/40,brooklyn_gun_152_x3,0.25,0.39,10,2.32,,2/47,brooklyn_gun_b_152_x3,0.25,0.39,10,2.2,,3/47,brooklyn_gun_b_152_x4,0.403,0.54,10,1.73,,3/45,ny_gun_356_x4,0.365,0.465,10,1.4,,,,,,,,,,,,,,,,,,,,,,,,,,,,,,,,,,,,,,,,,,,,,,,,,,,,,,,,,,
3,maine_gun_254_x1,0.38,0.475,10,2.525,,3,maine_gun_254_x1_a,0.38,0.475,10,2.05,,3,maine_gun_254_x1_b,0.33,0.41,10,2.15,,3,maine_gun_230_x1,0.46,0.55,10,1.5,,3/45,ny_gun_356_x1,0.365,0.465,10,1.4,,3/50,ny_gun_356_x1,0.365,0.465,10,1.57,,3,ny_gun_210_x1,0.566,0.742,10,1.74,,3,maine_gun_152_x1,0.636,0.8,10,1.49,,3/45,iowa_gun_406_x1,0.18,0.23,10,1.95,,3/50,iowa_gun_406_x1,0.18,0.23,10,2.18,,3,iowa_gun_b_127_x1,0.9,1.18,10,1.28,,3,atl_gun_125_x1,0.67,0.81,10,1.44,,3/40,brooklyn_gun_152_x1,0.403,0.54,10,1.83,,3/47,brooklyn_gun_b_152_x1,0.403,0.54,10,1.73,,4/47,brooklyn_gun_b_152_x4,0.556,0.7,8.25,1.38,,4/45,ny_gun_356_x4,0.48,0.58,8.25,1.18,,,,,,,,,,,,,,,,,,,,,,,,,,,,,,,,,,,,,,,,,,,,,,,,,,,,,,,,,,
3,maine_gun_254_x2,0.38,0.475,10,2.525,,3,maine_gun_254_x2_a,0.38,0.475,10,2.05,,3,maine_gun_254_x2_b,0.33,0.41,10,2.15,,3,maine_gun_230_x2,0.46,0.55,10,1.5,,3/45,ny_gun_356_x2,0.365,0.465,10,1.4,,3/50,ny_gun_356_x2,0.365,0.465,10,1.57,,3,ny_gun_210_x2,0.566,0.742,10,1.74,,3,maine_gun_152_x2,0.636,0.8,10,1.49,,3/45,iowa_gun_406_x2,0.18,0.23,10,1.95,,3/50,iowa_gun_406_x2,0.18,0.23,10,2.18,,3,iowa_gun_b_127_x2,0.9,1.18,10,1.28,,3,atl_gun_125_x2,0.67,0.81,10,1.44,,3/40,brooklyn_gun_152_x2,0.403,0.54,10,1.83,,3/47,brooklyn_gun_b_152_x2,0.403,0.54,10,1.73,,5/47,brooklyn_gun_b_152_x4,0.709,0.85,5.25,1.08,,5/45,ny_gun_356_x4,0.595,0.695,5.25,0.92,,,,,,,,,,,,,,,,,,,,,,,,,,,,,,,,,,,,,,,,,,,,,,,,,,,,,,,,,,
3,maine_gun_254_x3,0.38,0.475,10,2.525,,3,maine_gun_254_x3_a,0.38,0.475,10,2.05,,3,maine_gun_254_x3_b,0.33,0.41,10,2.15,,3,maine_gun_230_x3,0.46,0.55,10,1.5,,3/45,ny_gun_356_x3,0.365,0.465,10,1.4,,3/50,ny_gun_356_x3,0.365,0.465,10,1.57,,3,ny_gun_210_x3,0.566,0.742,10,1.74,,3,maine_gun_152_x3,0.636,0.8,10,1.49,,3/45,iowa_gun_406_x3,0.18,0.23,10,1.95,,3/50,iowa_gun_406_x3,0.18,0.23,10,2.18,,3,iowa_gun_b_127_x3,0.9,1.18,10,1.28,,3,atl_gun_125_x3,0.67,0.81,10,1.44,,3/40,brooklyn_gun_152_x3,0.403,0.54,10,1.83,,3/47,brooklyn_gun_b_152_x3,0.403,0.54,10,1.73,,6/47,brooklyn_gun_b_152_x4,0.862,1,3.7,1,,6/45,ny_gun_356_x4,0.71,0.81,3.7,0.88,,,,,,,,,,,,,,,,,,,,,,,,,,,,,,,,,,,,,,,,,,,,,,,,,,,,,,,,,,
4,maine_gun_254_x1,0.49,0.585,8.25,2.145,,4,maine_gun_254_x1_a,0.49,0.585,8.25,1.71,,4,maine_gun_254_x1_b,0.42,0.5,8.25,1.85,,4,maine_gun_230_x1,0.57,0.66,8.25,1.35,,4/45,ny_gun_356_x1,0.48,0.58,8.25,1.18,,4/50,ny_gun_356_x1,0.48,0.58,8.25,1.3,,4,ny_gun_210_x1,0.762,0.938,8.25,1.42,,4,maine_gun_152_x1,0.822,0.99,8.25,1.27,,4/45,iowa_gun_406_x1,0.235,0.285,8.25,1.66,,4/50,iowa_gun_406_x1,0.235,0.285,8.25,1.84,,4,iowa_gun_b_127_x1,1.2,1.48,8.25,1.05,,4,atl_gun_125_x1,0.837,0.96,8.25,1.27,,4/40,brooklyn_gun_152_x1,0.556,0.7,8.25,1.48,,4/47,brooklyn_gun_b_152_x1,0.556,0.7,8.25,1.38,,7/47,brooklyn_gun_b_152_x4,1.015,1.15,3.1,0.96,,7/45,ny_gun_356_x4,0.825,0.935,3.1,0.86,,,,,,,,,,,,,,,,,,,,,,,,,,,,,,,,,,,,,,,,,,,,,,,,,,,,,,,,,,
4,maine_gun_254_x2,0.49,0.585,8.25,2.145,,4,maine_gun_254_x2_a,0.49,0.585,8.25,1.71,,4,maine_gun_254_x2_b,0.42,0.5,8.25,1.85,,4,maine_gun_230_x2,0.57,0.66,8.25,1.35,,4/45,ny_gun_356_x2,0.48,0.58,8.25,1.18,,4/50,ny_gun_356_x2,0.48,0.58,8.25,1.3,,4,ny_gun_210_x2,0.762,0.938,8.25,1.42,,4,maine_gun_152_x2,0.822,0.99,8.25,1.27,,4/45,iowa_gun_406_x2,0.235,0.285,8.25,1.66,,4/50,iowa_gun_406_x2,0.235,0.285,8.25,1.84,,4,iowa_gun_b_127_x2,1.2,1.48,8.25,1.05,,4,atl_gun_125_x2,0.837,0.96,8.25,1.27,,4/40,brooklyn_gun_152_x2,0.556,0.7,8.25,1.48,,4/47,brooklyn_gun_b_152_x2,0.556,0.7,8.25,1.38,,8/47,brooklyn_gun_b_152_x4,1.168,1.31,2.5,0.94,,8/45,ny_gun_356_x4,0.95,1.04,2.5,0.84,,,,,,,,,,,,,,,,,,,,,,,,,,,,,,,,,,,,,,,,,,,,,,,,,,,,,,,,,,
4,maine_gun_254_x3,0.49,0.585,8.25,2.145,,4,maine_gun_254_x3_a,0.49,0.585,8.25,1.71,,4,maine_gun_254_x3_b,0.42,0.5,8.25,1.85,,4,maine_gun_230_x3,0.57,0.66,8.25,1.35,,4/45,ny_gun_356_x3,0.48,0.58,8.25,1.18,,4/50,ny_gun_356_x3,0.48,0.58,8.25,1.3,,4,ny_gun_210_x3,0.762,0.938,8.25,1.42,,4,maine_gun_152_x3,0.822,0.99,8.25,1.27,,4/45,iowa_gun_406_x3,0.235,0.285,8.25,1.66,,4/50,iowa_gun_406_x3,0.235,0.285,8.25,1.84,,4,iowa_gun_b_127_x3,1.2,1.48,8.25,1.05,,4,atl_gun_125_x3,0.837,0.96,8.25,1.27,,4/40,brooklyn_gun_152_x3,0.556,0.7,8.25,1.48,,4/47,brooklyn_gun_b_152_x3,0.556,0.7,8.25,1.38,,9/47,brooklyn_gun_b_152_x4,1.321,1.46,1.95,0.9,,9/45,ny_gun_356_x4,1.055,1.155,1.95,0.82,,,,,,,,,,,,,,,,,,,,,,,,,,,,,,,,,,,,,,,,,,,,,,,,,,,,,,,,,,
5,maine_gun_254_x1,0.6,0.695,5.25,1.76,,5,maine_gun_254_x1_a,0.6,0.695,5.25,1.38,,5,maine_gun_254_x1_b,0.51,0.59,5.25,1.5,,5,maine_gun_230_x1,0.68,0.77,5.25,1.1,,5/45,ny_gun_356_x1,0.595,0.695,5.25,0.92,,5/50,ny_gun_356_x1,0.595,0.695,5.25,1.02,,5,ny_gun_210_x1,0.958,1.134,5.25,1.1,,5,maine_gun_152_x1,1.008,1.15,5.25,1.01,,5/45,iowa_gun_406_x1,0.29,0.34,5.25,1.32,,5/50,iowa_gun_406_x1,0.29,0.34,5.25,1.46,,5,iowa_gun_b_127_x1,1.5,1.78,5.25,0.81,,5,atl_gun_125_x1,1,1.12,5.25,1.04,,5/40,brooklyn_gun_152_x1,0.709,0.85,5.25,1.12,,5/47,brooklyn_gun_b_152_x1,0.709,0.85,5.25,1.08,,10/47,brooklyn_gun_b_152_x4,1.474,1.61,1.74,0.88,,10/45,ny_gun_356_x4,1.17,1.26,1.74,0.8,,,,,,,,,,,,,,,,,,,,,,,,,,,,,,,,,,,,,,,,,,,,,,,,,,,,,,,,,,
5,maine_gun_254_x2,0.6,0.695,5.25,1.76,,5,maine_gun_254_x2_a,0.6,0.695,5.25,1.38,,5,maine_gun_254_x2_b,0.51,0.59,5.25,1.5,,5,maine_gun_230_x2,0.68,0.77,5.25,1.1,,5/45,ny_gun_356_x2,0.595,0.695,5.25,0.92,,5/50,ny_gun_356_x2,0.595,0.695,5.25,1.02,,5,ny_gun_210_x2,0.958,1.134,5.25,1.1,,5,maine_gun_152_x2,1.008,1.15,5.25,1.01,,5/45,iowa_gun_406_x2,0.29,0.34,5.25,1.32,,5/50,iowa_gun_406_x2,0.29,0.34,5.25,1.46,,5,iowa_gun_b_127_x2,1.5,1.78,5.25,0.81,,5,atl_gun_125_x2,1,1.12,5.25,1.04,,5/40,brooklyn_gun_152_x2,0.709,0.85,5.25,1.12,,5/47,brooklyn_gun_b_152_x2,0.709,0.85,5.25,1.08,,11/47,brooklyn_gun_b_152_x4,1.627,1.77,1.59,0.7,,11/45,ny_gun_356_x4,1.285,1.27,1.59,0.64,,,,,,,,,,,,,,,,,,,,,,,,,,,,,,,,,,,,,,,,,,,,,,,,,,,,,,,,,,
5,maine_gun_254_x3,0.6,0.695,5.25,1.76,,5,maine_gun_254_x3_a,0.6,0.695,5.25,1.38,,5,maine_gun_254_x3_b,0.51,0.59,5.25,1.5,,5,maine_gun_230_x3,0.68,0.77,5.25,1.1,,5/45,ny_gun_356_x3,0.595,0.695,5.25,0.92,,5/50,ny_gun_356_x3,0.595,0.695,5.25,1.02,,5,ny_gun_210_x3,0.958,1.134,5.25,1.1,,5,maine_gun_152_x3,1.008,1.15,5.25,1.01,,5/45,iowa_gun_406_x3,0.29,0.34,5.25,1.32,,5/50,iowa_gun_406_x3,0.29,0.34,5.25,1.46,,5,iowa_gun_b_127_x3,1.5,1.78,5.25,0.81,,5,atl_gun_125_x3,1,1.12,5.25,1.04,,5/40,brooklyn_gun_152_x3,0.709,0.85,5.25,1.12,,5/47,brooklyn_gun_b_152_x3,0.709,0.85,5.25,1.08,,12/47,brooklyn_gun_b_152_x4,1.78,1.92,1.49,0.69,,12/45,ny_gun_356_x4,1.4,1.5,1.49,0.63,,,,,,,,,,,,,,,,,,,,,,,,,,,,,,,,,,,,,,,,,,,,,,,,,,,,,,,,,,
6,maine_gun_254_x1,0.71,0.805,3.7,1.67,,6,maine_gun_254_x1_a,0.71,0.805,3.7,1.32,,6,maine_gun_254_x1_b,0.6,0.68,3.7,1.44,,6,maine_gun_230_x1,0.79,0.98,3.7,1.08,,6/45,ny_gun_356_x1,0.71,0.81,3.7,0.88,,6/50,ny_gun_356_x1,0.71,0.81,3.7,0.98,,6,ny_gun_210_x1,1.154,1.33,3.7,1.04,,6,maine_gun_152_x1,1.194,1.36,3.7,0.97,,6/45,iowa_gun_406_x1,0.345,0.395,3.7,1.27,,6/50,iowa_gun_406_x1,0.345,0.395,3.7,1.4,,6,iowa_gun_b_127_x1,1.8,2.08,3.7,0.78,,6,atl_gun_125_x1,1.172,1.31,3.7,1.02,,6/40,brooklyn_gun_152_x1,0.862,1,3.7,1.06,,6/47,brooklyn_gun_b_152_x1,0.862,1,3.7,1,,13/47,brooklyn_gun_b_152_x4,1.933,2.07,1.44,0.68,,13/45,ny_gun_356_x4,1.515,1.615,1.44,0.63,,,,,,,,,,,,,,,,,,,,,,,,,,,,,,,,,,,,,,,,,,,,,,,,,,,,,,,,,,
6,maine_gun_254_x2,0.71,0.805,3.7,1.67,,6,maine_gun_254_x2_a,0.71,0.805,3.7,1.32,,6,maine_gun_254_x2_b,0.6,0.68,3.7,1.44,,6,maine_gun_230_x2,0.79,0.98,3.7,1.08,,6/45,ny_gun_356_x2,0.71,0.81,3.7,0.88,,6/50,ny_gun_356_x2,0.71,0.81,3.7,0.98,,6,ny_gun_210_x2,1.154,1.33,3.7,1.04,,6,maine_gun_152_x2,1.194,1.36,3.7,0.97,,6/45,iowa_gun_406_x2,0.345,0.395,3.7,1.27,,6/50,iowa_gun_406_x2,0.345,0.395,3.7,1.4,,6,iowa_gun_b_127_x2,1.8,2.08,3.7,0.78,,6,atl_gun_125_x2,1.172,1.31,3.7,1.02,,6/40,brooklyn_gun_152_x2,0.862,1,3.7,1.06,,6/47,brooklyn_gun_b_152_x2,0.862,1,3.7,1,,14/47,brooklyn_gun_b_152_x4,2.086,2.23,1.4,0.68,,14/45,ny_gun_356_x4,1.63,1.73,1.4,0.63,,,,,,,,,,,,,,,,,,,,,,,,,,,,,,,,,,,,,,,,,,,,,,,,,,,,,,,,,,
6,maine_gun_254_x3,0.71,0.805,3.7,1.67,,6,maine_gun_254_x3_a,0.71,0.805,3.7,1.32,,6,maine_gun_254_x3_b,0.6,0.68,3.7,1.44,,6,maine_gun_230_x3,0.79,0.98,3.7,1.08,,6/45,ny_gun_356_x3,0.71,0.81,3.7,0.88,,6/50,ny_gun_356_x3,0.71,0.81,3.7,0.98,,6,ny_gun_210_x3,1.154,1.33,3.7,1.04,,6,maine_gun_152_x3,1.194,1.36,3.7,0.97,,6/45,iowa_gun_406_x3,0.345,0.395,3.7,1.27,,6/50,iowa_gun_406_x3,0.345,0.395,3.7,1.4,,6,iowa_gun_b_127_x3,1.8,2.08,3.7,0.78,,6,atl_gun_125_x3,1.172,1.31,3.7,1.02,,6/40,brooklyn_gun_152_x3,0.862,1,3.7,1.06,,6/47,brooklyn_gun_b_152_x3,0.862,1,3.7,1,,15/47,brooklyn_gun_b_152_x4,2.239,2.38,1.5,0.68,,15/45,ny_gun_356_x4,1.745,1.845,1.5,0.63,,,,,,,,,,,,,,,,,,,,,,,,,,,,,,,,,,,,,,,,,,,,,,,,,,,,,,,,,,
7,maine_gun_254_x1,0.82,0.915,3.1,1.67,,7,maine_gun_254_x1_a,0.82,0.915,3.1,1.32,,7,maine_gun_254_x1_b,0.69,0.77,3.1,1.43,,7,maine_gun_230_x1,0.9,0.99,3.1,1.08,,7/45,ny_gun_356_x1,0.825,0.935,3.1,0.86,,7/50,ny_gun_356_x1,0.825,0.935,3.1,0.96,,7,ny_gun_210_x1,1.35,1.526,3.1,1.025,,7,maine_gun_152_x1,1.38,1.55,3.1,0.96,,7/45,iowa_gun_406_x1,0.4,0.45,3.1,1.24,,7/50,iowa_gun_406_x1,0.4,0.45,3.1,1.36,,7,iowa_gun_b_127_x1,2.1,2.38,3.1,0.76,,7,atl_gun_125_x1,1.34,1.48,3.1,1,,7/40,brooklyn_gun_152_x1,1.015,1.15,3.1,1.02,,7/47,brooklyn_gun_b_152_x1,1.015,1.15,3.1,0.96,,16/47,brooklyn_gun_b_152_x4,2.392,2.53,1.565,0.67,,16/45,ny_gun_356_x4,1.86,1.96,1.565,0.62,,,,,,,,,,,,,,,,,,,,,,,,,,,,,,,,,,,,,,,,,,,,,,,,,,,,,,,,,,
7,maine_gun_254_x2,0.82,0.915,3.1,1.67,,7,maine_gun_254_x2_a,0.82,0.915,3.1,1.32,,7,maine_gun_254_x2_b,0.69,0.77,3.1,1.43,,7,maine_gun_230_x2,0.9,0.99,3.1,1.08,,7/45,ny_gun_356_x2,0.825,0.935,3.1,0.86,,7/50,ny_gun_356_x2,0.825,0.935,3.1,0.96,,7,ny_gun_210_x2,1.35,1.526,3.1,1.025,,7,maine_gun_152_x2,1.38,1.55,3.1,0.96,,7/45,iowa_gun_406_x2,0.4,0.45,3.1,1.24,,7/50,iowa_gun_406_x2,0.4,0.45,3.1,1.36,,7,iowa_gun_b_127_x2,2.1,2.38,3.1,0.76,,7,atl_gun_125_x2,1.34,1.48,3.1,1,,7/40,brooklyn_gun_152_x2,1.015,1.15,3.1,1.02,,7/47,brooklyn_gun_b_152_x2,1.015,1.15,3.1,0.96,,17/47,brooklyn_gun_b_152_x4,2.545,2.68,1.51,0.66,,17/45,ny_gun_356_x4,1.975,2.075,1.51,0.62,,,,,,,,,,,,,,,,,,,,,,,,,,,,,,,,,,,,,,,,,,,,,,,,,,,,,,,,,,
7,maine_gun_254_x3,0.82,0.915,3.1,1.67,,7,maine_gun_254_x3_a,0.82,0.915,3.1,1.32,,7,maine_gun_254_x3_b,0.69,0.77,3.1,1.43,,7,maine_gun_230_x3,0.9,0.99,3.1,1.08,,7/45,ny_gun_356_x3,0.825,0.935,3.1,0.86,,7/50,ny_gun_356_x3,0.825,0.935,3.1,0.96,,7,ny_gun_210_x3,1.35,1.526,3.1,1.025,,7,maine_gun_152_x3,1.38,1.55,3.1,0.96,,7/45,iowa_gun_406_x3,0.4,0.45,3.1,1.24,,7/50,iowa_gun_406_x3,0.4,0.45,3.1,1.36,,7,iowa_gun_b_127_x3,2.1,2.38,3.1,0.76,,7,atl_gun_125_x3,1.34,1.48,3.1,1,,7/40,brooklyn_gun_152_x3,1.015,1.15,3.1,1.02,,7/47,brooklyn_gun_b_152_x3,1.015,1.15,3.1,0.96,,18/47,brooklyn_gun_b_152_x4,2.698,2.84,1.51,0.66,,18/45,ny_gun_356_x4,2.09,2.19,1.51,0.62,,,,,,,,,,,,,,,,,,,,,,,,,,,,,,,,,,,,,,,,,,,,,,,,,,,,,,,,,,
8,maine_gun_254_x1,0.93,1.025,2.5,1.63,,8,maine_gun_254_x1_a,0.93,1.025,2.5,1.275,,8,maine_gun_254_x1_b,0.78,0.86,2.5,1.4,,8,maine_gun_230_x1,1.01,1.1,2.5,1.06,,8/45,ny_gun_356_x1,0.95,1.04,2.5,0.84,,8/50,ny_gun_356_x1,0.95,1.04,2.5,0.93,,8,ny_gun_210_x1,1.546,1.722,2.5,0.975,,8,maine_gun_152_x1,1.566,1.74,2.5,0.93,,8/45,iowa_gun_406_x1,0.455,0.505,2.5,1.2,,8/50,iowa_gun_406_x1,0.455,0.505,2.5,1.34,,8,iowa_gun_b_127_x1,2.4,2.68,2.5,0.73,,8,atl_gun_125_x1,1.51,1.64,2.5,1,,8/40,brooklyn_gun_152_x1,1.168,1.31,2.5,0.98,,8/47,brooklyn_gun_b_152_x1,1.168,1.31,2.5,0.94,,19/47,brooklyn_gun_b_152_x4,2.851,2.99,1.415,0.66,,19/45,ny_gun_356_x4,2.205,2.315,1.415,0.62,,,,,,,,,,,,,,,,,,,,,,,,,,,,,,,,,,,,,,,,,,,,,,,,,,,,,,,,,,
8,maine_gun_254_x2,0.93,1.025,2.5,1.63,,8,maine_gun_254_x2_a,0.93,1.025,2.5,1.275,,8,maine_gun_254_x2_b,0.78,0.86,2.5,1.4,,8,maine_gun_230_x2,1.01,1.1,2.5,1.06,,8/45,ny_gun_356_x2,0.95,1.04,2.5,0.84,,8/50,ny_gun_356_x2,0.95,1.04,2.5,0.93,,8,ny_gun_210_x2,1.546,1.722,2.5,0.975,,8,maine_gun_152_x2,1.566,1.74,2.5,0.93,,8/45,iowa_gun_406_x2,0.455,0.505,2.5,1.2,,8/50,iowa_gun_406_x2,0.455,0.505,2.5,1.34,,8,iowa_gun_b_127_x2,2.4,2.68,2.5,0.73,,8,atl_gun_125_x2,1.51,1.64,2.5,1,,8/40,brooklyn_gun_152_x2,1.168,1.31,2.5,0.98,,8/47,brooklyn_gun_b_152_x2,1.168,1.31,2.5,0.94,,20/47,brooklyn_gun_b_152_x4,3.004,3.15,1.25,0.65,,20/45,ny_gun_356_x4,2.32,2.42,1.25,0.62,,,,,,,,,,,,,,,,,,,,,,,,,,,,,,,,,,,,,,,,,,,,,,,,,,,,,,,,,,
8,maine_gun_254_x3,0.93,1.025,2.5,1.63,,8,maine_gun_254_x3_a,0.93,1.025,2.5,1.275,,8,maine_gun_254_x3_b,0.78,0.86,2.5,1.4,,8,maine_gun_230_x3,1.01,1.1,2.5,1.06,,8/45,ny_gun_356_x3,0.95,1.04,2.5,0.84,,8/50,ny_gun_356_x3,0.95,1.04,2.5,0.93,,8,ny_gun_210_x3,1.546,1.722,2.5,0.975,,8,maine_gun_152_x3,1.566,1.74,2.5,0.93,,8/45,iowa_gun_406_x3,0.455,0.505,2.5,1.2,,8/50,iowa_gun_406_x3,0.455,0.505,2.5,1.34,,8,iowa_gun_b_127_x3,2.4,2.68,2.5,0.73,,8,atl_gun_125_x3,1.51,1.64,2.5,1,,8/40,brooklyn_gun_152_x3,1.168,1.31,2.5,0.98,,8/47,brooklyn_gun_b_152_x3,1.168,1.31,2.5,0.94,,,,,,,,,,,,,,,,,,,,,,,,,,,,,,,,,,,,,,,,,,,,,,,,,,,,,,,,,,,,,,,,,,,,,,,,
9,maine_gun_254_x1,1.04,1.135,1.95,1.6,,9,maine_gun_254_x1_a,1.04,1.135,1.95,1.25,,9,maine_gun_254_x1_b,0.87,0.95,1.95,1.375,,9,maine_gun_230_x1,1.12,1.21,1.95,1.04,,9/45,ny_gun_356_x1,1.055,1.155,1.95,0.82,,9/50,ny_gun_356_x1,1.055,1.155,1.95,0.92,,9,ny_gun_210_x1,1.742,1.918,1.95,0.95,,9,maine_gun_152_x1,1.752,1.92,1.95,0.91,,9/45,iowa_gun_406_x1,0.51,0.56,1.95,1.18,,9/50,iowa_gun_406_x1,0.51,0.56,1.95,1.3,,9,iowa_gun_b_127_x1,2.7,2.98,1.95,0.71,,9,atl_gun_125_x1,1.674,1.8,1.95,0.98,,9/40,brooklyn_gun_152_x1,1.321,1.46,1.95,0.94,,9/47,brooklyn_gun_b_152_x1,1.321,1.46,1.95,0.9,,,,,,,,,,,,,,,,,,,,,,,,,,,,,,,,,,,,,,,,,,,,,,,,,,,,,,,,,,,,,,,,,,,,,,,,
9,maine_gun_254_x2,1.04,1.135,1.95,1.6,,9,maine_gun_254_x2_a,1.04,1.135,1.95,1.25,,9,maine_gun_254_x2_b,0.87,0.95,1.95,1.375,,9,maine_gun_230_x2,1.12,1.21,1.95,1.04,,9/45,ny_gun_356_x2,1.055,1.155,1.95,0.82,,9/50,ny_gun_356_x2,1.055,1.155,1.95,0.92,,9,ny_gun_210_x2,1.742,1.918,1.95,0.95,,9,maine_gun_152_x2,1.752,1.92,1.95,0.91,,9/45,iowa_gun_406_x2,0.51,0.56,1.95,1.18,,9/50,iowa_gun_406_x2,0.51,0.56,1.95,1.3,,9,iowa_gun_b_127_x2,2.7,2.98,1.95,0.71,,9,atl_gun_125_x2,1.674,1.8,1.95,0.98,,9/40,brooklyn_gun_152_x2,1.321,1.46,1.95,0.94,,9/47,brooklyn_gun_b_152_x2,1.321,1.46,1.95,0.9,,,,,,,,,,,,,,,,,,,,,,,,,,,,,,,,,,,,,,,,,,,,,,,,,,,,,,,,,,,,,,,,,,,,,,,,
9,maine_gun_254_x3,1.04,1.135,1.95,1.6,,9,maine_gun_254_x3_a,1.04,1.135,1.95,1.25,,9,maine_gun_254_x3_b,0.87,0.95,1.95,1.375,,9,maine_gun_230_x3,1.12,1.21,1.95,1.04,,9/45,ny_gun_356_x3,1.055,1.155,1.95,0.82,,9/50,ny_gun_356_x3,1.055,1.155,1.95,0.92,,9,ny_gun_210_x3,1.742,1.918,1.95,0.95,,9,maine_gun_152_x3,1.752,1.92,1.95,0.91,,9/45,iowa_gun_406_x3,0.51,0.56,1.95,1.18,,9/50,iowa_gun_406_x3,0.51,0.56,1.95,1.3,,9,iowa_gun_b_127_x3,2.7,2.98,1.95,0.71,,9,atl_gun_125_x3,1.674,1.8,1.95,0.98,,9/40,brooklyn_gun_152_x3,1.321,1.46,1.95,0.94,,9/47,brooklyn_gun_b_152_x3,1.321,1.46,1.95,0.9,,2/40,brooklyn_gun_152_x4,0.25,0.39,10,2.32,,2/50,ny_gun_356_x4,0.25,0.35,10,1.8,,,,,,,,,,,,,,,,,,,,,,,,,,,,,,,,,,,,,,,,,,,,,,,,,,,,,,,,,,
10,maine_gun_254_x1,1.15,1.245,1.74,1.55,,10,maine_gun_254_x1_a,1.15,1.245,1.74,1.22,,10,maine_gun_254_x1_b,0.96,1.04,1.74,1.35,,10,maine_gun_230_x1,1.23,1.32,1.74,1.02,,10/45,ny_gun_356_x1,1.17,1.26,1.74,0.8,,10/50,ny_gun_356_x1,1.17,1.26,1.74,0.89,,10,ny_gun_210_x1,1.938,2.114,1.74,0.925,,10,maine_gun_152_x1,1.938,2.11,1.74,0.88,,10/45,iowa_gun_406_x1,0.565,0.615,1.74,1.15,,10/50,iowa_gun_406_x1,0.565,0.615,1.74,1.26,,10,iowa_gun_b_127_x1,3,3.28,1.74,0.7,,10,atl_gun_125_x1,1.841,1.95,1.74,0.96,,10/40,brooklyn_gun_152_x1,1.474,1.61,1.74,0.94,,10/47,brooklyn_gun_b_152_x1,1.474,1.61,1.74,0.88,,3/40,brooklyn_gun_152_x4,0.403,0.54,10,1.83,,3/50,ny_gun_356_x4,0.365,0.465,10,1.57,,,,,,,,,,,,,,,,,,,,,,,,,,,,,,,,,,,,,,,,,,,,,,,,,,,,,,,,,,
10,maine_gun_254_x2,1.15,1.245,1.74,1.55,,10,maine_gun_254_x2_a,1.15,1.245,1.74,1.22,,10,maine_gun_254_x2_b,0.96,1.04,1.74,1.35,,10,maine_gun_230_x2,1.23,1.32,1.74,1.02,,10/45,ny_gun_356_x2,1.17,1.26,1.74,0.8,,10/50,ny_gun_356_x2,1.17,1.26,1.74,0.89,,10,ny_gun_210_x2,1.938,2.114,1.74,0.925,,10,maine_gun_152_x2,1.938,2.11,1.74,0.88,,10/45,iowa_gun_406_x2,0.565,0.615,1.74,1.15,,10/50,iowa_gun_406_x2,0.565,0.615,1.74,1.26,,10,iowa_gun_b_127_x2,3,3.28,1.74,0.7,,10,atl_gun_125_x2,1.841,1.95,1.74,0.96,,10/40,brooklyn_gun_152_x2,1.474,1.61,1.74,0.94,,10/47,brooklyn_gun_b_152_x2,1.474,1.61,1.74,0.88,,4/40,brooklyn_gun_152_x4,0.556,0.7,8.25,1.48,,4/50,ny_gun_356_x4,0.48,0.58,8.25,1.3,,,,,,,,,,,,,,,,,,,,,,,,,,,,,,,,,,,,,,,,,,,,,,,,,,,,,,,,,,
10,maine_gun_254_x3,1.15,1.245,1.74,1.55,,10,maine_gun_254_x3_a,1.15,1.245,1.74,1.22,,10,maine_gun_254_x3_b,0.96,1.04,1.74,1.35,,10,maine_gun_230_x3,1.23,1.32,1.74,1.02,,10/45,ny_gun_356_x3,1.17,1.26,1.74,0.8,,10/50,ny_gun_356_x3,1.17,1.26,1.74,0.89,,10,ny_gun_210_x3,1.938,2.114,1.74,0.925,,10,maine_gun_152_x3,1.938,2.11,1.74,0.88,,10/45,iowa_gun_406_x3,0.565,0.615,1.74,1.15,,10/50,iowa_gun_406_x3,0.565,0.615,1.74,1.26,,10,iowa_gun_b_127_x3,3,3.28,1.74,0.7,,10,atl_gun_125_x3,1.841,1.95,1.74,0.96,,10/40,brooklyn_gun_152_x3,1.474,1.61,1.74,0.94,,10/47,brooklyn_gun_b_152_x3,1.474,1.61,1.74,0.88,,5/40,brooklyn_gun_152_x4,0.709,0.85,5.25,1.12,,5/50,ny_gun_356_x4,0.595,0.695,5.25,1.02,,,,,,,,,,,,,,,,,,,,,,,,,,,,,,,,,,,,,,,,,,,,,,,,,,,,,,,,,,
11,maine_gun_254_x1,1.26,1.355,1.59,1.245,,11,maine_gun_254_x1_a,1.26,1.355,1.59,0.975,,11,maine_gun_254_x1_b,1.05,1.13,1.59,1.09,,11,maine_gun_230_x1,1.34,1.43,1.59,0.84,,11/45,ny_gun_356_x1,1.285,1.27,1.59,0.64,,11/50,ny_gun_356_x1,1.285,1.27,1.59,0.71,,11,ny_gun_210_x1,2.134,2.31,1.59,0.74,,11,maine_gun_152_x1,2.124,2.29,1.59,0.7,,11/45,iowa_gun_406_x1,0.62,0.67,1.59,0.91,,11/50,iowa_gun_406_x1,0.62,0.67,1.59,1.01,,11,iowa_gun_b_127_x1,3.3,3.58,1.59,0.55,,11,atl_gun_125_x1,2.01,2.12,1.59,0.78,,11/40,brooklyn_gun_152_x1,1.627,1.77,1.59,0.73,,11/47,brooklyn_gun_b_152_x1,1.627,1.77,1.59,0.7,,6/40,brooklyn_gun_152_x4,0.862,1,3.7,1.06,,6/50,ny_gun_356_x4,0.71,0.81,3.7,0.98,,,,,,,,,,,,,,,,,,,,,,,,,,,,,,,,,,,,,,,,,,,,,,,,,,,,,,,,,,
11,maine_gun_254_x2,1.26,1.355,1.59,1.245,,11,maine_gun_254_x2_a,1.26,1.355,1.59,0.975,,11,maine_gun_254_x2_b,1.05,1.13,1.59,1.09,,11,maine_gun_230_x2,1.34,1.43,1.59,0.84,,11/45,ny_gun_356_x2,1.285,1.27,1.59,0.64,,11/50,ny_gun_356_x2,1.285,1.27,1.59,0.71,,11,ny_gun_210_x2,2.134,2.31,1.59,0.74,,11,maine_gun_152_x2,2.124,2.29,1.59,0.7,,11/45,iowa_gun_406_x2,0.62,0.67,1.59,0.91,,11/50,iowa_gun_406_x2,0.62,0.67,1.59,1.01,,11,iowa_gun_b_127_x2,3.3,3.58,1.59,0.55,,11,atl_gun_125_x2,2.01,2.12,1.59,0.78,,11/40,brooklyn_gun_152_x2,1.627,1.77,1.59,0.73,,11/47,brooklyn_gun_b_152_x2,1.627,1.77,1.59,0.7,,7/40,brooklyn_gun_152_x4,1.015,1.15,3.1,1.02,,7/50,ny_gun_356_x4,0.825,0.935,3.1,0.96,,,,,,,,,,,,,,,,,,,,,,,,,,,,,,,,,,,,,,,,,,,,,,,,,,,,,,,,,,
11,maine_gun_254_x3,1.26,1.355,1.59,1.245,,11,maine_gun_254_x3_a,1.26,1.355,1.59,0.975,,11,maine_gun_254_x3_b,1.05,1.13,1.59,1.09,,11,maine_gun_230_x3,1.34,1.43,1.59,0.84,,11/45,ny_gun_356_x3,1.285,1.27,1.59,0.64,,11/50,ny_gun_356_x3,1.285,1.27,1.59,0.71,,11,ny_gun_210_x3,2.134,2.31,1.59,0.74,,11,maine_gun_152_x3,2.124,2.29,1.59,0.7,,11/45,iowa_gun_406_x3,0.62,0.67,1.59,0.91,,11/50,iowa_gun_406_x3,0.62,0.67,1.59,1.01,,11,iowa_gun_b_127_x3,3.3,3.58,1.59,0.55,,11,atl_gun_125_x3,2.01,2.12,1.59,0.78,,11/40,brooklyn_gun_152_x3,1.627,1.77,1.59,0.73,,11/47,brooklyn_gun_b_152_x3,1.627,1.77,1.59,0.7,,8/40,brooklyn_gun_152_x4,1.168,1.31,2.5,0.98,,8/50,ny_gun_356_x4,0.95,1.04,2.5,0.93,,,,,,,,,,,,,,,,,,,,,,,,,,,,,,,,,,,,,,,,,,,,,,,,,,,,,,,,,,
12,maine_gun_254_x1,1.37,1.465,1.49,1.245,,12,maine_gun_254_x1_a,1.37,1.465,1.49,0.975,,12,maine_gun_254_x1_b,1.14,1.22,1.49,1.1,,12,maine_gun_230_x1,1.45,1.54,1.49,0.84,,12/45,ny_gun_356_x1,1.4,1.5,1.49,0.63,,12/50,ny_gun_356_x1,1.4,1.5,1.49,0.7,,12,ny_gun_210_x1,2.33,2.506,1.49,0.74,,12,maine_gun_152_x1,2.31,2.48,1.49,0.7,,12/45,iowa_gun_406_x1,0.675,0.725,1.49,0.91,,12/50,iowa_gun_406_x1,0.675,0.725,1.49,1.01,,12,iowa_gun_b_127_x1,3.6,3.88,1.49,0.55,,12,atl_gun_125_x1,2.176,2.31,1.49,0.78,,12/40,brooklyn_gun_152_x1,1.78,1.92,1.49,0.73,,12/47,brooklyn_gun_b_152_x1,1.78,1.92,1.49,0.69,,9/40,brooklyn_gun_152_x4,1.321,1.46,1.95,0.94,,9/50,ny_gun_356_x4,1.055,1.155,1.95,0.92,,,,,,,,,,,,,,,,,,,,,,,,,,,,,,,,,,,,,,,,,,,,,,,,,,,,,,,,,,
12,maine_gun_254_x2,1.37,1.465,1.49,1.245,,12,maine_gun_254_x2_a,1.37,1.465,1.49,0.975,,12,maine_gun_254_x2_b,1.14,1.22,1.49,1.1,,12,maine_gun_230_x2,1.45,1.54,1.49,0.84,,12/45,ny_gun_356_x2,1.4,1.5,1.49,0.63,,12/50,ny_gun_356_x2,1.4,1.5,1.49,0.7,,12,ny_gun_210_x2,2.33,2.506,1.49,0.74,,12,maine_gun_152_x2,2.31,2.48,1.49,0.7,,12/45,iowa_gun_406_x2,0.675,0.725,1.49,0.91,,12/50,iowa_gun_406_x2,0.675,0.725,1.49,1.01,,12,iowa_gun_b_127_x2,3.6,3.88,1.49,0.55,,12,atl_gun_125_x2,2.176,2.31,1.49,0.78,,12/40,brooklyn_gun_152_x2,1.78,1.92,1.49,0.73,,12/47,brooklyn_gun_b_152_x2,1.78,1.92,1.49,0.69,,10/40,brooklyn_gun_152_x4,1.474,1.61,1.74,0.94,,10/50,ny_gun_356_x4,1.17,1.26,1.74,0.89,,,,,,,,,,,,,,,,,,,,,,,,,,,,,,,,,,,,,,,,,,,,,,,,,,,,,,,,,,
12,maine_gun_254_x3,1.37,1.465,1.49,1.245,,12,maine_gun_254_x3_a,1.37,1.465,1.49,0.975,,12,maine_gun_254_x3_b,1.14,1.22,1.49,1.1,,12,maine_gun_230_x3,1.45,1.54,1.49,0.84,,12/45,ny_gun_356_x3,1.4,1.5,1.49,0.63,,12/50,ny_gun_356_x3,1.4,1.5,1.49,0.7,,12,ny_gun_210_x3,2.33,2.506,1.49,0.74,,12,maine_gun_152_x3,2.31,2.48,1.49,0.7,,12/45,iowa_gun_406_x3,0.675,0.725,1.49,0.91,,12/50,iowa_gun_406_x3,0.675,0.725,1.49,1.01,,12,iowa_gun_b_127_x3,3.6,3.88,1.49,0.55,,12,atl_gun_125_x3,2.176,2.31,1.49,0.78,,12/40,brooklyn_gun_152_x3,1.78,1.92,1.49,0.73,,12/47,brooklyn_gun_b_152_x3,1.78,1.92,1.49,0.69,,11/40,brooklyn_gun_152_x4,1.627,1.77,1.59,0.73,,11/50,ny_gun_356_x4,1.285,1.27,1.59,0.71,,,,,,,,,,,,,,,,,,,,,,,,,,,,,,,,,,,,,,,,,,,,,,,,,,,,,,,,,,
13,maine_gun_254_x1,1.48,1.575,1.44,1.24,,13,maine_gun_254_x1_a,1.48,1.575,1.44,0.97,,13,maine_gun_254_x1_b,1.23,1.31,1.44,1.09,,13,maine_gun_230_x1,1.56,1.65,1.44,0.84,,13/45,ny_gun_356_x1,1.515,1.615,1.44,0.63,,13/50,ny_gun_356_x1,1.515,1.615,1.44,0.7,,13,ny_gun_210_x1,2.526,2.702,1.44,0.73,,13,maine_gun_152_x1,2.496,2.6,1.44,0.7,,13/45,iowa_gun_406_x1,0.73,0.78,1.44,0.91,,13/50,iowa_gun_406_x1,0.73,0.78,1.44,1.01,,13,iowa_gun_b_127_x1,3.9,4.18,1.44,0.55,,13,atl_gun_125_x1,2.344,2.46,1.44,0.78,,13/40,brooklyn_gun_152_x1,1.933,2.07,1.44,0.72,,13/47,brooklyn_gun_b_152_x1,1.933,2.07,1.44,0.68,,12/40,brooklyn_gun_152_x4,1.78,1.92,1.49,0.73,,12/50,ny_gun_356_x4,1.4,1.5,1.49,0.7,,,,,,,,,,,,,,,,,,,,,,,,,,,,,,,,,,,,,,,,,,,,,,,,,,,,,,,,,,
13,maine_gun_254_x2,1.48,1.575,1.44,1.24,,13,maine_gun_254_x2_a,1.48,1.575,1.44,0.97,,13,maine_gun_254_x2_b,1.23,1.31,1.44,1.09,,13,maine_gun_230_x2,1.56,1.65,1.44,0.84,,13/45,ny_gun_356_x2,1.515,1.615,1.44,0.63,,13/50,ny_gun_356_x2,1.515,1.615,1.44,0.7,,13,ny_gun_210_x2,2.526,2.702,1.44,0.73,,13,maine_gun_152_x2,2.496,2.6,1.44,0.7,,13/45,iowa_gun_406_x2,0.73,0.78,1.44,0.91,,13/50,iowa_gun_406_x2,0.73,0.78,1.44,1.01,,13,iowa_gun_b_127_x2,3.9,4.18,1.44,0.55,,13,atl_gun_125_x2,2.344,2.46,1.44,0.78,,13/40,brooklyn_gun_152_x2,1.933,2.07,1.44,0.72,,13/47,brooklyn_gun_b_152_x2,1.933,2.07,1.44,0.68,,13/40,brooklyn_gun_152_x4,1.933,2.07,1.44,0.72,,13/50,ny_gun_356_x4,1.515,1.615,1.44,0.7,,,,,,,,,,,,,,,,,,,,,,,,,,,,,,,,,,,,,,,,,,,,,,,,,,,,,,,,,,
13,maine_gun_254_x3,1.48,1.575,1.44,1.24,,13,maine_gun_254_x3_a,1.48,1.575,1.44,0.97,,13,maine_gun_254_x3_b,1.23,1.31,1.44,1.09,,13,maine_gun_230_x3,1.56,1.65,1.44,0.84,,13/45,ny_gun_356_x3,1.515,1.615,1.44,0.63,,13/50,ny_gun_356_x3,1.515,1.615,1.44,0.7,,13,ny_gun_210_x3,2.526,2.702,1.44,0.73,,13,maine_gun_152_x3,2.496,2.6,1.44,0.7,,13/45,iowa_gun_406_x3,0.73,0.78,1.44,0.91,,13/50,iowa_gun_406_x3,0.73,0.78,1.44,1.01,,13,iowa_gun_b_127_x3,3.9,4.18,1.44,0.55,,13,atl_gun_125_x3,2.344,2.46,1.44,0.78,,13/40,brooklyn_gun_152_x3,1.933,2.07,1.44,0.72,,13/47,brooklyn_gun_b_152_x3,1.933,2.07,1.44,0.68,,14/40,brooklyn_gun_152_x4,2.086,2.23,1.4,0.72,,14/50,ny_gun_356_x4,1.63,1.73,1.4,0.7,,,,,,,,,,,,,,,,,,,,,,,,,,,,,,,,,,,,,,,,,,,,,,,,,,,,,,,,,,
14,maine_gun_254_x1,1.59,1.685,1.4,1.24,,14,maine_gun_254_x1_a,1.59,1.685,1.4,0.97,,14,maine_gun_254_x1_b,1.32,1.4,1.4,1.09,,14,maine_gun_230_x1,1.67,1.76,1.4,0.84,,14/45,ny_gun_356_x1,1.63,1.73,1.4,0.63,,14/50,ny_gun_356_x1,1.63,1.73,1.4,0.7,,14,ny_gun_210_x1,2.722,2.898,1.4,0.72,,14,maine_gun_152_x1,2.612,2.85,1.4,0.72,,14/45,iowa_gun_406_x1,0.785,0.835,1.4,0.9,,14/50,iowa_gun_406_x1,0.785,0.835,1.4,,,14,iowa_gun_b_127_x1,4.2,4.48,1.4,0.54,,14,atl_gun_125_x1,2.511,2.62,1.4,0.78,,14/40,brooklyn_gun_152_x1,2.086,2.23,1.4,0.72,,14/47,brooklyn_gun_b_152_x1,2.086,2.23,1.4,0.68,,15/40,brooklyn_gun_152_x4,2.239,2.38,1.5,0.72,,15/50,ny_gun_356_x4,1.745,1.845,1.5,0.7,,,,,,,,,,,,,,,,,,,,,,,,,,,,,,,,,,,,,,,,,,,,,,,,,,,,,,,,,,
14,maine_gun_254_x2,1.59,1.685,1.4,1.24,,14,maine_gun_254_x2_a,1.59,1.685,1.4,0.97,,14,maine_gun_254_x2_b,1.32,1.4,1.4,1.09,,14,maine_gun_230_x2,1.67,1.76,1.4,0.84,,14/45,ny_gun_356_x2,1.63,1.73,1.4,0.63,,14/50,ny_gun_356_x2,1.63,1.73,1.4,0.7,,14,ny_gun_210_x2,2.722,2.898,1.4,0.72,,14,maine_gun_152_x2,2.612,2.85,1.4,0.72,,14/45,iowa_gun_406_x2,0.785,0.835,1.4,0.9,,14/50,iowa_gun_406_x2,0.785,0.835,1.4,,,14,iowa_gun_b_127_x2,4.2,4.48,1.4,0.54,,14,atl_gun_125_x2,2.511,2.62,1.4,0.78,,14/40,brooklyn_gun_152_x2,2.086,2.23,1.4,0.72,,14/47,brooklyn_gun_b_152_x2,2.086,2.23,1.4,0.68,,16/40,brooklyn_gun_152_x4,2.392,2.53,1.565,0.71,,16/50,ny_gun_356_x4,1.86,1.96,1.565,0.69,,,,,,,,,,,,,,,,,,,,,,,,,,,,,,,,,,,,,,,,,,,,,,,,,,,,,,,,,,
14,maine_gun_254_x3,1.59,1.685,1.4,1.24,,14,maine_gun_254_x3_a,1.59,1.685,1.4,0.97,,14,maine_gun_254_x3_b,1.32,1.4,1.4,1.09,,14,maine_gun_230_x3,1.67,1.76,1.4,0.84,,14/45,ny_gun_356_x3,1.63,1.73,1.4,0.63,,14/50,ny_gun_356_x3,1.63,1.73,1.4,0.7,,14,ny_gun_210_x3,2.722,2.898,1.4,0.72,,14,maine_gun_152_x3,2.612,2.85,1.4,0.72,,14/45,iowa_gun_406_x3,0.785,0.835,1.4,0.9,,14/50,iowa_gun_406_x3,0.785,0.835,1.4,,,14,iowa_gun_b_127_x3,4.2,4.48,1.4,0.54,,14,atl_gun_125_x3,2.511,2.62,1.4,0.78,,14/40,brooklyn_gun_152_x3,2.086,2.23,1.4,0.72,,14/47,brooklyn_gun_b_152_x3,2.086,2.23,1.4,0.68,,17/40,brooklyn_gun_152_x4,2.545,2.68,1.51,0.71,,17/50,ny_gun_356_x4,1.975,2.075,1.51,0.69,,,,,,,,,,,,,,,,,,,,,,,,,,,,,,,,,,,,,,,,,,,,,,,,,,,,,,,,,,
15,maine_gun_254_x1,1.7,1.795,1.5,1.235,,15,maine_gun_254_x1_a,1.7,1.795,1.5,0.97,,15,maine_gun_254_x1_b,1.41,1.49,1.5,1.08,,15,maine_gun_230_x1,1.78,1.87,1.5,0.84,,15/45,ny_gun_356_x1,1.745,1.845,1.5,0.63,,15/50,ny_gun_356_x1,1.745,1.845,1.5,0.7,,15,ny_gun_210_x1,2.918,3.094,1.5,0.72,,15,maine_gun_152_x1,2.868,3.04,1.5,0.7,,15/45,iowa_gun_406_x1,0.84,0.89,1.5,0.9,,15/50,iowa_gun_406_x1,0.84,0.89,1.5,,,15,iowa_gun_b_127_x1,4.5,4.78,1.5,0.54,,15,atl_gun_125_x1,2.68,2.79,1.5,0.78,,15/40,brooklyn_gun_152_x1,2.239,2.38,1.5,0.72,,15/47,brooklyn_gun_b_152_x1,2.239,2.38,1.5,0.68,,18/40,brooklyn_gun_152_x4,2.698,2.84,1.51,0.7,,18/50,ny_gun_356_x4,2.09,2.19,1.51,0.69,,,,,,,,,,,,,,,,,,,,,,,,,,,,,,,,,,,,,,,,,,,,,,,,,,,,,,,,,,
15,maine_gun_254_x2,1.7,1.795,1.5,1.235,,15,maine_gun_254_x2_a,1.7,1.795,1.5,0.97,,15,maine_gun_254_x2_b,1.41,1.49,1.5,1.08,,15,maine_gun_230_x2,1.78,1.87,1.5,0.84,,15/45,ny_gun_356_x2,1.745,1.845,1.5,0.63,,15/50,ny_gun_356_x2,1.745,1.845,1.5,0.7,,15,ny_gun_210_x2,2.918,3.094,1.5,0.72,,15,maine_gun_152_x2,2.868,3.04,1.5,0.7,,15/45,iowa_gun_406_x2,0.84,0.89,1.5,0.9,,15/50,iowa_gun_406_x2,0.84,0.89,1.5,,,15,iowa_gun_b_127_x2,4.5,4.78,1.5,0.54,,15,atl_gun_125_x2,2.68,2.79,1.5,0.78,,15/40,brooklyn_gun_152_x2,2.239,2.38,1.5,0.72,,15/47,brooklyn_gun_b_152_x2,2.239,2.38,1.5,0.68,,19/40,brooklyn_gun_152_x4,2.851,2.99,1.415,0.7,,19/50,ny_gun_356_x4,2.205,2.315,1.415,0.69,,,,,,,,,,,,,,,,,,,,,,,,,,,,,,,,,,,,,,,,,,,,,,,,,,,,,,,,,,
15,maine_gun_254_x3,1.7,1.795,1.5,1.235,,15,maine_gun_254_x3_a,1.7,1.795,1.5,0.97,,15,maine_gun_254_x3_b,1.41,1.49,1.5,1.08,,15,maine_gun_230_x3,1.78,1.87,1.5,0.84,,15/45,ny_gun_356_x3,1.745,1.845,1.5,0.63,,15/50,ny_gun_356_x3,1.745,1.845,1.5,0.7,,15,ny_gun_210_x3,2.918,3.094,1.5,0.72,,15,maine_gun_152_x3,2.868,3.04,1.5,0.7,,15/45,iowa_gun_406_x3,0.84,0.89,1.5,0.9,,15/50,iowa_gun_406_x3,0.84,0.89,1.5,,,15,iowa_gun_b_127_x3,4.5,4.78,1.5,0.54,,15,atl_gun_125_x3,2.68,2.79,1.5,0.78,,15/40,brooklyn_gun_152_x3,2.239,2.38,1.5,0.72,,15/47,brooklyn_gun_b_152_x3,2.239,2.38,1.5,0.68,,20/40,brooklyn_gun_152_x4,3.004,3.15,1.25,0.69,,20/50,ny_gun_356_x4,2.32,2.42,1.25,0.69,,,,,,,,,,,,,,,,,,,,,,,,,,,,,,,,,,,,,,,,,,,,,,,,,,,,,,,,,,
16,maine_gun_254_x1,1.81,1.905,1.565,1.225,,16,maine_gun_254_x1_a,1.81,1.905,1.565,0.97,,16,maine_gun_254_x1_b,1.5,1.58,1.565,1.07,,16,maine_gun_230_x1,1.89,1.98,1.565,0.84,,16/45,ny_gun_356_x1,1.86,1.96,1.565,0.62,,16/50,ny_gun_356_x1,1.86,1.96,1.565,0.69,,16,ny_gun_210_x1,3.114,3.29,1.565,0.72,,16,maine_gun_152_x1,3.054,3.235,1.565,0.7,,16/45,iowa_gun_406_x1,0.895,0.945,1.565,0.9,,16/50,iowa_gun_406_x1,0.895,0.945,1.565,,,16,iowa_gun_b_127_x1,4.8,5.08,1.565,0.54,,16,atl_gun_125_x1,2.846,2.95,1.565,0.78,,16/40,brooklyn_gun_152_x1,2.392,2.53,1.565,0.71,,16/47,brooklyn_gun_b_152_x1,2.392,2.53,1.565,0.67,,,,,,,,,,,,,,,,,,,,,,,,,,,,,,,,,,,,,,,,,,,,,,,,,,,,,,,,,,,,,,,,,,,,,,,,
16,maine_gun_254_x2,1.81,1.905,1.565,1.225,,16,maine_gun_254_x2_a,1.81,1.905,1.565,0.97,,16,maine_gun_254_x2_b,1.5,1.58,1.565,1.07,,16,maine_gun_230_x2,1.89,1.98,1.565,0.84,,16/45,ny_gun_356_x2,1.86,1.96,1.565,0.62,,16/50,ny_gun_356_x2,1.86,1.96,1.565,0.69,,16,ny_gun_210_x2,3.114,3.29,1.565,0.72,,16,maine_gun_152_x2,3.054,3.235,1.565,0.7,,16/45,iowa_gun_406_x2,0.895,0.945,1.565,0.9,,16/50,iowa_gun_406_x2,0.895,0.945,1.565,,,16,iowa_gun_b_127_x2,4.8,5.08,1.565,0.54,,16,atl_gun_125_x2,2.846,2.95,1.565,0.78,,16/40,brooklyn_gun_152_x2,2.392,2.53,1.565,0.71,,16/47,brooklyn_gun_b_152_x2,2.392,2.53,1.565,0.67,,,,,,,,,,,,,,,,,,,,,,,,,,,,,,,,,,,,,,,,,,,,,,,,,,,,,,,,,,,,,,,,,,,,,,,,
16,maine_gun_254_x3,1.81,1.905,1.565,1.225,,16,maine_gun_254_x3_a,1.81,1.905,1.565,0.97,,16,maine_gun_254_x3_b,1.5,1.58,1.565,1.07,,16,maine_gun_230_x3,1.89,1.98,1.565,0.84,,16/45,ny_gun_356_x3,1.86,1.96,1.565,0.62,,16/50,ny_gun_356_x3,1.86,1.96,1.565,0.69,,16,ny_gun_210_x3,3.114,3.29,1.565,0.72,,16,maine_gun_152_x3,3.054,3.235,1.565,0.7,,16/45,iowa_gun_406_x3,0.895,0.945,1.565,0.9,,16/50,iowa_gun_406_x3,0.895,0.945,1.565,,,16,iowa_gun_b_127_x3,4.8,5.08,1.565,0.54,,16,atl_gun_125_x3,2.846,2.95,1.565,0.78,,16/40,brooklyn_gun_152_x3,2.392,2.53,1.565,0.71,,16/47,brooklyn_gun_b_152_x3,2.392,2.53,1.565,0.67,,,,,,,,,,,,,,,,,,,,,,,,,,,,,,,,,,,,,,,,,,,,,,,,,,,,,,,,,,,,,,,,,,,,,,,,
17,maine_gun_254_x1,1.92,2.015,1.51,1.23,,17,maine_gun_254_x1_a,1.92,2.015,1.51,0.96,,17,maine_gun_254_x1_b,1.59,1.67,1.51,1.07,,17,maine_gun_230_x1,2,2.09,1.51,0.84,,17/45,ny_gun_356_x1,1.975,2.075,1.51,0.62,,17/50,ny_gun_356_x1,1.975,2.075,1.51,0.69,,17,ny_gun_210_x1,3.31,3.486,1.51,0.72,,17,maine_gun_152_x1,3.24,3.41,1.51,0.7,,17/45,iowa_gun_406_x1,0.95,1,1.51,0.9,,17/50,iowa_gun_406_x1,0.95,1,1.51,,,17,iowa_gun_b_127_x1,5.1,5.38,1.51,0.54,,17,atl_gun_125_x1,3.013,3.12,1.51,0.78,,17/40,brooklyn_gun_152_x1,2.545,2.68,1.51,0.71,,17/47,brooklyn_gun_b_152_x1,2.545,2.68,1.51,0.66,,,,,,,,,,,,,,,,,,,,,,,,,,,,,,,,,,,,,,,,,,,,,,,,,,,,,,,,,,,,,,,,,,,,,,,,
17,maine_gun_254_x2,1.92,2.015,1.51,1.23,,17,maine_gun_254_x2_a,1.92,2.015,1.51,0.96,,17,maine_gun_254_x2_b,1.59,1.67,1.51,1.07,,17,maine_gun_230_x2,2,2.09,1.51,0.84,,17/45,ny_gun_356_x2,1.975,2.075,1.51,0.62,,17/50,ny_gun_356_x2,1.975,2.075,1.51,0.69,,17,ny_gun_210_x2,3.31,3.486,1.51,0.72,,17,maine_gun_152_x2,3.24,3.41,1.51,0.7,,17/45,iowa_gun_406_x2,0.95,1,1.51,0.9,,17/50,iowa_gun_406_x2,0.95,1,1.51,,,17,iowa_gun_b_127_x2,5.1,5.38,1.51,0.54,,17,atl_gun_125_x2,3.013,3.12,1.51,0.78,,17/40,brooklyn_gun_152_x2,2.545,2.68,1.51,0.71,,17/47,brooklyn_gun_b_152_x2,2.545,2.68,1.51,0.66,,,,,,,,,,,,,,,,,,,,,,,,,,,,,,,,,,,,,,,,,,,,,,,,,,,,,,,,,,,,,,,,,,,,,,,,
17,maine_gun_254_x3,1.92,2.015,1.51,1.23,,17,maine_gun_254_x3_a,1.92,2.015,1.51,0.96,,17,maine_gun_254_x3_b,1.59,1.67,1.51,1.07,,17,maine_gun_230_x3,2,2.09,1.51,0.84,,17/45,ny_gun_356_x3,1.975,2.075,1.51,0.62,,17/50,ny_gun_356_x3,1.975,2.075,1.51,0.69,,17,ny_gun_210_x3,3.31,3.486,1.51,0.72,,17,maine_gun_152_x3,3.24,3.41,1.51,0.7,,17/45,iowa_gun_406_x3,0.95,1,1.51,0.9,,17/50,iowa_gun_406_x3,0.95,1,1.51,,,17,iowa_gun_b_127_x3,5.1,5.38,1.51,0.54,,17,atl_gun_125_x3,3.013,3.12,1.51,0.78,,17/40,brooklyn_gun_152_x3,2.545,2.68,1.51,0.71,,17/47,brooklyn_gun_b_152_x3,2.545,2.68,1.51,0.66,,,,,,,,,,,,,,,,,,,,,,,,,,,,,,,,,,,,,,,,,,,,,,,,,,,,,,,,,,,,,,,,,,,,,,,,
18,maine_gun_254_x1,2.03,2.125,1.51,1.225,,18,maine_gun_254_x1_a,2.03,2.125,1.51,0.96,,18,maine_gun_254_x1_b,1.68,1.76,1.51,1.07,,18,maine_gun_230_x1,2.11,2.2,1.51,0.84,,18/45,ny_gun_356_x1,2.09,2.19,1.51,0.62,,18/50,ny_gun_356_x1,2.09,2.19,1.51,0.69,,18,ny_gun_210_x1,3.506,3.682,1.51,0.72,,18,maine_gun_152_x1,3.426,3.6,1.51,0.7,,18/45,iowa_gun_406_x1,1.005,1.055,1.51,0.9,,18/50,iowa_gun_406_x1,1.005,1.055,1.51,,,18,iowa_gun_b_127_x1,5.4,5.68,1.51,0.54,,18,atl_gun_125_x1,3.18,3.3,1.51,0.78,,18/40,brooklyn_gun_152_x1,2.698,2.84,1.51,0.7,,18/47,brooklyn_gun_b_152_x1,2.698,2.84,1.51,0.66,,,,,,,,,,,,,,,,,,,,,,,,,,,,,,,,,,,,,,,,,,,,,,,,,,,,,,,,,,,,,,,,,,,,,,,,
18,maine_gun_254_x2,2.03,2.125,1.51,1.225,,18,maine_gun_254_x2_a,2.03,2.125,1.51,0.96,,18,maine_gun_254_x2_b,1.68,1.76,1.51,1.07,,18,maine_gun_230_x2,2.11,2.2,1.51,0.84,,18/45,ny_gun_356_x2,2.09,2.19,1.51,0.62,,18/50,ny_gun_356_x2,2.09,2.19,1.51,0.69,,18,ny_gun_210_x2,3.506,3.682,1.51,0.72,,18,maine_gun_152_x2,3.426,3.6,1.51,0.7,,18/45,iowa_gun_406_x2,1.005,1.055,1.51,0.9,,18/50,iowa_gun_406_x2,1.005,1.055,1.51,,,18,iowa_gun_b_127_x2,5.4,5.68,1.51,0.54,,18,atl_gun_125_x2,3.18,3.3,1.51,0.78,,18/40,brooklyn_gun_152_x2,2.698,2.84,1.51,0.7,,18/47,brooklyn_gun_b_152_x2,2.698,2.84,1.51,0.66,,,,,,,,,,,,,,,,,,,,,,,,,,,,,,,,,,,,,,,,,,,,,,,,,,,,,,,,,,,,,,,,,,,,,,,,
18,maine_gun_254_x3,2.03,2.125,1.51,1.225,,18,maine_gun_254_x3_a,2.03,2.125,1.51,0.96,,18,maine_gun_254_x3_b,1.68,1.76,1.51,1.07,,18,maine_gun_230_x3,2.11,2.2,1.51,0.84,,18/45,ny_gun_356_x3,2.09,2.19,1.51,0.62,,18/50,ny_gun_356_x3,2.09,2.19,1.51,0.69,,18,ny_gun_210_x3,3.506,3.682,1.51,0.72,,18,maine_gun_152_x3,3.426,3.6,1.51,0.7,,18/45,iowa_gun_406_x3,1.005,1.055,1.51,0.9,,18/50,iowa_gun_406_x3,1.005,1.055,1.51,,,18,iowa_gun_b_127_x3,5.4,5.68,1.51,0.54,,18,atl_gun_125_x3,3.18,3.3,1.51,0.78,,18/40,brooklyn_gun_152_x3,2.698,2.84,1.51,0.7,,18/47,brooklyn_gun_b_152_x3,2.698,2.84,1.51,0.66,,,,,,,,,,,,,,,,,,,,,,,,,,,,,,,,,,,,,,,,,,,,,,,,,,,,,,,,,,,,,,,,,,,,,,,,
19,maine_gun_254_x1,2.14,2.235,1.415,1.2,,19,maine_gun_254_x1_a,2.14,2.235,1.415,0.96,,19,maine_gun_254_x1_b,1.77,1.85,1.415,1.07,,19,maine_gun_230_x1,2.22,2.31,1.415,0.84,,19/45,ny_gun_356_x1,2.205,2.315,1.415,0.62,,19/50,ny_gun_356_x1,2.205,2.315,1.415,0.69,,19,ny_gun_210_x1,3.7,3.878,1.415,0.71,,19,maine_gun_152_x1,3.612,3.78,1.415,0.7,,19/45,iowa_gun_406_x1,1.06,1.11,1.415,0.9,,19/50,iowa_gun_406_x1,1.06,1.11,1.415,0.98,,19,iowa_gun_b_127_x1,5.7,5.98,1.415,0.53,,19,atl_gun_125_x1,3.348,3.45,1.415,0.78,,19/40,brooklyn_gun_152_x1,2.851,2.99,1.415,0.7,,19/47,brooklyn_gun_b_152_x1,2.851,2.99,1.415,0.66,,,,,,,,,,,,,,,,,,,,,,,,,,,,,,,,,,,,,,,,,,,,,,,,,,,,,,,,,,,,,,,,,,,,,,,,
19,maine_gun_254_x2,2.14,2.235,1.415,1.2,,19,maine_gun_254_x2_a,2.14,2.235,1.415,0.96,,19,maine_gun_254_x2_b,1.77,1.85,1.415,1.07,,19,maine_gun_230_x2,2.22,2.31,1.415,0.84,,19/45,ny_gun_356_x2,2.205,2.315,1.415,0.62,,19/50,ny_gun_356_x2,2.205,2.315,1.415,0.69,,19,ny_gun_210_x2,3.7,3.878,1.415,0.71,,19,maine_gun_152_x2,3.612,3.78,1.415,0.7,,19/45,iowa_gun_406_x2,1.06,1.11,1.415,0.9,,19/50,iowa_gun_406_x2,1.06,1.11,1.415,0.98,,19,iowa_gun_b_127_x2,5.7,5.98,1.415,0.53,,19,atl_gun_125_x2,3.348,3.45,1.415,0.78,,19/40,brooklyn_gun_152_x2,2.851,2.99,1.415,0.7,,19/47,brooklyn_gun_b_152_x2,2.851,2.99,1.415,0.66,,,,,,,,,,,,,,,,,,,,,,,,,,,,,,,,,,,,,,,,,,,,,,,,,,,,,,,,,,,,,,,,,,,,,,,,
19,maine_gun_254_x3,2.14,2.235,1.415,1.2,,19,maine_gun_254_x3_a,2.14,2.235,1.415,0.96,,19,maine_gun_254_x3_b,1.77,1.85,1.415,1.07,,19,maine_gun_230_x3,2.22,2.31,1.415,0.84,,19/45,ny_gun_356_x3,2.205,2.315,1.415,0.62,,19/50,ny_gun_356_x3,2.205,2.315,1.415,0.69,,19,ny_gun_210_x3,3.7,3.878,1.415,0.71,,19,maine_gun_152_x3,3.612,3.78,1.415,0.7,,19/45,iowa_gun_406_x3,1.06,1.11,1.415,0.9,,19/50,iowa_gun_406_x3,1.06,1.11,1.415,0.98,,19,iowa_gun_b_127_x3,5.7,5.98,1.415,0.53,,19,atl_gun_125_x3,3.348,3.45,1.415,0.78,,19/40,brooklyn_gun_152_x3,2.851,2.99,1.415,0.7,,19/47,brooklyn_gun_b_152_x3,2.851,2.99,1.415,0.66,,,,,,,,,,,,,,,,,,,,,,,,,,,,,,,,,,,,,,,,,,,,,,,,,,,,,,,,,,,,,,,,,,,,,,,,
20,maine_gun_254_x1,2.25,2.345,1.25,1.2,,20,maine_gun_254_x1_a,2.25,2.345,1.25,0.95,,20,maine_gun_254_x1_b,1.86,1.94,1.25,1.06,,20,maine_gun_230_x1,2.33,2.42,1.25,0.84,,20/45,ny_gun_356_x1,2.32,2.42,1.25,0.62,,20/50,ny_gun_356_x1,2.32,2.42,1.25,0.69,,20,ny_gun_210_x1,3.9,4.074,1.25,0.7,,20,maine_gun_152_x1,3.798,3.96,1.25,0.68,,20/45,iowa_gun_406_x1,1.115,1.165,1.25,0.86,,20/50,iowa_gun_406_x1,1.115,1.165,1.25,0.98,,20,iowa_gun_b_127_x1,6,6.28,1.25,0.53,,20,atl_gun_125_x1,3.515,3.6,1.25,0.78,,20/40,brooklyn_gun_152_x1,3.004,3.15,1.25,0.69,,20/47,brooklyn_gun_b_152_x1,3.004,3.15,1.25,0.65,,,,,,,,,,,,,,,,,,,,,,,,,,,,,,,,,,,,,,,,,,,,,,,,,,,,,,,,,,,,,,,,,,,,,,,,
20,maine_gun_254_x2,2.25,2.345,1.25,1.2,,20,maine_gun_254_x2_a,2.25,2.345,1.25,0.95,,20,maine_gun_254_x2_b,1.86,1.94,1.25,1.06,,20,maine_gun_230_x2,2.33,2.42,1.25,0.84,,20/45,ny_gun_356_x2,2.32,2.42,1.25,0.62,,20/50,ny_gun_356_x2,2.32,2.42,1.25,0.69,,20,ny_gun_210_x2,3.9,4.074,1.25,0.7,,20,maine_gun_152_x2,3.798,3.96,1.25,0.68,,20/45,iowa_gun_406_x2,1.115,1.165,1.25,0.86,,20/50,iowa_gun_406_x2,1.115,1.165,1.25,0.98,,20,iowa_gun_b_127_x2,6,6.28,1.25,0.53,,20,atl_gun_125_x2,3.515,3.6,1.25,0.78,,20/40,brooklyn_gun_152_x2,3.004,3.15,1.25,0.69,,20/47,brooklyn_gun_b_152_x2,3.004,3.15,1.25,0.65,,,,,,,,,,,,,,,,,,,,,,,,,,,,,,,,,,,,,,,,,,,,,,,,,,,,,,,,,,,,,,,,,,,,,,,,
20,maine_gun_254_x3,2.25,2.345,1.25,1.2,,20,maine_gun_254_x3_a,2.25,2.345,1.25,0.95,,20,maine_gun_254_x3_b,1.86,1.94,1.25,1.06,,20,maine_gun_230_x3,2.33,2.42,1.25,0.84,,20/45,ny_gun_356_x3,2.32,2.42,1.25,0.62,,20/50,ny_gun_356_x3,2.32,2.42,1.25,0.69,,20,ny_gun_210_x3,3.9,4.074,1.25,0.7,,20,maine_gun_152_x3,3.798,3.96,1.25,0.68,,20/45,iowa_gun_406_x3,1.115,1.165,1.25,0.86,,20/50,iowa_gun_406_x3,1.115,1.165,1.25,0.98,,20,iowa_gun_b_127_x3,6,6.28,1.25,0.53,,20,atl_gun_125_x3,3.515,3.6,1.25,0.78,,20/40,brooklyn_gun_152_x3,3.004,3.15,1.25,0.69,,20/47,brooklyn_gun_b_152_x3,3.004,3.15,1.25,0.65,,,,,,,,,,,,,,,,,,,,,,,,,,,,,,,,,,,,,,,,,,,,,,,,,,,,,,,,,,,,,,,,,,,,,,,,
,BRITISH,,,,,,,,,,,,,,,,,,,,,,,,,,,,,,,,,,,,,,,,,,,,,,,,,,,,,,,,,,,,,,,,,,,,,,,,,,,,,,,,,,,,,,,,,,,,,,,,,,,,,,,,,,,,,,,,,,,,,,,,,,,,,,,,,,,,,,,,,,,,,,,,,,,,,,,,,,,,,,,,,,,,,,,
2,kgeorge_gun_133_x1,0.5,0.62,10,1.95,,2,british_adv_cruiser_152_gun_x1,0.35,0.425,10,2.1,,2,kgeorge_gun_380_x1_b,0.19,0.265,10,1.85,,2,kgeorge_gun_380_x1,0.19,0.265,10,1.85,,2,kgeorge_gun_380_x1_c,0.19,0.265,10,1.85,,2/45,dreadnought_gun_305_x1,0.24,0.32,10,2.35,,2/45,dreadnought_gun_b_305_x1,0.24,0.32,10,2.35,,2/50,dreadnought_gun_c_305_x1,0.24,0.32,10,2.2,,2/45,dreadnought_gun_178_x1,0.34,0.5,10,2.16,,2/50,dreadnought_gun_178_x1,0.34,0.5,10,2.38,,2/50,agamemnon_gun_228_x1,0.3,0.44,10,2.42,,2/47,agamemnon_gun_b_228_x1,0.3,0.44,10,2.7,,2,warrior_gun_228_x1,0.3,0.44,10,2.04,,2,agamemnon_gun_305_x1,0.25,0.37,10,2.25,,2,irresistible_gun_305_x1,0.25,0.37,10,2.04,,2,hood_gun_380_x1,0.15,0.22,10,2.55,,2,didox_gun_cal133_x1,0.3,0.44,10,3.34,,2,hood_gun_140_x1,0.4,0.58,10,2.08,,2,dido_gun_cal200_x1,0.24,0.32,10,2.3,,,QUAD,,,,,,,,,,,,,,,,,,,,,,,,,,,,,,,,,,
2,kgeorge_gun_133_x2,0.5,0.62,10,1.95,,2,british_adv_cruiser_152_gun_x2,0.35,0.425,10,2.1,,2,kgeorge_gun_380_x2_b,0.19,0.265,10,1.85,,2,kgeorge_gun_380_x2,0.19,0.265,10,1.85,,2,kgeorge_gun_380_x2_c,0.19,0.265,10,1.85,,2/45,dreadnought_gun_305_x2,0.24,0.32,10,2.35,,2/45,dreadnought_gun_b_305_x2,0.24,0.32,10,2.35,,2/50,dreadnought_gun_c_305_x2,0.24,0.32,10,2.2,,2/45,dreadnought_gun_178_x2,0.34,0.5,10,2.16,,2/50,dreadnought_gun_178_x2,0.34,0.5,10,2.38,,2/50,agamemnon_gun_228_x2,0.3,0.44,10,2.42,,2/47,agamemnon_gun_b_228_x2,0.3,0.44,10,2.7,,2,warrior_gun_228_x2,0.3,0.44,10,2.04,,2,agamemnon_gun_305_x2,0.25,0.37,10,2.25,,2,irresistible_gun_305_x2,0.25,0.37,10,2.04,,2,hood_gun_380_x2,0.15,0.22,10,2.55,,2,didox_gun_cal133_x2,0.3,0.44,10,3.34,,2,hood_gun_140_x2,0.4,0.58,10,2.08,,2,dido_gun_cal200_x2,0.24,0.32,10,2.3,,2,dido_gun_cal200_x4,0.24,0.32,10,2.3,,2,kgeorge_gun_380_x4_c,0.19,0.265,10,1.85,,2,didox_gun_cal133_x4,0.3,0.44,10,3.34,,,,,,,,,,,,,,,,
2,kgeorge_gun_133_x3,0.5,0.62,10,1.95,,2,british_adv_cruiser_152_gun_x3,0.35,0.425,10,2.1,,2,kgeorge_gun_380_x3_b,0.19,0.265,10,1.85,,2,kgeorge_gun_380_x3,0.19,0.265,10,1.85,,2,kgeorge_gun_380_x3_c,0.19,0.265,10,1.85,,2/45,dreadnought_gun_305_x3,0.24,0.32,10,2.35,,2/45,dreadnought_gun_b_305_x3,0.24,0.32,10,2.35,,2/50,dreadnought_gun_c_305_x3,0.24,0.32,10,2.2,,2/45,dreadnought_gun_178_x3,0.34,0.5,10,2.16,,2/50,dreadnought_gun_178_x3,0.34,0.5,10,2.38,,2/50,agamemnon_gun_228_x3,0.3,0.44,10,2.42,,2/47,agamemnon_gun_b_228_x3,0.3,0.44,10,3.25,,2,warrior_gun_228_x3,0.3,0.44,10,2.04,,2,agamemnon_gun_305_x3,0.25,0.37,10,2.25,,2,irresistible_gun_305_x3,0.25,0.37,10,2.04,,2,hood_gun_380_x3,0.15,0.22,10,2.55,,2,didox_gun_cal133_x3,0.3,0.44,10,3.34,,2,hood_gun_140_x3,0.4,0.58,10,2.08,,2,dido_gun_cal200_x3,0.24,0.32,10,2.3,,3,dido_gun_cal200_x4,0.33,0.41,10,2.14,,3,kgeorge_gun_380_x4_c,0.28,0.355,10,1.59,,3,didox_gun_cal133_x4,0.45,0.59,10,2.84,,,,,,,,,,,,,,,,
3,kgeorge_gun_133_x1,0.67,0.81,10,1.82,,3,british_adv_cruiser_152_gun_x1,0.475,0.55,10,1.95,,3,kgeorge_gun_380_x1_b,0.28,0.355,10,1.59,,3,kgeorge_gun_380_x1,0.28,0.355,10,1.59,,3,kgeorge_gun_380_x1_c,0.28,0.355,10,1.59,,3/45,dreadnought_gun_305_x1,0.33,0.41,10,2.15,,3/45,dreadnought_gun_b_305_x1,0.33,0.41,10,2.15,,3/50,dreadnought_gun_c_305_x1,0.33,0.41,10,2.05,,3/45,dreadnought_gun_178_x1,0.51,0.67,10,1.8,,3/50,dreadnought_gun_178_x1,0.51,0.67,10,2,,3/50,agamemnon_gun_228_x1,0.45,0.59,10,2.04,,3/47,agamemnon_gun_b_228_x1,0.45,0.59,10,2.28,,3,warrior_gun_228_x1,0.45,0.59,10,1.7,,3,agamemnon_gun_305_x1,0.375,0.495,10,1.88,,3,irresistible_gun_305_x1,0.375,0.495,10,1.72,,3,hood_gun_380_x1,0.225,0.295,10,2.15,,3,didox_gun_cal133_x1,0.45,0.59,10,2.84,,3,hood_gun_140_x1,0.6,0.78,10,1.76,,3,dido_gun_cal200_x1,0.33,0.41,10,2.14,,4,dido_gun_cal200_x4,0.42,0.5,8.25,1.84,,4,kgeorge_gun_380_x4_c,0.37,0.445,8.25,1.31,,4,didox_gun_cal133_x4,0.6,0.74,8.25,2.34,,,,,,,,,,,,,,,,
3,kgeorge_gun_133_x2,0.67,0.81,10,1.82,,3,british_adv_cruiser_152_gun_x2,0.475,0.55,10,1.95,,3,kgeorge_gun_380_x2_b,0.28,0.355,10,1.59,,3,kgeorge_gun_380_x2,0.28,0.355,10,1.59,,3,kgeorge_gun_380_x2_c,0.28,0.355,10,1.59,,3/45,dreadnought_gun_305_x2,0.33,0.41,10,2.15,,3/45,dreadnought_gun_b_305_x2,0.33,0.41,10,2.15,,3/50,dreadnought_gun_c_305_x2,0.33,0.41,10,2.05,,3/45,dreadnought_gun_178_x2,0.51,0.67,10,1.8,,3/50,dreadnought_gun_178_x2,0.51,0.67,10,2,,3/50,agamemnon_gun_228_x2,0.45,0.59,10,2.04,,3/47,agamemnon_gun_b_228_x2,0.45,0.59,10,2.28,,3,warrior_gun_228_x2,0.45,0.59,10,1.7,,3,agamemnon_gun_305_x2,0.375,0.495,10,1.88,,3,irresistible_gun_305_x2,0.375,0.495,10,1.72,,3,hood_gun_380_x2,0.225,0.295,10,2.15,,3,didox_gun_cal133_x2,0.45,0.59,10,2.84,,3,hood_gun_140_x2,0.6,0.78,10,1.76,,3,dido_gun_cal200_x2,0.33,0.41,10,2.14,,5,dido_gun_cal200_x4,0.51,0.59,5.25,1.5,,5,kgeorge_gun_380_x4_c,0.46,0.535,5.25,1.04,,5,didox_gun_cal133_x4,0.75,0.89,5.25,1.82,,,,,,,,,,,,,,,,
3,kgeorge_gun_133_x3,0.67,0.81,10,1.82,,3,british_adv_cruiser_152_gun_x3,0.475,0.55,10,1.95,,3,kgeorge_gun_380_x3_b,0.28,0.355,10,1.59,,3,kgeorge_gun_380_x3,0.28,0.355,10,1.59,,3,kgeorge_gun_380_x3_c,0.28,0.355,10,1.59,,3/45,dreadnought_gun_305_x3,0.33,0.41,10,2.15,,3/45,dreadnought_gun_b_305_x3,0.33,0.41,10,2.15,,3/50,dreadnought_gun_c_305_x3,0.33,0.41,10,2.05,,3/45,dreadnought_gun_178_x3,0.51,0.67,10,1.8,,3/50,dreadnought_gun_178_x3,0.51,0.67,10,2,,3/50,agamemnon_gun_228_x3,0.45,0.59,10,2.04,,3/47,agamemnon_gun_b_228_x3,0.45,0.59,10,2.74,,3,warrior_gun_228_x3,0.45,0.59,10,1.7,,3,agamemnon_gun_305_x3,0.375,0.495,10,1.88,,3,irresistible_gun_305_x3,0.375,0.495,10,1.72,,3,hood_gun_380_x3,0.225,0.295,10,2.15,,3,didox_gun_cal133_x3,0.45,0.59,10,2.84,,3,hood_gun_140_x3,0.6,0.78,10,1.76,,3,dido_gun_cal200_x3,0.33,0.41,10,2.14,,6,dido_gun_cal200_x4,0.6,0.68,3.7,1.42,,6,kgeorge_gun_380_x4_c,0.55,0.625,3.7,0.99,,6,didox_gun_cal133_x4,0.9,1.04,3.7,1.72,,,,,,,,,,,,,,,,
4,kgeorge_gun_133_x1,0.837,0.96,8.25,1.6,,4,british_adv_cruiser_152_gun_x1,0.6,0.7,8.25,1.7,,4,kgeorge_gun_380_x1_b,0.37,0.445,8.25,1.31,,4,kgeorge_gun_380_x1,0.37,0.445,8.25,1.31,,4,kgeorge_gun_380_x1_c,0.37,0.445,8.25,1.31,,4/45,dreadnought_gun_305_x1,0.42,0.5,8.25,1.85,,4/45,dreadnought_gun_b_305_x1,0.42,0.5,8.25,1.85,,4/50,dreadnought_gun_c_305_x1,0.42,0.5,8.25,1.75,,4/45,dreadnought_gun_178_x1,0.68,0.84,8.25,1.48,,4/50,dreadnought_gun_178_x1,0.68,0.84,8.25,1.65,,4/50,agamemnon_gun_228_x1,0.6,0.74,8.25,1.68,,4/47,agamemnon_gun_b_228_x1,0.6,0.74,8.25,1.86,,4,warrior_gun_228_x1,0.6,0.74,8.25,1.4,,4,agamemnon_gun_305_x1,0.5,0.62,8.25,1.58,,4,irresistible_gun_305_x1,0.5,0.62,8.25,1.42,,4,hood_gun_380_x1,0.3,0.37,8.25,1.8,,4,didox_gun_cal133_x1,0.6,0.74,8.25,2.34,,4,hood_gun_140_x1,0.8,0.98,8.25,1.46,,4,dido_gun_cal200_x1,0.42,0.5,8.25,1.84,,7,dido_gun_cal200_x4,0.69,0.77,3.1,1.42,,7,kgeorge_gun_380_x4_c,0.64,0.715,3.1,0.96,,7,didox_gun_cal133_x4,1.05,1.19,3.1,1.68,,,,,,,,,,,,,,,,
4,kgeorge_gun_133_x2,0.837,0.96,8.25,1.6,,4,british_adv_cruiser_152_gun_x2,0.6,0.7,8.25,1.7,,4,kgeorge_gun_380_x2_b,0.37,0.445,8.25,1.31,,4,kgeorge_gun_380_x2,0.37,0.445,8.25,1.31,,4,kgeorge_gun_380_x2_c,0.37,0.445,8.25,1.31,,4/45,dreadnought_gun_305_x2,0.42,0.5,8.25,1.85,,4/45,dreadnought_gun_b_305_x2,0.42,0.5,8.25,1.85,,4/50,dreadnought_gun_c_305_x2,0.42,0.5,8.25,1.75,,4/45,dreadnought_gun_178_x2,0.68,0.84,8.25,1.48,,4/50,dreadnought_gun_178_x2,0.68,0.84,8.25,1.65,,4/50,agamemnon_gun_228_x2,0.6,0.74,8.25,1.68,,4/47,agamemnon_gun_b_228_x2,0.6,0.74,8.25,1.86,,4,warrior_gun_228_x2,0.6,0.74,8.25,1.4,,4,agamemnon_gun_305_x2,0.5,0.62,8.25,1.58,,4,irresistible_gun_305_x2,0.5,0.62,8.25,1.42,,4,hood_gun_380_x2,0.3,0.37,8.25,1.8,,4,didox_gun_cal133_x2,0.6,0.74,8.25,2.34,,4,hood_gun_140_x2,0.8,0.98,8.25,1.46,,4,dido_gun_cal200_x2,0.42,0.5,8.25,1.84,,8,dido_gun_cal200_x4,0.78,0.86,2.5,1.38,,8,kgeorge_gun_380_x4_c,0.73,0.805,2.5,0.94,,8,didox_gun_cal133_x4,1.2,1.34,2.5,1.64,,,,,,,,,,,,,,,,
4,kgeorge_gun_133_x3,0.837,0.96,8.25,1.6,,4,british_adv_cruiser_152_gun_x3,0.6,0.7,8.25,1.7,,4,kgeorge_gun_380_x3_b,0.37,0.445,8.25,1.31,,4,kgeorge_gun_380_x3,0.37,0.445,8.25,1.31,,4,kgeorge_gun_380_x3_c,0.37,0.445,8.25,1.31,,4/45,dreadnought_gun_305_x3,0.42,0.5,8.25,1.85,,4/45,dreadnought_gun_b_305_x3,0.42,0.5,8.25,1.85,,4/50,dreadnought_gun_c_305_x3,0.42,0.5,8.25,1.75,,4/45,dreadnought_gun_178_x3,0.68,0.84,8.25,1.48,,4/50,dreadnought_gun_178_x3,0.68,0.84,8.25,1.65,,4/50,agamemnon_gun_228_x3,0.6,0.74,8.25,1.68,,4/47,agamemnon_gun_b_228_x3,0.6,0.74,8.25,2.26,,4,warrior_gun_228_x3,0.6,0.74,8.25,1.4,,4,agamemnon_gun_305_x3,0.5,0.62,8.25,1.58,,4,irresistible_gun_305_x3,0.5,0.62,8.25,1.42,,4,hood_gun_380_x3,0.3,0.37,8.25,1.8,,4,didox_gun_cal133_x3,0.6,0.74,8.25,2.34,,4,hood_gun_140_x3,0.8,0.98,8.25,1.46,,4,dido_gun_cal200_x3,0.42,0.5,8.25,1.84,,9,dido_gun_cal200_x4,0.87,0.95,1.95,1.36,,9,kgeorge_gun_380_x4_c,0.82,0.895,1.95,0.92,,9,didox_gun_cal133_x4,1.35,1.49,1.95,1.6,,,,,,,,,,,,,,,,
5,kgeorge_gun_133_x1,1,1.12,5.25,1.31,,5,british_adv_cruiser_152_gun_x1,0.725,0.8,5.25,1.37,,5,kgeorge_gun_380_x1_b,0.46,0.535,5.25,1.04,,5,kgeorge_gun_380_x1,0.46,0.535,5.25,1.04,,5,kgeorge_gun_380_x1_c,0.46,0.535,5.25,1.04,,5/45,dreadnought_gun_305_x1,0.51,0.59,5.25,1.5,,5/45,dreadnought_gun_b_305_x1,0.51,0.59,5.25,1.5,,5/50,dreadnought_gun_c_305_x1,0.51,0.59,5.25,1.42,,5/45,dreadnought_gun_178_x1,0.85,1.01,5.25,1.16,,5/50,dreadnought_gun_178_x1,0.85,1.01,5.25,1.3,,5/50,agamemnon_gun_228_x1,0.75,0.89,5.25,1.32,,5/47,agamemnon_gun_b_228_x1,0.75,0.89,5.25,1.46,,5,warrior_gun_228_x1,0.75,0.89,5.25,1.1,,5,agamemnon_gun_305_x1,0.625,0.745,5.25,1.24,,5,irresistible_gun_305_x1,0.625,0.745,5.25,1.12,,5,hood_gun_380_x1,0.375,0.445,5.25,1.4,,5,didox_gun_cal133_x1,0.75,0.89,5.25,1.82,,5,hood_gun_140_x1,1,1.18,5.25,1.14,,5,dido_gun_cal200_x1,0.51,0.59,5.25,1.5,,10,dido_gun_cal200_x4,0.96,1.04,1.74,1.34,,10,kgeorge_gun_380_x4_c,0.91,0.985,1.74,0.88,,10,didox_gun_cal133_x4,1.5,1.64,1.74,1.54,,,,,,,,,,,,,,,,
5,kgeorge_gun_133_x2,1,1.12,5.25,1.31,,5,british_adv_cruiser_152_gun_x2,0.725,0.8,5.25,1.37,,5,kgeorge_gun_380_x2_b,0.46,0.535,5.25,1.04,,5,kgeorge_gun_380_x2,0.46,0.535,5.25,1.04,,5,kgeorge_gun_380_x2_c,0.46,0.535,5.25,1.04,,5/45,dreadnought_gun_305_x2,0.51,0.59,5.25,1.5,,5/45,dreadnought_gun_b_305_x2,0.51,0.59,5.25,1.5,,5/50,dreadnought_gun_c_305_x2,0.51,0.59,5.25,1.42,,5/45,dreadnought_gun_178_x2,0.85,1.01,5.25,1.16,,5/50,dreadnought_gun_178_x2,0.85,1.01,5.25,1.3,,5/50,agamemnon_gun_228_x2,0.75,0.89,5.25,1.32,,5/47,agamemnon_gun_b_228_x2,0.75,0.89,5.25,1.46,,5,warrior_gun_228_x2,0.75,0.89,5.25,1.1,,5,agamemnon_gun_305_x2,0.625,0.745,5.25,1.24,,5,irresistible_gun_305_x2,0.625,0.745,5.25,1.12,,5,hood_gun_380_x2,0.375,0.445,5.25,1.4,,5,didox_gun_cal133_x2,0.75,0.89,5.25,1.82,,5,hood_gun_140_x2,1,1.18,5.25,1.14,,5,dido_gun_cal200_x2,0.51,0.59,5.25,1.5,,11,dido_gun_cal200_x4,1.05,1.13,1.59,1.06,,11,kgeorge_gun_380_x4_c,1,1.075,1.59,0.7,,11,didox_gun_cal133_x4,1.65,1.79,1.59,1.24,,,,,,,,,,,,,,,,
5,kgeorge_gun_133_x3,1,1.12,5.25,1.31,,5,british_adv_cruiser_152_gun_x3,0.725,0.8,5.25,1.37,,5,kgeorge_gun_380_x3_b,0.46,0.535,5.25,1.04,,5,kgeorge_gun_380_x3,0.46,0.535,5.25,1.04,,5,kgeorge_gun_380_x3_c,0.46,0.535,5.25,1.04,,5/45,dreadnought_gun_305_x3,0.51,0.59,5.25,1.5,,5/45,dreadnought_gun_b_305_x3,0.51,0.59,5.25,1.5,,5/50,dreadnought_gun_c_305_x3,0.51,0.59,5.25,1.42,,5/45,dreadnought_gun_178_x3,0.85,1.01,5.25,1.16,,5/50,dreadnought_gun_178_x3,0.85,1.01,5.25,1.3,,5/50,agamemnon_gun_228_x3,0.75,0.89,5.25,1.32,,5/47,agamemnon_gun_b_228_x3,0.75,0.89,5.25,1.8,,5,warrior_gun_228_x3,0.75,0.89,5.25,1.1,,5,agamemnon_gun_305_x3,0.625,0.745,5.25,1.24,,5,irresistible_gun_305_x3,0.625,0.745,5.25,1.12,,5,hood_gun_380_x3,0.375,0.445,5.25,1.4,,5,didox_gun_cal133_x3,0.75,0.89,5.25,1.82,,5,hood_gun_140_x3,1,1.18,5.25,1.14,,5,dido_gun_cal200_x3,0.51,0.59,5.25,1.5,,12,dido_gun_cal200_x4,1.14,1.22,1.49,1.08,,12,kgeorge_gun_380_x4_c,1.09,1.165,1.49,0.7,,12,didox_gun_cal133_x4,1.8,1.94,1.49,1.22,,,,,,,,,,,,,,,,
6,kgeorge_gun_133_x1,1.172,1.31,3.7,1.29,,6,british_adv_cruiser_152_gun_x1,0.85,0.92,3.7,1.33,,6,kgeorge_gun_380_x1_b,0.55,0.625,3.7,0.99,,6,kgeorge_gun_380_x1,0.55,0.625,3.7,0.99,,6,kgeorge_gun_380_x1_c,0.55,0.625,3.7,0.99,,6/45,dreadnought_gun_305_x1,0.6,0.68,3.7,1.44,,6/45,dreadnought_gun_b_305_x1,0.6,0.68,3.7,1.44,,6/50,dreadnought_gun_c_305_x1,0.6,0.68,3.7,1.36,,6/45,dreadnought_gun_178_x1,1.02,1.18,3.7,1.1,,6/50,dreadnought_gun_178_x1,1.02,1.18,3.7,1.22,,6/50,agamemnon_gun_228_x1,0.9,1.04,3.7,1.26,,6/47,agamemnon_gun_b_228_x1,0.9,1.04,3.7,1.38,,6,warrior_gun_228_x1,0.9,1.04,3.7,1.04,,6,agamemnon_gun_305_x1,0.75,0.87,3.7,1.16,,6,irresistible_gun_305_x1,0.75,0.87,3.7,1.06,,6,hood_gun_380_x1,0.45,0.52,3.7,1.34,,6,didox_gun_cal133_x1,0.9,1.04,3.7,1.72,,6,hood_gun_140_x1,1.2,1.38,3.7,1.08,,6,dido_gun_cal200_x1,0.6,0.68,3.7,1.42,,13,dido_gun_cal200_x4,1.23,1.31,1.44,1.06,,13,kgeorge_gun_380_x4_c,1.18,1.255,1.44,0.7,,13,didox_gun_cal133_x4,1.95,2.09,1.44,1.22,,,,,,,,,,,,,,,,
6,kgeorge_gun_133_x2,1.172,1.31,3.7,1.29,,6,british_adv_cruiser_152_gun_x2,0.85,0.92,3.7,1.33,,6,kgeorge_gun_380_x2_b,0.55,0.625,3.7,0.99,,6,kgeorge_gun_380_x2,0.55,0.625,3.7,0.99,,6,kgeorge_gun_380_x2_c,0.55,0.625,3.7,0.99,,6/45,dreadnought_gun_305_x2,0.6,0.68,3.7,1.44,,6/45,dreadnought_gun_b_305_x2,0.6,0.68,3.7,1.44,,6/50,dreadnought_gun_c_305_x2,0.6,0.68,3.7,1.36,,6/45,dreadnought_gun_178_x2,1.02,1.18,3.7,1.1,,6/50,dreadnought_gun_178_x2,1.02,1.18,3.7,1.22,,6/50,agamemnon_gun_228_x2,0.9,1.04,3.7,1.26,,6/47,agamemnon_gun_b_228_x2,0.9,1.04,3.7,1.38,,6,warrior_gun_228_x2,0.9,1.04,3.7,1.04,,6,agamemnon_gun_305_x2,0.75,0.87,3.7,1.16,,6,irresistible_gun_305_x2,0.75,0.87,3.7,1.06,,6,hood_gun_380_x2,0.45,0.52,3.7,1.34,,6,didox_gun_cal133_x2,0.9,1.04,3.7,1.72,,6,hood_gun_140_x2,1.2,1.38,3.7,1.08,,6,dido_gun_cal200_x2,0.6,0.68,3.7,1.42,,14,dido_gun_cal200_x4,1.32,1.4,1.4,1.06,,14,kgeorge_gun_380_x4_c,1.27,1.345,1.4,0.7,,14,didox_gun_cal133_x4,2.1,2.24,1.4,1.22,,,,,,,,,,,,,,,,
6,kgeorge_gun_133_x3,1.172,1.31,3.7,1.29,,6,british_adv_cruiser_152_gun_x3,0.85,0.92,3.7,1.33,,6,kgeorge_gun_380_x3_b,0.55,0.625,3.7,0.99,,6,kgeorge_gun_380_x3,0.55,0.625,3.7,0.99,,6,kgeorge_gun_380_x3_c,0.55,0.625,3.7,0.99,,6/45,dreadnought_gun_305_x3,0.6,0.68,3.7,1.44,,6/45,dreadnought_gun_b_305_x3,0.6,0.68,3.7,1.44,,6/50,dreadnought_gun_c_305_x3,0.6,0.68,3.7,1.36,,6/45,dreadnought_gun_178_x3,1.02,1.18,3.7,1.1,,6/50,dreadnought_gun_178_x3,1.02,1.18,3.7,1.22,,6/50,agamemnon_gun_228_x3,0.9,1.04,3.7,1.26,,6/47,agamemnon_gun_b_228_x3,0.9,1.04,3.7,1.7,,6,warrior_gun_228_x3,0.9,1.04,3.7,1.04,,6,agamemnon_gun_305_x3,0.75,0.87,3.7,1.16,,6,irresistible_gun_305_x3,0.75,0.87,3.7,1.06,,6,hood_gun_380_x3,0.45,0.52,3.7,1.34,,6,didox_gun_cal133_x3,0.9,1.04,3.7,1.72,,6,hood_gun_140_x3,1.2,1.38,3.7,1.08,,6,dido_gun_cal200_x3,0.6,0.68,3.7,1.42,,15,dido_gun_cal200_x4,1.41,1.49,1.5,1.06,,15,kgeorge_gun_380_x4_c,1.36,1.435,1.5,0.7,,15,didox_gun_cal133_x4,2.25,2.39,1.5,1.2,,,,,,,,,,,,,,,,
7,kgeorge_gun_133_x1,1.34,1.48,3.1,1.27,,7,british_adv_cruiser_152_gun_x1,0.975,1.05,3.1,1.33,,7,kgeorge_gun_380_x1_b,0.64,0.715,3.1,0.96,,7,kgeorge_gun_380_x1,0.64,0.715,3.1,0.96,,7,kgeorge_gun_380_x1_c,0.64,0.715,3.1,0.96,,7/45,dreadnought_gun_305_x1,0.69,0.77,3.1,1.43,,7/45,dreadnought_gun_b_305_x1,0.69,0.77,3.1,1.43,,7/50,dreadnought_gun_c_305_x1,0.69,0.77,3.1,1.35,,7/45,dreadnought_gun_178_x1,1.19,1.35,3.1,1.08,,7/50,dreadnought_gun_178_x1,1.19,1.35,3.1,1.2,,7/50,agamemnon_gun_228_x1,1.05,1.19,3.1,1.22,,7/47,agamemnon_gun_b_228_x1,1.05,1.19,3.1,1.36,,7,warrior_gun_228_x1,1.05,1.19,3.1,1.02,,7,agamemnon_gun_305_x1,0.875,0.995,3.1,1.14,,7,irresistible_gun_305_x1,0.875,0.995,3.1,1.04,,7,hood_gun_380_x1,0.525,0.595,3.1,1.3,,7,didox_gun_cal133_x1,1.05,1.19,3.1,1.68,,7,hood_gun_140_x1,1.4,1.58,3.1,1.06,,7,dido_gun_cal200_x1,0.69,0.77,3.1,1.42,,16,dido_gun_cal200_x4,1.5,1.58,1.565,1.06,,16,kgeorge_gun_380_x4_c,1.45,1.525,1.565,0.69,,16,didox_gun_cal133_x4,2.4,2.54,1.565,1.2,,,,,,,,,,,,,,,,
7,kgeorge_gun_133_x2,1.34,1.48,3.1,1.27,,7,british_adv_cruiser_152_gun_x2,0.975,1.05,3.1,1.33,,7,kgeorge_gun_380_x2_b,0.64,0.715,3.1,0.96,,7,kgeorge_gun_380_x2,0.64,0.715,3.1,0.96,,7,kgeorge_gun_380_x2_c,0.64,0.715,3.1,0.96,,7/45,dreadnought_gun_305_x2,0.69,0.77,3.1,1.43,,7/45,dreadnought_gun_b_305_x2,0.69,0.77,3.1,1.43,,7/50,dreadnought_gun_c_305_x2,0.69,0.77,3.1,1.35,,7/45,dreadnought_gun_178_x2,1.19,1.35,3.1,1.08,,7/50,dreadnought_gun_178_x2,1.19,1.35,3.1,1.2,,7/50,agamemnon_gun_228_x2,1.05,1.19,3.1,1.22,,7/47,agamemnon_gun_b_228_x2,1.05,1.19,3.1,1.36,,7,warrior_gun_228_x2,1.05,1.19,3.1,1.02,,7,agamemnon_gun_305_x2,0.875,0.995,3.1,1.14,,7,irresistible_gun_305_x2,0.875,0.995,3.1,1.04,,7,hood_gun_380_x2,0.525,0.595,3.1,1.3,,7,didox_gun_cal133_x2,1.05,1.19,3.1,1.68,,7,hood_gun_140_x2,1.4,1.58,3.1,1.06,,7,dido_gun_cal200_x2,0.69,0.77,3.1,1.42,,17,dido_gun_cal200_x4,1.59,1.67,1.51,1.06,,17,kgeorge_gun_380_x4_c,1.54,1.615,1.51,0.69,,17,didox_gun_cal133_x4,2.55,2.69,1.51,1.2,,,,,,,,,,,,,,,,
7,kgeorge_gun_133_x3,1.34,1.48,3.1,1.27,,7,british_adv_cruiser_152_gun_x3,0.975,1.05,3.1,1.33,,7,kgeorge_gun_380_x3_b,0.64,0.715,3.1,0.96,,7,kgeorge_gun_380_x3,0.64,0.715,3.1,0.96,,7,kgeorge_gun_380_x3_c,0.64,0.715,3.1,0.96,,7/45,dreadnought_gun_305_x3,0.69,0.77,3.1,1.43,,7/45,dreadnought_gun_b_305_x3,0.69,0.77,3.1,1.43,,7/50,dreadnought_gun_c_305_x3,0.69,0.77,3.1,1.35,,7/45,dreadnought_gun_178_x3,1.19,1.35,3.1,1.08,,7/50,dreadnought_gun_178_x3,1.19,1.35,3.1,1.2,,7/50,agamemnon_gun_228_x3,1.05,1.19,3.1,1.22,,7/47,agamemnon_gun_b_228_x3,1.05,1.19,3.1,1.64,,7,warrior_gun_228_x3,1.05,1.19,3.1,1.02,,7,agamemnon_gun_305_x3,0.875,0.995,3.1,1.14,,7,irresistible_gun_305_x3,0.875,0.995,3.1,1.04,,7,hood_gun_380_x3,0.525,0.595,3.1,1.3,,7,didox_gun_cal133_x3,1.05,1.19,3.1,1.68,,7,hood_gun_140_x3,1.4,1.58,3.1,1.06,,7,dido_gun_cal200_x3,0.69,0.77,3.1,1.42,,18,dido_gun_cal200_x4,1.68,1.76,1.51,1.06,,18,kgeorge_gun_380_x4_c,1.63,1.705,1.51,0.68,,18,didox_gun_cal133_x4,2.7,2.84,1.51,1.2,,,,,,,,,,,,,,,,
8,kgeorge_gun_133_x1,1.51,1.64,2.5,1.25,,8,british_adv_cruiser_152_gun_x1,1.1,1.15,2.5,1.3,,8,kgeorge_gun_380_x1_b,0.73,0.805,2.5,0.94,,8,kgeorge_gun_380_x1,0.73,0.805,2.5,0.94,,8,kgeorge_gun_380_x1_c,0.73,0.805,2.5,0.94,,8/45,dreadnought_gun_305_x1,0.78,0.86,2.5,1.4,,8/45,dreadnought_gun_b_305_x1,0.78,0.86,2.5,1.4,,8/50,dreadnought_gun_c_305_x1,0.78,0.86,2.5,1.32,,8/45,dreadnought_gun_178_x1,1.36,1.52,2.5,1.04,,8/50,dreadnought_gun_178_x1,1.36,1.52,2.5,1.16,,8/50,agamemnon_gun_228_x1,1.2,1.34,2.5,1.2,,8/47,agamemnon_gun_b_228_x1,1.2,1.34,2.5,1.32,,8,warrior_gun_228_x1,1.2,1.34,2.5,1,,8,agamemnon_gun_305_x1,1,0.12,2.5,1.1,,8,irresistible_gun_305_x1,1,0.12,2.5,1,,8,hood_gun_380_x1,0.6,0.67,2.5,1.25,,8,didox_gun_cal133_x1,1.2,1.34,2.5,1.64,,8,hood_gun_140_x1,1.6,1.78,2.5,1.02,,8,dido_gun_cal200_x1,0.78,0.86,2.5,1.38,,19,dido_gun_cal200_x4,1.77,1.85,1.415,1.06,,19,kgeorge_gun_380_x4_c,1.72,1.795,1.415,0.68,,19,didox_gun_cal133_x4,2.85,2.99,1.415,1.18,,,,,,,,,,,,,,,,
8,kgeorge_gun_133_x2,1.51,1.64,2.5,1.25,,8,british_adv_cruiser_152_gun_x2,1.1,1.15,2.5,1.3,,8,kgeorge_gun_380_x2_b,0.73,0.805,2.5,0.94,,8,kgeorge_gun_380_x2,0.73,0.805,2.5,0.94,,8,kgeorge_gun_380_x2_c,0.73,0.805,2.5,0.94,,8/45,dreadnought_gun_305_x2,0.78,0.86,2.5,1.4,,8/45,dreadnought_gun_b_305_x2,0.78,0.86,2.5,1.4,,8/50,dreadnought_gun_c_305_x2,0.78,0.86,2.5,1.32,,8/45,dreadnought_gun_178_x2,1.36,1.52,2.5,1.04,,8/50,dreadnought_gun_178_x2,1.36,1.52,2.5,1.16,,8/50,agamemnon_gun_228_x2,1.2,1.34,2.5,1.2,,8/47,agamemnon_gun_b_228_x2,1.2,1.34,2.5,1.32,,8,warrior_gun_228_x2,1.2,1.34,2.5,1,,8,agamemnon_gun_305_x2,1,0.12,2.5,1.1,,8,irresistible_gun_305_x2,1,0.12,2.5,1,,8,hood_gun_380_x2,0.6,0.67,2.5,1.25,,8,didox_gun_cal133_x2,1.2,1.34,2.5,1.64,,8,hood_gun_140_x2,1.6,1.78,2.5,1.02,,8,dido_gun_cal200_x2,0.78,0.86,2.5,1.38,,20,dido_gun_cal200_x4,1.86,1.94,1.25,1.06,,20,kgeorge_gun_380_x4_c,1.81,1.885,1.25,0.68,,20,didox_gun_cal133_x4,3,3.14,1.25,1.18,,,,,,,,,,,,,,,,
8,kgeorge_gun_133_x3,1.51,1.64,2.5,1.25,,8,british_adv_cruiser_152_gun_x3,1.1,1.15,2.5,1.3,,8,kgeorge_gun_380_x3_b,0.73,0.805,2.5,0.94,,8,kgeorge_gun_380_x3,0.73,0.805,2.5,0.94,,8,kgeorge_gun_380_x3_c,0.73,0.805,2.5,0.94,,8/45,dreadnought_gun_305_x3,0.78,0.86,2.5,1.4,,8/45,dreadnought_gun_b_305_x3,0.78,0.86,2.5,1.4,,8/50,dreadnought_gun_c_305_x3,0.78,0.86,2.5,1.32,,8/45,dreadnought_gun_178_x3,1.36,1.52,2.5,1.04,,8/50,dreadnought_gun_178_x3,1.36,1.52,2.5,1.16,,8/50,agamemnon_gun_228_x3,1.2,1.34,2.5,1.2,,8/47,agamemnon_gun_b_228_x3,1.2,1.34,2.5,1.6,,8,warrior_gun_228_x3,1.2,1.34,2.5,1,,8,agamemnon_gun_305_x3,1,0.12,2.5,1.1,,8,irresistible_gun_305_x3,1,0.12,2.5,1,,8,hood_gun_380_x3,0.6,0.67,2.5,1.25,,8,didox_gun_cal133_x3,1.2,1.34,2.5,1.64,,8,hood_gun_140_x3,1.6,1.78,2.5,1.02,,8,dido_gun_cal200_x3,0.78,0.86,2.5,1.38,,,,,,,,,,,,,,,,,,,,,,,,,,,,,,,,,,,,,
9,kgeorge_gun_133_x1,1.674,1.8,1.95,1.25,,9,british_adv_cruiser_152_gun_x1,1.225,1.325,1.95,1.28,,9,kgeorge_gun_380_x1_b,0.82,0.895,1.95,0.92,,9,kgeorge_gun_380_x1,0.82,0.895,1.95,0.92,,9,kgeorge_gun_380_x1_c,0.82,0.895,1.95,0.92,,9/45,dreadnought_gun_305_x1,0.87,0.95,1.95,1.375,,9/45,dreadnought_gun_b_305_x1,0.87,0.95,1.95,1.375,,9/50,dreadnought_gun_c_305_x1,0.87,0.95,1.95,1.3,,9/45,dreadnought_gun_178_x1,1.53,1.69,1.95,1.02,,9/50,dreadnought_gun_178_x1,1.53,1.69,1.95,1.14,,9/50,agamemnon_gun_228_x1,1.35,1.49,1.95,1.16,,9/47,agamemnon_gun_b_228_x1,1.35,1.49,1.95,1.28,,9,warrior_gun_228_x1,1.35,1.49,1.95,0.96,,9,agamemnon_gun_305_x1,1.125,1.295,1.95,1.08,,9,irresistible_gun_305_x1,1.125,1.295,1.95,0.98,,9,hood_gun_380_x1,0.675,0.745,1.95,1.22,,9,didox_gun_cal133_x1,1.35,1.49,1.95,1.6,,9,hood_gun_140_x1,1.8,1.98,1.95,1,,9,dido_gun_cal200_x1,0.87,0.95,1.95,1.36,,,,,,,,,,,,,,,,,,,,,,,,,,,,,,,,,,,,,
9,kgeorge_gun_133_x2,1.674,1.8,1.95,1.25,,9,british_adv_cruiser_152_gun_x2,1.225,1.325,1.95,1.28,,9,kgeorge_gun_380_x2_b,0.82,0.895,1.95,0.92,,9,kgeorge_gun_380_x2,0.82,0.895,1.95,0.92,,9,kgeorge_gun_380_x2_c,0.82,0.895,1.95,0.92,,9/45,dreadnought_gun_305_x2,0.87,0.95,1.95,1.375,,9/45,dreadnought_gun_b_305_x2,0.87,0.95,1.95,1.375,,9/50,dreadnought_gun_c_305_x2,0.87,0.95,1.95,1.3,,9/45,dreadnought_gun_178_x2,1.53,1.69,1.95,1.02,,9/50,dreadnought_gun_178_x2,1.53,1.69,1.95,1.14,,9/50,agamemnon_gun_228_x2,1.35,1.49,1.95,1.16,,9/47,agamemnon_gun_b_228_x2,1.35,1.49,1.95,1.28,,9,warrior_gun_228_x2,1.35,1.49,1.95,0.96,,9,agamemnon_gun_305_x2,1.125,1.295,1.95,1.08,,9,irresistible_gun_305_x2,1.125,1.295,1.95,0.98,,9,hood_gun_380_x2,0.675,0.745,1.95,1.22,,9,didox_gun_cal133_x2,1.35,1.49,1.95,1.6,,9,hood_gun_140_x2,1.8,1.98,1.95,1,,9,dido_gun_cal200_x2,0.87,0.95,1.95,1.36,,,,,,,,,,,,,,,,,,,,,,,,,,,,,,,,,,,,,
9,kgeorge_gun_133_x3,1.674,1.8,1.95,1.25,,9,british_adv_cruiser_152_gun_x3,1.225,1.325,1.95,1.28,,9,kgeorge_gun_380_x3_b,0.82,0.895,1.95,0.92,,9,kgeorge_gun_380_x3,0.82,0.895,1.95,0.92,,9,kgeorge_gun_380_x3_c,0.82,0.895,1.95,0.92,,9/45,dreadnought_gun_305_x3,0.87,0.95,1.95,1.375,,9/45,dreadnought_gun_b_305_x3,0.87,0.95,1.95,1.375,,9/50,dreadnought_gun_c_305_x3,0.87,0.95,1.95,1.3,,9/45,dreadnought_gun_178_x3,1.53,1.69,1.95,1.02,,9/50,dreadnought_gun_178_x3,1.53,1.69,1.95,1.14,,9/50,agamemnon_gun_228_x3,1.35,1.49,1.95,1.16,,9/47,agamemnon_gun_b_228_x3,1.35,1.49,1.95,1.56,,9,warrior_gun_228_x3,1.35,1.49,1.95,0.96,,9,agamemnon_gun_305_x3,1.125,1.295,1.95,1.08,,9,irresistible_gun_305_x3,1.125,1.295,1.95,0.98,,9,hood_gun_380_x3,0.675,0.745,1.95,1.22,,9,didox_gun_cal133_x3,1.35,1.49,1.95,1.6,,9,hood_gun_140_x3,1.8,1.98,1.95,1,,9,dido_gun_cal200_x3,0.87,0.95,1.95,1.36,,2,dido_gun_cal133_x4,0.4,0.51,10,2.25,,2,british_adv_cruiser_152_gun_x4,0.35,0.425,10,2.1,,,,,,,,,,,,,,,,,,,,,,,
10,kgeorge_gun_133_x1,1.841,1.95,1.74,1.22,,10,british_adv_cruiser_152_gun_x1,1.35,1.45,1.74,1.26,,10,kgeorge_gun_380_x1_b,0.91,0.985,1.74,0.88,,10,kgeorge_gun_380_x1,0.91,0.985,1.74,0.88,,10,kgeorge_gun_380_x1_c,0.91,0.985,1.74,0.88,,10/45,dreadnought_gun_305_x1,0.96,1.04,1.74,1.35,,10/45,dreadnought_gun_b_305_x1,0.96,1.04,1.74,1.35,,10/50,dreadnought_gun_c_305_x1,0.96,1.04,1.74,1.28,,10/45,dreadnought_gun_178_x1,1.7,1.86,1.74,1,,10/50,dreadnought_gun_178_x1,1.7,1.86,1.74,1.1,,10/50,agamemnon_gun_228_x1,1.5,1.64,1.74,1.12,,10/47,agamemnon_gun_b_228_x1,1.5,1.64,1.74,1.24,,10,warrior_gun_228_x1,1.5,1.64,1.74,0.94,,10,agamemnon_gun_305_x1,1.3,1.47,1.74,1,,10,irresistible_gun_305_x1,1.3,1.47,1.74,0.92,,10,hood_gun_380_x1,0.75,0.82,1.74,1.18,,10,didox_gun_cal133_x1,1.5,1.64,1.74,1.54,,10,hood_gun_140_x1,2,2.18,1.74,0.97,,10,dido_gun_cal200_x1,0.96,1.04,1.74,1.34,,3,dido_gun_cal133_x4,0.522,0.63,10,2.18,,3,british_adv_cruiser_152_gun_x4,0.475,0.55,10,1.95,,,,,,,,,,,,,,,,,,,,,,,
10,kgeorge_gun_133_x2,1.841,1.95,1.74,1.22,,10,british_adv_cruiser_152_gun_x2,1.35,1.45,1.74,1.26,,10,kgeorge_gun_380_x2_b,0.91,0.985,1.74,0.88,,10,kgeorge_gun_380_x2,0.91,0.985,1.74,0.88,,10,kgeorge_gun_380_x2_c,0.91,0.985,1.74,0.88,,10/45,dreadnought_gun_305_x2,0.96,1.04,1.74,1.35,,10/45,dreadnought_gun_b_305_x2,0.96,1.04,1.74,1.35,,10/50,dreadnought_gun_c_305_x2,0.96,1.04,1.74,1.28,,10/45,dreadnought_gun_178_x2,1.7,1.86,1.74,1,,10/50,dreadnought_gun_178_x2,1.7,1.86,1.74,1.1,,10/50,agamemnon_gun_228_x2,1.5,1.64,1.74,1.12,,10/47,agamemnon_gun_b_228_x2,1.5,1.64,1.74,1.24,,10,warrior_gun_228_x2,1.5,1.64,1.74,0.94,,10,agamemnon_gun_305_x2,1.3,1.47,1.74,1,,10,irresistible_gun_305_x2,1.3,1.47,1.74,0.92,,10,hood_gun_380_x2,0.75,0.82,1.74,1.18,,10,didox_gun_cal133_x2,1.5,1.64,1.74,1.54,,10,hood_gun_140_x2,2,2.18,1.74,0.97,,10,dido_gun_cal200_x2,0.96,1.04,1.74,1.34,,4,dido_gun_cal133_x4,0.644,0.75,8.25,1.94,,4,british_adv_cruiser_152_gun_x4,0.6,0.7,8.25,1.7,,,,,,,,,,,,,,,,,,,,,,,
10,kgeorge_gun_133_x3,1.841,1.95,1.74,1.22,,10,british_adv_cruiser_152_gun_x3,1.35,1.45,1.74,1.26,,10,kgeorge_gun_380_x3_b,0.91,0.985,1.74,0.88,,10,kgeorge_gun_380_x3,0.91,0.985,1.74,0.88,,10,kgeorge_gun_380_x3_c,0.91,0.985,1.74,0.88,,10/45,dreadnought_gun_305_x3,0.96,1.04,1.74,1.35,,10/45,dreadnought_gun_b_305_x3,0.96,1.04,1.74,1.35,,10/50,dreadnought_gun_c_305_x3,0.96,1.04,1.74,1.28,,10/45,dreadnought_gun_178_x3,1.7,1.86,1.74,1,,10/50,dreadnought_gun_178_x3,1.7,1.86,1.74,1.1,,10/50,agamemnon_gun_228_x3,1.5,1.64,1.74,1.12,,10/47,agamemnon_gun_b_228_x3,1.5,1.64,1.74,1.5,,10,warrior_gun_228_x3,1.5,1.64,1.74,0.94,,10,agamemnon_gun_305_x3,1.3,1.47,1.74,1,,10,irresistible_gun_305_x3,1.3,1.47,1.74,0.92,,10,hood_gun_380_x3,0.75,0.82,1.74,1.18,,10,didox_gun_cal133_x3,1.5,1.64,1.74,1.54,,10,hood_gun_140_x3,2,2.18,1.74,0.97,,10,dido_gun_cal200_x3,0.96,1.04,1.74,1.34,,5,dido_gun_cal133_x4,0.766,0.88,5.25,1.6,,5,british_adv_cruiser_152_gun_x4,0.725,0.8,5.25,1.37,,,,,,,,,,,,,,,,,,,,,,,
11,kgeorge_gun_133_x1,2.01,2.12,1.59,0.98,,11,british_adv_cruiser_152_gun_x1,1.475,1.575,1.59,,,11,kgeorge_gun_380_x1_b,1,1.075,1.59,0.7,,11,kgeorge_gun_380_x1,1,1.075,1.59,0.7,,11,kgeorge_gun_380_x1_c,1,1.075,1.59,0.7,,11/45,dreadnought_gun_305_x1,1.05,1.13,1.59,1.09,,11/45,dreadnought_gun_b_305_x1,1.05,1.13,1.59,1.09,,11/50,dreadnought_gun_c_305_x1,1.05,1.13,1.59,1.02,,11/45,dreadnought_gun_178_x1,1.87,2.03,1.59,0.79,,11/50,dreadnought_gun_178_x1,1.87,2.03,1.59,0.88,,11/50,agamemnon_gun_228_x1,1.65,1.79,1.59,0.9,,11/47,agamemnon_gun_b_228_x1,1.65,1.79,1.59,1,,11,warrior_gun_228_x1,1.65,1.79,1.59,0.74,,11,agamemnon_gun_305_x1,1.475,1.495,1.59,0.78,,11,irresistible_gun_305_x1,1.475,1.495,1.59,0.7,,11,hood_gun_380_x1,0.825,0.895,1.59,0.94,,11,didox_gun_cal133_x1,1.65,1.79,1.59,1.24,,11,hood_gun_140_x1,2.2,2.38,1.59,0.78,,11,dido_gun_cal200_x1,1.05,1.13,1.59,1.06,,6,dido_gun_cal133_x4,0.888,1,3.7,1.58,,6,british_adv_cruiser_152_gun_x4,0.85,0.92,3.7,1.33,,,,,,,,,,,,,,,,,,,,,,,
11,kgeorge_gun_133_x2,2.01,2.12,1.59,0.98,,11,british_adv_cruiser_152_gun_x2,1.475,1.575,1.59,,,11,kgeorge_gun_380_x2_b,1,1.075,1.59,0.7,,11,kgeorge_gun_380_x2,1,1.075,1.59,0.7,,11,kgeorge_gun_380_x2_c,1,1.075,1.59,0.7,,11/45,dreadnought_gun_305_x2,1.05,1.13,1.59,1.09,,11/45,dreadnought_gun_b_305_x2,1.05,1.13,1.59,1.09,,11/50,dreadnought_gun_c_305_x2,1.05,1.13,1.59,1.02,,11/45,dreadnought_gun_178_x2,1.87,2.03,1.59,0.79,,11/50,dreadnought_gun_178_x2,1.87,2.03,1.59,0.88,,11/50,agamemnon_gun_228_x2,1.65,1.79,1.59,0.9,,11/47,agamemnon_gun_b_228_x2,1.65,1.79,1.59,1,,11,warrior_gun_228_x2,1.65,1.79,1.59,0.74,,11,agamemnon_gun_305_x2,1.475,1.495,1.59,0.78,,11,irresistible_gun_305_x2,1.475,1.495,1.59,0.7,,11,hood_gun_380_x2,0.825,0.895,1.59,0.94,,11,didox_gun_cal133_x2,1.65,1.79,1.59,1.24,,11,hood_gun_140_x2,2.2,2.38,1.59,0.78,,11,dido_gun_cal200_x2,1.05,1.13,1.59,1.06,,7,dido_gun_cal133_x4,1.01,1.12,3.1,1.58,,7,british_adv_cruiser_152_gun_x4,0.975,1.05,3.1,1.33,,,,,,,,,,,,,,,,,,,,,,,
11,kgeorge_gun_133_x3,2.01,2.12,1.59,0.98,,11,british_adv_cruiser_152_gun_x3,1.475,1.575,1.59,,,11,kgeorge_gun_380_x3_b,1,1.075,1.59,0.7,,11,kgeorge_gun_380_x3,1,1.075,1.59,0.7,,11,kgeorge_gun_380_x3_c,1,1.075,1.59,0.7,,11/45,dreadnought_gun_305_x3,1.05,1.13,1.59,1.09,,11/45,dreadnought_gun_b_305_x3,1.05,1.13,1.59,1.09,,11/50,dreadnought_gun_c_305_x3,1.05,1.13,1.59,1.02,,11/45,dreadnought_gun_178_x3,1.87,2.03,1.59,0.79,,11/50,dreadnought_gun_178_x3,1.87,2.03,1.59,0.88,,11/50,agamemnon_gun_228_x3,1.65,1.79,1.59,0.9,,11/47,agamemnon_gun_b_228_x3,1.65,1.79,1.59,1.2,,11,warrior_gun_228_x3,1.65,1.79,1.59,0.74,,11,agamemnon_gun_305_x3,1.475,1.495,1.59,0.78,,11,irresistible_gun_305_x3,1.475,1.495,1.59,0.7,,11,hood_gun_380_x3,0.825,0.895,1.59,0.94,,11,didox_gun_cal133_x3,1.65,1.79,1.59,1.24,,11,hood_gun_140_x3,2.2,2.38,1.59,0.78,,11,dido_gun_cal200_x3,1.05,1.13,1.59,1.06,,8,dido_gun_cal133_x4,1.132,1.24,2.5,1.56,,8,british_adv_cruiser_152_gun_x4,1.1,1.15,2.5,1.3,,,,,,,,,,,,,,,,,,,,,,,
12,kgeorge_gun_133_x1,2.176,2.31,1.49,0.98,,12,british_adv_cruiser_152_gun_x1,1.6,1.7,1.49,,,12,kgeorge_gun_380_x1_b,1.09,1.165,1.49,0.7,,12,kgeorge_gun_380_x1,1.09,1.165,1.49,0.7,,12,kgeorge_gun_380_x1_c,1.09,1.165,1.49,0.7,,12/45,dreadnought_gun_305_x1,1.14,1.22,1.49,1.1,,12/45,dreadnought_gun_b_305_x1,1.14,1.22,1.49,1.1,,12/50,dreadnought_gun_c_305_x1,1.14,1.22,1.49,1.02,,12/45,dreadnought_gun_178_x1,2.04,2.2,1.49,0.78,,12/50,dreadnought_gun_178_x1,2.04,2.2,1.49,0.88,,12/50,agamemnon_gun_228_x1,1.8,1.94,1.49,0.9,,12/47,agamemnon_gun_b_228_x1,1.8,1.94,1.49,0.99,,12,warrior_gun_228_x1,1.8,1.94,1.49,0.74,,12,agamemnon_gun_305_x1,1.5,1.62,1.49,0.82,,12,irresistible_gun_305_x1,1.5,1.62,1.49,0.75,,12,hood_gun_380_x1,0.9,0.97,1.49,0.94,,12,didox_gun_cal133_x1,1.8,1.94,1.49,1.22,,12,hood_gun_140_x1,2.4,2.58,1.49,0.77,,12,dido_gun_cal200_x1,1.14,1.22,1.49,1.08,,9,dido_gun_cal133_x4,1.254,1.36,1.95,1.54,,9,british_adv_cruiser_152_gun_x4,1.225,1.325,1.95,1.28,,,,,,,,,,,,,,,,,,,,,,,
12,kgeorge_gun_133_x2,2.176,2.31,1.49,0.98,,12,british_adv_cruiser_152_gun_x2,1.6,1.7,1.49,,,12,kgeorge_gun_380_x2_b,1.09,1.165,1.49,0.7,,12,kgeorge_gun_380_x2,1.09,1.165,1.49,0.7,,12,kgeorge_gun_380_x2_c,1.09,1.165,1.49,0.7,,12/45,dreadnought_gun_305_x2,1.14,1.22,1.49,1.1,,12/45,dreadnought_gun_b_305_x2,1.14,1.22,1.49,1.1,,12/50,dreadnought_gun_c_305_x2,1.14,1.22,1.49,1.02,,12/45,dreadnought_gun_178_x2,2.04,2.2,1.49,0.78,,12/50,dreadnought_gun_178_x2,2.04,2.2,1.49,0.88,,12/50,agamemnon_gun_228_x2,1.8,1.94,1.49,0.9,,12/47,agamemnon_gun_b_228_x2,1.8,1.94,1.49,0.99,,12,warrior_gun_228_x2,1.8,1.94,1.49,0.74,,12,agamemnon_gun_305_x2,1.5,1.62,1.49,0.82,,12,irresistible_gun_305_x2,1.5,1.62,1.49,0.75,,12,hood_gun_380_x2,0.9,0.97,1.49,0.94,,12,didox_gun_cal133_x2,1.8,1.94,1.49,1.22,,12,hood_gun_140_x2,2.4,2.58,1.49,0.77,,12,dido_gun_cal200_x2,1.14,1.22,1.49,1.08,,10,dido_gun_cal133_x4,1.376,1.48,1.74,1.52,,10,british_adv_cruiser_152_gun_x4,1.35,1.45,1.74,1.26,,,,,,,,,,,,,,,,,,,,,,,
12,kgeorge_gun_133_x3,2.176,2.31,1.49,0.98,,12,british_adv_cruiser_152_gun_x3,1.6,1.7,1.49,,,12,kgeorge_gun_380_x3_b,1.09,1.165,1.49,0.7,,12,kgeorge_gun_380_x3,1.09,1.165,1.49,0.7,,12,kgeorge_gun_380_x3_c,1.09,1.165,1.49,0.7,,12/45,dreadnought_gun_305_x3,1.14,1.22,1.49,1.1,,12/45,dreadnought_gun_b_305_x3,1.14,1.22,1.49,1.1,,12/50,dreadnought_gun_c_305_x3,1.14,1.22,1.49,1.02,,12/45,dreadnought_gun_178_x3,2.04,2.2,1.49,0.78,,12/50,dreadnought_gun_178_x3,2.04,2.2,1.49,0.88,,12/50,agamemnon_gun_228_x3,1.8,1.94,1.49,0.9,,12/47,agamemnon_gun_b_228_x3,1.8,1.94,1.49,1.2,,12,warrior_gun_228_x3,1.8,1.94,1.49,0.74,,12,agamemnon_gun_305_x3,1.5,1.62,1.49,0.82,,12,irresistible_gun_305_x3,1.5,1.62,1.49,0.75,,12,hood_gun_380_x3,0.9,0.97,1.49,0.94,,12,didox_gun_cal133_x3,1.8,1.94,1.49,1.22,,12,hood_gun_140_x3,2.4,2.58,1.49,0.77,,12,dido_gun_cal200_x3,1.14,1.22,1.49,1.08,,11,dido_gun_cal133_x4,1.498,2.12,1.59,1.22,,11,british_adv_cruiser_152_gun_x4,1.475,1.575,1.59,,,,,,,,,,,,,,,,,,,,,,,,
13,kgeorge_gun_133_x1,2.344,2.46,1.44,0.98,,13,british_adv_cruiser_152_gun_x1,1.725,1.825,1.44,,,13,kgeorge_gun_380_x1_b,1.18,1.255,1.44,0.7,,13,kgeorge_gun_380_x1,1.18,1.255,1.44,0.7,,13,kgeorge_gun_380_x1_c,1.18,1.255,1.44,0.7,,13/45,dreadnought_gun_305_x1,1.23,1.31,1.44,1.09,,13/45,dreadnought_gun_b_305_x1,1.23,1.31,1.44,1.09,,13/50,dreadnought_gun_c_305_x1,1.23,1.31,1.44,1.02,,13/45,dreadnought_gun_178_x1,2.21,2.37,1.44,0.78,,13/50,dreadnought_gun_178_x1,2.21,2.37,1.44,0.87,,13/50,agamemnon_gun_228_x1,1.95,2.09,1.44,0.89,,13/47,agamemnon_gun_b_228_x1,1.95,2.09,1.44,0.99,,13,warrior_gun_228_x1,1.95,2.09,1.44,0.74,,13,agamemnon_gun_305_x1,1.625,1.745,1.44,0.82,,13,irresistible_gun_305_x1,1.625,1.745,1.44,0.75,,13,hood_gun_380_x1,0.975,1.045,1.44,0.94,,13,didox_gun_cal133_x1,1.95,2.09,1.44,1.22,,13,hood_gun_140_x1,2.6,2.78,1.44,0.77,,13,dido_gun_cal200_x1,1.23,1.31,1.44,1.06,,12,dido_gun_cal133_x4,1.62,1.73,1.49,1.22,,12,british_adv_cruiser_152_gun_x4,1.6,1.7,1.49,,,,,,,,,,,,,,,,,,,,,,,,
13,kgeorge_gun_133_x2,2.344,2.46,1.44,0.98,,13,british_adv_cruiser_152_gun_x2,1.725,1.825,1.44,,,13,kgeorge_gun_380_x2_b,1.18,1.255,1.44,0.7,,13,kgeorge_gun_380_x2,1.18,1.255,1.44,0.7,,13,kgeorge_gun_380_x2_c,1.18,1.255,1.44,0.7,,13/45,dreadnought_gun_305_x2,1.23,1.31,1.44,1.09,,13/45,dreadnought_gun_b_305_x2,1.23,1.31,1.44,1.09,,13/50,dreadnought_gun_c_305_x2,1.23,1.31,1.44,1.02,,13/45,dreadnought_gun_178_x2,2.21,2.37,1.44,0.78,,13/50,dreadnought_gun_178_x2,2.21,2.37,1.44,0.87,,13/50,agamemnon_gun_228_x2,1.95,2.09,1.44,0.89,,13/47,agamemnon_gun_b_228_x2,1.95,2.09,1.44,0.99,,13,warrior_gun_228_x2,1.95,2.09,1.44,0.74,,13,agamemnon_gun_305_x2,1.625,1.745,1.44,0.82,,13,irresistible_gun_305_x2,1.625,1.745,1.44,0.75,,13,hood_gun_380_x2,0.975,1.045,1.44,0.94,,13,didox_gun_cal133_x2,1.95,2.09,1.44,1.22,,13,hood_gun_140_x2,2.6,2.78,1.44,0.77,,13,dido_gun_cal200_x2,1.23,1.31,1.44,1.06,,13,dido_gun_cal133_x4,1.742,1.85,1.44,1.24,,13,british_adv_cruiser_152_gun_x4,1.725,1.825,1.44,,,,,,,,,,,,,,,,,,,,,,,,
13,kgeorge_gun_133_x3,2.344,2.46,1.44,0.98,,13,british_adv_cruiser_152_gun_x3,1.725,1.825,1.44,,,13,kgeorge_gun_380_x3_b,1.18,1.255,1.44,0.7,,13,kgeorge_gun_380_x3,1.18,1.255,1.44,0.7,,13,kgeorge_gun_380_x3_c,1.18,1.255,1.44,0.7,,13/45,dreadnought_gun_305_x3,1.23,1.31,1.44,1.09,,13/45,dreadnought_gun_b_305_x3,1.23,1.31,1.44,1.09,,13/50,dreadnought_gun_c_305_x3,1.23,1.31,1.44,1.02,,13/45,dreadnought_gun_178_x3,2.21,2.37,1.44,0.78,,13/50,dreadnought_gun_178_x3,2.21,2.37,1.44,0.87,,13/50,agamemnon_gun_228_x3,1.95,2.09,1.44,0.89,,13/47,agamemnon_gun_b_228_x3,1.95,2.09,1.44,1.2,,13,warrior_gun_228_x3,1.95,2.09,1.44,0.74,,13,agamemnon_gun_305_x3,1.625,1.745,1.44,0.82,,13,irresistible_gun_305_x3,1.625,1.745,1.44,0.75,,13,hood_gun_380_x3,0.975,1.045,1.44,0.94,,13,didox_gun_cal133_x3,1.95,2.09,1.44,1.22,,13,hood_gun_140_x3,2.6,2.78,1.44,0.77,,13,dido_gun_cal200_x3,1.23,1.31,1.44,1.06,,14,dido_gun_cal133_x4,1.864,1.97,1.4,1.24,,14,british_adv_cruiser_152_gun_x4,1.85,1.95,1.4,,,,,,,,,,,,,,,,,,,,,,,,
14,kgeorge_gun_133_x1,2.511,2.62,1.4,0.98,,14,british_adv_cruiser_152_gun_x1,1.85,1.95,1.4,,,14,kgeorge_gun_380_x1_b,1.27,1.345,1.4,0.7,,14,kgeorge_gun_380_x1,1.27,1.345,1.4,0.7,,14,kgeorge_gun_380_x1_c,1.27,1.345,1.4,0.7,,14/45,dreadnought_gun_305_x1,1.32,1.4,1.4,1.09,,14/45,dreadnought_gun_b_305_x1,1.32,1.4,1.4,1.09,,14/50,dreadnought_gun_c_305_x1,1.32,1.4,1.4,1.02,,14/45,dreadnought_gun_178_x1,2.38,2.54,1.4,0.78,,14/50,dreadnought_gun_178_x1,2.38,2.54,1.4,0.87,,14/50,agamemnon_gun_228_x1,2.1,2.24,1.4,0.88,,14/47,agamemnon_gun_b_228_x1,2.1,2.24,1.4,0.98,,14,warrior_gun_228_x1,2.1,2.24,1.4,0.74,,14,agamemnon_gun_305_x1,1.75,1.87,1.4,0.82,,14,irresistible_gun_305_x1,1.75,1.87,1.4,0.74,,14,hood_gun_380_x1,1.05,1.12,1.4,0.94,,14,didox_gun_cal133_x1,2.1,2.24,1.4,1.22,,14,hood_gun_140_x1,2.8,2.98,1.4,0.77,,14,dido_gun_cal200_x1,1.32,1.4,1.4,1.06,,15,dido_gun_cal133_x4,1.986,2.1,1.5,1.24,,15,british_adv_cruiser_152_gun_x4,1.975,2.075,1.5,,,,,,,,,,,,,,,,,,,,,,,,
14,kgeorge_gun_133_x2,2.511,2.62,1.4,0.98,,14,british_adv_cruiser_152_gun_x2,1.85,1.95,1.4,,,14,kgeorge_gun_380_x2_b,1.27,1.345,1.4,0.7,,14,kgeorge_gun_380_x2,1.27,1.345,1.4,0.7,,14,kgeorge_gun_380_x2_c,1.27,1.345,1.4,0.7,,14/45,dreadnought_gun_305_x2,1.32,1.4,1.4,1.09,,14/45,dreadnought_gun_b_305_x2,1.32,1.4,1.4,1.09,,14/50,dreadnought_gun_c_305_x2,1.32,1.4,1.4,1.02,,14/45,dreadnought_gun_178_x2,2.38,2.54,1.4,0.78,,14/50,dreadnought_gun_178_x2,2.38,2.54,1.4,0.87,,14/50,agamemnon_gun_228_x2,2.1,2.24,1.4,0.88,,14/47,agamemnon_gun_b_228_x2,2.1,2.24,1.4,0.98,,14,warrior_gun_228_x2,2.1,2.24,1.4,0.74,,14,agamemnon_gun_305_x2,1.75,1.87,1.4,0.82,,14,irresistible_gun_305_x2,1.75,1.87,1.4,0.74,,14,hood_gun_380_x2,1.05,1.12,1.4,0.94,,14,didox_gun_cal133_x2,2.1,2.24,1.4,1.22,,14,hood_gun_140_x2,2.8,2.98,1.4,0.77,,14,dido_gun_cal200_x2,1.32,1.4,1.4,1.06,,16,dido_gun_cal133_x4,2.108,2.22,1.565,1.24,,16,british_adv_cruiser_152_gun_x4,2.1,2.2,1.565,,,,,,,,,,,,,,,,,,,,,,,,
14,kgeorge_gun_133_x3,2.511,2.62,1.4,0.98,,14,british_adv_cruiser_152_gun_x3,1.85,1.95,1.4,,,14,kgeorge_gun_380_x3_b,1.27,1.345,1.4,0.7,,14,kgeorge_gun_380_x3,1.27,1.345,1.4,0.7,,14,kgeorge_gun_380_x3_c,1.27,1.345,1.4,0.7,,14/45,dreadnought_gun_305_x3,1.32,1.4,1.4,1.09,,14/45,dreadnought_gun_b_305_x3,1.32,1.4,1.4,1.09,,14/50,dreadnought_gun_c_305_x3,1.32,1.4,1.4,1.02,,14/45,dreadnought_gun_178_x3,2.38,2.54,1.4,0.78,,14/50,dreadnought_gun_178_x3,2.38,2.54,1.4,0.87,,14/50,agamemnon_gun_228_x3,2.1,2.24,1.4,0.88,,14/47,agamemnon_gun_b_228_x3,2.1,2.24,1.4,1.18,,14,warrior_gun_228_x3,2.1,2.24,1.4,0.74,,14,agamemnon_gun_305_x3,1.75,1.87,1.4,0.82,,14,irresistible_gun_305_x3,1.75,1.87,1.4,0.74,,14,hood_gun_380_x3,1.05,1.12,1.4,0.94,,14,didox_gun_cal133_x3,2.1,2.24,1.4,1.22,,14,hood_gun_140_x3,2.8,2.98,1.4,0.77,,14,dido_gun_cal200_x3,1.32,1.4,1.4,1.06,,17,dido_gun_cal133_x4,2.23,2.34,1.51,1.24,,17,british_adv_cruiser_152_gun_x4,2.225,2.325,1.51,,,,,,,,,,,,,,,,,,,,,,,,
15,kgeorge_gun_133_x1,2.68,2.79,1.5,0.98,,15,british_adv_cruiser_152_gun_x1,1.975,2.075,1.5,,,15,kgeorge_gun_380_x1_b,1.36,1.435,1.5,0.7,,15,kgeorge_gun_380_x1,1.36,1.435,1.5,0.7,,15,kgeorge_gun_380_x1_c,1.36,1.435,1.5,0.7,,15/45,dreadnought_gun_305_x1,1.41,1.49,1.5,1.08,,15/45,dreadnought_gun_b_305_x1,1.41,1.49,1.5,1.08,,15/50,dreadnought_gun_c_305_x1,1.41,1.49,1.5,1.02,,15/45,dreadnought_gun_178_x1,2.55,2.71,1.5,0.78,,15/50,dreadnought_gun_178_x1,2.55,2.71,1.5,0.87,,15/50,agamemnon_gun_228_x1,2.25,2.39,1.5,0.88,,15/47,agamemnon_gun_b_228_x1,2.25,2.39,1.5,0.98,,15,warrior_gun_228_x1,2.25,2.39,1.5,0.73,,15,agamemnon_gun_305_x1,1.875,1.995,1.5,0.81,,15,irresistible_gun_305_x1,1.875,1.995,1.5,0.74,,15,hood_gun_380_x1,1.125,1.195,1.5,0.94,,15,didox_gun_cal133_x1,2.25,2.39,1.5,1.2,,15,hood_gun_140_x1,3,3.18,1.5,0.76,,15,dido_gun_cal200_x1,1.41,1.49,1.5,1.06,,18,dido_gun_cal133_x4,2.352,2.46,1.51,1.24,,18,british_adv_cruiser_152_gun_x4,2.35,2.45,1.51,,,,,,,,,,,,,,,,,,,,,,,,
15,kgeorge_gun_133_x2,2.68,2.79,1.5,0.98,,15,british_adv_cruiser_152_gun_x2,1.975,2.075,1.5,,,15,kgeorge_gun_380_x2_b,1.36,1.435,1.5,0.7,,15,kgeorge_gun_380_x2,1.36,1.435,1.5,0.7,,15,kgeorge_gun_380_x2_c,1.36,1.435,1.5,0.7,,15/45,dreadnought_gun_305_x2,1.41,1.49,1.5,1.08,,15/45,dreadnought_gun_b_305_x2,1.41,1.49,1.5,1.08,,15/50,dreadnought_gun_c_305_x2,1.41,1.49,1.5,1.02,,15/45,dreadnought_gun_178_x2,2.55,2.71,1.5,0.78,,15/50,dreadnought_gun_178_x2,2.55,2.71,1.5,0.87,,15/50,agamemnon_gun_228_x2,2.25,2.39,1.5,0.88,,15/47,agamemnon_gun_b_228_x2,2.25,2.39,1.5,0.98,,15,warrior_gun_228_x2,2.25,2.39,1.5,0.73,,15,agamemnon_gun_305_x2,1.875,1.995,1.5,0.81,,15,irresistible_gun_305_x2,1.875,1.995,1.5,0.74,,15,hood_gun_380_x2,1.125,1.195,1.5,0.94,,15,didox_gun_cal133_x2,2.25,2.39,1.5,1.2,,15,hood_gun_140_x2,3,3.18,1.5,0.76,,15,dido_gun_cal200_x2,1.41,1.49,1.5,1.06,,19,dido_gun_cal133_x4,2.474,2.58,1.415,1.24,,19,british_adv_cruiser_152_gun_x4,2.475,2.575,1.415,,,,,,,,,,,,,,,,,,,,,,,,
15,kgeorge_gun_133_x3,2.68,2.79,1.5,0.98,,15,british_adv_cruiser_152_gun_x3,1.975,2.075,1.5,,,15,kgeorge_gun_380_x3_b,1.36,1.435,1.5,0.7,,15,kgeorge_gun_380_x3,1.36,1.435,1.5,0.7,,15,kgeorge_gun_380_x3_c,1.36,1.435,1.5,0.7,,15/45,dreadnought_gun_305_x3,1.41,1.49,1.5,1.08,,15/45,dreadnought_gun_b_305_x3,1.41,1.49,1.5,1.08,,15/50,dreadnought_gun_c_305_x3,1.41,1.49,1.5,1.02,,15/45,dreadnought_gun_178_x3,2.55,2.71,1.5,0.78,,15/50,dreadnought_gun_178_x3,2.55,2.71,1.5,0.87,,15/50,agamemnon_gun_228_x3,2.25,2.39,1.5,0.88,,15/47,agamemnon_gun_b_228_x3,2.25,2.39,1.5,1.18,,15,warrior_gun_228_x3,2.25,2.39,1.5,0.73,,15,agamemnon_gun_305_x3,1.875,1.995,1.5,0.81,,15,irresistible_gun_305_x3,1.875,1.995,1.5,0.74,,15,hood_gun_380_x3,1.125,1.195,1.5,0.94,,15,didox_gun_cal133_x3,2.25,2.39,1.5,1.2,,15,hood_gun_140_x3,3,3.18,1.5,0.76,,15,dido_gun_cal200_x3,1.41,1.49,1.5,1.06,,20,dido_gun_cal133_x4,2.596,2.71,1.25,1.22,,20,british_adv_cruiser_152_gun_x4,2.6,2.7,1.25,,,,,,,,,,,,,,,,,,,,,,,,
16,kgeorge_gun_133_x1,2.846,2.95,1.565,0.98,,16,british_adv_cruiser_152_gun_x1,2.1,2.2,1.565,,,16,kgeorge_gun_380_x1_b,1.45,1.525,1.565,0.69,,16,kgeorge_gun_380_x1,1.45,1.525,1.565,0.69,,16,kgeorge_gun_380_x1_c,1.45,1.525,1.565,0.69,,16/45,dreadnought_gun_305_x1,1.5,1.58,1.565,1.07,,16/45,dreadnought_gun_b_305_x1,1.5,1.58,1.565,1.07,,16/50,dreadnought_gun_c_305_x1,1.5,1.58,1.565,1.02,,16/45,dreadnought_gun_178_x1,2.72,2.88,1.565,0.78,,16/50,dreadnought_gun_178_x1,2.72,2.88,1.565,0.86,,16/50,agamemnon_gun_228_x1,2.4,2.54,1.565,0.87,,16/47,agamemnon_gun_b_228_x1,2.4,2.54,1.565,0.97,,16,warrior_gun_228_x1,2.4,2.54,1.565,0.73,,16,agamemnon_gun_305_x1,2,2.12,1.565,0.81,,16,irresistible_gun_305_x1,2,2.12,1.565,0.73,,16,hood_gun_380_x1,1.2,1.27,1.565,0.92,,16,didox_gun_cal133_x1,2.4,2.54,1.565,1.2,,16,hood_gun_140_x1,3.2,3.38,1.565,0.76,,16,dido_gun_cal200_x1,1.5,1.58,1.565,1.06,,,,,,,,,,,,,,,,,,,,,,,,,,,,,,,,,,,,,
16,kgeorge_gun_133_x2,2.846,2.95,1.565,0.98,,16,british_adv_cruiser_152_gun_x2,2.1,2.2,1.565,,,16,kgeorge_gun_380_x2_b,1.45,1.525,1.565,0.69,,16,kgeorge_gun_380_x2,1.45,1.525,1.565,0.69,,16,kgeorge_gun_380_x2_c,1.45,1.525,1.565,0.69,,16/45,dreadnought_gun_305_x2,1.5,1.58,1.565,1.07,,16/45,dreadnought_gun_b_305_x2,1.5,1.58,1.565,1.07,,16/50,dreadnought_gun_c_305_x2,1.5,1.58,1.565,1.02,,16/45,dreadnought_gun_178_x2,2.72,2.88,1.565,0.78,,16/50,dreadnought_gun_178_x2,2.72,2.88,1.565,0.86,,16/50,agamemnon_gun_228_x2,2.4,2.54,1.565,0.87,,16/47,agamemnon_gun_b_228_x2,2.4,2.54,1.565,0.97,,16,warrior_gun_228_x2,2.4,2.54,1.565,0.73,,16,agamemnon_gun_305_x2,2,2.12,1.565,0.81,,16,irresistible_gun_305_x2,2,2.12,1.565,0.73,,16,hood_gun_380_x2,1.2,1.27,1.565,0.92,,16,didox_gun_cal133_x2,2.4,2.54,1.565,1.2,,16,hood_gun_140_x2,3.2,3.38,1.565,0.76,,16,dido_gun_cal200_x2,1.5,1.58,1.565,1.06,,,,,,,,,,,,,,,,,,,,,,,,,,,,,,,,,,,,,
16,kgeorge_gun_133_x3,2.846,2.95,1.565,0.98,,16,british_adv_cruiser_152_gun_x3,2.1,2.2,1.565,,,16,kgeorge_gun_380_x3_b,1.45,1.525,1.565,0.69,,16,kgeorge_gun_380_x3,1.45,1.525,1.565,0.69,,16,kgeorge_gun_380_x3_c,1.45,1.525,1.565,0.69,,16/45,dreadnought_gun_305_x3,1.5,1.58,1.565,1.07,,16/45,dreadnought_gun_b_305_x3,1.5,1.58,1.565,1.07,,16/50,dreadnought_gun_c_305_x3,1.5,1.58,1.565,1.02,,16/45,dreadnought_gun_178_x3,2.72,2.88,1.565,0.78,,16/50,dreadnought_gun_178_x3,2.72,2.88,1.565,0.86,,16/50,agamemnon_gun_228_x3,2.4,2.54,1.565,0.87,,16/47,agamemnon_gun_b_228_x3,2.4,2.54,1.565,1.17,,16,warrior_gun_228_x3,2.4,2.54,1.565,0.73,,16,agamemnon_gun_305_x3,2,2.12,1.565,0.81,,16,irresistible_gun_305_x3,2,2.12,1.565,0.73,,16,hood_gun_380_x3,1.2,1.27,1.565,0.92,,16,didox_gun_cal133_x3,2.4,2.54,1.565,1.2,,16,hood_gun_140_x3,3.2,3.38,1.565,0.76,,16,dido_gun_cal200_x3,1.5,1.58,1.565,1.06,,,,,,,,,,,,,,,,,,,,,,,,,,,,,,,,,,,,,
17,kgeorge_gun_133_x1,3.013,3.12,1.51,0.98,,17,british_adv_cruiser_152_gun_x1,2.225,2.325,1.51,,,17,kgeorge_gun_380_x1_b,1.54,1.615,1.51,0.69,,17,kgeorge_gun_380_x1,1.54,1.615,1.51,0.69,,17,kgeorge_gun_380_x1_c,1.54,1.615,1.51,0.69,,17/45,dreadnought_gun_305_x1,1.59,1.67,1.51,1.07,,17/45,dreadnought_gun_b_305_x1,1.59,1.67,1.51,1.07,,17/50,dreadnought_gun_c_305_x1,1.59,1.67,1.51,1.02,,17/45,dreadnought_gun_178_x1,2.89,3.05,1.51,0.77,,17/50,dreadnought_gun_178_x1,2.89,3.05,1.51,0.86,,17/50,agamemnon_gun_228_x1,2.55,2.69,1.51,0.87,,17/47,agamemnon_gun_b_228_x1,2.55,2.69,1.51,0.97,,17,warrior_gun_228_x1,2.55,2.69,1.51,0.73,,17,agamemnon_gun_305_x1,2.125,2.245,1.51,0.8,,17,irresistible_gun_305_x1,2.125,2.245,1.51,0.73,,17,hood_gun_380_x1,1.275,1.345,1.51,0.92,,17,didox_gun_cal133_x1,2.55,2.69,1.51,1.2,,17,hood_gun_140_x1,3.4,3.58,1.51,0.75,,17,dido_gun_cal200_x1,1.59,1.67,1.51,1.06,,,,,,,,,,,,,,,,,,,,,,,,,,,,,,,,,,,,,
17,kgeorge_gun_133_x2,3.013,3.12,1.51,0.98,,17,british_adv_cruiser_152_gun_x2,2.225,2.325,1.51,,,17,kgeorge_gun_380_x2_b,1.54,1.615,1.51,0.69,,17,kgeorge_gun_380_x2,1.54,1.615,1.51,0.69,,17,kgeorge_gun_380_x2_c,1.54,1.615,1.51,0.69,,17/45,dreadnought_gun_305_x2,1.59,1.67,1.51,1.07,,17/45,dreadnought_gun_b_305_x2,1.59,1.67,1.51,1.07,,17/50,dreadnought_gun_c_305_x2,1.59,1.67,1.51,1.02,,17/45,dreadnought_gun_178_x2,2.89,3.05,1.51,0.77,,17/50,dreadnought_gun_178_x2,2.89,3.05,1.51,0.86,,17/50,agamemnon_gun_228_x2,2.55,2.69,1.51,0.87,,17/47,agamemnon_gun_b_228_x2,2.55,2.69,1.51,0.97,,17,warrior_gun_228_x2,2.55,2.69,1.51,0.73,,17,agamemnon_gun_305_x2,2.125,2.245,1.51,0.8,,17,irresistible_gun_305_x2,2.125,2.245,1.51,0.73,,17,hood_gun_380_x2,1.275,1.345,1.51,0.92,,17,didox_gun_cal133_x2,2.55,2.69,1.51,1.2,,17,hood_gun_140_x2,3.4,3.58,1.51,0.75,,17,dido_gun_cal200_x2,1.59,1.67,1.51,1.06,,,,,,,,,,,,,,,,,,,,,,,,,,,,,,,,,,,,,
17,kgeorge_gun_133_x3,3.013,3.12,1.51,0.98,,17,british_adv_cruiser_152_gun_x3,2.225,2.325,1.51,,,17,kgeorge_gun_380_x3_b,1.54,1.615,1.51,0.69,,17,kgeorge_gun_380_x3,1.54,1.615,1.51,0.69,,17,kgeorge_gun_380_x3_c,1.54,1.615,1.51,0.69,,17/45,dreadnought_gun_305_x3,1.59,1.67,1.51,1.07,,17/45,dreadnought_gun_b_305_x3,1.59,1.67,1.51,1.07,,17/50,dreadnought_gun_c_305_x3,1.59,1.67,1.51,1.02,,17/45,dreadnought_gun_178_x3,2.89,3.05,1.51,0.77,,17/50,dreadnought_gun_178_x3,2.89,3.05,1.51,0.86,,17/50,agamemnon_gun_228_x3,2.55,2.69,1.51,0.87,,17/47,agamemnon_gun_b_228_x3,2.55,2.69,1.51,1.17,,17,warrior_gun_228_x3,2.55,2.69,1.51,0.73,,17,agamemnon_gun_305_x3,2.125,2.245,1.51,0.8,,17,irresistible_gun_305_x3,2.125,2.245,1.51,0.73,,17,hood_gun_380_x3,1.275,1.345,1.51,0.92,,17,didox_gun_cal133_x3,2.55,2.69,1.51,1.2,,17,hood_gun_140_x3,3.4,3.58,1.51,0.75,,17,dido_gun_cal200_x3,1.59,1.67,1.51,1.06,,,,,,,,,,,,,,,,,,,,,,,,,,,,,,,,,,,,,
18,kgeorge_gun_133_x1,3.18,3.3,1.51,0.98,,18,british_adv_cruiser_152_gun_x1,2.35,2.45,1.51,,,18,kgeorge_gun_380_x1_b,1.63,1.705,1.51,0.68,,18,kgeorge_gun_380_x1,1.63,1.705,1.51,0.68,,18,kgeorge_gun_380_x1_c,1.63,1.705,1.51,0.68,,18/45,dreadnought_gun_305_x1,1.68,1.76,1.51,1.07,,18/45,dreadnought_gun_b_305_x1,1.68,1.76,1.51,1.07,,18/50,dreadnought_gun_c_305_x1,1.68,1.76,1.51,1.02,,18/45,dreadnought_gun_178_x1,3.06,3.22,1.51,0.77,,18/50,dreadnought_gun_178_x1,3.06,3.22,1.51,0.85,,18/50,agamemnon_gun_228_x1,2.7,2.84,1.51,0.87,,18/47,agamemnon_gun_b_228_x1,2.7,2.84,1.51,0.96,,18,warrior_gun_228_x1,2.7,2.84,1.51,0.72,,18,agamemnon_gun_305_x1,2.25,2.37,1.51,0.8,,18,irresistible_gun_305_x1,2.25,2.37,1.51,0.73,,18,hood_gun_380_x1,1.35,1.42,1.51,0.92,,18,didox_gun_cal133_x1,2.7,2.84,1.51,1.2,,18,hood_gun_140_x1,3.6,3.78,1.51,0.75,,18,dido_gun_cal200_x1,1.68,1.76,1.51,1.06,,,,,,,,,,,,,,,,,,,,,,,,,,,,,,,,,,,,,
18,kgeorge_gun_133_x2,3.18,3.3,1.51,0.98,,18,british_adv_cruiser_152_gun_x2,2.35,2.45,1.51,,,18,kgeorge_gun_380_x2_b,1.63,1.705,1.51,0.68,,18,kgeorge_gun_380_x2,1.63,1.705,1.51,0.68,,18,kgeorge_gun_380_x2_c,1.63,1.705,1.51,0.68,,18/45,dreadnought_gun_305_x2,1.68,1.76,1.51,1.07,,18/45,dreadnought_gun_b_305_x2,1.68,1.76,1.51,1.07,,18/50,dreadnought_gun_c_305_x2,1.68,1.76,1.51,1.02,,18/45,dreadnought_gun_178_x2,3.06,3.22,1.51,0.77,,18/50,dreadnought_gun_178_x2,3.06,3.22,1.51,0.85,,18/50,agamemnon_gun_228_x2,2.7,2.84,1.51,0.87,,18/47,agamemnon_gun_b_228_x2,2.7,2.84,1.51,0.96,,18,warrior_gun_228_x2,2.7,2.84,1.51,0.72,,18,agamemnon_gun_305_x2,2.25,2.37,1.51,0.8,,18,irresistible_gun_305_x2,2.25,2.37,1.51,0.73,,18,hood_gun_380_x2,1.35,1.42,1.51,0.92,,18,didox_gun_cal133_x2,2.7,2.84,1.51,1.2,,18,hood_gun_140_x2,3.6,3.78,1.51,0.75,,18,dido_gun_cal200_x2,1.68,1.76,1.51,1.06,,,,,,,,,,,,,,,,,,,,,,,,,,,,,,,,,,,,,
18,kgeorge_gun_133_x3,3.18,3.3,1.51,0.98,,18,british_adv_cruiser_152_gun_x3,2.35,2.45,1.51,,,18,kgeorge_gun_380_x3_b,1.63,1.705,1.51,0.68,,18,kgeorge_gun_380_x3,1.63,1.705,1.51,0.68,,18,kgeorge_gun_380_x3_c,1.63,1.705,1.51,0.68,,18/45,dreadnought_gun_305_x3,1.68,1.76,1.51,1.07,,18/45,dreadnought_gun_b_305_x3,1.68,1.76,1.51,1.07,,18/50,dreadnought_gun_c_305_x3,1.68,1.76,1.51,1.02,,18/45,dreadnought_gun_178_x3,3.06,3.22,1.51,0.77,,18/50,dreadnought_gun_178_x3,3.06,3.22,1.51,0.85,,18/50,agamemnon_gun_228_x3,2.7,2.84,1.51,0.87,,18/47,agamemnon_gun_b_228_x3,2.7,2.84,1.51,1.16,,18,warrior_gun_228_x3,2.7,2.84,1.51,0.72,,18,agamemnon_gun_305_x3,2.25,2.37,1.51,0.8,,18,irresistible_gun_305_x3,2.25,2.37,1.51,0.73,,18,hood_gun_380_x3,1.35,1.42,1.51,0.92,,18,didox_gun_cal133_x3,2.7,2.84,1.51,1.2,,18,hood_gun_140_x3,3.6,3.78,1.51,0.75,,18,dido_gun_cal200_x3,1.68,1.76,1.51,1.06,,,,,,,,,,,,,,,,,,,,,,,,,,,,,,,,,,,,,
19,kgeorge_gun_133_x1,3.348,3.45,1.415,0.98,,19,british_adv_cruiser_152_gun_x1,2.475,2.575,1.415,,,19,kgeorge_gun_380_x1_b,1.72,1.795,1.415,0.68,,19,kgeorge_gun_380_x1,1.72,1.795,1.415,0.68,,19,kgeorge_gun_380_x1_c,1.72,1.795,1.415,0.68,,19/45,dreadnought_gun_305_x1,1.77,1.85,1.415,1.07,,19/45,dreadnought_gun_b_305_x1,1.77,1.85,1.415,1.07,,19/50,dreadnought_gun_c_305_x1,1.77,1.85,1.415,1,,19/45,dreadnought_gun_178_x1,3.23,3.39,1.415,0.77,,19/50,dreadnought_gun_178_x1,3.23,3.39,1.415,0.85,,19/50,agamemnon_gun_228_x1,2.85,2.99,1.415,0.86,,19/47,agamemnon_gun_b_228_x1,2.85,2.84,1.415,0.96,,19,warrior_gun_228_x1,2.85,2.99,1.415,0.72,,19,agamemnon_gun_305_x1,2.375,2.495,1.415,0.8,,19,irresistible_gun_305_x1,2.375,2.495,1.415,0.73,,19,hood_gun_380_x1,1.425,1.495,1.415,0.92,,19,didox_gun_cal133_x1,2.85,2.99,1.415,1.18,,19,hood_gun_140_x1,3.8,3.98,1.415,0.75,,19,dido_gun_cal200_x1,1.77,1.85,1.415,1.06,,,,,,,,,,,,,,,,,,,,,,,,,,,,,,,,,,,,,
19,kgeorge_gun_133_x2,3.348,3.45,1.415,0.98,,19,british_adv_cruiser_152_gun_x2,2.475,2.575,1.415,,,19,kgeorge_gun_380_x2_b,1.72,1.795,1.415,0.68,,19,kgeorge_gun_380_x2,1.72,1.795,1.415,0.68,,19,kgeorge_gun_380_x2_c,1.72,1.795,1.415,0.68,,19/45,dreadnought_gun_305_x2,1.77,1.85,1.415,1.07,,19/45,dreadnought_gun_b_305_x2,1.77,1.85,1.415,1.07,,19/50,dreadnought_gun_c_305_x2,1.77,1.85,1.415,1,,19/45,dreadnought_gun_178_x2,3.23,3.39,1.415,0.77,,19/50,dreadnought_gun_178_x2,3.23,3.39,1.415,0.85,,19/50,agamemnon_gun_228_x2,2.85,2.99,1.415,0.86,,19/47,agamemnon_gun_b_228_x2,2.85,2.84,1.415,0.96,,19,warrior_gun_228_x2,2.85,2.99,1.415,0.72,,19,agamemnon_gun_305_x2,2.375,2.495,1.415,0.8,,19,irresistible_gun_305_x2,2.375,2.495,1.415,0.73,,19,hood_gun_380_x2,1.425,1.495,1.415,0.92,,19,didox_gun_cal133_x2,2.85,2.99,1.415,1.18,,19,hood_gun_140_x2,3.8,3.98,1.415,0.75,,19,dido_gun_cal200_x2,1.77,1.85,1.415,1.06,,,,,,,,,,,,,,,,,,,,,,,,,,,,,,,,,,,,,
19,kgeorge_gun_133_x3,3.348,3.45,1.415,0.98,,19,british_adv_cruiser_152_gun_x3,2.475,2.575,1.415,,,19,kgeorge_gun_380_x3_b,1.72,1.795,1.415,0.68,,19,kgeorge_gun_380_x3,1.72,1.795,1.415,0.68,,19,kgeorge_gun_380_x3_c,1.72,1.795,1.415,0.68,,19/45,dreadnought_gun_305_x3,1.77,1.85,1.415,1.07,,19/45,dreadnought_gun_b_305_x3,1.77,1.85,1.415,1.07,,19/50,dreadnought_gun_c_305_x3,1.77,1.85,1.415,1,,19/45,dreadnought_gun_178_x3,3.23,3.39,1.415,0.77,,19/50,dreadnought_gun_178_x3,3.23,3.39,1.415,0.85,,19/50,agamemnon_gun_228_x3,2.85,2.99,1.415,0.86,,19/47,agamemnon_gun_b_228_x3,2.85,2.84,1.415,1.16,,19,warrior_gun_228_x3,2.85,2.99,1.415,0.72,,19,agamemnon_gun_305_x3,2.375,2.495,1.415,0.8,,19,irresistible_gun_305_x3,2.375,2.495,1.415,0.73,,19,hood_gun_380_x3,1.425,1.495,1.415,0.92,,19,didox_gun_cal133_x3,2.85,2.99,1.415,1.18,,19,hood_gun_140_x3,3.8,3.98,1.415,0.75,,19,dido_gun_cal200_x3,1.77,1.85,1.415,1.06,,,,,,,,,,,,,,,,,,,,,,,,,,,,,,,,,,,,,
20,kgeorge_gun_133_x1,3.515,3.6,1.25,0.98,,20,british_adv_cruiser_152_gun_x1,2.6,2.7,1.25,,,20,kgeorge_gun_380_x1_b,1.81,1.885,1.25,0.68,,20,kgeorge_gun_380_x1,1.81,1.885,1.25,0.68,,20,kgeorge_gun_380_x1_c,1.81,1.885,1.25,0.68,,20/45,dreadnought_gun_305_x1,1.86,1.94,1.25,1.06,,20/45,dreadnought_gun_b_305_x1,1.86,1.94,1.25,1.06,,20/50,dreadnought_gun_c_305_x1,1.86,1.94,1.25,1,,20/45,dreadnought_gun_178_x1,3.4,3.56,1.25,0.76,,20/50,dreadnought_gun_178_x1,3.4,3.56,1.25,0.84,,20/50,agamemnon_gun_228_x1,3,3.14,1.25,0.86,,20/47,agamemnon_gun_b_228_x1,3,3.14,1.25,0.95,,20,warrior_gun_228_x1,3,3.14,1.25,0.72,,20,agamemnon_gun_305_x1,2.5,2.61,1.25,0.8,,20,irresistible_gun_305_x1,2.5,2.61,1.25,0.73,,20,hood_gun_380_x1,1.5,1.57,1.25,0.9,,20,didox_gun_cal133_x1,3,3.14,1.25,1.18,,20,hood_gun_140_x1,4,4.18,1.25,0.74,,20,dido_gun_cal200_x1,1.86,1.94,1.25,1.06,,,,,,,,,,,,,,,,,,,,,,,,,,,,,,,,,,,,,
20,kgeorge_gun_133_x2,3.515,3.6,1.25,0.98,,20,british_adv_cruiser_152_gun_x2,2.6,2.7,1.25,,,20,kgeorge_gun_380_x2_b,1.81,1.885,1.25,0.68,,20,kgeorge_gun_380_x2,1.81,1.885,1.25,0.68,,20,kgeorge_gun_380_x2_c,1.81,1.885,1.25,0.68,,20/45,dreadnought_gun_305_x2,1.86,1.94,1.25,1.06,,20/45,dreadnought_gun_b_305_x2,1.86,1.94,1.25,1.06,,20/50,dreadnought_gun_c_305_x2,1.86,1.94,1.25,1,,20/45,dreadnought_gun_178_x2,3.4,3.56,1.25,0.76,,20/50,dreadnought_gun_178_x2,3.4,3.56,1.25,0.84,,20/50,agamemnon_gun_228_x2,3,3.14,1.25,0.86,,20/47,agamemnon_gun_b_228_x2,3,3.14,1.25,0.95,,20,warrior_gun_228_x2,3,3.14,1.25,0.72,,20,agamemnon_gun_305_x2,2.5,2.61,1.25,0.8,,20,irresistible_gun_305_x2,2.5,2.61,1.25,0.73,,20,hood_gun_380_x2,1.5,1.57,1.25,0.9,,20,didox_gun_cal133_x2,3,3.14,1.25,1.18,,20,hood_gun_140_x2,4,4.18,1.25,0.74,,20,dido_gun_cal200_x2,1.86,1.94,1.25,1.06,,,,,,,,,,,,,,,,,,,,,,,,,,,,,,,,,,,,,
20,kgeorge_gun_133_x3,3.515,3.6,1.25,0.98,,20,british_adv_cruiser_152_gun_x3,2.6,2.7,1.25,,,20,kgeorge_gun_380_x3_b,1.81,1.885,1.25,0.68,,20,kgeorge_gun_380_x3,1.81,1.885,1.25,0.68,,20,kgeorge_gun_380_x3_c,1.81,1.885,1.25,0.68,,20/45,dreadnought_gun_305_x3,1.86,1.94,1.25,1.06,,20/45,dreadnought_gun_b_305_x3,1.86,1.94,1.25,1.06,,20/50,dreadnought_gun_c_305_x3,1.86,1.94,1.25,1,,20/45,dreadnought_gun_178_x3,3.4,3.56,1.25,0.76,,20/50,dreadnought_gun_178_x3,3.4,3.56,1.25,0.84,,20/50,agamemnon_gun_228_x3,3,3.14,1.25,0.86,,20/47,agamemnon_gun_b_228_x3,3,3.14,1.25,1.15,,20,warrior_gun_228_x3,3,3.14,1.25,0.72,,20,agamemnon_gun_305_x3,2.5,2.61,1.25,0.8,,20,irresistible_gun_305_x3,2.5,2.61,1.25,0.73,,20,hood_gun_380_x3,1.5,1.57,1.25,0.9,,20,didox_gun_cal133_x3,3,3.14,1.25,1.18,,20,hood_gun_140_x3,4,4.18,1.25,0.74,,20,dido_gun_cal200_x3,1.86,1.94,1.25,1.06,,,,,,,,,,,,,,,,,,,,,,,,,,,,,,,,,,,,,
,DUTCH,,,,,,,,,,,,,,,,,,,,,,,,,,,,,,,,,,,,,,,,,,,,,,,,,,,,,,,,,,,,,,,,,,,,,,,,,,,,,,,,,,,,,,,,,,,,,,,,,,,,,,,,,,,,,,,,,,,,,,,,,,,,,,,,,,,,,,,,,,,,,,,,,,,,,,,,,,,,,,,,,,,,,,,
2,de_Ruyter_gun_150_x1,0.5,0.675,10,2.15,,,QUAD,,,,,,,,,,,,,,,,,,,,,,,,,,,,,,,,,,,,,,,,,,,,,,,,,,,,,,,,,,,,,,,,,,,,,,,,,,,,,,,,,,,,,,,,,,,,,,,,,,,,,,,,,,,,,,,,,,,,,,,,,,,,,,,,,,,,,,,,,,,,,,,,,,,,,,,,,,,,,,,,
2,de_Ruyter_gun_150_x2,0.5,0.675,10,2.15,,2,de_Ruyter_gun_150_x4,0.5,0.675,10,2.15,,,,,,,,,,,,,,,,,,,,,,,,,,,,,,,,,,,,,,,,,,,,,,,,,,,,,,,,,,,,,,,,,,,,,,,,,,,,,,,,,,,,,,,,,,,,,,,,,,,,,,,,,,,,,,,,,,,,,,,,,,,,,,,,,,,,,,,,,,,,,,,,,,,,,,,,,,,,
2,de_Ruyter_gun_150_x3,0.5,0.675,10,2.15,,3,de_Ruyter_gun_150_x4,0.7,0.875,10,1.95,,,,,,,,,,,,,,,,,,,,,,,,,,,,,,,,,,,,,,,,,,,,,,,,,,,,,,,,,,,,,,,,,,,,,,,,,,,,,,,,,,,,,,,,,,,,,,,,,,,,,,,,,,,,,,,,,,,,,,,,,,,,,,,,,,,,,,,,,,,,,,,,,,,,,,,,,,,,
3,de_Ruyter_gun_150_x1,0.7,0.875,10,1.95,,4,de_Ruyter_gun_150_x4,0.9,1.075,8.25,1.675,,,,,,,,,,,,,,,,,,,,,,,,,,,,,,,,,,,,,,,,,,,,,,,,,,,,,,,,,,,,,,,,,,,,,,,,,,,,,,,,,,,,,,,,,,,,,,,,,,,,,,,,,,,,,,,,,,,,,,,,,,,,,,,,,,,,,,,,,,,,,,,,,,,,,,,,,,,,
3,de_Ruyter_gun_150_x2,0.7,0.875,10,1.95,,5,de_Ruyter_gun_150_x4,1.1,1.275,5.25,1.35,,,,,,,,,,,,,,,,,,,,,,,,,,,,,,,,,,,,,,,,,,,,,,,,,,,,,,,,,,,,,,,,,,,,,,,,,,,,,,,,,,,,,,,,,,,,,,,,,,,,,,,,,,,,,,,,,,,,,,,,,,,,,,,,,,,,,,,,,,,,,,,,,,,,,,,,,,,,
3,de_Ruyter_gun_150_x3,0.7,0.875,10,1.95,,6,de_Ruyter_gun_150_x4,1.3,1.475,3.7,1.3,,,,,,,,,,,,,,,,,,,,,,,,,,,,,,,,,,,,,,,,,,,,,,,,,,,,,,,,,,,,,,,,,,,,,,,,,,,,,,,,,,,,,,,,,,,,,,,,,,,,,,,,,,,,,,,,,,,,,,,,,,,,,,,,,,,,,,,,,,,,,,,,,,,,,,,,,,,,
4,de_Ruyter_gun_150_x1,0.9,1.075,8.25,1.675,,7,de_Ruyter_gun_150_x4,1.5,1.675,3.1,1.275,,,,,,,,,,,,,,,,,,,,,,,,,,,,,,,,,,,,,,,,,,,,,,,,,,,,,,,,,,,,,,,,,,,,,,,,,,,,,,,,,,,,,,,,,,,,,,,,,,,,,,,,,,,,,,,,,,,,,,,,,,,,,,,,,,,,,,,,,,,,,,,,,,,,,,,,,,,,
4,de_Ruyter_gun_150_x2,0.9,1.075,8.25,1.675,,8,de_Ruyter_gun_150_x4,1.7,1.875,2.5,1.26,,,,,,,,,,,,,,,,,,,,,,,,,,,,,,,,,,,,,,,,,,,,,,,,,,,,,,,,,,,,,,,,,,,,,,,,,,,,,,,,,,,,,,,,,,,,,,,,,,,,,,,,,,,,,,,,,,,,,,,,,,,,,,,,,,,,,,,,,,,,,,,,,,,,,,,,,,,,
4,de_Ruyter_gun_150_x3,0.9,1.075,8.25,1.675,,9,de_Ruyter_gun_150_x4,1.9,2.075,1.95,1.24,,,,,,,,,,,,,,,,,,,,,,,,,,,,,,,,,,,,,,,,,,,,,,,,,,,,,,,,,,,,,,,,,,,,,,,,,,,,,,,,,,,,,,,,,,,,,,,,,,,,,,,,,,,,,,,,,,,,,,,,,,,,,,,,,,,,,,,,,,,,,,,,,,,,,,,,,,,,
5,de_Ruyter_gun_150_x1,1.1,1.275,5.25,1.35,,10,de_Ruyter_gun_150_x4,2.1,2.275,1.74,1.2,,,,,,,,,,,,,,,,,,,,,,,,,,,,,,,,,,,,,,,,,,,,,,,,,,,,,,,,,,,,,,,,,,,,,,,,,,,,,,,,,,,,,,,,,,,,,,,,,,,,,,,,,,,,,,,,,,,,,,,,,,,,,,,,,,,,,,,,,,,,,,,,,,,,,,,,,,,,
5,de_Ruyter_gun_150_x2,1.1,1.275,5.25,1.35,,11,de_Ruyter_gun_150_x4,2.3,2.475,1.59,0.95,,,,,,,,,,,,,,,,,,,,,,,,,,,,,,,,,,,,,,,,,,,,,,,,,,,,,,,,,,,,,,,,,,,,,,,,,,,,,,,,,,,,,,,,,,,,,,,,,,,,,,,,,,,,,,,,,,,,,,,,,,,,,,,,,,,,,,,,,,,,,,,,,,,,,,,,,,,,
5,de_Ruyter_gun_150_x3,1.1,1.275,5.25,1.35,,12,de_Ruyter_gun_150_x4,2.5,2.675,1.49,0.95,,,,,,,,,,,,,,,,,,,,,,,,,,,,,,,,,,,,,,,,,,,,,,,,,,,,,,,,,,,,,,,,,,,,,,,,,,,,,,,,,,,,,,,,,,,,,,,,,,,,,,,,,,,,,,,,,,,,,,,,,,,,,,,,,,,,,,,,,,,,,,,,,,,,,,,,,,,,
6,de_Ruyter_gun_150_x1,1.3,1.475,3.7,1.3,,13,de_Ruyter_gun_150_x4,2.7,2.875,1.44,0.95,,,,,,,,,,,,,,,,,,,,,,,,,,,,,,,,,,,,,,,,,,,,,,,,,,,,,,,,,,,,,,,,,,,,,,,,,,,,,,,,,,,,,,,,,,,,,,,,,,,,,,,,,,,,,,,,,,,,,,,,,,,,,,,,,,,,,,,,,,,,,,,,,,,,,,,,,,,,
6,de_Ruyter_gun_150_x2,1.3,1.475,3.7,1.3,,14,de_Ruyter_gun_150_x4,2.9,3.075,1.4,0.95,,,,,,,,,,,,,,,,,,,,,,,,,,,,,,,,,,,,,,,,,,,,,,,,,,,,,,,,,,,,,,,,,,,,,,,,,,,,,,,,,,,,,,,,,,,,,,,,,,,,,,,,,,,,,,,,,,,,,,,,,,,,,,,,,,,,,,,,,,,,,,,,,,,,,,,,,,,,
6,de_Ruyter_gun_150_x3,1.3,1.475,3.7,1.3,,15,de_Ruyter_gun_150_x4,3.1,3.275,1.5,0.95,,,,,,,,,,,,,,,,,,,,,,,,,,,,,,,,,,,,,,,,,,,,,,,,,,,,,,,,,,,,,,,,,,,,,,,,,,,,,,,,,,,,,,,,,,,,,,,,,,,,,,,,,,,,,,,,,,,,,,,,,,,,,,,,,,,,,,,,,,,,,,,,,,,,,,,,,,,,
7,de_Ruyter_gun_150_x1,1.5,1.675,3.1,1.275,,16,de_Ruyter_gun_150_x4,3.3,3.475,1.565,0.95,,,,,,,,,,,,,,,,,,,,,,,,,,,,,,,,,,,,,,,,,,,,,,,,,,,,,,,,,,,,,,,,,,,,,,,,,,,,,,,,,,,,,,,,,,,,,,,,,,,,,,,,,,,,,,,,,,,,,,,,,,,,,,,,,,,,,,,,,,,,,,,,,,,,,,,,,,,,
7,de_Ruyter_gun_150_x2,1.5,1.675,3.1,1.275,,17,de_Ruyter_gun_150_x4,3.5,3.675,1.51,0.95,,,,,,,,,,,,,,,,,,,,,,,,,,,,,,,,,,,,,,,,,,,,,,,,,,,,,,,,,,,,,,,,,,,,,,,,,,,,,,,,,,,,,,,,,,,,,,,,,,,,,,,,,,,,,,,,,,,,,,,,,,,,,,,,,,,,,,,,,,,,,,,,,,,,,,,,,,,,
7,de_Ruyter_gun_150_x3,1.5,1.675,3.1,1.275,,18,de_Ruyter_gun_150_x4,3.7,3.875,1.51,0.95,,,,,,,,,,,,,,,,,,,,,,,,,,,,,,,,,,,,,,,,,,,,,,,,,,,,,,,,,,,,,,,,,,,,,,,,,,,,,,,,,,,,,,,,,,,,,,,,,,,,,,,,,,,,,,,,,,,,,,,,,,,,,,,,,,,,,,,,,,,,,,,,,,,,,,,,,,,,
8,de_Ruyter_gun_150_x1,1.7,1.875,2.5,1.26,,19,de_Ruyter_gun_150_x4,3.9,4.075,1.415,0.95,,,,,,,,,,,,,,,,,,,,,,,,,,,,,,,,,,,,,,,,,,,,,,,,,,,,,,,,,,,,,,,,,,,,,,,,,,,,,,,,,,,,,,,,,,,,,,,,,,,,,,,,,,,,,,,,,,,,,,,,,,,,,,,,,,,,,,,,,,,,,,,,,,,,,,,,,,,,
8,de_Ruyter_gun_150_x2,1.7,1.875,2.5,1.26,,20,de_Ruyter_gun_150_x4,4.1,4.275,1.25,0.935,,,,,,,,,,,,,,,,,,,,,,,,,,,,,,,,,,,,,,,,,,,,,,,,,,,,,,,,,,,,,,,,,,,,,,,,,,,,,,,,,,,,,,,,,,,,,,,,,,,,,,,,,,,,,,,,,,,,,,,,,,,,,,,,,,,,,,,,,,,,,,,,,,,,,,,,,,,,
8,de_Ruyter_gun_150_x3,1.7,1.875,2.5,1.26,,,,,,,,,,,,,,,,,,,,,,,,,,,,,,,,,,,,,,,,,,,,,,,,,,,,,,,,,,,,,,,,,,,,,,,,,,,,,,,,,,,,,,,,,,,,,,,,,,,,,,,,,,,,,,,,,,,,,,,,,,,,,,,,,,,,,,,,,,,,,,,,,,,,,,,,,,,,,,,,,,,
9,de_Ruyter_gun_150_x1,1.9,2.075,1.95,1.24,,,,,,,,,,,,,,,,,,,,,,,,,,,,,,,,,,,,,,,,,,,,,,,,,,,,,,,,,,,,,,,,,,,,,,,,,,,,,,,,,,,,,,,,,,,,,,,,,,,,,,,,,,,,,,,,,,,,,,,,,,,,,,,,,,,,,,,,,,,,,,,,,,,,,,,,,,,,,,,,,,,
9,de_Ruyter_gun_150_x2,1.9,2.075,1.95,1.24,,,,,,,,,,,,,,,,,,,,,,,,,,,,,,,,,,,,,,,,,,,,,,,,,,,,,,,,,,,,,,,,,,,,,,,,,,,,,,,,,,,,,,,,,,,,,,,,,,,,,,,,,,,,,,,,,,,,,,,,,,,,,,,,,,,,,,,,,,,,,,,,,,,,,,,,,,,,,,,,,,,
9,de_Ruyter_gun_150_x3,1.9,2.075,1.95,1.24,,,,,,,,,,,,,,,,,,,,,,,,,,,,,,,,,,,,,,,,,,,,,,,,,,,,,,,,,,,,,,,,,,,,,,,,,,,,,,,,,,,,,,,,,,,,,,,,,,,,,,,,,,,,,,,,,,,,,,,,,,,,,,,,,,,,,,,,,,,,,,,,,,,,,,,,,,,,,,,,,,,
10,de_Ruyter_gun_150_x1,2.1,2.275,1.74,1.2,,,,,,,,,,,,,,,,,,,,,,,,,,,,,,,,,,,,,,,,,,,,,,,,,,,,,,,,,,,,,,,,,,,,,,,,,,,,,,,,,,,,,,,,,,,,,,,,,,,,,,,,,,,,,,,,,,,,,,,,,,,,,,,,,,,,,,,,,,,,,,,,,,,,,,,,,,,,,,,,,,,
10,de_Ruyter_gun_150_x2,2.1,2.275,1.74,1.2,,,,,,,,,,,,,,,,,,,,,,,,,,,,,,,,,,,,,,,,,,,,,,,,,,,,,,,,,,,,,,,,,,,,,,,,,,,,,,,,,,,,,,,,,,,,,,,,,,,,,,,,,,,,,,,,,,,,,,,,,,,,,,,,,,,,,,,,,,,,,,,,,,,,,,,,,,,,,,,,,,,
10,de_Ruyter_gun_150_x3,2.1,2.275,1.74,1.2,,,,,,,,,,,,,,,,,,,,,,,,,,,,,,,,,,,,,,,,,,,,,,,,,,,,,,,,,,,,,,,,,,,,,,,,,,,,,,,,,,,,,,,,,,,,,,,,,,,,,,,,,,,,,,,,,,,,,,,,,,,,,,,,,,,,,,,,,,,,,,,,,,,,,,,,,,,,,,,,,,,
11,de_Ruyter_gun_150_x1,2.3,2.475,1.59,0.95,,,,,,,,,,,,,,,,,,,,,,,,,,,,,,,,,,,,,,,,,,,,,,,,,,,,,,,,,,,,,,,,,,,,,,,,,,,,,,,,,,,,,,,,,,,,,,,,,,,,,,,,,,,,,,,,,,,,,,,,,,,,,,,,,,,,,,,,,,,,,,,,,,,,,,,,,,,,,,,,,,,
11,de_Ruyter_gun_150_x2,2.3,2.475,1.59,0.95,,,,,,,,,,,,,,,,,,,,,,,,,,,,,,,,,,,,,,,,,,,,,,,,,,,,,,,,,,,,,,,,,,,,,,,,,,,,,,,,,,,,,,,,,,,,,,,,,,,,,,,,,,,,,,,,,,,,,,,,,,,,,,,,,,,,,,,,,,,,,,,,,,,,,,,,,,,,,,,,,,,
11,de_Ruyter_gun_150_x3,2.3,2.475,1.59,0.95,,,,,,,,,,,,,,,,,,,,,,,,,,,,,,,,,,,,,,,,,,,,,,,,,,,,,,,,,,,,,,,,,,,,,,,,,,,,,,,,,,,,,,,,,,,,,,,,,,,,,,,,,,,,,,,,,,,,,,,,,,,,,,,,,,,,,,,,,,,,,,,,,,,,,,,,,,,,,,,,,,,
12,de_Ruyter_gun_150_x1,2.5,2.675,1.49,0.95,,,,,,,,,,,,,,,,,,,,,,,,,,,,,,,,,,,,,,,,,,,,,,,,,,,,,,,,,,,,,,,,,,,,,,,,,,,,,,,,,,,,,,,,,,,,,,,,,,,,,,,,,,,,,,,,,,,,,,,,,,,,,,,,,,,,,,,,,,,,,,,,,,,,,,,,,,,,,,,,,,,
12,de_Ruyter_gun_150_x2,2.5,2.675,1.49,0.95,,,,,,,,,,,,,,,,,,,,,,,,,,,,,,,,,,,,,,,,,,,,,,,,,,,,,,,,,,,,,,,,,,,,,,,,,,,,,,,,,,,,,,,,,,,,,,,,,,,,,,,,,,,,,,,,,,,,,,,,,,,,,,,,,,,,,,,,,,,,,,,,,,,,,,,,,,,,,,,,,,,
12,de_Ruyter_gun_150_x3,2.5,2.675,1.49,0.95,,,,,,,,,,,,,,,,,,,,,,,,,,,,,,,,,,,,,,,,,,,,,,,,,,,,,,,,,,,,,,,,,,,,,,,,,,,,,,,,,,,,,,,,,,,,,,,,,,,,,,,,,,,,,,,,,,,,,,,,,,,,,,,,,,,,,,,,,,,,,,,,,,,,,,,,,,,,,,,,,,,
13,de_Ruyter_gun_150_x1,2.7,2.875,1.44,0.95,,,,,,,,,,,,,,,,,,,,,,,,,,,,,,,,,,,,,,,,,,,,,,,,,,,,,,,,,,,,,,,,,,,,,,,,,,,,,,,,,,,,,,,,,,,,,,,,,,,,,,,,,,,,,,,,,,,,,,,,,,,,,,,,,,,,,,,,,,,,,,,,,,,,,,,,,,,,,,,,,,,
13,de_Ruyter_gun_150_x2,2.7,2.875,1.44,0.95,,,,,,,,,,,,,,,,,,,,,,,,,,,,,,,,,,,,,,,,,,,,,,,,,,,,,,,,,,,,,,,,,,,,,,,,,,,,,,,,,,,,,,,,,,,,,,,,,,,,,,,,,,,,,,,,,,,,,,,,,,,,,,,,,,,,,,,,,,,,,,,,,,,,,,,,,,,,,,,,,,,
13,de_Ruyter_gun_150_x3,2.7,2.875,1.44,0.95,,,,,,,,,,,,,,,,,,,,,,,,,,,,,,,,,,,,,,,,,,,,,,,,,,,,,,,,,,,,,,,,,,,,,,,,,,,,,,,,,,,,,,,,,,,,,,,,,,,,,,,,,,,,,,,,,,,,,,,,,,,,,,,,,,,,,,,,,,,,,,,,,,,,,,,,,,,,,,,,,,,
14,de_Ruyter_gun_150_x1,2.9,3.075,1.4,0.95,,,,,,,,,,,,,,,,,,,,,,,,,,,,,,,,,,,,,,,,,,,,,,,,,,,,,,,,,,,,,,,,,,,,,,,,,,,,,,,,,,,,,,,,,,,,,,,,,,,,,,,,,,,,,,,,,,,,,,,,,,,,,,,,,,,,,,,,,,,,,,,,,,,,,,,,,,,,,,,,,,,
14,de_Ruyter_gun_150_x2,2.9,3.075,1.4,0.95,,,,,,,,,,,,,,,,,,,,,,,,,,,,,,,,,,,,,,,,,,,,,,,,,,,,,,,,,,,,,,,,,,,,,,,,,,,,,,,,,,,,,,,,,,,,,,,,,,,,,,,,,,,,,,,,,,,,,,,,,,,,,,,,,,,,,,,,,,,,,,,,,,,,,,,,,,,,,,,,,,,
14,de_Ruyter_gun_150_x3,2.9,3.075,1.4,0.95,,,,,,,,,,,,,,,,,,,,,,,,,,,,,,,,,,,,,,,,,,,,,,,,,,,,,,,,,,,,,,,,,,,,,,,,,,,,,,,,,,,,,,,,,,,,,,,,,,,,,,,,,,,,,,,,,,,,,,,,,,,,,,,,,,,,,,,,,,,,,,,,,,,,,,,,,,,,,,,,,,,
15,de_Ruyter_gun_150_x1,3.1,3.275,1.5,0.95,,,,,,,,,,,,,,,,,,,,,,,,,,,,,,,,,,,,,,,,,,,,,,,,,,,,,,,,,,,,,,,,,,,,,,,,,,,,,,,,,,,,,,,,,,,,,,,,,,,,,,,,,,,,,,,,,,,,,,,,,,,,,,,,,,,,,,,,,,,,,,,,,,,,,,,,,,,,,,,,,,,
15,de_Ruyter_gun_150_x2,3.1,3.275,1.5,0.95,,,,,,,,,,,,,,,,,,,,,,,,,,,,,,,,,,,,,,,,,,,,,,,,,,,,,,,,,,,,,,,,,,,,,,,,,,,,,,,,,,,,,,,,,,,,,,,,,,,,,,,,,,,,,,,,,,,,,,,,,,,,,,,,,,,,,,,,,,,,,,,,,,,,,,,,,,,,,,,,,,,
15,de_Ruyter_gun_150_x3,3.1,3.275,1.5,0.95,,,,,,,,,,,,,,,,,,,,,,,,,,,,,,,,,,,,,,,,,,,,,,,,,,,,,,,,,,,,,,,,,,,,,,,,,,,,,,,,,,,,,,,,,,,,,,,,,,,,,,,,,,,,,,,,,,,,,,,,,,,,,,,,,,,,,,,,,,,,,,,,,,,,,,,,,,,,,,,,,,,
16,de_Ruyter_gun_150_x1,3.3,3.475,1.565,0.95,,,,,,,,,,,,,,,,,,,,,,,,,,,,,,,,,,,,,,,,,,,,,,,,,,,,,,,,,,,,,,,,,,,,,,,,,,,,,,,,,,,,,,,,,,,,,,,,,,,,,,,,,,,,,,,,,,,,,,,,,,,,,,,,,,,,,,,,,,,,,,,,,,,,,,,,,,,,,,,,,,,
16,de_Ruyter_gun_150_x2,3.3,3.475,1.565,0.95,,,,,,,,,,,,,,,,,,,,,,,,,,,,,,,,,,,,,,,,,,,,,,,,,,,,,,,,,,,,,,,,,,,,,,,,,,,,,,,,,,,,,,,,,,,,,,,,,,,,,,,,,,,,,,,,,,,,,,,,,,,,,,,,,,,,,,,,,,,,,,,,,,,,,,,,,,,,,,,,,,,
16,de_Ruyter_gun_150_x3,3.3,3.475,1.565,0.95,,,,,,,,,,,,,,,,,,,,,,,,,,,,,,,,,,,,,,,,,,,,,,,,,,,,,,,,,,,,,,,,,,,,,,,,,,,,,,,,,,,,,,,,,,,,,,,,,,,,,,,,,,,,,,,,,,,,,,,,,,,,,,,,,,,,,,,,,,,,,,,,,,,,,,,,,,,,,,,,,,,
17,de_Ruyter_gun_150_x1,3.5,3.675,1.51,0.95,,,,,,,,,,,,,,,,,,,,,,,,,,,,,,,,,,,,,,,,,,,,,,,,,,,,,,,,,,,,,,,,,,,,,,,,,,,,,,,,,,,,,,,,,,,,,,,,,,,,,,,,,,,,,,,,,,,,,,,,,,,,,,,,,,,,,,,,,,,,,,,,,,,,,,,,,,,,,,,,,,,
17,de_Ruyter_gun_150_x2,3.5,3.675,1.51,0.95,,,,,,,,,,,,,,,,,,,,,,,,,,,,,,,,,,,,,,,,,,,,,,,,,,,,,,,,,,,,,,,,,,,,,,,,,,,,,,,,,,,,,,,,,,,,,,,,,,,,,,,,,,,,,,,,,,,,,,,,,,,,,,,,,,,,,,,,,,,,,,,,,,,,,,,,,,,,,,,,,,,
17,de_Ruyter_gun_150_x3,3.5,3.675,1.51,0.95,,,,,,,,,,,,,,,,,,,,,,,,,,,,,,,,,,,,,,,,,,,,,,,,,,,,,,,,,,,,,,,,,,,,,,,,,,,,,,,,,,,,,,,,,,,,,,,,,,,,,,,,,,,,,,,,,,,,,,,,,,,,,,,,,,,,,,,,,,,,,,,,,,,,,,,,,,,,,,,,,,,
18,de_Ruyter_gun_150_x1,3.7,3.875,1.51,0.95,,,,,,,,,,,,,,,,,,,,,,,,,,,,,,,,,,,,,,,,,,,,,,,,,,,,,,,,,,,,,,,,,,,,,,,,,,,,,,,,,,,,,,,,,,,,,,,,,,,,,,,,,,,,,,,,,,,,,,,,,,,,,,,,,,,,,,,,,,,,,,,,,,,,,,,,,,,,,,,,,,,
18,de_Ruyter_gun_150_x2,3.7,3.875,1.51,0.95,,,,,,,,,,,,,,,,,,,,,,,,,,,,,,,,,,,,,,,,,,,,,,,,,,,,,,,,,,,,,,,,,,,,,,,,,,,,,,,,,,,,,,,,,,,,,,,,,,,,,,,,,,,,,,,,,,,,,,,,,,,,,,,,,,,,,,,,,,,,,,,,,,,,,,,,,,,,,,,,,,,
18,de_Ruyter_gun_150_x3,3.7,3.875,1.51,0.95,,,,,,,,,,,,,,,,,,,,,,,,,,,,,,,,,,,,,,,,,,,,,,,,,,,,,,,,,,,,,,,,,,,,,,,,,,,,,,,,,,,,,,,,,,,,,,,,,,,,,,,,,,,,,,,,,,,,,,,,,,,,,,,,,,,,,,,,,,,,,,,,,,,,,,,,,,,,,,,,,,,
19,de_Ruyter_gun_150_x1,3.9,4.075,1.415,0.95,,,,,,,,,,,,,,,,,,,,,,,,,,,,,,,,,,,,,,,,,,,,,,,,,,,,,,,,,,,,,,,,,,,,,,,,,,,,,,,,,,,,,,,,,,,,,,,,,,,,,,,,,,,,,,,,,,,,,,,,,,,,,,,,,,,,,,,,,,,,,,,,,,,,,,,,,,,,,,,,,,,
19,de_Ruyter_gun_150_x2,3.9,4.075,1.415,0.95,,,,,,,,,,,,,,,,,,,,,,,,,,,,,,,,,,,,,,,,,,,,,,,,,,,,,,,,,,,,,,,,,,,,,,,,,,,,,,,,,,,,,,,,,,,,,,,,,,,,,,,,,,,,,,,,,,,,,,,,,,,,,,,,,,,,,,,,,,,,,,,,,,,,,,,,,,,,,,,,,,,
19,de_Ruyter_gun_150_x3,3.9,4.075,1.415,0.95,,,,,,,,,,,,,,,,,,,,,,,,,,,,,,,,,,,,,,,,,,,,,,,,,,,,,,,,,,,,,,,,,,,,,,,,,,,,,,,,,,,,,,,,,,,,,,,,,,,,,,,,,,,,,,,,,,,,,,,,,,,,,,,,,,,,,,,,,,,,,,,,,,,,,,,,,,,,,,,,,,,
20,de_Ruyter_gun_150_x1,4.1,4.275,1.25,0.935,,,,,,,,,,,,,,,,,,,,,,,,,,,,,,,,,,,,,,,,,,,,,,,,,,,,,,,,,,,,,,,,,,,,,,,,,,,,,,,,,,,,,,,,,,,,,,,,,,,,,,,,,,,,,,,,,,,,,,,,,,,,,,,,,,,,,,,,,,,,,,,,,,,,,,,,,,,,,,,,,,,
20,de_Ruyter_gun_150_x2,4.1,4.275,1.25,0.935,,,,,,,,,,,,,,,,,,,,,,,,,,,,,,,,,,,,,,,,,,,,,,,,,,,,,,,,,,,,,,,,,,,,,,,,,,,,,,,,,,,,,,,,,,,,,,,,,,,,,,,,,,,,,,,,,,,,,,,,,,,,,,,,,,,,,,,,,,,,,,,,,,,,,,,,,,,,,,,,,,,
20,de_Ruyter_gun_150_x3,4.1,4.275,1.25,0.935,,,,,,,,,,,,,,,,,,,,,,,,,,,,,,,,,,,,,,,,,,,,,,,,,,,,,,,,,,,,,,,,,,,,,,,,,,,,,,,,,,,,,,,,,,,,,,,,,,,,,,,,,,,,,,,,,,,,,,,,,,,,,,,,,,,,,,,,,,,,,,,,,,,,,,,,,,,,,,,,,,,
,ITALY,,,,,,,,,,,,,,,,,,,,,,,,,,,,,,,,,,,,,,,,,,,,,,,,,,,,,,,,,,,,,,,,,,,,,,,,,,,,,,,,,,,,,,,,,,,,,,,,,,,,,,,,,,,,,,,,,,,,,,,,,,,,,,,,,,,,,,,,,,,,,,,,,,,,,,,,,,,,,,,,,,,,,,,
2,litt_gun_381a_x1,0.15,0.22,10,2.62,,2,litt_gun_381_x1,0.15,0.22,10,2.62,,2,trento_gun_203_x1,0.25,0.37,10,2.45,,2,pola_gun_100_x1,0.5,0.73,10,2.18,,2,mont_gun_152_x1,0.35,0.52,10,2.45,,2,litt_gun_152a_x1,0.35,0.52,10,2.45,,2,litt_gun_152_x1,0.35,0.52,10,2.45,,2,litt_gun_90_x1,0.5,0.73,10,2.25,,,QUADS,,,,,,,,,,,,,,,,,,,,,,,,,,,,,,,,,,,,,,,,,,,,,,,,,,,,,,,,,,,,,,,,,,,,,,,,,,,,,,,,,,,,,,,,,,,,,,,,,,,,,,,,,,,,,,,
2,litt_gun_381a_x2,0.15,0.22,10,2.62,,2,litt_gun_381_x2,0.15,0.22,10,2.62,,2,trento_gun_203_x2,0.25,0.37,10,2.45,,2,pola_gun_100_x2,0.5,0.73,10,2.18,,2,mont_gun_152_x2,0.35,0.52,10,2.45,,2,litt_gun_152a_x2,0.35,0.52,10,2.45,,2,litt_gun_152_x2,0.35,0.52,10,2.45,,2,litt_gun_90_x2,0.5,0.73,10,2.25,,2,mont_gun_152_x4,0.35,0.52,10,2.45,,,,,,,,,,,,,,,,,,,,,,,,,,,,,,,,,,,,,,,,,,,,,,,,,,,,,,,,,,,,,,,,,,,,,,,,,,,,,,,,,,,,,,,,,,,,,,,,,,,,,,,,,,,
2,litt_gun_381a_x3,0.15,0.22,10,2.62,,2,litt_gun_381_x3,0.15,0.22,10,2.62,,2,trento_gun_203_x3,0.25,0.37,10,2.45,,2,pola_gun_100_x3,0.5,0.73,10,2.18,,2,mont_gun_152_x3,0.35,0.52,10,2.45,,2,litt_gun_152a_x3,0.35,0.52,10,2.45,,2,litt_gun_152_x3,0.35,0.52,10,2.45,,2,litt_gun_90_x3,0.5,0.73,10,2.25,,3,mont_gun_152_x4,0.525,0.745,10,2.08,,,,,,,,,,,,,,,,,,,,,,,,,,,,,,,,,,,,,,,,,,,,,,,,,,,,,,,,,,,,,,,,,,,,,,,,,,,,,,,,,,,,,,,,,,,,,,,,,,,,,,,,,,,
3,litt_gun_381a_x1,0.225,0.295,10,2.22,,3,litt_gun_381_x1,0.225,0.295,10,2.22,,3,trento_gun_203_x1,0.375,0.495,10,2.1,,3,pola_gun_100_x1,0.75,0.98,10,1.84,,3,mont_gun_152_x1,0.525,0.745,10,2.08,,3,litt_gun_152a_x1,0.525,0.745,10,2.08,,3,litt_gun_152_x1,0.525,0.745,10,2.08,,3,litt_gun_90_x1,0.75,0.98,10,1.92,,4,mont_gun_152_x4,0.75,0.87,8.25,1.6,,,,,,,,,,,,,,,,,,,,,,,,,,,,,,,,,,,,,,,,,,,,,,,,,,,,,,,,,,,,,,,,,,,,,,,,,,,,,,,,,,,,,,,,,,,,,,,,,,,,,,,,,,,
3,litt_gun_381a_x2,0.225,0.295,10,2.22,,3,litt_gun_381_x2,0.225,0.295,10,2.22,,3,trento_gun_203_x2,0.375,0.495,10,2.1,,3,pola_gun_100_x2,0.75,0.98,10,1.84,,3,mont_gun_152_x2,0.525,0.745,10,2.08,,3,litt_gun_152a_x2,0.525,0.745,10,2.08,,3,litt_gun_152_x2,0.525,0.745,10,2.08,,3,litt_gun_90_x2,0.75,0.98,10,1.92,,5,mont_gun_152_x4,0.875,1.045,5.25,1.34,,,,,,,,,,,,,,,,,,,,,,,,,,,,,,,,,,,,,,,,,,,,,,,,,,,,,,,,,,,,,,,,,,,,,,,,,,,,,,,,,,,,,,,,,,,,,,,,,,,,,,,,,,,
3,litt_gun_381a_x3,0.225,0.295,10,2.22,,3,litt_gun_381_x3,0.225,0.295,10,2.22,,3,trento_gun_203_x3,0.375,0.495,10,2.1,,3,pola_gun_100_x3,0.75,0.98,10,1.84,,3,mont_gun_152_x3,0.525,0.745,10,2.08,,3,litt_gun_152a_x3,0.525,0.745,10,2.08,,3,litt_gun_152_x3,0.525,0.745,10,2.08,,3,litt_gun_90_x3,0.75,0.98,10,1.92,,6,mont_gun_152_x4,1.050,1.22,3.7,1.28,,,,,,,,,,,,,,,,,,,,,,,,,,,,,,,,,,,,,,,,,,,,,,,,,,,,,,,,,,,,,,,,,,,,,,,,,,,,,,,,,,,,,,,,,,,,,,,,,,,,,,,,,,,
4,litt_gun_381a_x1,0.3,0.37,8.25,1.84,,4,litt_gun_381_x1,0.3,0.37,8.25,1.84,,4,trento_gun_203_x1,0.5,0.62,8.25,1.74,,4,pola_gun_100_x1,1,1.23,8.25,1.52,,4,mont_gun_152_x1,0.75,0.87,8.25,1.6,,4,litt_gun_152a_x1,0.75,0.87,8.25,1.6,,4,litt_gun_152_x1,0.75,0.87,8.25,1.6,,4,litt_gun_90_x1,1,1.23,8.25,1.58,,7,mont_gun_152_x4,1.225,1.395,3.1,1.24,,,,,,,,,,,,,,,,,,,,,,,,,,,,,,,,,,,,,,,,,,,,,,,,,,,,,,,,,,,,,,,,,,,,,,,,,,,,,,,,,,,,,,,,,,,,,,,,,,,,,,,,,,,
4,litt_gun_381a_x2,0.3,0.37,8.25,1.84,,4,litt_gun_381_x2,0.3,0.37,8.25,1.84,,4,trento_gun_203_x2,0.5,0.62,8.25,1.74,,4,pola_gun_100_x2,1,1.23,8.25,1.52,,4,mont_gun_152_x2,0.75,0.87,8.25,1.6,,4,litt_gun_152a_x2,0.75,0.87,8.25,1.6,,4,litt_gun_152_x2,0.75,0.87,8.25,1.6,,4,litt_gun_90_x2,1,1.23,8.25,1.58,,8,mont_gun_152_x4,1.4,1.57,2.5,1.2,,,,,,,,,,,,,,,,,,,,,,,,,,,,,,,,,,,,,,,,,,,,,,,,,,,,,,,,,,,,,,,,,,,,,,,,,,,,,,,,,,,,,,,,,,,,,,,,,,,,,,,,,,,
4,litt_gun_381a_x3,0.3,0.37,8.25,1.84,,4,litt_gun_381_x3,0.3,0.37,8.25,1.84,,4,trento_gun_203_x3,0.5,0.62,8.25,1.74,,4,pola_gun_100_x3,1,1.23,8.25,1.52,,4,mont_gun_152_x3,0.75,0.87,8.25,1.6,,4,litt_gun_152a_x3,0.75,0.87,8.25,1.6,,4,litt_gun_152_x3,0.75,0.87,8.25,1.6,,4,litt_gun_90_x3,1,1.23,8.25,1.58,,9,mont_gun_152_x4,1.575,1.745,1.95,1.18,,,,,,,,,,,,,,,,,,,,,,,,,,,,,,,,,,,,,,,,,,,,,,,,,,,,,,,,,,,,,,,,,,,,,,,,,,,,,,,,,,,,,,,,,,,,,,,,,,,,,,,,,,,
5,litt_gun_381a_x1,0.375,0.445,5.25,1.44,,5,litt_gun_381_x1,0.375,0.445,5.25,1.44,,5,trento_gun_203_x1,0.625,0.745,5.25,1.36,,5,pola_gun_100_x1,1.25,1.48,5.25,1.2,,5,mont_gun_152_x1,0.875,1.045,5.25,1.34,,5,litt_gun_152a_x1,0.875,1.045,5.25,1.34,,5,litt_gun_152_x1,0.875,1.045,5.25,1.34,,5,litt_gun_90_x1,1.25,1.48,5.25,1.24,,10,mont_gun_152_x4,1.75,1.92,1.74,1.14,,,,,,,,,,,,,,,,,,,,,,,,,,,,,,,,,,,,,,,,,,,,,,,,,,,,,,,,,,,,,,,,,,,,,,,,,,,,,,,,,,,,,,,,,,,,,,,,,,,,,,,,,,,
5,litt_gun_381a_x2,0.375,0.445,5.25,1.44,,5,litt_gun_381_x2,0.375,0.445,5.25,1.44,,5,trento_gun_203_x2,0.625,0.745,5.25,1.36,,5,pola_gun_100_x2,1.25,1.48,5.25,1.2,,5,mont_gun_152_x2,0.875,1.045,5.25,1.34,,5,litt_gun_152a_x2,0.875,1.045,5.25,1.34,,5,litt_gun_152_x2,0.875,1.045,5.25,1.34,,5,litt_gun_90_x2,1.25,1.48,5.25,1.24,,11,mont_gun_152_x4,1.925,2.095,1.59,0.91,,,,,,,,,,,,,,,,,,,,,,,,,,,,,,,,,,,,,,,,,,,,,,,,,,,,,,,,,,,,,,,,,,,,,,,,,,,,,,,,,,,,,,,,,,,,,,,,,,,,,,,,,,,
5,litt_gun_381a_x3,0.375,0.445,5.25,1.44,,5,litt_gun_381_x3,0.375,0.445,5.25,1.44,,5,trento_gun_203_x3,0.625,0.745,5.25,1.36,,5,pola_gun_100_x3,1.25,1.48,5.25,1.2,,5,mont_gun_152_x3,0.875,1.045,5.25,1.34,,5,litt_gun_152a_x3,0.875,1.045,5.25,1.34,,5,litt_gun_152_x3,0.875,1.045,5.25,1.34,,5,litt_gun_90_x3,1.25,1.48,5.25,1.24,,12,mont_gun_152_x4,2.1,2.27,1.49,0.9,,,,,,,,,,,,,,,,,,,,,,,,,,,,,,,,,,,,,,,,,,,,,,,,,,,,,,,,,,,,,,,,,,,,,,,,,,,,,,,,,,,,,,,,,,,,,,,,,,,,,,,,,,,
6,litt_gun_381a_x1,0.45,0.52,3.7,1.36,,6,litt_gun_381_x1,0.45,0.52,3.7,1.36,,6,trento_gun_203_x1,0.75,0.87,3.7,1.28,,6,pola_gun_100_x1,1.5,1.73,3.7,1.12,,6,mont_gun_152_x1,1.050,1.22,3.7,1.28,,6,litt_gun_152a_x1,1.050,1.22,3.7,1.28,,6,litt_gun_152_x1,1.050,1.22,3.7,1.28,,6,litt_gun_90_x1,1.5,1.73,3.7,1.18,,13,mont_gun_152_x4,2.275,2.445,1.44,0.9,,,,,,,,,,,,,,,,,,,,,,,,,,,,,,,,,,,,,,,,,,,,,,,,,,,,,,,,,,,,,,,,,,,,,,,,,,,,,,,,,,,,,,,,,,,,,,,,,,,,,,,,,,,
6,litt_gun_381a_x2,0.45,0.52,3.7,1.36,,6,litt_gun_381_x2,0.45,0.52,3.7,1.36,,6,trento_gun_203_x2,0.75,0.87,3.7,1.28,,6,pola_gun_100_x2,1.5,1.73,3.7,1.12,,6,mont_gun_152_x2,1.050,1.22,3.7,1.28,,6,litt_gun_152a_x2,1.050,1.22,3.7,1.28,,6,litt_gun_152_x2,1.050,1.22,3.7,1.28,,6,litt_gun_90_x2,1.5,1.73,3.7,1.18,,14,mont_gun_152_x4,2.45,2.62,1.4,0.9,,,,,,,,,,,,,,,,,,,,,,,,,,,,,,,,,,,,,,,,,,,,,,,,,,,,,,,,,,,,,,,,,,,,,,,,,,,,,,,,,,,,,,,,,,,,,,,,,,,,,,,,,,,
6,litt_gun_381a_x3,0.45,0.52,3.7,1.36,,6,litt_gun_381_x3,0.45,0.52,3.7,1.36,,6,trento_gun_203_x3,0.75,0.87,3.7,1.28,,6,pola_gun_100_x3,1.5,1.73,3.7,1.12,,6,mont_gun_152_x3,1.050,1.22,3.7,1.28,,6,litt_gun_152a_x3,1.050,1.22,3.7,1.28,,6,litt_gun_152_x3,1.050,1.22,3.7,1.28,,6,litt_gun_90_x3,1.5,1.73,3.7,1.18,,15,mont_gun_152_x4,2.625,2.795,1.5,0.9,,,,,,,,,,,,,,,,,,,,,,,,,,,,,,,,,,,,,,,,,,,,,,,,,,,,,,,,,,,,,,,,,,,,,,,,,,,,,,,,,,,,,,,,,,,,,,,,,,,,,,,,,,,
7,litt_gun_381a_x1,0.525,0.595,3.1,1.34,,7,litt_gun_381_x1,0.525,0.595,3.1,1.34,,7,trento_gun_203_x1,0.875,0.995,3.1,1.26,,7,pola_gun_100_x1,1.75,1.98,3.1,1.1,,7,mont_gun_152_x1,1.225,1.395,3.1,1.24,,7,litt_gun_152a_x1,1.225,1.395,3.1,1.24,,7,litt_gun_152_x1,1.225,1.395,3.1,1.24,,7,litt_gun_90_x1,1.75,1.98,3.1,1.14,,16,mont_gun_152_x4,2.8,2.97,1.565,0.89,,,,,,,,,,,,,,,,,,,,,,,,,,,,,,,,,,,,,,,,,,,,,,,,,,,,,,,,,,,,,,,,,,,,,,,,,,,,,,,,,,,,,,,,,,,,,,,,,,,,,,,,,,,
7,litt_gun_381a_x2,0.525,0.595,3.1,1.34,,7,litt_gun_381_x2,0.525,0.595,3.1,1.34,,7,trento_gun_203_x2,0.875,0.995,3.1,1.26,,7,pola_gun_100_x2,1.75,1.98,3.1,1.1,,7,mont_gun_152_x2,1.225,1.395,3.1,1.24,,7,litt_gun_152a_x2,1.225,1.395,3.1,1.24,,7,litt_gun_152_x2,1.225,1.395,3.1,1.24,,7,litt_gun_90_x2,1.75,1.98,3.1,1.14,,17,mont_gun_152_x4,2.975,3.145,1.51,0.88,,,,,,,,,,,,,,,,,,,,,,,,,,,,,,,,,,,,,,,,,,,,,,,,,,,,,,,,,,,,,,,,,,,,,,,,,,,,,,,,,,,,,,,,,,,,,,,,,,,,,,,,,,,
7,litt_gun_381a_x3,0.525,0.595,3.1,1.34,,7,litt_gun_381_x3,0.525,0.595,3.1,1.34,,7,trento_gun_203_x3,0.875,0.995,3.1,1.26,,7,pola_gun_100_x3,1.75,1.98,3.1,1.1,,7,mont_gun_152_x3,1.225,1.395,3.1,1.24,,7,litt_gun_152a_x3,1.225,1.395,3.1,1.24,,7,litt_gun_152_x3,1.225,1.395,3.1,1.24,,7,litt_gun_90_x3,1.75,1.98,3.1,1.14,,18,mont_gun_152_x4,3.15,3.32,1.51,0.88,,,,,,,,,,,,,,,,,,,,,,,,,,,,,,,,,,,,,,,,,,,,,,,,,,,,,,,,,,,,,,,,,,,,,,,,,,,,,,,,,,,,,,,,,,,,,,,,,,,,,,,,,,,
8,litt_gun_381a_x1,0.6,0.67,2.5,1.3,,8,litt_gun_381_x1,0.6,0.67,2.5,1.3,,8,trento_gun_203_x1,1,1.12,2.5,1.22,,8,pola_gun_100_x1,2,2.23,2.5,1.06,,8,mont_gun_152_x1,1.4,1.57,2.5,1.2,,8,litt_gun_152a_x1,1.4,1.57,2.5,1.2,,8,litt_gun_152_x1,1.4,1.57,2.5,1.2,,8,litt_gun_90_x1,2,2.23,2.5,1.12,,19,mont_gun_152_x4,3.325,3.495,1.415,0.87,,,,,,,,,,,,,,,,,,,,,,,,,,,,,,,,,,,,,,,,,,,,,,,,,,,,,,,,,,,,,,,,,,,,,,,,,,,,,,,,,,,,,,,,,,,,,,,,,,,,,,,,,,,
8,litt_gun_381a_x2,0.6,0.67,2.5,1.3,,8,litt_gun_381_x2,0.6,0.67,2.5,1.3,,8,trento_gun_203_x2,1,1.12,2.5,1.22,,8,pola_gun_100_x2,2,2.23,2.5,1.06,,8,mont_gun_152_x2,1.4,1.57,2.5,1.2,,8,litt_gun_152a_x2,1.4,1.57,2.5,1.2,,8,litt_gun_152_x2,1.4,1.57,2.5,1.2,,8,litt_gun_90_x2,2,2.23,2.5,1.12,,20,mont_gun_152_x4,3.5,3.67,1.25,0.87,,,,,,,,,,,,,,,,,,,,,,,,,,,,,,,,,,,,,,,,,,,,,,,,,,,,,,,,,,,,,,,,,,,,,,,,,,,,,,,,,,,,,,,,,,,,,,,,,,,,,,,,,,,
8,litt_gun_381a_x3,0.6,0.67,2.5,1.3,,8,litt_gun_381_x3,0.6,0.67,2.5,1.3,,8,trento_gun_203_x3,1,1.12,2.5,1.22,,8,pola_gun_100_x3,2,2.23,2.5,1.06,,8,mont_gun_152_x3,1.4,1.57,2.5,1.2,,8,litt_gun_152a_x3,1.4,1.57,2.5,1.2,,8,litt_gun_152_x3,1.4,1.57,2.5,1.2,,8,litt_gun_90_x3,2,2.23,2.5,1.12,,,,,,,,,,,,,,,,,,,,,,,,,,,,,,,,,,,,,,,,,,,,,,,,,,,,,,,,,,,,,,,,,,,,,,,,,,,,,,,,,,,,,,,,,,,,,,,,,,,,,,,,,,,,,,,,,,
9,litt_gun_381a_x1,0.675,0.745,1.95,1.26,,9,litt_gun_381_x1,0.675,0.745,1.95,1.26,,9,trento_gun_203_x1,1.125,1.245,1.95,1.18,,9,pola_gun_100_x1,2.25,2.48,1.95,1.05,,9,mont_gun_152_x1,1.575,1.745,1.95,1.18,,9,litt_gun_152a_x1,1.575,1.745,1.95,1.18,,9,litt_gun_152_x1,1.575,1.745,1.95,1.18,,9,litt_gun_90_x1,2.25,2.48,1.95,1.08,,,,,,,,,,,,,,,,,,,,,,,,,,,,,,,,,,,,,,,,,,,,,,,,,,,,,,,,,,,,,,,,,,,,,,,,,,,,,,,,,,,,,,,,,,,,,,,,,,,,,,,,,,,,,,,,,,
9,litt_gun_381a_x2,0.675,0.745,1.95,1.26,,9,litt_gun_381_x2,0.675,0.745,1.95,1.26,,9,trento_gun_203_x2,1.125,1.245,1.95,1.18,,9,pola_gun_100_x2,2.25,2.48,1.95,1.05,,9,mont_gun_152_x2,1.575,1.745,1.95,1.18,,9,litt_gun_152a_x2,1.575,1.745,1.95,1.18,,9,litt_gun_152_x2,1.575,1.745,1.95,1.18,,9,litt_gun_90_x2,2.25,2.48,1.95,1.08,,,,,,,,,,,,,,,,,,,,,,,,,,,,,,,,,,,,,,,,,,,,,,,,,,,,,,,,,,,,,,,,,,,,,,,,,,,,,,,,,,,,,,,,,,,,,,,,,,,,,,,,,,,,,,,,,,
9,litt_gun_381a_x3,0.675,0.745,1.95,1.26,,9,litt_gun_381_x3,0.675,0.745,1.95,1.26,,9,trento_gun_203_x3,1.125,1.245,1.95,1.18,,9,pola_gun_100_x3,2.25,2.48,1.95,1.05,,9,mont_gun_152_x3,1.575,1.745,1.95,1.18,,9,litt_gun_152a_x3,1.575,1.745,1.95,1.18,,9,litt_gun_152_x3,1.575,1.745,1.95,1.18,,9,litt_gun_90_x3,2.25,2.48,1.95,1.08,,,,,,,,,,,,,,,,,,,,,,,,,,,,,,,,,,,,,,,,,,,,,,,,,,,,,,,,,,,,,,,,,,,,,,,,,,,,,,,,,,,,,,,,,,,,,,,,,,,,,,,,,,,,,,,,,,
10,litt_gun_381a_x1,0.75,0.82,1.74,1.22,,10,litt_gun_381_x1,0.75,0.82,1.74,1.22,,10,trento_gun_203_x1,1.25,1.37,1.74,1.14,,10,pola_gun_100_x1,2.5,2.73,1.74,1,,10,mont_gun_152_x1,1.75,1.92,1.74,1.14,,10,litt_gun_152a_x1,1.75,1.92,1.74,1.14,,10,litt_gun_152_x1,1.75,1.92,1.74,1.14,,10,litt_gun_90_x1,2.5,2.73,1.74,1.06,,,,,,,,,,,,,,,,,,,,,,,,,,,,,,,,,,,,,,,,,,,,,,,,,,,,,,,,,,,,,,,,,,,,,,,,,,,,,,,,,,,,,,,,,,,,,,,,,,,,,,,,,,,,,,,,,,
10,litt_gun_381a_x2,0.75,0.82,1.74,1.22,,10,litt_gun_381_x2,0.75,0.82,1.74,1.22,,10,trento_gun_203_x2,1.25,1.37,1.74,1.14,,10,pola_gun_100_x2,2.5,2.73,1.74,1,,10,mont_gun_152_x2,1.75,1.92,1.74,1.14,,10,litt_gun_152a_x2,1.75,1.92,1.74,1.14,,10,litt_gun_152_x2,1.75,1.92,1.74,1.14,,10,litt_gun_90_x2,2.5,2.73,1.74,1.06,,,,,,,,,,,,,,,,,,,,,,,,,,,,,,,,,,,,,,,,,,,,,,,,,,,,,,,,,,,,,,,,,,,,,,,,,,,,,,,,,,,,,,,,,,,,,,,,,,,,,,,,,,,,,,,,,,
10,litt_gun_381a_x3,0.75,0.82,1.74,1.22,,10,litt_gun_381_x3,0.75,0.82,1.74,1.22,,10,trento_gun_203_x3,1.25,1.37,1.74,1.14,,10,pola_gun_100_x3,2.5,2.73,1.74,1,,10,mont_gun_152_x3,1.75,1.92,1.74,1.14,,10,litt_gun_152a_x3,1.75,1.92,1.74,1.14,,10,litt_gun_152_x3,1.75,1.92,1.74,1.14,,10,litt_gun_90_x3,2.5,2.73,1.74,1.06,,,,,,,,,,,,,,,,,,,,,,,,,,,,,,,,,,,,,,,,,,,,,,,,,,,,,,,,,,,,,,,,,,,,,,,,,,,,,,,,,,,,,,,,,,,,,,,,,,,,,,,,,,,,,,,,,,
11,litt_gun_381a_x1,0.825,0.895,1.59,0.98,,11,litt_gun_381_x1,0.825,0.895,1.59,0.98,,11,trento_gun_203_x1,1.375,1.495,1.59,0.92,,11,pola_gun_100_x1,2.75,2.98,1.59,0.8,,11,mont_gun_152_x1,1.925,2.095,1.59,0.91,,11,litt_gun_152a_x1,1.925,2.095,1.59,0.91,,11,litt_gun_152_x1,1.925,2.095,1.59,0.91,,11,litt_gun_90_x1,2.75,3.98,1.59,0.84,,,,,,,,,,,,,,,,,,,,,,,,,,,,,,,,,,,,,,,,,,,,,,,,,,,,,,,,,,,,,,,,,,,,,,,,,,,,,,,,,,,,,,,,,,,,,,,,,,,,,,,,,,,,,,,,,,
11,litt_gun_381a_x2,0.825,0.895,1.59,0.98,,11,litt_gun_381_x2,0.825,0.895,1.59,0.98,,11,trento_gun_203_x2,1.375,1.495,1.59,0.92,,11,pola_gun_100_x2,2.75,2.98,1.59,0.8,,11,mont_gun_152_x2,1.925,2.095,1.59,0.91,,11,litt_gun_152a_x2,1.925,2.095,1.59,0.91,,11,litt_gun_152_x2,1.925,2.095,1.59,0.91,,11,litt_gun_90_x2,2.75,3.98,1.59,0.84,,,,,,,,,,,,,,,,,,,,,,,,,,,,,,,,,,,,,,,,,,,,,,,,,,,,,,,,,,,,,,,,,,,,,,,,,,,,,,,,,,,,,,,,,,,,,,,,,,,,,,,,,,,,,,,,,,
11,litt_gun_381a_x3,0.825,0.895,1.59,0.98,,11,litt_gun_381_x3,0.825,0.895,1.59,0.98,,11,trento_gun_203_x3,1.375,1.495,1.59,0.92,,11,pola_gun_100_x3,2.75,2.98,1.59,0.8,,11,mont_gun_152_x3,1.925,2.095,1.59,0.91,,11,litt_gun_152a_x3,1.925,2.095,1.59,0.91,,11,litt_gun_152_x3,1.925,2.095,1.59,0.91,,11,litt_gun_90_x3,2.75,3.98,1.59,0.84,,,,,,,,,,,,,,,,,,,,,,,,,,,,,,,,,,,,,,,,,,,,,,,,,,,,,,,,,,,,,,,,,,,,,,,,,,,,,,,,,,,,,,,,,,,,,,,,,,,,,,,,,,,,,,,,,,
12,litt_gun_381a_x1,0.9,0.97,1.49,0.98,,12,litt_gun_381_x1,0.9,0.97,1.49,0.98,,12,trento_gun_203_x1,1.5,1.62,1.49,0.9,,12,pola_gun_100_x1,3,3.23,1.49,0.8,,12,mont_gun_152_x1,2.1,2.27,1.49,0.9,,12,litt_gun_152a_x1,2.1,2.27,1.49,0.9,,12,litt_gun_152_x1,2.1,2.27,1.49,0.9,,12,litt_gun_90_x1,3,3.23,1.49,0.84,,,,,,,,,,,,,,,,,,,,,,,,,,,,,,,,,,,,,,,,,,,,,,,,,,,,,,,,,,,,,,,,,,,,,,,,,,,,,,,,,,,,,,,,,,,,,,,,,,,,,,,,,,,,,,,,,,
12,litt_gun_381a_x2,0.9,0.97,1.49,0.98,,12,litt_gun_381_x2,0.9,0.97,1.49,0.98,,12,trento_gun_203_x2,1.5,1.62,1.49,0.9,,12,pola_gun_100_x2,3,3.23,1.49,0.8,,12,mont_gun_152_x2,2.1,2.27,1.49,0.9,,12,litt_gun_152a_x2,2.1,2.27,1.49,0.9,,12,litt_gun_152_x2,2.1,2.27,1.49,0.9,,12,litt_gun_90_x2,3,3.23,1.49,0.84,,,,,,,,,,,,,,,,,,,,,,,,,,,,,,,,,,,,,,,,,,,,,,,,,,,,,,,,,,,,,,,,,,,,,,,,,,,,,,,,,,,,,,,,,,,,,,,,,,,,,,,,,,,,,,,,,,
12,litt_gun_381a_x3,0.9,0.97,1.49,0.98,,12,litt_gun_381_x3,0.9,0.97,1.49,0.98,,12,trento_gun_203_x3,1.5,1.62,1.49,0.9,,12,pola_gun_100_x3,3,3.23,1.49,0.8,,12,mont_gun_152_x3,2.1,2.27,1.49,0.9,,12,litt_gun_152a_x3,2.1,2.27,1.49,0.9,,12,litt_gun_152_x3,2.1,2.27,1.49,0.9,,12,litt_gun_90_x3,3,3.23,1.49,0.84,,,,,,,,,,,,,,,,,,,,,,,,,,,,,,,,,,,,,,,,,,,,,,,,,,,,,,,,,,,,,,,,,,,,,,,,,,,,,,,,,,,,,,,,,,,,,,,,,,,,,,,,,,,,,,,,,,
13,litt_gun_381a_x1,0.975,1.045,1.44,0.96,,13,litt_gun_381_x1,0.975,1.045,1.44,0.96,,13,trento_gun_203_x1,1.625,1.745,1.44,0.9,,13,pola_gun_100_x1,3.25,3.48,1.44,0.8,,13,mont_gun_152_x1,2.275,2.445,1.44,0.9,,13,litt_gun_152a_x1,2.275,2.445,1.44,0.9,,13,litt_gun_152_x1,2.275,2.445,1.44,0.9,,13,litt_gun_90_x1,3.25,3.48,1.44,0.83,,,,,,,,,,,,,,,,,,,,,,,,,,,,,,,,,,,,,,,,,,,,,,,,,,,,,,,,,,,,,,,,,,,,,,,,,,,,,,,,,,,,,,,,,,,,,,,,,,,,,,,,,,,,,,,,,,
13,litt_gun_381a_x2,0.975,1.045,1.44,0.96,,13,litt_gun_381_x2,0.975,1.045,1.44,0.96,,13,trento_gun_203_x2,1.625,1.745,1.44,0.9,,13,pola_gun_100_x2,3.25,3.48,1.44,0.8,,13,mont_gun_152_x2,2.275,2.445,1.44,0.9,,13,litt_gun_152a_x2,2.275,2.445,1.44,0.9,,13,litt_gun_152_x2,2.275,2.445,1.44,0.9,,13,litt_gun_90_x2,3.25,3.48,1.44,0.83,,,,,,,,,,,,,,,,,,,,,,,,,,,,,,,,,,,,,,,,,,,,,,,,,,,,,,,,,,,,,,,,,,,,,,,,,,,,,,,,,,,,,,,,,,,,,,,,,,,,,,,,,,,,,,,,,,
13,litt_gun_381a_x3,0.975,1.045,1.44,0.96,,13,litt_gun_381_x3,0.975,1.045,1.44,0.96,,13,trento_gun_203_x3,1.625,1.745,1.44,0.9,,13,pola_gun_100_x3,3.25,3.48,1.44,0.8,,13,mont_gun_152_x3,2.275,2.445,1.44,0.9,,13,litt_gun_152a_x3,2.275,2.445,1.44,0.9,,13,litt_gun_152_x3,2.275,2.445,1.44,0.9,,13,litt_gun_90_x3,3.25,3.48,1.44,0.83,,,,,,,,,,,,,,,,,,,,,,,,,,,,,,,,,,,,,,,,,,,,,,,,,,,,,,,,,,,,,,,,,,,,,,,,,,,,,,,,,,,,,,,,,,,,,,,,,,,,,,,,,,,,,,,,,,
14,litt_gun_381a_x1,1.05,1.12,1.4,0.96,,14,litt_gun_381_x1,1.05,1.12,1.4,0.96,,14,trento_gun_203_x1,1.75,1.87,1.4,0.9,,14,pola_gun_100_x1,3.5,3.73,1.4,0.8,,14,mont_gun_152_x1,2.45,2.62,1.4,0.9,,14,litt_gun_152a_x1,2.45,2.62,1.4,0.9,,14,litt_gun_152_x1,2.45,2.62,1.4,0.9,,14,litt_gun_90_x1,3.5,3.73,1.4,0.83,,,,,,,,,,,,,,,,,,,,,,,,,,,,,,,,,,,,,,,,,,,,,,,,,,,,,,,,,,,,,,,,,,,,,,,,,,,,,,,,,,,,,,,,,,,,,,,,,,,,,,,,,,,,,,,,,,
14,litt_gun_381a_x2,1.05,1.12,1.4,0.96,,14,litt_gun_381_x2,1.05,1.12,1.4,0.96,,14,trento_gun_203_x2,1.75,1.87,1.4,0.9,,14,pola_gun_100_x2,3.5,3.73,1.4,0.8,,14,mont_gun_152_x2,2.45,2.62,1.4,0.9,,14,litt_gun_152a_x2,2.45,2.62,1.4,0.9,,14,litt_gun_152_x2,2.45,2.62,1.4,0.9,,14,litt_gun_90_x2,3.5,3.73,1.4,0.83,,,,,,,,,,,,,,,,,,,,,,,,,,,,,,,,,,,,,,,,,,,,,,,,,,,,,,,,,,,,,,,,,,,,,,,,,,,,,,,,,,,,,,,,,,,,,,,,,,,,,,,,,,,,,,,,,,
14,litt_gun_381a_x3,1.05,1.12,1.4,0.96,,14,litt_gun_381_x3,1.05,1.12,1.4,0.96,,14,trento_gun_203_x3,1.75,1.87,1.4,0.9,,14,pola_gun_100_x3,3.5,3.73,1.4,0.8,,14,mont_gun_152_x3,2.45,2.62,1.4,0.9,,14,litt_gun_152a_x3,2.45,2.62,1.4,0.9,,14,litt_gun_152_x3,2.45,2.62,1.4,0.9,,14,litt_gun_90_x3,3.5,3.73,1.4,0.83,,,,,,,,,,,,,,,,,,,,,,,,,,,,,,,,,,,,,,,,,,,,,,,,,,,,,,,,,,,,,,,,,,,,,,,,,,,,,,,,,,,,,,,,,,,,,,,,,,,,,,,,,,,,,,,,,,
15,litt_gun_381a_x1,1.125,1.195,1.5,0.96,,15,litt_gun_381_x1,1.125,1.195,1.5,0.96,,15,trento_gun_203_x1,1.875,1.995,1.5,0.9,,15,pola_gun_100_x1,3.75,3.98,1.5,0.79,,15,mont_gun_152_x1,2.625,2.795,1.5,0.9,,15,litt_gun_152a_x1,2.625,2.795,1.5,0.9,,15,litt_gun_152_x1,2.625,2.795,1.5,0.9,,15,litt_gun_90_x1,3.75,3.98,1.5,0.83,,,,,,,,,,,,,,,,,,,,,,,,,,,,,,,,,,,,,,,,,,,,,,,,,,,,,,,,,,,,,,,,,,,,,,,,,,,,,,,,,,,,,,,,,,,,,,,,,,,,,,,,,,,,,,,,,,
15,litt_gun_381a_x2,1.125,1.195,1.5,0.96,,15,litt_gun_381_x2,1.125,1.195,1.5,0.96,,15,trento_gun_203_x2,1.875,1.995,1.5,0.9,,15,pola_gun_100_x2,3.75,3.98,1.5,0.79,,15,mont_gun_152_x2,2.625,2.795,1.5,0.9,,15,litt_gun_152a_x2,2.625,2.795,1.5,0.9,,15,litt_gun_152_x2,2.625,2.795,1.5,0.9,,15,litt_gun_90_x2,3.75,3.98,1.5,0.83,,,,,,,,,,,,,,,,,,,,,,,,,,,,,,,,,,,,,,,,,,,,,,,,,,,,,,,,,,,,,,,,,,,,,,,,,,,,,,,,,,,,,,,,,,,,,,,,,,,,,,,,,,,,,,,,,,
15,litt_gun_381a_x3,1.125,1.195,1.5,0.96,,15,litt_gun_381_x3,1.125,1.195,1.5,0.96,,15,trento_gun_203_x3,1.875,1.995,1.5,0.9,,15,pola_gun_100_x3,3.75,3.98,1.5,0.79,,15,mont_gun_152_x3,2.625,2.795,1.5,0.9,,15,litt_gun_152a_x3,2.625,2.795,1.5,0.9,,15,litt_gun_152_x3,2.625,2.795,1.5,0.9,,15,litt_gun_90_x3,3.75,3.98,1.5,0.83,,,,,,,,,,,,,,,,,,,,,,,,,,,,,,,,,,,,,,,,,,,,,,,,,,,,,,,,,,,,,,,,,,,,,,,,,,,,,,,,,,,,,,,,,,,,,,,,,,,,,,,,,,,,,,,,,,
16,litt_gun_381a_x1,1.2,1.27,1.565,0.96,,16,litt_gun_381_x1,1.2,1.27,1.565,0.96,,16,trento_gun_203_x1,2,2.12,1.565,0.9,,16,pola_gun_100_x1,4,4.23,1.565,0.79,,16,mont_gun_152_x1,2.8,2.97,1.565,0.89,,16,litt_gun_152a_x1,2.8,2.97,1.565,0.89,,16,litt_gun_152_x1,2.8,2.97,1.565,0.89,,16,litt_gun_90_x1,4,4.23,1.565,0.82,,,,,,,,,,,,,,,,,,,,,,,,,,,,,,,,,,,,,,,,,,,,,,,,,,,,,,,,,,,,,,,,,,,,,,,,,,,,,,,,,,,,,,,,,,,,,,,,,,,,,,,,,,,,,,,,,,
16,litt_gun_381a_x2,1.2,1.27,1.565,0.96,,16,litt_gun_381_x2,1.2,1.27,1.565,0.96,,16,trento_gun_203_x2,2,2.12,1.565,0.9,,16,pola_gun_100_x2,4,4.23,1.565,0.79,,16,mont_gun_152_x2,2.8,2.97,1.565,0.89,,16,litt_gun_152a_x2,2.8,2.97,1.565,0.89,,16,litt_gun_152_x2,2.8,2.97,1.565,0.89,,16,litt_gun_90_x2,4,4.23,1.565,0.82,,,,,,,,,,,,,,,,,,,,,,,,,,,,,,,,,,,,,,,,,,,,,,,,,,,,,,,,,,,,,,,,,,,,,,,,,,,,,,,,,,,,,,,,,,,,,,,,,,,,,,,,,,,,,,,,,,
16,litt_gun_381a_x3,1.2,1.27,1.565,0.96,,16,litt_gun_381_x3,1.2,1.27,1.565,0.96,,16,trento_gun_203_x3,2,2.12,1.565,0.9,,16,pola_gun_100_x3,4,4.23,1.565,0.79,,16,mont_gun_152_x3,2.8,2.97,1.565,0.89,,16,litt_gun_152a_x3,2.8,2.97,1.565,0.89,,16,litt_gun_152_x3,2.8,2.97,1.565,0.89,,16,litt_gun_90_x3,4,4.23,1.565,0.82,,,,,,,,,,,,,,,,,,,,,,,,,,,,,,,,,,,,,,,,,,,,,,,,,,,,,,,,,,,,,,,,,,,,,,,,,,,,,,,,,,,,,,,,,,,,,,,,,,,,,,,,,,,,,,,,,,
17,litt_gun_381a_x1,1.275,1.345,1.51,0.94,,17,litt_gun_381_x1,1.275,1.345,1.51,0.94,,17,trento_gun_203_x1,2.125,2.245,1.51,0.89,,17,pola_gun_100_x1,4.25,4.48,1.51,0.79,,17,mont_gun_152_x1,2.975,3.145,1.51,0.88,,17,litt_gun_152a_x1,2.975,3.145,1.51,0.88,,17,litt_gun_152_x1,2.975,3.145,1.51,0.88,,17,litt_gun_90_x1,4.25,4.48,1.51,0.82,,,,,,,,,,,,,,,,,,,,,,,,,,,,,,,,,,,,,,,,,,,,,,,,,,,,,,,,,,,,,,,,,,,,,,,,,,,,,,,,,,,,,,,,,,,,,,,,,,,,,,,,,,,,,,,,,,
17,litt_gun_381a_x2,1.275,1.345,1.51,0.94,,17,litt_gun_381_x2,1.275,1.345,1.51,0.94,,17,trento_gun_203_x2,2.125,2.245,1.51,0.89,,17,pola_gun_100_x2,4.25,4.48,1.51,0.79,,17,mont_gun_152_x2,2.975,3.145,1.51,0.88,,17,litt_gun_152a_x2,2.975,3.145,1.51,0.88,,17,litt_gun_152_x2,2.975,3.145,1.51,0.88,,17,litt_gun_90_x2,4.25,4.48,1.51,0.82,,,,,,,,,,,,,,,,,,,,,,,,,,,,,,,,,,,,,,,,,,,,,,,,,,,,,,,,,,,,,,,,,,,,,,,,,,,,,,,,,,,,,,,,,,,,,,,,,,,,,,,,,,,,,,,,,,
17,litt_gun_381a_x3,1.275,1.345,1.51,0.94,,17,litt_gun_381_x3,1.275,1.345,1.51,0.94,,17,trento_gun_203_x3,2.125,2.245,1.51,0.89,,17,pola_gun_100_x3,4.25,4.48,1.51,0.79,,17,mont_gun_152_x3,2.975,3.145,1.51,0.88,,17,litt_gun_152a_x3,2.975,3.145,1.51,0.88,,17,litt_gun_152_x3,2.975,3.145,1.51,0.88,,17,litt_gun_90_x3,4.25,4.48,1.51,0.82,,,,,,,,,,,,,,,,,,,,,,,,,,,,,,,,,,,,,,,,,,,,,,,,,,,,,,,,,,,,,,,,,,,,,,,,,,,,,,,,,,,,,,,,,,,,,,,,,,,,,,,,,,,,,,,,,,
18,litt_gun_381a_x1,1.35,1.42,1.51,0.94,,18,litt_gun_381_x1,1.35,1.42,1.51,0.94,,18,trento_gun_203_x1,2.25,2.37,1.51,0.89,,18,pola_gun_100_x1,4.5,4.73,1.51,0.78,,18,mont_gun_152_x1,3.15,3.32,1.51,0.88,,18,litt_gun_152a_x1,3.15,3.32,1.51,0.88,,18,litt_gun_152_x1,3.15,3.32,1.51,0.88,,18,litt_gun_90_x1,4.5,4.73,1.51,0.81,,,,,,,,,,,,,,,,,,,,,,,,,,,,,,,,,,,,,,,,,,,,,,,,,,,,,,,,,,,,,,,,,,,,,,,,,,,,,,,,,,,,,,,,,,,,,,,,,,,,,,,,,,,,,,,,,,
18,litt_gun_381a_x2,1.35,1.42,1.51,0.94,,18,litt_gun_381_x2,1.35,1.42,1.51,0.94,,18,trento_gun_203_x2,2.25,2.37,1.51,0.89,,18,pola_gun_100_x2,4.5,4.73,1.51,0.78,,18,mont_gun_152_x2,3.15,3.32,1.51,0.88,,18,litt_gun_152a_x2,3.15,3.32,1.51,0.88,,18,litt_gun_152_x2,3.15,3.32,1.51,0.88,,18,litt_gun_90_x2,4.5,4.73,1.51,0.81,,,,,,,,,,,,,,,,,,,,,,,,,,,,,,,,,,,,,,,,,,,,,,,,,,,,,,,,,,,,,,,,,,,,,,,,,,,,,,,,,,,,,,,,,,,,,,,,,,,,,,,,,,,,,,,,,,
18,litt_gun_381a_x3,1.35,1.42,1.51,0.94,,18,litt_gun_381_x3,1.35,1.42,1.51,0.94,,18,trento_gun_203_x3,2.25,2.37,1.51,0.89,,18,pola_gun_100_x3,4.5,4.73,1.51,0.78,,18,mont_gun_152_x3,3.15,3.32,1.51,0.88,,18,litt_gun_152a_x3,3.15,3.32,1.51,0.88,,18,litt_gun_152_x3,3.15,3.32,1.51,0.88,,18,litt_gun_90_x3,4.5,4.73,1.51,0.81,,,,,,,,,,,,,,,,,,,,,,,,,,,,,,,,,,,,,,,,,,,,,,,,,,,,,,,,,,,,,,,,,,,,,,,,,,,,,,,,,,,,,,,,,,,,,,,,,,,,,,,,,,,,,,,,,,
19,litt_gun_381a_x1,1.425,1.495,1.415,0.94,,19,litt_gun_381_x1,1.425,1.495,1.415,0.94,,19,trento_gun_203_x1,2.375,2.495,1.415,0.88,,19,pola_gun_100_x1,4.75,4.98,1.415,0.78,,19,mont_gun_152_x1,3.325,3.495,1.415,0.87,,19,litt_gun_152a_x1,3.325,3.495,1.415,0.87,,19,litt_gun_152_x1,3.325,3.495,1.415,0.87,,19,litt_gun_90_x1,4.75,4.98,1.415,0.81,,,,,,,,,,,,,,,,,,,,,,,,,,,,,,,,,,,,,,,,,,,,,,,,,,,,,,,,,,,,,,,,,,,,,,,,,,,,,,,,,,,,,,,,,,,,,,,,,,,,,,,,,,,,,,,,,,
19,litt_gun_381a_x2,1.425,1.495,1.415,0.94,,19,litt_gun_381_x2,1.425,1.495,1.415,0.94,,19,trento_gun_203_x2,2.375,2.495,1.415,0.88,,19,pola_gun_100_x2,4.75,4.98,1.415,0.78,,19,mont_gun_152_x2,3.325,3.495,1.415,0.87,,19,litt_gun_152a_x2,3.325,3.495,1.415,0.87,,19,litt_gun_152_x2,3.325,3.495,1.415,0.87,,19,litt_gun_90_x2,4.75,4.98,1.415,0.81,,,,,,,,,,,,,,,,,,,,,,,,,,,,,,,,,,,,,,,,,,,,,,,,,,,,,,,,,,,,,,,,,,,,,,,,,,,,,,,,,,,,,,,,,,,,,,,,,,,,,,,,,,,,,,,,,,
19,litt_gun_381a_x3,1.425,1.495,1.415,0.94,,19,litt_gun_381_x3,1.425,1.495,1.415,0.94,,19,trento_gun_203_x3,2.375,2.495,1.415,0.88,,19,pola_gun_100_x3,4.75,4.98,1.415,0.78,,19,mont_gun_152_x3,3.325,3.495,1.415,0.87,,19,litt_gun_152a_x3,3.325,3.495,1.415,0.87,,19,litt_gun_152_x3,3.325,3.495,1.415,0.87,,19,litt_gun_90_x3,4.75,4.98,1.415,0.81,,,,,,,,,,,,,,,,,,,,,,,,,,,,,,,,,,,,,,,,,,,,,,,,,,,,,,,,,,,,,,,,,,,,,,,,,,,,,,,,,,,,,,,,,,,,,,,,,,,,,,,,,,,,,,,,,,
20,litt_gun_381a_x1,1.5,1.57,1.25,0.94,,20,litt_gun_381_x1,1.5,1.57,1.25,0.94,,20,trento_gun_203_x1,2.5,2.62,1.25,0.88,,20,pola_gun_100_x1,5,5.23,1.25,0.77,,20,mont_gun_152_x1,3.5,3.67,1.25,0.87,,20,litt_gun_152a_x1,3.5,3.67,1.25,0.87,,20,litt_gun_152_x1,3.5,3.67,1.25,0.87,,20,litt_gun_90_x1,5,5.23,1.25,0.8,,,,,,,,,,,,,,,,,,,,,,,,,,,,,,,,,,,,,,,,,,,,,,,,,,,,,,,,,,,,,,,,,,,,,,,,,,,,,,,,,,,,,,,,,,,,,,,,,,,,,,,,,,,,,,,,,,
20,litt_gun_381a_x2,1.5,1.57,1.25,0.94,,20,litt_gun_381_x2,1.5,1.57,1.25,0.94,,20,trento_gun_203_x2,2.5,2.62,1.25,0.88,,20,pola_gun_100_x2,5,5.23,1.25,0.77,,20,mont_gun_152_x2,3.5,3.67,1.25,0.87,,20,litt_gun_152a_x2,3.5,3.67,1.25,0.87,,20,litt_gun_152_x2,3.5,3.67,1.25,0.87,,20,litt_gun_90_x2,5,5.23,1.25,0.8,,,,,,,,,,,,,,,,,,,,,,,,,,,,,,,,,,,,,,,,,,,,,,,,,,,,,,,,,,,,,,,,,,,,,,,,,,,,,,,,,,,,,,,,,,,,,,,,,,,,,,,,,,,,,,,,,,
20,litt_gun_381a_x3,1.5,1.57,1.25,0.94,,20,litt_gun_381_x3,1.5,1.57,1.25,0.94,,20,trento_gun_203_x3,2.5,2.62,1.25,0.88,,20,pola_gun_100_x3,5,5.23,1.25,0.77,,20,mont_gun_152_x3,3.5,3.67,1.25,0.87,,20,litt_gun_152a_x3,3.5,3.67,1.25,0.87,,20,litt_gun_152_x3,3.5,3.67,1.25,0.87,,20,litt_gun_90_x3,5,5.23,1.25,0.8,,,,,,,,,,,,,,,,,,,,,,,,,,,,,,,,,,,,,,,,,,,,,,,,,,,,,,,,,,,,,,,,,,,,,,,,,,,,,,,,,,,,,,,,,,,,,,,,,,,,,,,,,,,,,,,,,,
,RUSSIA,,,,,,,,,,,,,,,,,,,,,,,,,,,,,,,,,,,,,,,,,,,,,,,,,,,,,,,,,,,,,,,,,,,,,,,,,,,,,,,,,,,,,,,,,,,,,,,,,,,,,,,,,,,,,,,,,,,,,,,,,,,,,,,,,,,,,,,,,,,,,,,,,,,,,,,,,,,,,,,,,,,,,,,
2,tsesarevich_gun_152_x1,0.35,0.52,10,2.32,,2,ussr_gun_50_x1,0.6,0.87,10,2.25,,2,ussr_gun_100_x1,0.35,0.52,10,3.4,,2,ussr_gun_152_x1,0.28,0.415,10,3.1,,2,ussr_gun_406_x1,0.125,0.186,10,2.65,,,QUADS,,,,,,,,,,,,,,,,,,,,,,,,,,,,,,,,,,,,,,,,,,,,,,,,,,,,,,,,,,,,,,,,,,,,,,,,,,,,,,,,,,,,,,,,,,,,,,,,,,,,,,,,,,,,,,,,,,,,,,,,,,,,,,,,,,,,
2,tsesarevich_gun_152_x2,0.35,0.52,10,2.32,,2,ussr_gun_50_x2,0.6,0.87,10,2.25,,2,ussr_gun_100_x2,0.35,0.52,10,3.4,,2,ussr_gun_152_x2,0.28,0.415,10,3.1,,2,ussr_gun_406_x2,0.125,0.186,10,2.65,,2,ussr_gun_50_x4,0.6,0.87,10,2.18,,,,,,,,,,,,,,,,,,,,,,,,,,,,,,,,,,,,,,,,,,,,,,,,,,,,,,,,,,,,,,,,,,,,,,,,,,,,,,,,,,,,,,,,,,,,,,,,,,,,,,,,,,,,,,,,,,,,,,,,,,,,,,,,
2,tsesarevich_gun_152_x3,0.35,0.52,10,2.32,,2,ussr_gun_50_x3,0.6,0.87,10,2.18,,2,ussr_gun_100_x3,0.35,0.52,10,3.4,,2,ussr_gun_152_x3,0.28,0.415,10,3.1,,2,ussr_gun_406_x3,0.125,0.186,10,2.65,,3,ussr_gun_50_x4,0.9,1.17,10,1.84,,,,,,,,,,,,,,,,,,,,,,,,,,,,,,,,,,,,,,,,,,,,,,,,,,,,,,,,,,,,,,,,,,,,,,,,,,,,,,,,,,,,,,,,,,,,,,,,,,,,,,,,,,,,,,,,,,,,,,,,,,,,,,,,
3,tsesarevich_gun_152_x1,0.525,0.745,10,1.95,,3,ussr_gun_50_x1,0.9,1.17,10,1.9,,3,ussr_gun_100_x1,0.525,0.745,10,2.9,,3,ussr_gun_152_x1,0.42,0.555,10,2.6,,3,ussr_gun_406_x1,0.1875,0.2485,10,2.25,,4,ussr_gun_50_x4,1.2,1.47,8.25,1.52,,,,,,,,,,,,,,,,,,,,,,,,,,,,,,,,,,,,,,,,,,,,,,,,,,,,,,,,,,,,,,,,,,,,,,,,,,,,,,,,,,,,,,,,,,,,,,,,,,,,,,,,,,,,,,,,,,,,,,,,,,,,,,,,
3,tsesarevich_gun_152_x2,0.525,0.745,10,1.95,,3,ussr_gun_50_x2,0.9,1.17,10,1.9,,3,ussr_gun_100_x2,0.525,0.745,10,2.9,,3,ussr_gun_152_x2,0.42,0.555,10,2.6,,3,ussr_gun_406_x2,0.1875,0.2485,10,2.25,,5,ussr_gun_50_x4,1.5,1.77,5.25,1.2,,,,,,,,,,,,,,,,,,,,,,,,,,,,,,,,,,,,,,,,,,,,,,,,,,,,,,,,,,,,,,,,,,,,,,,,,,,,,,,,,,,,,,,,,,,,,,,,,,,,,,,,,,,,,,,,,,,,,,,,,,,,,,,,
3,tsesarevich_gun_152_x3,0.525,0.745,10,1.95,,3,ussr_gun_50_x3,0.9,1.17,10,1.84,,3,ussr_gun_100_x3,0.525,0.745,10,2.9,,3,ussr_gun_152_x3,0.42,0.555,10,2.6,,3,ussr_gun_406_x3,0.1875,0.2485,10,2.25,,6,ussr_gun_50_x4,1.8,2.07,3.7,1.14,,,,,,,,,,,,,,,,,,,,,,,,,,,,,,,,,,,,,,,,,,,,,,,,,,,,,,,,,,,,,,,,,,,,,,,,,,,,,,,,,,,,,,,,,,,,,,,,,,,,,,,,,,,,,,,,,,,,,,,,,,,,,,,,
4,tsesarevich_gun_152_x1,0.75,0.87,8.25,1.5,,4,ussr_gun_50_x1,1.2,1.47,8.25,1.58,,4,ussr_gun_100_x1,0.75,0.87,8.25,2.23,,4,ussr_gun_152_x1,0.56,0.695,8.25,2.14,,4,ussr_gun_406_x1,0.25,0.311,8.25,1.88,,7,ussr_gun_50_x4,2.1,2.37,3.1,1.1,,,,,,,,,,,,,,,,,,,,,,,,,,,,,,,,,,,,,,,,,,,,,,,,,,,,,,,,,,,,,,,,,,,,,,,,,,,,,,,,,,,,,,,,,,,,,,,,,,,,,,,,,,,,,,,,,,,,,,,,,,,,,,,,
4,tsesarevich_gun_152_x2,0.75,0.87,8.25,1.5,,4,ussr_gun_50_x2,1.2,1.47,8.25,1.58,,4,ussr_gun_100_x2,0.75,0.87,8.25,2.23,,4,ussr_gun_152_x2,0.56,0.695,8.25,2.14,,4,ussr_gun_406_x2,0.25,0.311,8.25,1.88,,8,ussr_gun_50_x4,2.4,2.67,2.5,1.08,,,,,,,,,,,,,,,,,,,,,,,,,,,,,,,,,,,,,,,,,,,,,,,,,,,,,,,,,,,,,,,,,,,,,,,,,,,,,,,,,,,,,,,,,,,,,,,,,,,,,,,,,,,,,,,,,,,,,,,,,,,,,,,,
4,tsesarevich_gun_152_x3,0.75,0.87,8.25,1.5,,4,ussr_gun_50_x3,1.2,1.47,8.25,1.52,,4,ussr_gun_100_x3,0.75,0.87,8.25,2.23,,4,ussr_gun_152_x3,0.56,0.695,8.25,2.14,,4,ussr_gun_406_x3,0.25,0.311,8.25,1.88,,9,ussr_gun_50_x4,2.7,2.97,1.95,1.05,,,,,,,,,,,,,,,,,,,,,,,,,,,,,,,,,,,,,,,,,,,,,,,,,,,,,,,,,,,,,,,,,,,,,,,,,,,,,,,,,,,,,,,,,,,,,,,,,,,,,,,,,,,,,,,,,,,,,,,,,,,,,,,,
5,tsesarevich_gun_152_x1,0.875,1.045,5.25,1.26,,5,ussr_gun_50_x1,1.5,1.77,5.25,1.24,,5,ussr_gun_100_x1,0.875,1.045,5.25,1.85,,5,ussr_gun_152_x1,0.7,0.835,5.25,1.68,,5,ussr_gun_406_x1,0.3125,0.3735,5.25,1.46,,10,ussr_gun_50_x4,3,3.27,1.74,1.02,,,,,,,,,,,,,,,,,,,,,,,,,,,,,,,,,,,,,,,,,,,,,,,,,,,,,,,,,,,,,,,,,,,,,,,,,,,,,,,,,,,,,,,,,,,,,,,,,,,,,,,,,,,,,,,,,,,,,,,,,,,,,,,,
5,tsesarevich_gun_152_x2,0.875,1.045,5.25,1.26,,5,ussr_gun_50_x2,1.5,1.77,5.25,1.24,,5,ussr_gun_100_x2,0.875,1.045,5.25,1.85,,5,ussr_gun_152_x2,0.7,0.835,5.25,1.68,,5,ussr_gun_406_x2,0.3125,0.3735,5.25,1.46,,11,ussr_gun_50_x4,3.3,3.57,1.59,0.81,,,,,,,,,,,,,,,,,,,,,,,,,,,,,,,,,,,,,,,,,,,,,,,,,,,,,,,,,,,,,,,,,,,,,,,,,,,,,,,,,,,,,,,,,,,,,,,,,,,,,,,,,,,,,,,,,,,,,,,,,,,,,,,,
5,tsesarevich_gun_152_x3,0.875,1.045,5.25,1.26,,5,ussr_gun_50_x3,1.5,1.77,5.25,1.2,,5,ussr_gun_100_x3,0.875,1.045,5.25,1.85,,5,ussr_gun_152_x3,0.7,0.835,5.25,1.68,,5,ussr_gun_406_x3,0.3125,0.3735,5.25,1.46,,12,ussr_gun_50_x4,3.6,3.87,1.49,0.81,,,,,,,,,,,,,,,,,,,,,,,,,,,,,,,,,,,,,,,,,,,,,,,,,,,,,,,,,,,,,,,,,,,,,,,,,,,,,,,,,,,,,,,,,,,,,,,,,,,,,,,,,,,,,,,,,,,,,,,,,,,,,,,,
6,tsesarevich_gun_152_x1,1.050,1.22,3.7,1.2,,6,ussr_gun_50_x1,1.8,2.07,3.7,1.18,,6,ussr_gun_100_x1,1.050,1.22,3.7,1.76,,6,ussr_gun_152_x1,0.84,0.975,3.7,1.6,,6,ussr_gun_406_x1,0.375,0.436,3.7,1.38,,13,ussr_gun_50_x4,3.9,4.17,1.44,0.8,,,,,,,,,,,,,,,,,,,,,,,,,,,,,,,,,,,,,,,,,,,,,,,,,,,,,,,,,,,,,,,,,,,,,,,,,,,,,,,,,,,,,,,,,,,,,,,,,,,,,,,,,,,,,,,,,,,,,,,,,,,,,,,,
6,tsesarevich_gun_152_x2,1.050,1.22,3.7,1.2,,6,ussr_gun_50_x2,1.8,2.07,3.7,1.18,,6,ussr_gun_100_x2,1.050,1.22,3.7,1.76,,6,ussr_gun_152_x2,0.84,0.975,3.7,1.6,,6,ussr_gun_406_x2,0.375,0.436,3.7,1.38,,14,ussr_gun_50_x4,4.2,4.47,1.4,0.8,,,,,,,,,,,,,,,,,,,,,,,,,,,,,,,,,,,,,,,,,,,,,,,,,,,,,,,,,,,,,,,,,,,,,,,,,,,,,,,,,,,,,,,,,,,,,,,,,,,,,,,,,,,,,,,,,,,,,,,,,,,,,,,,
6,tsesarevich_gun_152_x3,1.050,1.22,3.7,1.2,,6,ussr_gun_50_x3,1.8,2.07,3.7,1.14,,6,ussr_gun_100_x3,1.050,1.22,3.7,1.76,,6,ussr_gun_152_x3,0.84,0.975,3.7,1.6,,6,ussr_gun_406_x3,0.375,0.436,3.7,1.38,,15,ussr_gun_50_x4,4.5,4.77,1.5,0.79,,,,,,,,,,,,,,,,,,,,,,,,,,,,,,,,,,,,,,,,,,,,,,,,,,,,,,,,,,,,,,,,,,,,,,,,,,,,,,,,,,,,,,,,,,,,,,,,,,,,,,,,,,,,,,,,,,,,,,,,,,,,,,,,
7,tsesarevich_gun_152_x1,1.225,1.395,3.1,1.18,,7,ussr_gun_50_x1,2.1,2.37,3.1,1.14,,7,ussr_gun_100_x1,1.225,1.395,3.1,1.72,,7,ussr_gun_152_x1,0.98,1.115,3.1,1.56,,7,ussr_gun_406_x1,0.4375,0.4985,3.1,1.34,,16,ussr_gun_50_x4,4.8,5.07,1.565,0.79,,,,,,,,,,,,,,,,,,,,,,,,,,,,,,,,,,,,,,,,,,,,,,,,,,,,,,,,,,,,,,,,,,,,,,,,,,,,,,,,,,,,,,,,,,,,,,,,,,,,,,,,,,,,,,,,,,,,,,,,,,,,,,,,
7,tsesarevich_gun_152_x2,1.225,1.395,3.1,1.18,,7,ussr_gun_50_x2,2.1,2.37,3.1,1.14,,7,ussr_gun_100_x2,1.225,1.395,3.1,1.72,,7,ussr_gun_152_x2,0.98,1.115,3.1,1.56,,7,ussr_gun_406_x2,0.4375,0.4985,3.1,1.34,,17,ussr_gun_50_x4,5.1,5.37,1.51,0.79,,,,,,,,,,,,,,,,,,,,,,,,,,,,,,,,,,,,,,,,,,,,,,,,,,,,,,,,,,,,,,,,,,,,,,,,,,,,,,,,,,,,,,,,,,,,,,,,,,,,,,,,,,,,,,,,,,,,,,,,,,,,,,,,
7,tsesarevich_gun_152_x3,1.225,1.395,3.1,1.18,,7,ussr_gun_50_x3,2.1,2.37,3.1,1.1,,7,ussr_gun_100_x3,1.225,1.395,3.1,1.72,,7,ussr_gun_152_x3,0.98,1.115,3.1,1.56,,7,ussr_gun_406_x3,0.4375,0.4985,3.1,1.34,,18,ussr_gun_50_x4,5.4,5.67,1.51,0.78,,,,,,,,,,,,,,,,,,,,,,,,,,,,,,,,,,,,,,,,,,,,,,,,,,,,,,,,,,,,,,,,,,,,,,,,,,,,,,,,,,,,,,,,,,,,,,,,,,,,,,,,,,,,,,,,,,,,,,,,,,,,,,,,
8,tsesarevich_gun_152_x1,1.4,1.57,2.5,1.14,,8,ussr_gun_50_x1,2.4,2.67,2.5,1.12,,8,ussr_gun_100_x1,1.4,1.57,2.5,1.66,,8,ussr_gun_152_x1,1.12,1.255,2.5,1.52,,8,ussr_gun_406_x1,0.5,0.561,2.5,1.32,,19,ussr_gun_50_x4,5.7,5.97,1.415,0.78,,,,,,,,,,,,,,,,,,,,,,,,,,,,,,,,,,,,,,,,,,,,,,,,,,,,,,,,,,,,,,,,,,,,,,,,,,,,,,,,,,,,,,,,,,,,,,,,,,,,,,,,,,,,,,,,,,,,,,,,,,,,,,,,
8,tsesarevich_gun_152_x2,1.4,1.57,2.5,1.14,,8,ussr_gun_50_x2,2.4,2.67,2.5,1.12,,8,ussr_gun_100_x2,1.4,1.57,2.5,1.66,,8,ussr_gun_152_x2,1.12,1.255,2.5,1.52,,8,ussr_gun_406_x2,0.5,0.561,2.5,1.32,,20,ussr_gun_50_x4,6,6.27,1.25,0.77,,,,,,,,,,,,,,,,,,,,,,,,,,,,,,,,,,,,,,,,,,,,,,,,,,,,,,,,,,,,,,,,,,,,,,,,,,,,,,,,,,,,,,,,,,,,,,,,,,,,,,,,,,,,,,,,,,,,,,,,,,,,,,,,
8,tsesarevich_gun_152_x3,1.4,1.57,2.5,1.14,,8,ussr_gun_50_x3,2.4,2.67,2.5,1.08,,8,ussr_gun_100_x3,1.4,1.57,2.5,1.66,,8,ussr_gun_152_x3,1.12,1.255,2.5,1.52,,8,ussr_gun_406_x3,0.5,0.561,2.5,1.32,,,,,,,,,,,,,,,,,,,,,,,,,,,,,,,,,,,,,,,,,,,,,,,,,,,,,,,,,,,,,,,,,,,,,,,,,,,,,,,,,,,,,,,,,,,,,,,,,,,,,,,,,,,,,,,,,,,,,,,,,,,,,,,,,,,,,,,
9,tsesarevich_gun_152_x1,1.575,1.745,1.95,1.12,,9,ussr_gun_50_x1,2.7,2.97,1.95,1.08,,9,ussr_gun_100_x1,1.575,1.745,1.95,1.62,,9,ussr_gun_152_x1,1.26,1.395,1.95,1.48,,9,ussr_gun_406_x1,0.5625,0.6235,1.95,1.28,,,,,,,,,,,,,,,,,,,,,,,,,,,,,,,,,,,,,,,,,,,,,,,,,,,,,,,,,,,,,,,,,,,,,,,,,,,,,,,,,,,,,,,,,,,,,,,,,,,,,,,,,,,,,,,,,,,,,,,,,,,,,,,,,,,,,,,
9,tsesarevich_gun_152_x2,1.575,1.745,1.95,1.12,,9,ussr_gun_50_x2,2.7,2.97,1.95,1.08,,9,ussr_gun_100_x2,1.575,1.745,1.95,1.62,,9,ussr_gun_152_x2,1.26,1.395,1.95,1.48,,9,ussr_gun_406_x2,0.5625,0.6235,1.95,1.28,,,,,,,,,,,,,,,,,,,,,,,,,,,,,,,,,,,,,,,,,,,,,,,,,,,,,,,,,,,,,,,,,,,,,,,,,,,,,,,,,,,,,,,,,,,,,,,,,,,,,,,,,,,,,,,,,,,,,,,,,,,,,,,,,,,,,,,
9,tsesarevich_gun_152_x3,1.575,1.745,1.95,1.12,,9,ussr_gun_50_x3,2.7,2.97,1.95,1.05,,9,ussr_gun_100_x3,1.575,1.745,1.95,1.62,,9,ussr_gun_152_x3,1.26,1.395,1.95,1.48,,9,ussr_gun_406_x3,0.5625,0.6235,1.95,1.28,,,,,,,,,,,,,,,,,,,,,,,,,,,,,,,,,,,,,,,,,,,,,,,,,,,,,,,,,,,,,,,,,,,,,,,,,,,,,,,,,,,,,,,,,,,,,,,,,,,,,,,,,,,,,,,,,,,,,,,,,,,,,,,,,,,,,,,
10,tsesarevich_gun_152_x1,1.75,1.92,1.74,1.08,,10,ussr_gun_50_x1,3,3.27,1.74,1.05,,10,ussr_gun_100_x1,1.75,1.92,1.74,1.58,,10,ussr_gun_152_x1,1.4,1.535,1.74,1.42,,10,ussr_gun_406_x1,0.625,0.686,1.74,1.24,,,,,,,,,,,,,,,,,,,,,,,,,,,,,,,,,,,,,,,,,,,,,,,,,,,,,,,,,,,,,,,,,,,,,,,,,,,,,,,,,,,,,,,,,,,,,,,,,,,,,,,,,,,,,,,,,,,,,,,,,,,,,,,,,,,,,,,
10,tsesarevich_gun_152_x2,1.75,1.92,1.74,1.08,,10,ussr_gun_50_x2,3,3.27,1.74,1.05,,10,ussr_gun_100_x2,1.75,1.92,1.74,1.58,,10,ussr_gun_152_x2,1.4,1.535,1.74,1.42,,10,ussr_gun_406_x2,0.625,0.686,1.74,1.24,,,,,,,,,,,,,,,,,,,,,,,,,,,,,,,,,,,,,,,,,,,,,,,,,,,,,,,,,,,,,,,,,,,,,,,,,,,,,,,,,,,,,,,,,,,,,,,,,,,,,,,,,,,,,,,,,,,,,,,,,,,,,,,,,,,,,,,
10,tsesarevich_gun_152_x3,1.75,1.92,1.74,1.08,,10,ussr_gun_50_x3,3,3.27,1.74,1.02,,10,ussr_gun_100_x3,1.75,1.92,1.74,1.58,,10,ussr_gun_152_x3,1.4,1.535,1.74,1.42,,10,ussr_gun_406_x3,0.625,0.686,1.74,1.24,,,,,,,,,,,,,,,,,,,,,,,,,,,,,,,,,,,,,,,,,,,,,,,,,,,,,,,,,,,,,,,,,,,,,,,,,,,,,,,,,,,,,,,,,,,,,,,,,,,,,,,,,,,,,,,,,,,,,,,,,,,,,,,,,,,,,,,
11,tsesarevich_gun_152_x1,1.925,2.095,1.59,0.86,,11,ussr_gun_50_x1,3.3,3.57,1.59,0.83,,11,ussr_gun_100_x1,1.925,2.095,1.59,1.26,,11,ussr_gun_152_x1,1.54,1.675,1.59,1.14,,11,ussr_gun_406_x1,0.6875,0.7485,1.59,0.98,,,,,,,,,,,,,,,,,,,,,,,,,,,,,,,,,,,,,,,,,,,,,,,,,,,,,,,,,,,,,,,,,,,,,,,,,,,,,,,,,,,,,,,,,,,,,,,,,,,,,,,,,,,,,,,,,,,,,,,,,,,,,,,,,,,,,,,
11,tsesarevich_gun_152_x2,1.925,2.095,1.59,0.86,,11,ussr_gun_50_x2,3.3,3.57,1.59,0.83,,11,ussr_gun_100_x2,1.925,2.095,1.59,1.26,,11,ussr_gun_152_x2,1.54,1.675,1.59,1.14,,11,ussr_gun_406_x2,0.6875,0.7485,1.59,0.98,,,,,,,,,,,,,,,,,,,,,,,,,,,,,,,,,,,,,,,,,,,,,,,,,,,,,,,,,,,,,,,,,,,,,,,,,,,,,,,,,,,,,,,,,,,,,,,,,,,,,,,,,,,,,,,,,,,,,,,,,,,,,,,,,,,,,,,
11,tsesarevich_gun_152_x3,1.925,2.095,1.59,0.86,,11,ussr_gun_50_x3,3.3,3.57,1.59,0.81,,11,ussr_gun_100_x3,1.925,2.095,1.59,1.26,,11,ussr_gun_152_x3,1.54,1.675,1.59,1.14,,11,ussr_gun_406_x3,0.6875,0.7485,1.59,0.98,,,,,,,,,,,,,,,,,,,,,,,,,,,,,,,,,,,,,,,,,,,,,,,,,,,,,,,,,,,,,,,,,,,,,,,,,,,,,,,,,,,,,,,,,,,,,,,,,,,,,,,,,,,,,,,,,,,,,,,,,,,,,,,,,,,,,,,
12,tsesarevich_gun_152_x1,2.1,2.27,1.49,0.86,,12,ussr_gun_50_x1,3.6,3.87,1.49,0.83,,12,ussr_gun_100_x1,2.1,2.27,1.49,1.25,,12,ussr_gun_152_x1,1.68,1.815,1.49,1.14,,12,ussr_gun_406_x1,0.75,0.811,1.49,0.98,,,,,,,,,,,,,,,,,,,,,,,,,,,,,,,,,,,,,,,,,,,,,,,,,,,,,,,,,,,,,,,,,,,,,,,,,,,,,,,,,,,,,,,,,,,,,,,,,,,,,,,,,,,,,,,,,,,,,,,,,,,,,,,,,,,,,,,
12,tsesarevich_gun_152_x2,2.1,2.27,1.49,0.86,,12,ussr_gun_50_x2,3.6,3.87,1.49,0.83,,12,ussr_gun_100_x2,2.1,2.27,1.49,1.25,,12,ussr_gun_152_x2,1.68,1.815,1.49,1.14,,12,ussr_gun_406_x2,0.75,0.811,1.49,0.98,,,,,,,,,,,,,,,,,,,,,,,,,,,,,,,,,,,,,,,,,,,,,,,,,,,,,,,,,,,,,,,,,,,,,,,,,,,,,,,,,,,,,,,,,,,,,,,,,,,,,,,,,,,,,,,,,,,,,,,,,,,,,,,,,,,,,,,
12,tsesarevich_gun_152_x3,2.1,2.27,1.49,0.86,,12,ussr_gun_50_x3,3.6,3.87,1.49,0.81,,12,ussr_gun_100_x3,2.1,2.27,1.49,1.25,,12,ussr_gun_152_x3,1.68,1.815,1.49,1.14,,12,ussr_gun_406_x3,0.75,0.811,1.49,0.98,,,,,,,,,,,,,,,,,,,,,,,,,,,,,,,,,,,,,,,,,,,,,,,,,,,,,,,,,,,,,,,,,,,,,,,,,,,,,,,,,,,,,,,,,,,,,,,,,,,,,,,,,,,,,,,,,,,,,,,,,,,,,,,,,,,,,,,
13,tsesarevich_gun_152_x1,2.275,2.445,1.44,0.86,,13,ussr_gun_50_x1,3.9,4.17,1.44,0.83,,13,ussr_gun_100_x1,2.275,2.445,1.44,1.24,,13,ussr_gun_152_x1,1.82,1.955,1.44,1.13,,13,ussr_gun_406_x1,0.8125,0.8735,1.44,0.98,,,,,,,,,,,,,,,,,,,,,,,,,,,,,,,,,,,,,,,,,,,,,,,,,,,,,,,,,,,,,,,,,,,,,,,,,,,,,,,,,,,,,,,,,,,,,,,,,,,,,,,,,,,,,,,,,,,,,,,,,,,,,,,,,,,,,,,
13,tsesarevich_gun_152_x2,2.275,2.445,1.44,0.86,,13,ussr_gun_50_x2,3.9,4.17,1.44,0.83,,13,ussr_gun_100_x2,2.275,2.445,1.44,1.24,,13,ussr_gun_152_x2,1.82,1.955,1.44,1.13,,13,ussr_gun_406_x2,0.8125,0.8735,1.44,0.98,,,,,,,,,,,,,,,,,,,,,,,,,,,,,,,,,,,,,,,,,,,,,,,,,,,,,,,,,,,,,,,,,,,,,,,,,,,,,,,,,,,,,,,,,,,,,,,,,,,,,,,,,,,,,,,,,,,,,,,,,,,,,,,,,,,,,,,
13,tsesarevich_gun_152_x3,2.275,2.445,1.44,0.86,,13,ussr_gun_50_x3,3.9,4.17,1.44,0.8,,13,ussr_gun_100_x3,2.275,2.445,1.44,1.24,,13,ussr_gun_152_x3,1.82,1.955,1.44,1.13,,13,ussr_gun_406_x3,0.8125,0.8735,1.44,0.98,,,,,,,,,,,,,,,,,,,,,,,,,,,,,,,,,,,,,,,,,,,,,,,,,,,,,,,,,,,,,,,,,,,,,,,,,,,,,,,,,,,,,,,,,,,,,,,,,,,,,,,,,,,,,,,,,,,,,,,,,,,,,,,,,,,,,,,
14,tsesarevich_gun_152_x1,2.45,2.62,1.4,0.85,,14,ussr_gun_50_x1,4.2,4.47,1.4,0.82,,14,ussr_gun_100_x1,2.45,2.62,1.4,1.24,,14,ussr_gun_152_x1,1.96,2.095,1.4,1.13,,14,ussr_gun_406_x1,0.875,0.936,1.4,0.98,,,,,,,,,,,,,,,,,,,,,,,,,,,,,,,,,,,,,,,,,,,,,,,,,,,,,,,,,,,,,,,,,,,,,,,,,,,,,,,,,,,,,,,,,,,,,,,,,,,,,,,,,,,,,,,,,,,,,,,,,,,,,,,,,,,,,,,
14,tsesarevich_gun_152_x2,2.45,2.62,1.4,0.85,,14,ussr_gun_50_x2,4.2,4.47,1.4,0.82,,14,ussr_gun_100_x2,2.45,2.62,1.4,1.24,,14,ussr_gun_152_x2,1.96,2.095,1.4,1.13,,14,ussr_gun_406_x2,0.875,0.936,1.4,0.98,,,,,,,,,,,,,,,,,,,,,,,,,,,,,,,,,,,,,,,,,,,,,,,,,,,,,,,,,,,,,,,,,,,,,,,,,,,,,,,,,,,,,,,,,,,,,,,,,,,,,,,,,,,,,,,,,,,,,,,,,,,,,,,,,,,,,,,
14,tsesarevich_gun_152_x3,2.45,2.62,1.4,0.85,,14,ussr_gun_50_x3,4.2,4.47,1.4,0.8,,14,ussr_gun_100_x3,2.45,2.62,1.4,1.24,,14,ussr_gun_152_x3,1.96,2.095,1.4,1.13,,14,ussr_gun_406_x3,0.875,0.936,1.4,0.98,,,,,,,,,,,,,,,,,,,,,,,,,,,,,,,,,,,,,,,,,,,,,,,,,,,,,,,,,,,,,,,,,,,,,,,,,,,,,,,,,,,,,,,,,,,,,,,,,,,,,,,,,,,,,,,,,,,,,,,,,,,,,,,,,,,,,,,
15,tsesarevich_gun_152_x1,2.625,2.795,1.5,0.85,,15,ussr_gun_50_x1,4.5,4.77,1.5,0.82,,15,ussr_gun_100_x1,2.625,2.795,1.5,1.23,,15,ussr_gun_152_x1,2.1,2.235,1.5,1.12,,15,ussr_gun_406_x1,0.9375,0.9985,1.5,0.97,,,,,,,,,,,,,,,,,,,,,,,,,,,,,,,,,,,,,,,,,,,,,,,,,,,,,,,,,,,,,,,,,,,,,,,,,,,,,,,,,,,,,,,,,,,,,,,,,,,,,,,,,,,,,,,,,,,,,,,,,,,,,,,,,,,,,,,
15,tsesarevich_gun_152_x2,2.625,2.795,1.5,0.85,,15,ussr_gun_50_x2,4.5,4.77,1.5,0.82,,15,ussr_gun_100_x2,2.625,2.795,1.5,1.23,,15,ussr_gun_152_x2,2.1,2.235,1.5,1.12,,15,ussr_gun_406_x2,0.9375,0.9985,1.5,0.97,,,,,,,,,,,,,,,,,,,,,,,,,,,,,,,,,,,,,,,,,,,,,,,,,,,,,,,,,,,,,,,,,,,,,,,,,,,,,,,,,,,,,,,,,,,,,,,,,,,,,,,,,,,,,,,,,,,,,,,,,,,,,,,,,,,,,,,
15,tsesarevich_gun_152_x3,2.625,2.795,1.5,0.85,,15,ussr_gun_50_x3,4.5,4.77,1.5,0.79,,15,ussr_gun_100_x3,2.625,2.795,1.5,1.23,,15,ussr_gun_152_x3,2.1,2.235,1.5,1.12,,15,ussr_gun_406_x3,0.9375,0.9985,1.5,0.97,,,,,,,,,,,,,,,,,,,,,,,,,,,,,,,,,,,,,,,,,,,,,,,,,,,,,,,,,,,,,,,,,,,,,,,,,,,,,,,,,,,,,,,,,,,,,,,,,,,,,,,,,,,,,,,,,,,,,,,,,,,,,,,,,,,,,,,
16,tsesarevich_gun_152_x1,2.8,2.97,1.565,0.84,,16,ussr_gun_50_x1,4.8,5.07,1.565,0.81,,16,ussr_gun_100_x1,2.8,2.97,1.565,1.22,,16,ussr_gun_152_x1,2.24,2.375,1.565,1.11,,16,ussr_gun_406_x1,1,1.061,1.565,0.97,,,,,,,,,,,,,,,,,,,,,,,,,,,,,,,,,,,,,,,,,,,,,,,,,,,,,,,,,,,,,,,,,,,,,,,,,,,,,,,,,,,,,,,,,,,,,,,,,,,,,,,,,,,,,,,,,,,,,,,,,,,,,,,,,,,,,,,
16,tsesarevich_gun_152_x2,2.8,2.97,1.565,0.84,,16,ussr_gun_50_x2,4.8,5.07,1.565,0.81,,16,ussr_gun_100_x2,2.8,2.97,1.565,1.22,,16,ussr_gun_152_x2,2.24,2.375,1.565,1.11,,16,ussr_gun_406_x2,1,1.061,1.565,0.97,,,,,,,,,,,,,,,,,,,,,,,,,,,,,,,,,,,,,,,,,,,,,,,,,,,,,,,,,,,,,,,,,,,,,,,,,,,,,,,,,,,,,,,,,,,,,,,,,,,,,,,,,,,,,,,,,,,,,,,,,,,,,,,,,,,,,,,
16,tsesarevich_gun_152_x3,2.8,2.97,1.565,0.84,,16,ussr_gun_50_x3,4.8,5.07,1.565,0.79,,16,ussr_gun_100_x3,2.8,2.97,1.565,1.22,,16,ussr_gun_152_x3,2.24,2.375,1.565,1.11,,16,ussr_gun_406_x3,1,1.061,1.565,0.97,,,,,,,,,,,,,,,,,,,,,,,,,,,,,,,,,,,,,,,,,,,,,,,,,,,,,,,,,,,,,,,,,,,,,,,,,,,,,,,,,,,,,,,,,,,,,,,,,,,,,,,,,,,,,,,,,,,,,,,,,,,,,,,,,,,,,,,
17,tsesarevich_gun_152_x1,2.975,3.145,1.51,0.84,,17,ussr_gun_50_x1,5.1,5.37,1.51,0.81,,17,ussr_gun_100_x1,2.975,3.145,1.51,1.22,,17,ussr_gun_152_x1,2.38,2.515,1.51,1.11,,17,ussr_gun_406_x1,1.0625,1.1235,1.51,0.96,,,,,,,,,,,,,,,,,,,,,,,,,,,,,,,,,,,,,,,,,,,,,,,,,,,,,,,,,,,,,,,,,,,,,,,,,,,,,,,,,,,,,,,,,,,,,,,,,,,,,,,,,,,,,,,,,,,,,,,,,,,,,,,,,,,,,,,
17,tsesarevich_gun_152_x2,2.975,3.145,1.51,0.84,,17,ussr_gun_50_x2,5.1,5.37,1.51,0.81,,17,ussr_gun_100_x2,2.975,3.145,1.51,1.22,,17,ussr_gun_152_x2,2.38,2.515,1.51,1.11,,17,ussr_gun_406_x2,1.0625,1.1235,1.51,0.96,,,,,,,,,,,,,,,,,,,,,,,,,,,,,,,,,,,,,,,,,,,,,,,,,,,,,,,,,,,,,,,,,,,,,,,,,,,,,,,,,,,,,,,,,,,,,,,,,,,,,,,,,,,,,,,,,,,,,,,,,,,,,,,,,,,,,,,
17,tsesarevich_gun_152_x3,2.975,3.145,1.51,0.84,,17,ussr_gun_50_x3,5.1,5.37,1.51,0.79,,17,ussr_gun_100_x3,2.975,3.145,1.51,1.22,,17,ussr_gun_152_x3,2.38,2.515,1.51,1.11,,17,ussr_gun_406_x3,1.0625,1.1235,1.51,0.96,,,,,,,,,,,,,,,,,,,,,,,,,,,,,,,,,,,,,,,,,,,,,,,,,,,,,,,,,,,,,,,,,,,,,,,,,,,,,,,,,,,,,,,,,,,,,,,,,,,,,,,,,,,,,,,,,,,,,,,,,,,,,,,,,,,,,,,
18,tsesarevich_gun_152_x1,3.15,3.32,1.51,0.83,,18,ussr_gun_50_x1,5.4,5.67,1.51,0.81,,18,ussr_gun_100_x1,3.15,3.32,1.51,1.21,,18,ussr_gun_152_x1,2.52,2.655,1.51,1.1,,18,ussr_gun_406_x1,1.125,1.186,1.51,0.96,,,,,,,,,,,,,,,,,,,,,,,,,,,,,,,,,,,,,,,,,,,,,,,,,,,,,,,,,,,,,,,,,,,,,,,,,,,,,,,,,,,,,,,,,,,,,,,,,,,,,,,,,,,,,,,,,,,,,,,,,,,,,,,,,,,,,,,
18,tsesarevich_gun_152_x2,3.15,3.32,1.51,0.83,,18,ussr_gun_50_x2,5.4,5.67,1.51,0.81,,18,ussr_gun_100_x2,3.15,3.32,1.51,1.21,,18,ussr_gun_152_x2,2.52,2.655,1.51,1.1,,18,ussr_gun_406_x2,1.125,1.186,1.51,0.96,,,,,,,,,,,,,,,,,,,,,,,,,,,,,,,,,,,,,,,,,,,,,,,,,,,,,,,,,,,,,,,,,,,,,,,,,,,,,,,,,,,,,,,,,,,,,,,,,,,,,,,,,,,,,,,,,,,,,,,,,,,,,,,,,,,,,,,
18,tsesarevich_gun_152_x3,3.15,3.32,1.51,0.83,,18,ussr_gun_50_x3,5.4,5.67,1.51,0.78,,18,ussr_gun_100_x3,3.15,3.32,1.51,1.21,,18,ussr_gun_152_x3,2.52,2.655,1.51,1.1,,18,ussr_gun_406_x3,1.125,1.186,1.51,0.96,,,,,,,,,,,,,,,,,,,,,,,,,,,,,,,,,,,,,,,,,,,,,,,,,,,,,,,,,,,,,,,,,,,,,,,,,,,,,,,,,,,,,,,,,,,,,,,,,,,,,,,,,,,,,,,,,,,,,,,,,,,,,,,,,,,,,,,
19,tsesarevich_gun_152_x1,3.325,3.495,1.415,0.83,,19,ussr_gun_50_x1,5.7,5.97,1.415,0.8,,19,ussr_gun_100_x1,3.325,3.495,1.415,1.21,,19,ussr_gun_152_x1,2.66,2.795,1.415,1.1,,19,ussr_gun_406_x1,1.1875,1.2485,1.415,0.96,,,,,,,,,,,,,,,,,,,,,,,,,,,,,,,,,,,,,,,,,,,,,,,,,,,,,,,,,,,,,,,,,,,,,,,,,,,,,,,,,,,,,,,,,,,,,,,,,,,,,,,,,,,,,,,,,,,,,,,,,,,,,,,,,,,,,,,
19,tsesarevich_gun_152_x2,3.325,3.495,1.415,0.83,,19,ussr_gun_50_x2,5.7,5.97,1.415,0.8,,19,ussr_gun_100_x2,3.325,3.495,1.415,1.21,,19,ussr_gun_152_x2,2.66,2.795,1.415,1.1,,19,ussr_gun_406_x2,1.1875,1.2485,1.415,0.96,,,,,,,,,,,,,,,,,,,,,,,,,,,,,,,,,,,,,,,,,,,,,,,,,,,,,,,,,,,,,,,,,,,,,,,,,,,,,,,,,,,,,,,,,,,,,,,,,,,,,,,,,,,,,,,,,,,,,,,,,,,,,,,,,,,,,,,
19,tsesarevich_gun_152_x3,3.325,3.495,1.415,0.83,,19,ussr_gun_50_x3,5.7,5.97,1.415,0.78,,19,ussr_gun_100_x3,3.325,3.495,1.415,1.21,,19,ussr_gun_152_x3,2.66,2.795,1.415,1.1,,19,ussr_gun_406_x3,1.1875,1.2485,1.415,0.96,,,,,,,,,,,,,,,,,,,,,,,,,,,,,,,,,,,,,,,,,,,,,,,,,,,,,,,,,,,,,,,,,,,,,,,,,,,,,,,,,,,,,,,,,,,,,,,,,,,,,,,,,,,,,,,,,,,,,,,,,,,,,,,,,,,,,,,
20,tsesarevich_gun_152_x1,3.5,3.67,1.25,0.83,,20,ussr_gun_50_x1,6,6.27,1.25,0.8,,20,ussr_gun_100_x1,3.5,3.67,1.25,1.2,,20,ussr_gun_152_x1,2.8,2.935,1.25,1.09,,20,ussr_gun_406_x1,1.25,1.311,1.25,0.95,,,,,,,,,,,,,,,,,,,,,,,,,,,,,,,,,,,,,,,,,,,,,,,,,,,,,,,,,,,,,,,,,,,,,,,,,,,,,,,,,,,,,,,,,,,,,,,,,,,,,,,,,,,,,,,,,,,,,,,,,,,,,,,,,,,,,,,
20,tsesarevich_gun_152_x2,3.5,3.67,1.25,0.83,,20,ussr_gun_50_x2,6,6.27,1.25,0.8,,20,ussr_gun_100_x2,3.5,3.67,1.25,1.2,,20,ussr_gun_152_x2,2.8,2.935,1.25,1.09,,20,ussr_gun_406_x2,1.25,1.311,1.25,0.95,,,,,,,,,,,,,,,,,,,,,,,,,,,,,,,,,,,,,,,,,,,,,,,,,,,,,,,,,,,,,,,,,,,,,,,,,,,,,,,,,,,,,,,,,,,,,,,,,,,,,,,,,,,,,,,,,,,,,,,,,,,,,,,,,,,,,,,
20,tsesarevich_gun_152_x3,3.5,3.67,1.25,0.83,,20,ussr_gun_50_x3,6,6.27,1.25,0.77,,20,ussr_gun_100_x3,3.5,3.67,1.25,1.2,,20,ussr_gun_152_x3,2.8,2.935,1.25,1.09,,20,ussr_gun_406_x3,1.25,1.311,1.25,0.95,,,,,,,,,,,,,,,,,,,,,,,,,,,,,,,,,,,,,,,,,,,,,,,,,,,,,,,,,,,,,,,,,,,,,,,,,,,,,,,,,,,,,,,,,,,,,,,,,,,,,,,,,,,,,,,,,,,,,,,,,,,,,,,,,,,,,,,
,JAPAN,,,,,,,,,,,,,,,,,,,,,,,,,,,,,,,,,,,,,,,,,,,,,,,,,,,,,,,,,,,,,,,,,,,,,,,,,,,,,,,,,,,,,,,,,,,,,,,,,,,,,,,,,,,,,,,,,,,,,,,,,,,,,,,,,,,,,,,,,,,,,,,,,,,,,,,,,,,,,,,,,,,,,,,
2,moga_gun_127_x1,0.6,0.87,10,1.52,,2,fus_gun_356_x1_a,0.18,0.26,10,2.62,,2,yamato_gun_460_x1,0.09,0.13,10,3.1,,2,yamato_gun_b_460_x1,0.09,0.13,10,3.1,,2,moga_gun_200_x1,0.21,0.31,10,4,,2,yamato_gun_127_x1,0.55,0.81,10,1.48,,2,yamato_gun_155_x1,0.27,0.4,10,3.7,,2,yamato_gun_25_x1,0.8,1.15,10,3.1,,2,akizuki_gun_100_x1,0.35,0.52,10,3.76,,2,akizuki_gun_127_x1,0.28,0.41,10,3.64,,,akizuki_gun_b_127_x1,0.9,0.95,1.2,,,,SINGLES,,,,,,,,,,,,,,,,,,,,,,,,,,,,,,,,,,,,,,,,,,,,,,,,,,,,,,,,,,,,,,,,,,,,,,,,,,,,,,,,,,,,,,,,,,
2,moga_gun_127_x2,0.6,0.87,10,1.52,,2,fus_gun_356_x2_a,0.18,0.26,10,2.62,,2,yamato_gun_460_x2,0.09,0.13,10,3.1,,2,yamato_gun_b_460_x2,0.09,0.13,10,3.1,,2,moga_gun_200_x2,0.21,0.31,10,4,,2,yamato_gun_127_x2,0.55,0.81,10,1.48,,2,yamato_gun_155_x2,0.27,0.4,10,3.7,,2,yamato_gun_25_x2,0.8,1.15,10,3.1,,2,akizuki_gun_100_x2,0.35,0.52,10,3.76,,2,akizuki_gun_127_x2,0.28,0.41,10,3.64,,,akizuki_gun_b_127_x2,0.9,0.95,1.2,,,2,jap_tb_gun_76_x1,0.8,1.15,1,1.8,,,,,,,,,,,,,,,,,,,,,,,,,,,,,,,,,,,,,,,,,,,,,,,,,,,,,,,,,,,,,,,,,,,,,,,,,,,,,,,,,,,,,,
2,moga_gun_127_x3,0.6,0.87,10,1.52,,2,fus_gun_356_x3_a,0.18,0.26,10,2.62,,2,yamato_gun_460_x3,0.09,0.13,10,3.1,,2,yamato_gun_b_460_x3,0.09,0.13,10,3.1,,2,moga_gun_200_x3,0.21,0.31,10,4,,2,yamato_gun_127_x3,0.55,0.81,10,1.48,,2,yamato_gun_155_x3,0.27,0.4,10,3.7,,2,yamato_gun_25_x3,0.8,1.15,10,3.1,,2,akizuki_gun_100_x3,0.35,0.52,10,3.76,,2,akizuki_gun_127_x3,0.28,0.41,10,3.64,,,akizuki_gun_b_127_x3,0.9,0.95,1.2,,,3,jap_tb_gun_76_x1,1.2,1.55,1,1.52,,,,,,,,,,,,,,,,,,,,,,,,,,,,,,,,,,,,,,,,,,,,,,,,,,,,,,,,,,,,,,,,,,,,,,,,,,,,,,,,,,,,,,
3,moga_gun_127_x1,0.9,1.17,10,1.28,,3,fus_gun_356_x1_a,0.27,0.35,10,2.22,,3,yamato_gun_460_x1,0.135,0.175,10,2.6,,3,yamato_gun_b_460_x1,0.135,0.175,10,2.6,,3,moga_gun_200_x1,0.315,0.415,10,3.4,,3,yamato_gun_127_x1,0.825,1.085,10,1.26,,3,yamato_gun_155_x1,0.405,0.535,10,3.1,,3,yamato_gun_25_x1,1.2,1.55,10,2.64,,3,akizuki_gun_100_x1,0.525,0.695,10,3.16,,3,akizuki_gun_127_x1,0.42,0.55,10,3.08,,,akizuki_gun_b_127_x1,0.975,1.12,1.2,,,4,jap_tb_gun_76_x1,1.6,1.95,1,1.26,,,,,,,,,,,,,,,,,,,,,,,,,,,,,,,,,,,,,,,,,,,,,,,,,,,,,,,,,,,,,,,,,,,,,,,,,,,,,,,,,,,,,,
3,moga_gun_127_x2,0.9,1.17,10,1.28,,3,fus_gun_356_x2_a,0.27,0.35,10,2.22,,3,yamato_gun_460_x2,0.135,0.175,10,2.6,,3,yamato_gun_b_460_x2,0.135,0.175,10,2.6,,3,moga_gun_200_x2,0.315,0.415,10,3.4,,3,yamato_gun_127_x2,0.825,1.085,10,1.26,,3,yamato_gun_155_x2,0.405,0.535,10,3.1,,3,yamato_gun_25_x2,1.2,1.55,10,2.64,,3,akizuki_gun_100_x2,0.525,0.695,10,3.16,,3,akizuki_gun_127_x2,0.42,0.55,10,3.08,,,akizuki_gun_b_127_x2,0.975,1.12,1.2,,,5,jap_tb_gun_76_x1,2,2.35,1,0.98,,,,,,,,,,,,,,,,,,,,,,,,,,,,,,,,,,,,,,,,,,,,,,,,,,,,,,,,,,,,,,,,,,,,,,,,,,,,,,,,,,,,,,
3,moga_gun_127_x3,0.9,1.17,10,1.28,,3,fus_gun_356_x3_a,0.27,0.35,10,2.22,,3,yamato_gun_460_x3,0.135,0.175,10,2.6,,3,yamato_gun_b_460_x3,0.135,0.175,10,2.6,,3,moga_gun_200_x3,0.315,0.415,10,3.4,,3,yamato_gun_127_x3,0.825,1.085,10,1.26,,3,yamato_gun_155_x3,0.405,0.535,10,3.1,,3,yamato_gun_25_x3,1.2,1.55,10,2.64,,3,akizuki_gun_100_x3,0.525,0.695,10,3.16,,3,akizuki_gun_127_x3,0.42,0.55,10,3.08,,,akizuki_gun_b_127_x3,0.975,1.12,1.2,,,6,jap_tb_gun_76_x1,2.4,2.75,1,0.92,,,,,,,,,,,,,,,,,,,,,,,,,,,,,,,,,,,,,,,,,,,,,,,,,,,,,,,,,,,,,,,,,,,,,,,,,,,,,,,,,,,,,,
4,moga_gun_127_x1,1.2,1.47,8.25,1.06,,4,fus_gun_356_x1_a,0.36,0.44,8.25,1.84,,4,yamato_gun_460_x1,0.18,0.22,8.25,2.16,,4,yamato_gun_b_460_x1,0.18,0.22,8.25,2.16,,4,moga_gun_200_x1,0.42,0.52,8.25,2.8,,4,yamato_gun_127_x1,1.1,1.36,8.25,1.04,,4,yamato_gun_155_x1,0.54,0.67,8.25,2.58,,4,yamato_gun_25_x1,1.6,1.95,8.25,2.16,,4,akizuki_gun_100_x1,0.7,0.87,8.25,2.62,,4,akizuki_gun_127_x1,0.56,0.69,8.25,2.54,,,akizuki_gun_b_127_x1,1.15,1.365,1.2,,,7,jap_tb_gun_76_x1,2.8,3.15,0.9,0.9,,,,,,,,,,,,,,,,,,,,,,,,,,,,,,,,,,,,,,,,,,,,,,,,,,,,,,,,,,,,,,,,,,,,,,,,,,,,,,,,,,,,,,
4,moga_gun_127_x2,1.2,1.47,8.25,1.06,,4,fus_gun_356_x2_a,0.36,0.44,8.25,1.84,,4,yamato_gun_460_x2,0.18,0.22,8.25,2.16,,4,yamato_gun_b_460_x2,0.18,0.22,8.25,2.16,,4,moga_gun_200_x2,0.42,0.52,8.25,2.8,,4,yamato_gun_127_x2,1.1,1.36,8.25,1.04,,4,yamato_gun_155_x2,0.54,0.67,8.25,2.58,,4,yamato_gun_25_x2,1.6,1.95,8.25,2.16,,4,akizuki_gun_100_x2,0.7,0.87,8.25,2.62,,4,akizuki_gun_127_x2,0.56,0.69,8.25,2.54,,,akizuki_gun_b_127_x2,1.15,1.365,1.2,,,8,jap_tb_gun_76_x1,3.2,3.55,0.9,0.88,,,,,,,,,,,,,,,,,,,,,,,,,,,,,,,,,,,,,,,,,,,,,,,,,,,,,,,,,,,,,,,,,,,,,,,,,,,,,,,,,,,,,,
4,moga_gun_127_x3,1.2,1.47,8.25,1.06,,4,fus_gun_356_x3_a,0.36,0.44,8.25,1.84,,4,yamato_gun_460_x3,0.18,0.22,8.25,2.16,,4,yamato_gun_b_460_x3,0.18,0.22,8.25,2.16,,4,moga_gun_200_x3,0.42,0.52,8.25,2.8,,4,yamato_gun_127_x3,1.1,1.36,8.25,1.04,,4,yamato_gun_155_x3,0.54,0.67,8.25,2.58,,4,yamato_gun_25_x3,1.6,1.95,8.25,2.16,,4,akizuki_gun_100_x3,0.7,0.87,8.25,2.62,,4,akizuki_gun_127_x3,0.56,0.69,8.25,2.54,,,akizuki_gun_b_127_x3,1.15,1.365,1.2,,,9,jap_tb_gun_76_x1,3.6,3.95,0.6,0.86,,,,,,,,,,,,,,,,,,,,,,,,,,,,,,,,,,,,,,,,,,,,,,,,,,,,,,,,,,,,,,,,,,,,,,,,,,,,,,,,,,,,,,
5,moga_gun_127_x1,1.5,1.77,5.25,0.82,,5,fus_gun_356_x1_a,0.45,0.53,5.25,1.44,,5,yamato_gun_460_x1,0.225,0.265,5.25,1.68,,5,yamato_gun_b_460_x1,0.225,0.265,5.25,1.68,,5,moga_gun_200_x1,0.525,0.625,5.25,2.2,,5,yamato_gun_127_x1,1.375,1.635,5.25,0.8,,5,yamato_gun_155_x1,0.675,0.805,5.25,2,,5,yamato_gun_25_x1,2,2.35,5.25,1.7,,5,akizuki_gun_100_x1,0.875,1.045,5.25,2.04,,5,akizuki_gun_127_x1,0.7,0.83,5.25,1.96,,,,,,,,,10,jap_tb_gun_76_x1,4,4.35,0.6,0.84,,,,,,,,,,,,,,,,,,,,,,,,,,,,,,,,,,,,,,,,,,,,,,,,,,,,,,,,,,,,,,,,,,,,,,,,,,,,,,,,,,,,,,
5,moga_gun_127_x2,1.5,1.77,5.25,0.82,,5,fus_gun_356_x2_a,0.45,0.53,5.25,1.44,,5,yamato_gun_460_x2,0.225,0.265,5.25,1.68,,5,yamato_gun_b_460_x2,0.225,0.265,5.25,1.68,,5,moga_gun_200_x2,0.525,0.625,5.25,2.2,,5,yamato_gun_127_x2,1.375,1.635,5.25,0.8,,5,yamato_gun_155_x2,0.675,0.805,5.25,2,,5,yamato_gun_25_x2,2,2.35,5.25,1.7,,5,akizuki_gun_100_x2,0.875,1.045,5.25,2.04,,5,akizuki_gun_127_x2,0.7,0.83,5.25,1.96,,,,,,,,,11,jap_tb_gun_76_x1,4.4,4.75,0.6,0.67,,,,,,,,,,,,,,,,,,,,,,,,,,,,,,,,,,,,,,,,,,,,,,,,,,,,,,,,,,,,,,,,,,,,,,,,,,,,,,,,,,,,,,
5,moga_gun_127_x3,1.5,1.77,5.25,0.82,,5,fus_gun_356_x3_a,0.45,0.53,5.25,1.44,,5,yamato_gun_460_x3,0.225,0.265,5.25,1.68,,5,yamato_gun_b_460_x3,0.225,0.265,5.25,1.68,,5,moga_gun_200_x3,0.525,0.625,5.25,2.2,,5,yamato_gun_127_x3,1.375,1.635,5.25,0.8,,5,yamato_gun_155_x3,0.675,0.805,5.25,2,,5,yamato_gun_25_x3,2,2.35,5.25,1.7,,5,akizuki_gun_100_x3,0.875,1.045,5.25,2.04,,5,akizuki_gun_127_x3,0.7,0.83,5.25,1.96,,,,,,,,,12,jap_tb_gun_76_x1,4.8,5.15,0.6,0.66,,,,,,,,,,,,,,,,,,,,,,,,,,,,,,,,,,,,,,,,,,,,,,,,,,,,,,,,,,,,,,,,,,,,,,,,,,,,,,,,,,,,,,
6,moga_gun_127_x1,1.8,2.07,3.7,0.78,,6,fus_gun_356_x1_a,0.54,0.62,3.7,1.36,,6,yamato_gun_460_x1,0.27,0.31,3.7,1.6,,6,yamato_gun_b_460_x1,0.27,0.31,3.7,1.6,,6,moga_gun_200_x1,0.63,0.73,3.7,2.08,,6,yamato_gun_127_x1,1.65,1.91,3.7,0.77,,6,yamato_gun_155_x1,0.81,0.94,3.7,1.92,,6,yamato_gun_25_x1,2.4,2.75,3.7,1.6,,6,akizuki_gun_100_x1,1.05,1.22,3.7,1.94,,6,akizuki_gun_127_x1,0.84,0.97,3.7,1.86,,,,,,,,,13,jap_tb_gun_76_x1,5.2,5.55,0.6,0.66,,,,,,,,,,,,,,,,,,,,,,,,,,,,,,,,,,,,,,,,,,,,,,,,,,,,,,,,,,,,,,,,,,,,,,,,,,,,,,,,,,,,,,
6,moga_gun_127_x2,1.8,2.07,3.7,0.78,,6,fus_gun_356_x2_a,0.54,0.62,3.7,1.36,,6,yamato_gun_460_x2,0.27,0.31,3.7,1.6,,6,yamato_gun_b_460_x2,0.27,0.31,3.7,1.6,,6,moga_gun_200_x2,0.63,0.73,3.7,2.08,,6,yamato_gun_127_x2,1.65,1.91,3.7,0.77,,6,yamato_gun_155_x2,0.81,0.94,3.7,1.92,,6,yamato_gun_25_x2,2.4,2.75,3.7,1.6,,6,akizuki_gun_100_x2,1.05,1.22,3.7,1.94,,6,akizuki_gun_127_x2,0.84,0.97,3.7,1.86,,,,,,,,,14,jap_tb_gun_76_x1,5.6,5.95,0.6,0.66,,,,,,,,,,,,,,,,,,,,,,,,,,,,,,,,,,,,,,,,,,,,,,,,,,,,,,,,,,,,,,,,,,,,,,,,,,,,,,,,,,,,,,
6,moga_gun_127_x3,1.8,2.07,3.7,0.78,,6,fus_gun_356_x3_a,0.54,0.62,3.7,1.36,,6,yamato_gun_460_x3,0.27,0.31,3.7,1.6,,6,yamato_gun_b_460_x3,0.27,0.31,3.7,1.6,,6,moga_gun_200_x3,0.63,0.73,3.7,2.08,,6,yamato_gun_127_x3,1.65,1.91,3.7,0.77,,6,yamato_gun_155_x3,0.81,0.94,3.7,1.92,,6,yamato_gun_25_x3,2.4,2.75,3.7,1.6,,6,akizuki_gun_100_x3,1.05,1.22,3.7,1.94,,6,akizuki_gun_127_x3,0.84,0.97,3.7,1.86,,,,,,,,,15,jap_tb_gun_76_x1,6,6.35,0.6,0.65,,,,,,,,,,,,,,,,,,,,,,,,,,,,,,,,,,,,,,,,,,,,,,,,,,,,,,,,,,,,,,,,,,,,,,,,,,,,,,,,,,,,,,
7,moga_gun_127_x1,2.1,2.37,3.1,0.76,,7,fus_gun_356_x1_a,0.63,0.71,3.1,1.32,,7,yamato_gun_460_x1,0.315,0.355,3.1,1.56,,7,yamato_gun_b_460_x1,0.315,0.355,3.1,1.56,,7,moga_gun_200_x1,0.735,0.835,3.1,2.02,,7,yamato_gun_127_x1,1.925,2.185,3.1,0.75,,7,yamato_gun_155_x1,0.945,1.075,3.1,1.86,,7,yamato_gun_25_x1,2.8,3.15,3.1,1.56,,7,akizuki_gun_100_x1,1.225,1.395,3.1,1.9,,7,akizuki_gun_127_x1,0.98,1.11,3.1,1.82,,,,,,,,,16,jap_tb_gun_76_x1,6.4,6.75,0.6,0.65,,,,,,,,,,,,,,,,,,,,,,,,,,,,,,,,,,,,,,,,,,,,,,,,,,,,,,,,,,,,,,,,,,,,,,,,,,,,,,,,,,,,,,
7,moga_gun_127_x2,2.1,2.37,3.1,0.76,,7,fus_gun_356_x2_a,0.63,0.71,3.1,1.32,,7,yamato_gun_460_x2,0.315,0.355,3.1,1.56,,7,yamato_gun_b_460_x2,0.315,0.355,3.1,1.56,,7,moga_gun_200_x2,0.735,0.835,3.1,2.02,,7,yamato_gun_127_x2,1.925,2.185,3.1,0.75,,7,yamato_gun_155_x2,0.945,1.075,3.1,1.86,,7,yamato_gun_25_x2,2.8,3.15,3.1,1.56,,7,akizuki_gun_100_x2,1.225,1.395,3.1,1.9,,7,akizuki_gun_127_x2,0.98,1.11,3.1,1.82,,,,,,,,,17,jap_tb_gun_76_x1,6.8,7.15,0.6,0.65,,,,,,,,,,,,,,,,,,,,,,,,,,,,,,,,,,,,,,,,,,,,,,,,,,,,,,,,,,,,,,,,,,,,,,,,,,,,,,,,,,,,,,
7,moga_gun_127_x3,2.1,2.37,3.1,0.76,,7,fus_gun_356_x3_a,0.63,0.71,3.1,1.32,,7,yamato_gun_460_x3,0.315,0.355,3.1,1.56,,7,yamato_gun_b_460_x3,0.315,0.355,3.1,1.56,,7,moga_gun_200_x3,0.735,0.835,3.1,2.02,,7,yamato_gun_127_x3,1.925,2.185,3.1,0.75,,7,yamato_gun_155_x3,0.945,1.075,3.1,1.86,,7,yamato_gun_25_x3,2.8,3.15,3.1,1.56,,7,akizuki_gun_100_x3,1.225,1.395,3.1,1.9,,7,akizuki_gun_127_x3,0.98,1.11,3.1,1.82,,,,,,,,,18,jap_tb_gun_76_x1,7.2,7.35,0.6,0.64,,,,,,,,,,,,,,,,,,,,,,,,,,,,,,,,,,,,,,,,,,,,,,,,,,,,,,,,,,,,,,,,,,,,,,,,,,,,,,,,,,,,,,
8,moga_gun_127_x1,2.4,2.67,2.5,0.75,,8,fus_gun_356_x1_a,0.72,0.8,2.5,1.28,,8,yamato_gun_460_x1,0.36,0.4,2.5,1.52,,8,yamato_gun_b_460_x1,0.36,0.4,2.5,1.52,,8,moga_gun_200_x1,0.84,0.94,2.5,1.96,,8,yamato_gun_127_x1,2.2,2.46,2.5,0.73,,8,yamato_gun_155_x1,1.08,1.21,2.5,1.82,,8,yamato_gun_25_x1,3.2,3.55,2.5,1.52,,8,akizuki_gun_100_x1,1.4,1.57,2.5,1.84,,8,akizuki_gun_127_x1,1.12,1.25,2.5,1.76,,,,,,,,,19,jap_tb_gun_76_x1,7.6,7.95,0.6,0.64,,,,,,,,,,,,,,,,,,,,,,,,,,,,,,,,,,,,,,,,,,,,,,,,,,,,,,,,,,,,,,,,,,,,,,,,,,,,,,,,,,,,,,
8,moga_gun_127_x2,2.4,2.67,2.5,0.75,,8,fus_gun_356_x2_a,0.72,0.8,2.5,1.28,,8,yamato_gun_460_x2,0.36,0.4,2.5,1.52,,8,yamato_gun_b_460_x2,0.36,0.4,2.5,1.52,,8,moga_gun_200_x2,0.84,0.94,2.5,1.96,,8,yamato_gun_127_x2,2.2,2.46,2.5,0.73,,8,yamato_gun_155_x2,1.08,1.21,2.5,1.82,,8,yamato_gun_25_x2,3.2,3.55,2.5,1.52,,8,akizuki_gun_100_x2,1.4,1.57,2.5,1.84,,8,akizuki_gun_127_x2,1.12,1.25,2.5,1.76,,,,,,,,,20,jap_tb_gun_76_x1,8,8.35,0.6,0.64,,,,,,,,,,,,,,,,,,,,,,,,,,,,,,,,,,,,,,,,,,,,,,,,,,,,,,,,,,,,,,,,,,,,,,,,,,,,,,,,,,,,,,
8,moga_gun_127_x3,2.4,2.67,2.5,0.75,,8,fus_gun_356_x3_a,0.72,0.8,2.5,1.28,,8,yamato_gun_460_x3,0.36,0.4,2.5,1.52,,8,yamato_gun_b_460_x3,0.36,0.4,2.5,1.52,,8,moga_gun_200_x3,0.84,0.94,2.5,1.96,,8,yamato_gun_127_x3,2.2,2.46,2.5,0.73,,8,yamato_gun_155_x3,1.08,1.21,2.5,1.82,,8,yamato_gun_25_x3,3.2,3.55,2.5,1.52,,8,akizuki_gun_100_x3,1.4,1.57,2.5,1.84,,8,akizuki_gun_127_x3,1.12,1.25,2.5,1.76,,,,,,,,,,,,,,,,,,,,,,,,,,,,,,,,,,,,,,,,,,,,,,,,,,,,,,,,,,,,,,,,,,,,,,,,,,,,,,,,,,,,,,,,,,,,,,,,,,,,
9,moga_gun_127_x1,2.7,2.97,1.95,0.72,,9,fus_gun_356_x1_a,0.81,0.89,1.95,1.26,,9,yamato_gun_460_x1,0.405,0.445,1.95,1.48,,9,yamato_gun_b_460_x1,0.405,0.445,1.95,1.48,,9,moga_gun_200_x1,0.945,1.045,1.95,1.92,,9,yamato_gun_127_x1,2.475,2.735,1.95,0.71,,9,yamato_gun_155_x1,1.215,1.345,1.95,1.76,,9,yamato_gun_25_x1,3.6,3.95,1.95,1.48,,9,akizuki_gun_100_x1,1.575,1.745,1.95,1.8,,9,akizuki_gun_127_x1,1.26,1.39,1.95,1.72,,,,,,,,,,,,,,,,,,,,,,,,,,,,,,,,,,,,,,,,,,,,,,,,,,,,,,,,,,,,,,,,,,,,,,,,,,,,,,,,,,,,,,,,,,,,,,,,,,,,
9,moga_gun_127_x2,2.7,2.97,1.95,0.72,,9,fus_gun_356_x2_a,0.81,0.89,1.95,1.26,,9,yamato_gun_460_x2,0.405,0.445,1.95,1.48,,9,yamato_gun_b_460_x2,0.405,0.445,1.95,1.48,,9,moga_gun_200_x2,0.945,1.045,1.95,1.92,,9,yamato_gun_127_x2,2.475,2.735,1.95,0.71,,9,yamato_gun_155_x2,1.215,1.345,1.95,1.76,,9,yamato_gun_25_x2,3.6,3.95,1.95,1.48,,9,akizuki_gun_100_x2,1.575,1.745,1.95,1.8,,9,akizuki_gun_127_x2,1.26,1.39,1.95,1.72,,,,,,,,,,,,,,,,,,,,,,,,,,,,,,,,,,,,,,,,,,,,,,,,,,,,,,,,,,,,,,,,,,,,,,,,,,,,,,,,,,,,,,,,,,,,,,,,,,,,
9,moga_gun_127_x3,2.7,2.97,1.95,0.72,,9,fus_gun_356_x3_a,0.81,0.89,1.95,1.26,,9,yamato_gun_460_x3,0.405,0.445,1.95,1.48,,9,yamato_gun_b_460_x3,0.405,0.445,1.95,1.48,,9,moga_gun_200_x3,0.945,1.045,1.95,1.92,,9,yamato_gun_127_x3,2.475,2.735,1.95,0.71,,9,yamato_gun_155_x3,1.215,1.345,1.95,1.76,,9,yamato_gun_25_x3,3.6,3.95,1.95,1.48,,9,akizuki_gun_100_x3,1.575,1.745,1.95,1.8,,9,akizuki_gun_127_x3,1.26,1.39,1.95,1.72,,,,,,,,,,,,,,,,,,,,,,,,,,,,,,,,,,,,,,,,,,,,,,,,,,,,,,,,,,,,,,,,,,,,,,,,,,,,,,,,,,,,,,,,,,,,,,,,,,,,
10,moga_gun_127_x1,3,3.27,1.74,0.7,,10,fus_gun_356_x1_a,0.9,0.98,1.74,1.22,,10,yamato_gun_460_x1,0.45,0.49,1.74,1.44,,10,yamato_gun_b_460_x1,0.45,0.49,1.74,1.44,,10,moga_gun_200_x1,1.05,1.15,1.74,1.86,,10,yamato_gun_127_x1,2.75,3.01,1.74,0.69,,10,yamato_gun_155_x1,1.35,1.48,1.74,1.72,,10,yamato_gun_25_x1,4,4.35,1.74,1.44,,10,akizuki_gun_100_x1,1.75,1.92,1.74,1.74,,10,akizuki_gun_127_x1,1.4,1.53,1.74,1.66,,,,,,,,,,,,,,,,,,,,,,,,,,,,,,,,,,,,,,,,,,,,,,,,,,,,,,,,,,,,,,,,,,,,,,,,,,,,,,,,,,,,,,,,,,,,,,,,,,,,
10,moga_gun_127_x2,3,3.27,1.74,0.7,,10,fus_gun_356_x2_a,0.9,0.98,1.74,1.22,,10,yamato_gun_460_x2,0.45,0.49,1.74,1.44,,10,yamato_gun_b_460_x2,0.45,0.49,1.74,1.44,,10,moga_gun_200_x2,1.05,1.15,1.74,1.86,,10,yamato_gun_127_x2,2.75,3.01,1.74,0.69,,10,yamato_gun_155_x2,1.35,1.48,1.74,1.72,,10,yamato_gun_25_x2,4,4.35,1.74,1.44,,10,akizuki_gun_100_x2,1.75,1.92,1.74,1.74,,10,akizuki_gun_127_x2,1.4,1.53,1.74,1.66,,,,,,,,,,,,,,,,,,,,,,,,,,,,,,,,,,,,,,,,,,,,,,,,,,,,,,,,,,,,,,,,,,,,,,,,,,,,,,,,,,,,,,,,,,,,,,,,,,,,
10,moga_gun_127_x3,3,3.27,1.74,0.7,,10,fus_gun_356_x3_a,0.9,0.98,1.74,1.22,,10,yamato_gun_460_x3,0.45,0.49,1.74,1.44,,10,yamato_gun_b_460_x3,0.45,0.49,1.74,1.44,,10,moga_gun_200_x3,1.05,1.15,1.74,1.86,,10,yamato_gun_127_x3,2.75,3.01,1.74,0.69,,10,yamato_gun_155_x3,1.35,1.48,1.74,1.72,,10,yamato_gun_25_x3,4,4.35,1.74,1.44,,10,akizuki_gun_100_x3,1.75,1.92,1.74,1.74,,10,akizuki_gun_127_x3,1.4,1.53,1.74,1.66,,,,,,,,,,,,,,,,,,,,,,,,,,,,,,,,,,,,,,,,,,,,,,,,,,,,,,,,,,,,,,,,,,,,,,,,,,,,,,,,,,,,,,,,,,,,,,,,,,,,
11,moga_gun_127_x1,3.3,3.57,1.59,0.56,,11,fus_gun_356_x1_a,0.99,1.07,1.59,0.96,,11,yamato_gun_460_x1,0.495,0.535,1.59,1.14,,11,yamato_gun_b_460_x1,0.495,0.535,1.59,1.14,,11,moga_gun_200_x1,1.155,1.255,1.59,1.48,,11,yamato_gun_127_x1,3.025,3.285,1.59,0.55,,11,yamato_gun_155_x1,1.485,1.615,1.59,1.36,,11,yamato_gun_25_x1,4.4,4.75,1.59,1.14,,11,akizuki_gun_100_x1,1.925,2.095,1.59,1.38,,11,akizuki_gun_127_x1,1.54,1.67,1.59,1.34,,,,,,,,,,,,,,,,,,,,,,,,,,,,,,,,,,,,,,,,,,,,,,,,,,,,,,,,,,,,,,,,,,,,,,,,,,,,,,,,,,,,,,,,,,,,,,,,,,,,
11,moga_gun_127_x2,3.3,3.57,1.59,0.56,,11,fus_gun_356_x2_a,0.99,1.07,1.59,0.96,,11,yamato_gun_460_x2,0.495,0.535,1.59,1.14,,11,yamato_gun_b_460_x2,0.495,0.535,1.59,1.14,,11,moga_gun_200_x2,1.155,1.255,1.59,1.48,,11,yamato_gun_127_x2,3.025,3.285,1.59,0.55,,11,yamato_gun_155_x2,1.485,1.615,1.59,1.36,,11,yamato_gun_25_x2,4.4,4.75,1.59,1.14,,11,akizuki_gun_100_x2,1.925,2.095,1.59,1.38,,11,akizuki_gun_127_x2,1.54,1.67,1.59,1.34,,,,,,,,,,,,,,,,,,,,,,,,,,,,,,,,,,,,,,,,,,,,,,,,,,,,,,,,,,,,,,,,,,,,,,,,,,,,,,,,,,,,,,,,,,,,,,,,,,,,
11,moga_gun_127_x3,3.3,3.57,1.59,0.56,,11,fus_gun_356_x3_a,0.99,1.07,1.59,0.96,,11,yamato_gun_460_x3,0.495,0.535,1.59,1.14,,11,yamato_gun_b_460_x3,0.495,0.535,1.59,1.14,,11,moga_gun_200_x3,1.155,1.255,1.59,1.48,,11,yamato_gun_127_x3,3.025,3.285,1.59,0.55,,11,yamato_gun_155_x3,1.485,1.615,1.59,1.36,,11,yamato_gun_25_x3,4.4,4.75,1.59,1.14,,11,akizuki_gun_100_x3,1.925,2.095,1.59,1.38,,11,akizuki_gun_127_x3,1.54,1.67,1.59,1.34,,,,,,,,,,,,,,,,,,,,,,,,,,,,,,,,,,,,,,,,,,,,,,,,,,,,,,,,,,,,,,,,,,,,,,,,,,,,,,,,,,,,,,,,,,,,,,,,,,,,
12,moga_gun_127_x1,3.6,3.87,1.49,0.56,,12,fus_gun_356_x1_a,1.08,1.16,1.49,0.96,,12,yamato_gun_460_x1,0.54,0.58,1.49,1.14,,12,yamato_gun_b_460_x1,0.54,0.58,1.49,1.14,,12,moga_gun_200_x1,1.26,1.36,1.49,1.48,,12,yamato_gun_127_x1,3.3,3.56,1.49,0.55,,12,yamato_gun_155_x1,1.62,1.75,1.49,1.36,,12,yamato_gun_25_x1,4.8,5.15,1.49,1.14,,12,akizuki_gun_100_x1,2.1,2.27,1.49,1.38,,12,akizuki_gun_127_x1,1.68,1.81,1.49,1.34,,,,,,,,,,,,,,,,,,,,,,,,,,,,,,,,,,,,,,,,,,,,,,,,,,,,,,,,,,,,,,,,,,,,,,,,,,,,,,,,,,,,,,,,,,,,,,,,,,,,
12,moga_gun_127_x2,3.6,3.87,1.49,0.56,,12,fus_gun_356_x2_a,1.08,1.16,1.49,0.96,,12,yamato_gun_460_x2,0.54,0.58,1.49,1.14,,12,yamato_gun_b_460_x2,0.54,0.58,1.49,1.14,,12,moga_gun_200_x2,1.26,1.36,1.49,1.48,,12,yamato_gun_127_x2,3.3,3.56,1.49,0.55,,12,yamato_gun_155_x2,1.62,1.75,1.49,1.36,,12,yamato_gun_25_x2,4.8,5.15,1.49,1.14,,12,akizuki_gun_100_x2,2.1,2.27,1.49,1.38,,12,akizuki_gun_127_x2,1.68,1.81,1.49,1.34,,,,,,,,,,,,,,,,,,,,,,,,,,,,,,,,,,,,,,,,,,,,,,,,,,,,,,,,,,,,,,,,,,,,,,,,,,,,,,,,,,,,,,,,,,,,,,,,,,,,
12,moga_gun_127_x3,3.6,3.87,1.49,0.56,,12,fus_gun_356_x3_a,1.08,1.16,1.49,0.96,,12,yamato_gun_460_x3,0.54,0.58,1.49,1.14,,12,yamato_gun_b_460_x3,0.54,0.58,1.49,1.14,,12,moga_gun_200_x3,1.26,1.36,1.49,1.48,,12,yamato_gun_127_x3,3.3,3.56,1.49,0.55,,12,yamato_gun_155_x3,1.62,1.75,1.49,1.36,,12,yamato_gun_25_x3,4.8,5.15,1.49,1.14,,12,akizuki_gun_100_x3,2.1,2.27,1.49,1.38,,12,akizuki_gun_127_x3,1.68,1.81,1.49,1.34,,,,,,,,,,,,,,,,,,,,,,,,,,,,,,,,,,,,,,,,,,,,,,,,,,,,,,,,,,,,,,,,,,,,,,,,,,,,,,,,,,,,,,,,,,,,,,,,,,,,
13,moga_gun_127_x1,3.9,4.17,1.44,0.56,,13,fus_gun_356_x1_a,1.17,1.25,1.44,0.96,,13,yamato_gun_460_x1,0.585,0.625,1.44,1.13,,13,yamato_gun_b_460_x1,0.585,0.625,1.44,1.13,,13,moga_gun_200_x1,1.365,1.465,1.44,1.46,,13,yamato_gun_127_x1,3.575,3.835,1.44,0.54,,13,yamato_gun_155_x1,1.755,1.885,1.44,1.34,,13,yamato_gun_25_x1,5.2,5.55,1.44,1.13,,13,akizuki_gun_100_x1,2.275,2.445,1.44,1.38,,13,akizuki_gun_127_x1,1.82,1.95,1.44,1.32,,,,,,,,,,,,,,,,,,,,,,,,,,,,,,,,,,,,,,,,,,,,,,,,,,,,,,,,,,,,,,,,,,,,,,,,,,,,,,,,,,,,,,,,,,,,,,,,,,,,
13,moga_gun_127_x2,3.9,4.17,1.44,0.56,,13,fus_gun_356_x2_a,1.17,1.25,1.44,0.96,,13,yamato_gun_460_x2,0.585,0.625,1.44,1.13,,13,yamato_gun_b_460_x2,0.585,0.625,1.44,1.13,,13,moga_gun_200_x2,1.365,1.465,1.44,1.46,,13,yamato_gun_127_x2,3.575,3.835,1.44,0.54,,13,yamato_gun_155_x2,1.755,1.885,1.44,1.34,,13,yamato_gun_25_x2,5.2,5.55,1.44,1.13,,13,akizuki_gun_100_x2,2.275,2.445,1.44,1.38,,13,akizuki_gun_127_x2,1.82,1.95,1.44,1.32,,,,,,,,,,,,,,,,,,,,,,,,,,,,,,,,,,,,,,,,,,,,,,,,,,,,,,,,,,,,,,,,,,,,,,,,,,,,,,,,,,,,,,,,,,,,,,,,,,,,
13,moga_gun_127_x3,3.9,4.17,1.44,0.56,,13,fus_gun_356_x3_a,1.17,1.25,1.44,0.96,,13,yamato_gun_460_x3,0.585,0.625,1.44,1.13,,13,yamato_gun_b_460_x3,0.585,0.625,1.44,1.13,,13,moga_gun_200_x3,1.365,1.465,1.44,1.46,,13,yamato_gun_127_x3,3.575,3.835,1.44,0.54,,13,yamato_gun_155_x3,1.755,1.885,1.44,1.34,,13,yamato_gun_25_x3,5.2,5.55,1.44,1.13,,13,akizuki_gun_100_x3,2.275,2.445,1.44,1.38,,13,akizuki_gun_127_x3,1.82,1.95,1.44,1.32,,,,,,,,,,,,,,,,,,,,,,,,,,,,,,,,,,,,,,,,,,,,,,,,,,,,,,,,,,,,,,,,,,,,,,,,,,,,,,,,,,,,,,,,,,,,,,,,,,,,
14,moga_gun_127_x1,4.2,4.47,1.4,0.55,,14,fus_gun_356_x1_a,1.26,1.34,1.4,0.96,,14,yamato_gun_460_x1,0.63,0.67,1.4,1.13,,14,yamato_gun_b_460_x1,0.63,0.67,1.4,1.13,,14,moga_gun_200_x1,1.47,1.57,1.4,1.46,,14,yamato_gun_127_x1,3.85,4.11,1.4,0.54,,14,yamato_gun_155_x1,1.89,2.02,1.4,1.34,,14,yamato_gun_25_x1,5.6,5.95,1.4,1.13,,14,akizuki_gun_100_x1,2.45,2.62,1.4,1.36,,14,akizuki_gun_127_x1,1.96,2.09,1.4,1.32,,,,,,,,,,,,,,,,,,,,,,,,,,,,,,,,,,,,,,,,,,,,,,,,,,,,,,,,,,,,,,,,,,,,,,,,,,,,,,,,,,,,,,,,,,,,,,,,,,,,
14,moga_gun_127_x2,4.2,4.47,1.4,0.55,,14,fus_gun_356_x2_a,1.26,1.34,1.4,0.96,,14,yamato_gun_460_x2,0.63,0.67,1.4,1.13,,14,yamato_gun_b_460_x2,0.63,0.67,1.4,1.13,,14,moga_gun_200_x2,1.47,1.57,1.4,1.46,,14,yamato_gun_127_x2,3.85,4.11,1.4,0.54,,14,yamato_gun_155_x2,1.89,2.02,1.4,1.34,,14,yamato_gun_25_x2,5.6,5.95,1.4,1.13,,14,akizuki_gun_100_x2,2.45,2.62,1.4,1.36,,14,akizuki_gun_127_x2,1.96,2.09,1.4,1.32,,,,,,,,,,,,,,,,,,,,,,,,,,,,,,,,,,,,,,,,,,,,,,,,,,,,,,,,,,,,,,,,,,,,,,,,,,,,,,,,,,,,,,,,,,,,,,,,,,,,
14,moga_gun_127_x3,4.2,4.47,1.4,0.55,,14,fus_gun_356_x3_a,1.26,1.34,1.4,0.96,,14,yamato_gun_460_x3,0.63,0.67,1.4,1.13,,14,yamato_gun_b_460_x3,0.63,0.67,1.4,1.13,,14,moga_gun_200_x3,1.47,1.57,1.4,1.46,,14,yamato_gun_127_x3,3.85,4.11,1.4,0.54,,14,yamato_gun_155_x3,1.89,2.02,1.4,1.34,,14,yamato_gun_25_x3,5.6,5.95,1.4,1.13,,14,akizuki_gun_100_x3,2.45,2.62,1.4,1.36,,14,akizuki_gun_127_x3,1.96,2.09,1.4,1.32,,,,,,,,,,,,,,,,,,,,,,,,,,,,,,,,,,,,,,,,,,,,,,,,,,,,,,,,,,,,,,,,,,,,,,,,,,,,,,,,,,,,,,,,,,,,,,,,,,,,
15,moga_gun_127_x1,4.5,4.77,1.5,0.55,,15,fus_gun_356_x1_a,1.35,1.43,1.5,0.94,,15,yamato_gun_460_x1,0.675,0.715,1.5,1.12,,15,yamato_gun_b_460_x1,0.675,0.715,1.5,1.12,,15,moga_gun_200_x1,1.575,1.675,1.5,1.46,,15,yamato_gun_127_x1,4.125,4.385,1.5,0.54,,15,yamato_gun_155_x1,2.025,2.155,1.5,1.34,,15,yamato_gun_25_x1,6,6.35,1.5,1.12,,15,akizuki_gun_100_x1,2.625,2.795,1.5,1.36,,15,akizuki_gun_127_x1,2.1,2.23,1.5,1.32,,,,,,,,,,,,,,,,,,,,,,,,,,,,,,,,,,,,,,,,,,,,,,,,,,,,,,,,,,,,,,,,,,,,,,,,,,,,,,,,,,,,,,,,,,,,,,,,,,,,
15,moga_gun_127_x2,4.5,4.77,1.5,0.55,,15,fus_gun_356_x2_a,1.35,1.43,1.5,0.94,,15,yamato_gun_460_x2,0.675,0.715,1.5,1.12,,15,yamato_gun_b_460_x2,0.675,0.715,1.5,1.12,,15,moga_gun_200_x2,1.575,1.675,1.5,1.46,,15,yamato_gun_127_x2,4.125,4.385,1.5,0.54,,15,yamato_gun_155_x2,2.025,2.155,1.5,1.34,,15,yamato_gun_25_x2,6,6.35,1.5,1.12,,15,akizuki_gun_100_x2,2.625,2.795,1.5,1.36,,15,akizuki_gun_127_x2,2.1,2.23,1.5,1.32,,,,,,,,,,,,,,,,,,,,,,,,,,,,,,,,,,,,,,,,,,,,,,,,,,,,,,,,,,,,,,,,,,,,,,,,,,,,,,,,,,,,,,,,,,,,,,,,,,,,
15,moga_gun_127_x3,4.5,4.77,1.5,0.55,,15,fus_gun_356_x3_a,1.35,1.43,1.5,0.94,,15,yamato_gun_460_x3,0.675,0.715,1.5,1.12,,15,yamato_gun_b_460_x3,0.675,0.715,1.5,1.12,,15,moga_gun_200_x3,1.575,1.675,1.5,1.46,,15,yamato_gun_127_x3,4.125,4.385,1.5,0.54,,15,yamato_gun_155_x3,2.025,2.155,1.5,1.34,,15,yamato_gun_25_x3,6,6.35,1.5,1.12,,15,akizuki_gun_100_x3,2.625,2.795,1.5,1.36,,15,akizuki_gun_127_x3,2.1,2.23,1.5,1.32,,,,,,,,,,,,,,,,,,,,,,,,,,,,,,,,,,,,,,,,,,,,,,,,,,,,,,,,,,,,,,,,,,,,,,,,,,,,,,,,,,,,,,,,,,,,,,,,,,,,
16,moga_gun_127_x1,4.8,5.07,1.565,0.55,,16,fus_gun_356_x1_a,1.44,1.52,1.565,0.94,,16,yamato_gun_460_x1,0.72,0.76,1.565,1.11,,16,yamato_gun_b_460_x1,0.72,0.76,1.565,1.11,,16,moga_gun_200_x1,1.68,1.78,1.565,1.44,,16,yamato_gun_127_x1,4.4,4.66,1.565,0.53,,16,yamato_gun_155_x1,2.16,2.29,1.565,1.32,,16,yamato_gun_25_x1,6.4,6.75,1.565,1.11,,16,akizuki_gun_100_x1,2.8,2.97,1.565,1.36,,16,akizuki_gun_127_x1,2.24,2.37,1.565,1.3,,,,,,,,,,,,,,,,,,,,,,,,,,,,,,,,,,,,,,,,,,,,,,,,,,,,,,,,,,,,,,,,,,,,,,,,,,,,,,,,,,,,,,,,,,,,,,,,,,,,
16,moga_gun_127_x2,4.8,5.07,1.565,0.55,,16,fus_gun_356_x2_a,1.44,1.52,1.565,0.94,,16,yamato_gun_460_x2,0.72,0.76,1.565,1.11,,16,yamato_gun_b_460_x2,0.72,0.76,1.565,1.11,,16,moga_gun_200_x2,1.68,1.78,1.565,1.44,,16,yamato_gun_127_x2,4.4,4.66,1.565,0.53,,16,yamato_gun_155_x2,2.16,2.29,1.565,1.32,,16,yamato_gun_25_x2,6.4,6.75,1.565,1.11,,16,akizuki_gun_100_x2,2.8,2.97,1.565,1.36,,16,akizuki_gun_127_x2,2.24,2.37,1.565,1.3,,,,,,,,,,,,,,,,,,,,,,,,,,,,,,,,,,,,,,,,,,,,,,,,,,,,,,,,,,,,,,,,,,,,,,,,,,,,,,,,,,,,,,,,,,,,,,,,,,,,
16,moga_gun_127_x3,4.8,5.07,1.565,0.55,,16,fus_gun_356_x3_a,1.44,1.52,1.565,0.94,,16,yamato_gun_460_x3,0.72,0.76,1.565,1.11,,16,yamato_gun_b_460_x3,0.72,0.76,1.565,1.11,,16,moga_gun_200_x3,1.68,1.78,1.565,1.44,,16,yamato_gun_127_x3,4.4,4.66,1.565,0.53,,16,yamato_gun_155_x3,2.16,2.29,1.565,1.32,,16,yamato_gun_25_x3,6.4,6.75,1.565,1.11,,16,akizuki_gun_100_x3,2.8,2.97,1.565,1.36,,16,akizuki_gun_127_x3,2.24,2.37,1.565,1.3,,,,,,,,,,,,,,,,,,,,,,,,,,,,,,,,,,,,,,,,,,,,,,,,,,,,,,,,,,,,,,,,,,,,,,,,,,,,,,,,,,,,,,,,,,,,,,,,,,,,
17,moga_gun_127_x1,5.1,5.37,1.51,0.55,,17,fus_gun_356_x1_a,1.53,1.61,1.51,0.94,,17,yamato_gun_460_x1,0.765,0.805,1.51,1.11,,17,yamato_gun_b_460_x1,0.765,0.805,1.51,1.11,,17,moga_gun_200_x1,1.785,1.885,1.51,1.44,,17,yamato_gun_127_x1,4.675,4.935,1.51,0.53,,17,yamato_gun_155_x1,2.295,2.425,1.51,1.32,,17,yamato_gun_25_x1,6.8,7.15,1.51,1.11,,17,akizuki_gun_100_x1,2.975,3.145,1.51,1.34,,17,akizuki_gun_127_x1,2.38,2.51,1.51,1.3,,,,,,,,,,,,,,,,,,,,,,,,,,,,,,,,,,,,,,,,,,,,,,,,,,,,,,,,,,,,,,,,,,,,,,,,,,,,,,,,,,,,,,,,,,,,,,,,,,,,
17,moga_gun_127_x2,5.1,5.37,1.51,0.55,,17,fus_gun_356_x2_a,1.53,1.61,1.51,0.94,,17,yamato_gun_460_x2,0.765,0.805,1.51,1.11,,17,yamato_gun_b_460_x2,0.765,0.805,1.51,1.11,,17,moga_gun_200_x2,1.785,1.885,1.51,1.44,,17,yamato_gun_127_x2,4.675,4.935,1.51,0.53,,17,yamato_gun_155_x2,2.295,2.425,1.51,1.32,,17,yamato_gun_25_x2,6.8,7.15,1.51,1.11,,17,akizuki_gun_100_x2,2.975,3.145,1.51,1.34,,17,akizuki_gun_127_x2,2.38,2.51,1.51,1.3,,,,,,,,,,,,,,,,,,,,,,,,,,,,,,,,,,,,,,,,,,,,,,,,,,,,,,,,,,,,,,,,,,,,,,,,,,,,,,,,,,,,,,,,,,,,,,,,,,,,
17,moga_gun_127_x3,5.1,5.37,1.51,0.55,,17,fus_gun_356_x3_a,1.53,1.61,1.51,0.94,,17,yamato_gun_460_x3,0.765,0.805,1.51,1.11,,17,yamato_gun_b_460_x3,0.765,0.805,1.51,1.11,,17,moga_gun_200_x3,1.785,1.885,1.51,1.44,,17,yamato_gun_127_x3,4.675,4.935,1.51,0.53,,17,yamato_gun_155_x3,2.295,2.425,1.51,1.32,,17,yamato_gun_25_x3,6.8,7.15,1.51,1.11,,17,akizuki_gun_100_x3,2.975,3.145,1.51,1.34,,17,akizuki_gun_127_x3,2.38,2.51,1.51,1.3,,,,,,,,,,,,,,,,,,,,,,,,,,,,,,,,,,,,,,,,,,,,,,,,,,,,,,,,,,,,,,,,,,,,,,,,,,,,,,,,,,,,,,,,,,,,,,,,,,,,
18,moga_gun_127_x1,5.4,5.67,1.51,0.54,,18,fus_gun_356_x1_a,1.62,1.7,1.51,0.94,,18,yamato_gun_460_x1,0.81,0.85,1.51,1.1,,18,yamato_gun_b_460_x1,0.81,0.85,1.51,1.1,,18,moga_gun_200_x1,1.89,1.99,1.51,1.44,,18,yamato_gun_127_x1,4.95,5.21,1.51,0.53,,18,yamato_gun_155_x1,2.43,2.56,1.51,1.32,,18,yamato_gun_25_x1,7.2,7.35,1.51,1.1,,18,akizuki_gun_100_x1,3.15,3.32,1.51,1.34,,18,akizuki_gun_127_x1,2.52,2.65,1.51,1.3,,,,,,,,,,,,,,,,,,,,,,,,,,,,,,,,,,,,,,,,,,,,,,,,,,,,,,,,,,,,,,,,,,,,,,,,,,,,,,,,,,,,,,,,,,,,,,,,,,,,
18,moga_gun_127_x2,5.4,5.67,1.51,0.54,,18,fus_gun_356_x2_a,1.62,1.7,1.51,0.94,,18,yamato_gun_460_x2,0.81,0.85,1.51,1.1,,18,yamato_gun_b_460_x2,0.81,0.85,1.51,1.1,,18,moga_gun_200_x2,1.89,1.99,1.51,1.44,,18,yamato_gun_127_x2,4.95,5.21,1.51,0.53,,18,yamato_gun_155_x2,2.43,2.56,1.51,1.32,,18,yamato_gun_25_x2,7.2,7.35,1.51,1.1,,18,akizuki_gun_100_x2,3.15,3.32,1.51,1.34,,18,akizuki_gun_127_x2,2.52,2.65,1.51,1.3,,,,,,,,,,,,,,,,,,,,,,,,,,,,,,,,,,,,,,,,,,,,,,,,,,,,,,,,,,,,,,,,,,,,,,,,,,,,,,,,,,,,,,,,,,,,,,,,,,,,
18,moga_gun_127_x3,5.4,5.67,1.51,0.54,,18,fus_gun_356_x3_a,1.62,1.7,1.51,0.94,,18,yamato_gun_460_x3,0.81,0.85,1.51,1.1,,18,yamato_gun_b_460_x3,0.81,0.85,1.51,1.1,,18,moga_gun_200_x3,1.89,1.99,1.51,1.44,,18,yamato_gun_127_x3,4.95,5.21,1.51,0.53,,18,yamato_gun_155_x3,2.43,2.56,1.51,1.32,,18,yamato_gun_25_x3,7.2,7.35,1.51,1.1,,18,akizuki_gun_100_x3,3.15,3.32,1.51,1.34,,18,akizuki_gun_127_x3,2.52,2.65,1.51,1.3,,,,,,,,,,,,,,,,,,,,,,,,,,,,,,,,,,,,,,,,,,,,,,,,,,,,,,,,,,,,,,,,,,,,,,,,,,,,,,,,,,,,,,,,,,,,,,,,,,,,
19,moga_gun_127_x1,5.7,5.97,1.415,0.54,,19,fus_gun_356_x1_a,1.71,1.79,1.415,0.94,,19,yamato_gun_460_x1,0.855,0.895,1.415,1.1,,19,yamato_gun_b_460_x1,0.855,0.895,1.415,1.1,,19,moga_gun_200_x1,1.995,2.095,1.415,1.42,,19,yamato_gun_127_x1,5.225,5.485,1.415,0.53,,19,yamato_gun_155_x1,2.565,2.655,1.415,1.32,,19,yamato_gun_25_x1,7.6,7.95,1.415,1.1,,19,akizuki_gun_100_x1,3.325,3.495,1.415,1.34,,19,akizuki_gun_127_x1,2.66,2.79,1.415,1.28,,,,,,,,,,,,,,,,,,,,,,,,,,,,,,,,,,,,,,,,,,,,,,,,,,,,,,,,,,,,,,,,,,,,,,,,,,,,,,,,,,,,,,,,,,,,,,,,,,,,
19,moga_gun_127_x2,5.7,5.97,1.415,0.54,,19,fus_gun_356_x2_a,1.71,1.79,1.415,0.94,,19,yamato_gun_460_x2,0.855,0.895,1.415,1.1,,19,yamato_gun_b_460_x2,0.855,0.895,1.415,1.1,,19,moga_gun_200_x2,1.995,2.095,1.415,1.42,,19,yamato_gun_127_x2,5.225,5.485,1.415,0.53,,19,yamato_gun_155_x2,2.565,2.655,1.415,1.32,,19,yamato_gun_25_x2,7.6,7.95,1.415,1.1,,19,akizuki_gun_100_x2,3.325,3.495,1.415,1.34,,19,akizuki_gun_127_x2,2.66,2.79,1.415,1.28,,,,,,,,,,,,,,,,,,,,,,,,,,,,,,,,,,,,,,,,,,,,,,,,,,,,,,,,,,,,,,,,,,,,,,,,,,,,,,,,,,,,,,,,,,,,,,,,,,,,
19,moga_gun_127_x3,5.7,5.97,1.415,0.54,,19,fus_gun_356_x3_a,1.71,1.79,1.415,0.94,,19,yamato_gun_460_x3,0.855,0.895,1.415,1.1,,19,yamato_gun_b_460_x3,0.855,0.895,1.415,1.1,,19,moga_gun_200_x3,1.995,2.095,1.415,1.42,,19,yamato_gun_127_x3,5.225,5.485,1.415,0.53,,19,yamato_gun_155_x3,2.565,2.655,1.415,1.32,,19,yamato_gun_25_x3,7.6,7.95,1.415,1.1,,19,akizuki_gun_100_x3,3.325,3.495,1.415,1.34,,19,akizuki_gun_127_x3,2.66,2.79,1.415,1.28,,,,,,,,,,,,,,,,,,,,,,,,,,,,,,,,,,,,,,,,,,,,,,,,,,,,,,,,,,,,,,,,,,,,,,,,,,,,,,,,,,,,,,,,,,,,,,,,,,,,
20,moga_gun_127_x1,6,6.27,1.25,0.54,,20,fus_gun_356_x1_a,1.8,1.88,1.25,0.93,,20,yamato_gun_460_x1,0.9,0.94,1.25,1.09,,20,yamato_gun_b_460_x1,0.9,0.94,1.25,1.09,,20,moga_gun_200_x1,2.1,2.2,1.25,1.42,,20,yamato_gun_127_x1,5.5,5.76,1.25,0.52,,20,yamato_gun_155_x1,2.7,2.83,1.25,1.3,,20,yamato_gun_25_x1,8,8.35,1.25,1.09,,20,akizuki_gun_100_x1,3.5,3.67,1.25,1.32,,20,akizuki_gun_127_x1,2.8,2.93,1.25,1.28,,,,,,,,,,,,,,,,,,,,,,,,,,,,,,,,,,,,,,,,,,,,,,,,,,,,,,,,,,,,,,,,,,,,,,,,,,,,,,,,,,,,,,,,,,,,,,,,,,,,
20,moga_gun_127_x2,6,6.27,1.25,0.54,,20,fus_gun_356_x2_a,1.8,1.88,1.25,0.93,,20,yamato_gun_460_x2,0.9,0.94,1.25,1.09,,20,yamato_gun_b_460_x2,0.9,0.94,1.25,1.09,,20,moga_gun_200_x2,2.1,2.2,1.25,1.42,,20,yamato_gun_127_x2,5.5,5.76,1.25,0.52,,20,yamato_gun_155_x2,2.7,2.83,1.25,1.3,,20,yamato_gun_25_x2,8,8.35,1.25,1.09,,20,akizuki_gun_100_x2,3.5,3.67,1.25,1.32,,20,akizuki_gun_127_x2,2.8,2.93,1.25,1.28,,,,,,,,,,,,,,,,,,,,,,,,,,,,,,,,,,,,,,,,,,,,,,,,,,,,,,,,,,,,,,,,,,,,,,,,,,,,,,,,,,,,,,,,,,,,,,,,,,,,
20,moga_gun_127_x3,6,6.27,1.25,0.54,,20,fus_gun_356_x3_a,1.8,1.88,1.25,0.93,,20,yamato_gun_460_x3,0.9,0.94,1.25,1.09,,20,yamato_gun_b_460_x3,0.9,0.94,1.25,1.09,,20,moga_gun_200_x3,2.1,2.2,1.25,1.42,,20,yamato_gun_127_x3,5.5,5.76,1.25,0.52,,20,yamato_gun_155_x3,2.7,2.83,1.25,1.3,,20,yamato_gun_25_x3,8,8.35,1.25,1.09,,20,akizuki_gun_100_x3,3.5,3.67,1.25,1.32,,20,akizuki_gun_127_x3,2.8,2.93,1.25,1.28,,,,,,,,,,,,,,,,,,,,,,,,,,,,,,,,,,,,,,,,,,,,,,,,,,,,,,,,,,,,,,,,,,,,,,,,,,,,,,,,,,,,,,,,,,,,,,,,,,,,
,FRANCE,,,,,,,,,,,,,,,,,,,,,,,,,,,,,,,,,,,,,,,,,,,,,,,,,,,,,,,,,,,,,,,,,,,,,,,,,,,,,,,,,,,,,,,,,,,,,,,,,,,,,,,,,,,,,,,,,,,,,,,,,,,,,,,,,,,,,,,,,,,,,,,,,,,,,,,,,,,,,,,,,,,,,,,
2,massena_gun_138_x1,0.26,0.38,10,3.5,,2,bouvet_gun_138_x1,0.26,0.38,10,3.5,,2,dante_gun_240_x1,0.23,0.34,10,2.06,,2,dant_gun_245_x1,0.24,0.35,10,1.98,,2,bouvet_gun_305_x1,0.2,0.29,10,2.66,,2,dante_gun_305_x1,0.18,0.265,10,2,,2/45,richelieu_gun_380_x1,0.16,0.235,10,2.02,,2/50,richelieu_gun_380_x1,0.16,0.235,10,2.22,,2,richelieu_gun_152_x1,0.35,0.52,10,2.34,,2,rich_gun_cal130_x1,0.32,0.47,10,3.28,,2,richelieu_gun_100_x1,0.6,0.87,10,3.04,,,SINGLES,,,,,,,QUADS,,,,,,,,,,,,,,,,,,,,,,,,,,,,,,,,,,,,,,,,,,,,,,,,,,,,,,,,,,,,,,,,,,,,,,,,,,,,,,,,,,,
2,massena_gun_138_x2,0.26,0.38,10,3.46,,2,bouvet_gun_138_x2,0.26,0.38,10,3.46,,2,dante_gun_240_x2,0.23,0.34,10,2.06,,2,dant_gun_245_x2,0.24,0.35,10,1.98,,2,bouvet_gun_305_x2,0.2,0.29,10,2.66,,2,dante_gun_305_x2,0.18,0.265,10,2,,2/45,richelieu_gun_380_x2,0.16,0.235,10,2.02,,2/50,richelieu_gun_380_x2,0.16,0.235,10,2.22,,2,richelieu_gun_152_x2,0.35,0.52,10,2.34,,2,rich_gun_cal130_x2,0.32,0.47,10,3.28,,2,richelieu_gun_100_x2,0.6,0.87,10,3.04,,2,bouvet_gun_100_x1,0.4,0.58,1,3,,2,richelieu_gun_120_x4,0.45,0.66,1,3,,2/50,richelieu_gun_380_x4,0.16,0.235,10,2.22,,,,,,,,,,,,,,,,,,,,,,,,,,,,,,,,,,,,,,,,,,,,,,,,,,,,,,,,,,,,,,,,,,,,,,,,
2,,,,,,,2,,,,,,,2,,,,,,,2,dant_gun_245_x3,0.24,0.35,10,1.98,,2,,,,,,,2,,,,,,,2/45,richelieu_gun_380_x3,0.16,0.235,10,2.02,,2/50,richelieu_gun_380_x3,0.16,0.235,10,2.22,,2,richelieu_gun_152_x3,0.35,0.52,10,2.34,,2,rich_gun_cal130_x3,0.32,0.47,10,3.28,,2,richelieu_gun_100_x3,0.6,0.87,10,3.04,,3,bouvet_gun_100_x1,0.6,0.78,1,2.54,,3,richelieu_gun_120_x4,0.675,0.885,1,2.5,,3/50,richelieu_gun_380_x4,0.24,0.315,10,1.9,,,,,,,,,,,,,,,,,,,,,,,,,,,,,,,,,,,,,,,,,,,,,,,,,,,,,,,,,,,,,,,,,,,,,,,,
3,massena_gun_138_x1,0.39,0.51,10,2.96,,3,bouvet_gun_138_x1,0.39,0.51,10,2.96,,3,dante_gun_240_x1,0.345,0.455,10,1.74,,3,dant_gun_245_x1,0.36,0.47,10,1.68,,3,bouvet_gun_305_x1,0.3,0.39,10,2.24,,3,dante_gun_305_x1,0.27,0.355,10,1.68,,3/45,richelieu_gun_380_x1,0.24,0.315,10,1.72,,3/50,richelieu_gun_380_x1,0.24,0.315,10,1.9,,3,richelieu_gun_152_x1,0.525,0.745,10,1.98,,3,rich_gun_cal130_x1,0.48,0.63,10,2.78,,3,richelieu_gun_100_x1,0.9,1.17,10,2.58,,4,bouvet_gun_100_x1,0.8,0.98,1,2.12,,4,richelieu_gun_120_x4,0.9,1.11,1,2.06,,4/50,richelieu_gun_380_x4,0.32,0.395,8.25,1.56,,,,,,,,,,,,,,,,,,,,,,,,,,,,,,,,,,,,,,,,,,,,,,,,,,,,,,,,,,,,,,,,,,,,,,,,
3,massena_gun_138_x2,0.39,0.51,10,2.88,,3,bouvet_gun_138_x2,0.39,0.51,10,2.88,,3,dante_gun_240_x2,0.345,0.455,10,1.74,,3,dant_gun_245_x2,0.36,0.47,10,1.68,,3,bouvet_gun_305_x2,0.3,0.39,10,2.24,,3,dante_gun_305_x2,0.27,0.355,10,1.68,,3/45,richelieu_gun_380_x2,0.24,0.315,10,1.72,,3/50,richelieu_gun_380_x2,0.24,0.315,10,1.9,,3,richelieu_gun_152_x2,0.525,0.745,10,1.98,,3,rich_gun_cal130_x2,0.48,0.63,10,2.78,,3,richelieu_gun_100_x2,0.9,1.17,10,2.58,,5,bouvet_gun_100_x1,1,1.18,1,1.66,,5,richelieu_gun_120_x4,1.125,1.235,1,1.62,,5/50,richelieu_gun_380_x4,0.4,0.475,5.25,1.22,,,,,,,,,,,,,,,,,,,,,,,,,,,,,,,,,,,,,,,,,,,,,,,,,,,,,,,,,,,,,,,,,,,,,,,,
3,,,,,,,3,,,,,,,3,,,,,,,3,dant_gun_245_x3,0.36,0.47,10,1.68,,3,,,,,,,3,,,,,,,3/45,richelieu_gun_380_x3,0.24,0.315,10,1.72,,3/50,richelieu_gun_380_x3,0.24,0.315,10,1.9,,3,richelieu_gun_152_x3,0.525,0.745,10,1.98,,3,rich_gun_cal130_x3,0.48,0.63,10,2.78,,3,richelieu_gun_100_x3,0.9,1.17,10,2.58,,6,bouvet_gun_100_x1,1.2,1.38,1,1.56,,6,richelieu_gun_120_x4,1.35,1.56,1,1.54,,6/50,richelieu_gun_380_x4,0.48,0.555,3.7,1.16,,,,,,,,,,,,,,,,,,,,,,,,,,,,,,,,,,,,,,,,,,,,,,,,,,,,,,,,,,,,,,,,,,,,,,,,
4,massena_gun_138_x1,0.52,0.64,8.25,2.44,,4,bouvet_gun_138_x1,0.52,0.64,8.25,2.44,,4,dante_gun_240_x1,0.46,0.57,8.25,1.44,,4,dant_gun_245_x1,0.48,0.59,8.25,1.38,,4,bouvet_gun_305_x1,0.4,0.49,8.25,1.84,,4,dante_gun_305_x1,0.36,0.445,8.25,1.4,,4/45,richelieu_gun_380_x1,0.32,0.395,8.25,1.42,,4/50,richelieu_gun_380_x1,0.32,0.395,8.25,1.56,,4,richelieu_gun_152_x1,0.75,0.87,8.25,1.52,,4,rich_gun_cal130_x1,0.64,0.79,8.25,2.3,,4,richelieu_gun_100_x1,1.2,1.47,8.25,2.1,,7,bouvet_gun_100_x1,1.4,1.58,0.9,1.52,,7,richelieu_gun_120_x4,1.575,1.785,0.9,1.5,,7/50,richelieu_gun_380_x4,0.56,0.635,3.1,1.14,,,,,,,,,,,,,,,,,,,,,,,,,,,,,,,,,,,,,,,,,,,,,,,,,,,,,,,,,,,,,,,,,,,,,,,,
4,massena_gun_138_x2,0.52,0.64,8.25,2.38,,4,bouvet_gun_138_x2,0.52,0.64,8.25,2.38,,4,dante_gun_240_x2,0.46,0.57,8.25,1.44,,4,dant_gun_245_x2,0.48,0.59,8.25,1.38,,4,bouvet_gun_305_x2,0.4,0.49,8.25,1.84,,4,dante_gun_305_x2,0.36,0.445,8.25,1.4,,4/45,richelieu_gun_380_x2,0.32,0.395,8.25,1.42,,4/50,richelieu_gun_380_x2,0.32,0.395,8.25,1.56,,4,richelieu_gun_152_x2,0.75,0.87,8.25,1.52,,4,rich_gun_cal130_x2,0.64,0.79,8.25,2.3,,4,richelieu_gun_100_x2,1.2,1.47,8.25,2.1,,8,bouvet_gun_100_x1,1.6,1.78,0.9,1.46,,8,richelieu_gun_120_x4,1.8,2.015,0.9,1.46,,8/50,richelieu_gun_380_x4,0.64,0.715,2.5,1.1,,,,,,,,,,,,,,,,,,,,,,,,,,,,,,,,,,,,,,,,,,,,,,,,,,,,,,,,,,,,,,,,,,,,,,,,
4,,,,,,,4,,,,,,,4,,,,,,,4,dant_gun_245_x3,0.48,0.59,8.25,1.38,,4,,,,,,,4,,,,,,,4/45,richelieu_gun_380_x3,0.32,0.395,8.25,1.42,,4/50,richelieu_gun_380_x3,0.32,0.395,8.25,1.56,,4,richelieu_gun_152_x3,0.75,0.87,8.25,1.52,,4,rich_gun_cal130_x3,0.64,0.79,8.25,2.3,,4,richelieu_gun_100_x3,1.2,1.47,8.25,2.1,,9,bouvet_gun_100_x1,1.8,1.98,0.6,1.44,,9,richelieu_gun_120_x4,2.025,2.235,0.6,1.42,,9/50,richelieu_gun_380_x4,0.72,0.795,1.95,1.06,,,,,,,,,,,,,,,,,,,,,,,,,,,,,,,,,,,,,,,,,,,,,,,,,,,,,,,,,,,,,,,,,,,,,,,,
5,massena_gun_138_x1,0.65,0.77,5.25,1.92,,5,bouvet_gun_138_x1,0.65,0.77,5.25,1.92,,5,dante_gun_240_x1,0.575,0.685,5.25,1.14,,5,dant_gun_245_x1,0.6,0.71,5.25,1.08,,5,bouvet_gun_305_x1,0.5,0.59,5.25,1.44,,5,dante_gun_305_x1,0.45,0.535,5.25,1.08,,5/45,richelieu_gun_380_x1,0.4,0.475,5.25,1.1,,5/50,richelieu_gun_380_x1,0.4,0.475,5.25,1.22,,5,richelieu_gun_152_x1,0.875,1.045,5.25,1.28,,5,rich_gun_cal130_x1,0.8,0.95,5.25,1.82,,5,richelieu_gun_100_x1,1.5,1.77,5.25,1.66,,10,bouvet_gun_100_x1,2,2.18,0.6,1.4,,10,richelieu_gun_120_x4,2.25,2.46,0.6,1.38,,10/50,richelieu_gun_380_x4,0.8,0.875,1.74,1.04,,,,,,,,,,,,,,,,,,,,,,,,,,,,,,,,,,,,,,,,,,,,,,,,,,,,,,,,,,,,,,,,,,,,,,,,
5,massena_gun_138_x2,0.65,0.77,5.25,1.86,,5,bouvet_gun_138_x2,0.65,0.77,5.25,1.86,,5,dante_gun_240_x2,0.575,0.685,5.25,1.14,,5,dant_gun_245_x2,0.6,0.71,5.25,1.08,,5,bouvet_gun_305_x2,0.5,0.59,5.25,1.44,,5,dante_gun_305_x2,0.45,0.535,5.25,1.08,,5/45,richelieu_gun_380_x2,0.4,0.475,5.25,1.1,,5/50,richelieu_gun_380_x2,0.4,0.475,5.25,1.22,,5,richelieu_gun_152_x2,0.875,1.045,5.25,1.28,,5,rich_gun_cal130_x2,0.8,0.95,5.25,1.82,,5,richelieu_gun_100_x2,1.5,1.77,5.25,1.66,,11,bouvet_gun_100_x1,2.2,2.38,0.6,1.12,,11,richelieu_gun_120_x4,2.475,2.685,0.6,1.1,,11/50,richelieu_gun_380_x4,0.88,0.955,1.59,0.82,,,,,,,,,,,,,,,,,,,,,,,,,,,,,,,,,,,,,,,,,,,,,,,,,,,,,,,,,,,,,,,,,,,,,,,,
5,,,,,,,5,,,,,,,5,,,,,,,5,dant_gun_245_x3,0.6,0.71,5.25,1.08,,5,,,,,,,5,,,,,,,5/45,richelieu_gun_380_x3,0.4,0.475,5.25,1.1,,5/50,richelieu_gun_380_x3,0.4,0.475,5.25,1.22,,5,richelieu_gun_152_x3,0.875,1.045,5.25,1.28,,5,rich_gun_cal130_x3,0.8,0.95,5.25,1.82,,5,richelieu_gun_100_x3,1.5,1.77,5.25,1.66,,12,bouvet_gun_100_x1,2.4,2.58,0.6,1.1,,12,richelieu_gun_120_x4,2.7,3.87,0.6,1.1,,12/50,richelieu_gun_380_x4,0.96,1.035,1.49,0.82,,,,,,,,,,,,,,,,,,,,,,,,,,,,,,,,,,,,,,,,,,,,,,,,,,,,,,,,,,,,,,,,,,,,,,,,
6,massena_gun_138_x1,0.78,0.9,3.7,1.84,,6,bouvet_gun_138_x1,0.78,0.9,3.7,1.84,,6,dante_gun_240_x1,0.69,0.8,3.7,1.08,,6,dant_gun_245_x1,0.72,0.83,3.7,1.02,,6,bouvet_gun_305_x1,0.6,0.69,3.7,1.36,,6,dante_gun_305_x1,0.54,0.625,3.7,1.04,,6/45,richelieu_gun_380_x1,0.48,0.555,3.7,1.04,,6/50,richelieu_gun_380_x1,0.48,0.555,3.7,1.16,,6,richelieu_gun_152_x1,1.050,1.22,3.7,1.2,,6,rich_gun_cal130_x1,0.96,1.11,3.7,1.7,,6,richelieu_gun_100_x1,1.8,2.07,3.7,1.58,,13,bouvet_gun_100_x1,2.6,2.78,0.6,1.1,,13,richelieu_gun_120_x4,2.925,4.17,0.6,1.09,,13/50,richelieu_gun_380_x4,1.04,1.115,1.44,0.82,,,,,,,,,,,,,,,,,,,,,,,,,,,,,,,,,,,,,,,,,,,,,,,,,,,,,,,,,,,,,,,,,,,,,,,,
6,massena_gun_138_x2,0.78,0.9,3.7,1.78,,6,bouvet_gun_138_x2,0.78,0.9,3.7,1.78,,6,dante_gun_240_x2,0.69,0.8,3.7,1.08,,6,dant_gun_245_x2,0.72,0.83,3.7,1.02,,6,bouvet_gun_305_x2,0.6,0.69,3.7,1.36,,6,dante_gun_305_x2,0.54,0.625,3.7,1.04,,6/45,richelieu_gun_380_x2,0.48,0.555,3.7,1.04,,6/50,richelieu_gun_380_x2,0.48,0.555,3.7,1.16,,6,richelieu_gun_152_x2,1.050,1.22,3.7,1.2,,6,rich_gun_cal130_x2,0.96,1.11,3.7,1.7,,6,richelieu_gun_100_x2,1.8,2.07,3.7,1.58,,14,bouvet_gun_100_x1,2.8,2.98,0.6,1.1,,14,richelieu_gun_120_x4,3.15,4.47,0.6,1.08,,14/50,richelieu_gun_380_x4,1.12,1.195,1.4,0.82,,,,,,,,,,,,,,,,,,,,,,,,,,,,,,,,,,,,,,,,,,,,,,,,,,,,,,,,,,,,,,,,,,,,,,,,
6,,,,,,,6,,,,,,,6,,,,,,,6,dant_gun_245_x3,0.72,0.83,3.7,1.02,,6,,,,,,,6,,,,,,,6/45,richelieu_gun_380_x3,0.48,0.555,3.7,1.04,,6/50,richelieu_gun_380_x3,0.48,0.555,3.7,1.16,,6,richelieu_gun_152_x3,1.050,1.22,3.7,1.2,,6,rich_gun_cal130_x3,0.96,1.11,3.7,1.7,,6,richelieu_gun_100_x3,1.8,2.07,3.7,1.58,,15,bouvet_gun_100_x1,3,3.18,0.6,1.1,,15,richelieu_gun_120_x4,3.375,4.77,0.6,1.08,,15/50,richelieu_gun_380_x4,1.2,1.275,1.5,0.82,,,,,,,,,,,,,,,,,,,,,,,,,,,,,,,,,,,,,,,,,,,,,,,,,,,,,,,,,,,,,,,,,,,,,,,,
7,massena_gun_138_x1,0.91,1.03,3.1,1.76,,7,bouvet_gun_138_x1,0.91,1.03,3.1,1.76,,7,dante_gun_240_x1,0.805,0.915,3.1,1.04,,7,dant_gun_245_x1,0.84,0.95,3.1,1,,7,bouvet_gun_305_x1,0.7,0.79,3.1,1.32,,7,dante_gun_305_x1,0.63,0.715,3.1,1,,7/45,richelieu_gun_380_x1,0.56,0.635,3.1,1.02,,7/50,richelieu_gun_380_x1,0.56,0.635,3.1,1.14,,7,richelieu_gun_152_x1,1.225,1.395,3.1,1.18,,7,rich_gun_cal130_x1,1.12,1.27,3.1,1.68,,7,richelieu_gun_100_x1,2.1,2.37,3.1,1.54,,16,bouvet_gun_100_x1,3.2,3.38,0.6,1.08,,16,richelieu_gun_120_x4,3.6,5.07,0.6,1.08,,16/50,richelieu_gun_380_x4,1.28,1.355,1.565,0.8,,,,,,,,,,,,,,,,,,,,,,,,,,,,,,,,,,,,,,,,,,,,,,,,,,,,,,,,,,,,,,,,,,,,,,,,
7,massena_gun_138_x2,0.91,1.03,3.1,1.72,,7,bouvet_gun_138_x2,0.91,1.03,3.1,1.72,,7,dante_gun_240_x2,0.805,0.915,3.1,1.04,,7,dant_gun_245_x2,0.84,0.95,3.1,1,,7,bouvet_gun_305_x2,0.7,0.79,3.1,1.32,,7,dante_gun_305_x2,0.63,0.715,3.1,1,,7/45,richelieu_gun_380_x2,0.56,0.635,3.1,1.02,,7/50,richelieu_gun_380_x2,0.56,0.635,3.1,1.14,,7,richelieu_gun_152_x2,1.225,1.395,3.1,1.18,,7,rich_gun_cal130_x2,1.12,1.27,3.1,1.68,,7,richelieu_gun_100_x2,2.1,2.37,3.1,1.54,,17,bouvet_gun_100_x1,3.4,3.58,0.6,1.08,,17,richelieu_gun_120_x4,3.825,5.37,0.6,1.07,,17/50,richelieu_gun_380_x4,1.36,1.435,1.51,0.8,,,,,,,,,,,,,,,,,,,,,,,,,,,,,,,,,,,,,,,,,,,,,,,,,,,,,,,,,,,,,,,,,,,,,,,,
7,,,,,,,7,,,,,,,7,,,,,,,7,dant_gun_245_x3,0.84,0.95,3.1,1,,7,,,,,,,7,,,,,,,7/45,richelieu_gun_380_x3,0.56,0.635,3.1,1.02,,7/50,richelieu_gun_380_x3,0.56,0.635,3.1,1.14,,7,richelieu_gun_152_x3,1.225,1.395,3.1,1.18,,7,rich_gun_cal130_x3,1.12,1.27,3.1,1.68,,7,richelieu_gun_100_x3,2.1,2.37,3.1,1.54,,18,bouvet_gun_100_x1,3.6,3.78,0.6,1.08,,18,richelieu_gun_120_x4,4.05,5.67,0.6,1.06,,18/50,richelieu_gun_380_x4,1.44,1.515,1.51,0.8,,,,,,,,,,,,,,,,,,,,,,,,,,,,,,,,,,,,,,,,,,,,,,,,,,,,,,,,,,,,,,,,,,,,,,,,
8,massena_gun_138_x1,1.04,1.16,2.5,1.72,,8,bouvet_gun_138_x1,1.04,1.16,2.5,1.72,,8,dante_gun_240_x1,0.92,1.03,2.5,1.02,,8,dant_gun_245_x1,0.96,1.07,2.5,0.98,,8,bouvet_gun_305_x1,0.8,0.89,2.5,1.28,,8,dante_gun_305_x1,0.72,0.805,2.5,0.98,,8/45,richelieu_gun_380_x1,0.64,0.715,2.5,0.98,,8/50,richelieu_gun_380_x1,0.64,0.715,2.5,1.1,,8,richelieu_gun_152_x1,1.4,1.57,2.5,1.14,,8,rich_gun_cal130_x1,1.28,1.43,2.5,1.64,,8,richelieu_gun_100_x1,2.4,2.67,2.5,1.48,,19,bouvet_gun_100_x1,3.8,3.98,0.6,1.08,,19,richelieu_gun_120_x4,4.275,5.97,0.6,1.42,,19/50,richelieu_gun_380_x4,1.52,1.595,1.415,0.79,,,,,,,,,,,,,,,,,,,,,,,,,,,,,,,,,,,,,,,,,,,,,,,,,,,,,,,,,,,,,,,,,,,,,,,,
8,massena_gun_138_x2,1.04,1.16,2.5,1.68,,8,bouvet_gun_138_x2,1.04,1.16,2.5,1.68,,8,dante_gun_240_x2,0.92,1.03,2.5,1.02,,8,dant_gun_245_x2,0.96,1.07,2.5,0.98,,8,bouvet_gun_305_x2,0.8,0.89,2.5,1.28,,8,dante_gun_305_x2,0.72,0.805,2.5,0.98,,8/45,richelieu_gun_380_x2,0.64,0.715,2.5,0.98,,8/50,richelieu_gun_380_x2,0.64,0.715,2.5,1.1,,8,richelieu_gun_152_x2,1.4,1.57,2.5,1.14,,8,rich_gun_cal130_x2,1.28,1.43,2.5,1.64,,8,richelieu_gun_100_x2,2.4,2.67,2.5,1.48,,20,bouvet_gun_100_x1,4,4.18,0.6,1.06,,20,richelieu_gun_120_x4,4.5,6.27,0.6,1.4,,20/50,richelieu_gun_380_x4,1.6,1.675,1.25,0.79,,,,,,,,,,,,,,,,,,,,,,,,,,,,,,,,,,,,,,,,,,,,,,,,,,,,,,,,,,,,,,,,,,,,,,,,
8,,,,,,,8,,,,,,,8,,,,,,,8,dant_gun_245_x3,0.96,1.07,2.5,0.98,,8,,,,,,,8,,,,,,,8/45,richelieu_gun_380_x3,0.64,0.715,2.5,0.98,,8/50,richelieu_gun_380_x3,0.64,0.715,2.5,1.1,,8,richelieu_gun_152_x3,1.4,1.57,2.5,1.14,,8,rich_gun_cal130_x3,1.28,1.43,2.5,1.64,,8,richelieu_gun_100_x3,2.4,2.67,2.5,1.48,,,,,,,,,,,,,,,,,,,,,,,,,,,,,,,,,,,,,,,,,,,,,,,,,,,,,,,,,,,,,,,,,,,,,,,,,,,,,,,,,,,,,,,,,,,,,
9,massena_gun_138_x1,1.17,1.29,1.95,1.68,,9,bouvet_gun_138_x1,1.17,1.29,1.95,1.68,,9,dante_gun_240_x1,1.035,1.145,1.95,0.98,,9,dant_gun_245_x1,1.08,1.19,1.95,0.94,,9,bouvet_gun_305_x1,0.9,0.99,1.95,1.26,,9,dante_gun_305_x1,0.81,0.895,1.95,0.96,,9/45,richelieu_gun_380_x1,0.72,0.795,1.95,0.96,,9/50,richelieu_gun_380_x1,0.72,0.795,1.95,1.06,,9,richelieu_gun_152_x1,1.575,1.745,1.95,1.12,,9,rich_gun_cal130_x1,1.44,1.59,1.95,1.6,,9,richelieu_gun_100_x1,2.7,2.97,1.95,1.46,,,,,,,,,,,,,,,,,,,,,,,,,,,,,,,,,,,,,,,,,,,,,,,,,,,,,,,,,,,,,,,,,,,,,,,,,,,,,,,,,,,,,,,,,,,,,
9,massena_gun_138_x2,1.17,1.29,1.95,1.64,,9,bouvet_gun_138_x2,1.17,1.29,1.95,1.64,,9,dante_gun_240_x2,1.035,1.145,1.95,0.98,,9,dant_gun_245_x2,1.08,1.19,1.95,0.94,,9,bouvet_gun_305_x2,0.9,0.99,1.95,1.26,,9,dante_gun_305_x2,0.81,0.895,1.95,0.96,,9/45,richelieu_gun_380_x2,0.72,0.795,1.95,0.96,,9/50,richelieu_gun_380_x2,0.72,0.795,1.95,1.06,,9,richelieu_gun_152_x2,1.575,1.745,1.95,1.12,,9,rich_gun_cal130_x2,1.44,1.59,1.95,1.6,,9,richelieu_gun_100_x2,2.7,2.97,1.95,1.46,,,,,,,,,2,rich_gun_cal130_x4,0.32,0.47,10,3.28,,2/45,richelieu_gun_380_x4,0.16,0.235,10,2.02,,,,,,,,,,,,,,,,,,,,,,,,,,,,,,,,,,,,,,,,,,,,,,,,,,,,,,,,,,,,,,,,,,,,,,,,
9,,,,,,,9,,,,,,,9,,,,,,,9,dant_gun_245_x3,1.08,1.19,1.95,0.94,,9,,,,,,,9,,,,,,,9/45,richelieu_gun_380_x3,0.72,0.795,1.95,0.96,,9/50,richelieu_gun_380_x3,0.72,0.795,1.95,1.06,,9,richelieu_gun_152_x3,1.575,1.745,1.95,1.12,,9,rich_gun_cal130_x3,1.44,1.59,1.95,1.6,,9,richelieu_gun_100_x3,2.7,2.97,1.95,1.46,,,,,,,,,3,rich_gun_cal130_x4,0.48,0.63,10,2.78,,3/45,richelieu_gun_380_x4,0.24,0.315,10,1.72,,,,,,,,,,,,,,,,,,,,,,,,,,,,,,,,,,,,,,,,,,,,,,,,,,,,,,,,,,,,,,,,,,,,,,,,
10,massena_gun_138_x1,1.3,1.42,1.74,1.64,,10,bouvet_gun_138_x1,1.3,1.42,1.74,1.64,,10,dante_gun_240_x1,1.15,1.26,1.74,0.96,,10,dant_gun_245_x1,1.2,1.31,1.74,0.92,,10,bouvet_gun_305_x1,1,1.09,1.74,1.22,,10,dante_gun_305_x1,0.9,0.985,1.74,0.92,,10/45,richelieu_gun_380_x1,0.8,0.875,1.74,0.94,,10/50,richelieu_gun_380_x1,0.8,0.875,1.74,1.04,,10,richelieu_gun_152_x1,1.75,1.92,1.74,1.08,,10,rich_gun_cal130_x1,1.6,1.75,1.74,1.54,,10,richelieu_gun_100_x1,3,3.27,1.74,1.4,,,,,,,,,4,rich_gun_cal130_x4,0.64,0.79,8.25,2.3,,4/45,richelieu_gun_380_x4,0.32,0.395,8.25,1.42,,,,,,,,,,,,,,,,,,,,,,,,,,,,,,,,,,,,,,,,,,,,,,,,,,,,,,,,,,,,,,,,,,,,,,,,
10,massena_gun_138_x2,1.3,1.42,1.74,1.6,,10,bouvet_gun_138_x2,1.3,1.42,1.74,1.6,,10,dante_gun_240_x2,1.15,1.26,1.74,0.96,,10,dant_gun_245_x2,1.2,1.31,1.74,0.92,,10,bouvet_gun_305_x2,1,1.09,1.74,1.22,,10,dante_gun_305_x2,0.9,0.985,1.74,0.92,,10/45,richelieu_gun_380_x2,0.8,0.875,1.74,0.94,,10/50,richelieu_gun_380_x2,0.8,0.875,1.74,1.04,,10,richelieu_gun_152_x2,1.75,1.92,1.74,1.08,,10,rich_gun_cal130_x2,1.6,1.75,1.74,1.54,,10,richelieu_gun_100_x2,3,3.27,1.74,1.4,,,,,,,,,5,rich_gun_cal130_x4,0.8,0.95,5.25,1.82,,5/45,richelieu_gun_380_x4,0.4,0.475,5.25,1.1,,,,,,,,,,,,,,,,,,,,,,,,,,,,,,,,,,,,,,,,,,,,,,,,,,,,,,,,,,,,,,,,,,,,,,,,
10,,,,,,,10,,,,,,,10,,,,,,,10,dant_gun_245_x3,1.2,1.31,1.74,0.92,,10,,,,,,,10,,,,,,,10/45,richelieu_gun_380_x3,0.8,0.875,1.74,0.94,,10/50,richelieu_gun_380_x3,0.8,0.875,1.74,1.04,,10,richelieu_gun_152_x3,1.75,1.92,1.74,1.08,,10,rich_gun_cal130_x3,1.6,1.75,1.74,1.54,,10,richelieu_gun_100_x3,3,3.27,1.74,1.4,,,,,,,,,6,rich_gun_cal130_x4,0.96,1.11,3.7,1.7,,6/45,richelieu_gun_380_x4,0.48,0.555,3.7,1.04,,,,,,,,,,,,,,,,,,,,,,,,,,,,,,,,,,,,,,,,,,,,,,,,,,,,,,,,,,,,,,,,,,,,,,,,
11,massena_gun_138_x1,1.43,1.55,1.59,1.3,,11,bouvet_gun_138_x1,1.43,1.55,1.59,1.3,,11,dante_gun_240_x1,1.265,1.375,1.59,0.77,,11,dant_gun_245_x1,1.32,1.43,1.59,0.73,,11,bouvet_gun_305_x1,1.1,1.19,1.59,0.98,,11,dante_gun_305_x1,0.99,1.075,1.59,0.74,,11/45,richelieu_gun_380_x1,0.88,0.955,1.59,0.74,,11/50,richelieu_gun_380_x1,0.88,0.955,1.59,0.82,,11,richelieu_gun_152_x1,1.925,2.095,1.59,0.86,,11,rich_gun_cal130_x1,1.76,1.91,1.59,1.22,,11,richelieu_gun_100_x1,3.3,3.57,1.59,1.12,,,,,,,,,7,rich_gun_cal130_x4,1.12,1.27,3.1,1.68,,7/45,richelieu_gun_380_x4,0.56,0.635,3.1,1.02,,,,,,,,,,,,,,,,,,,,,,,,,,,,,,,,,,,,,,,,,,,,,,,,,,,,,,,,,,,,,,,,,,,,,,,,
11,massena_gun_138_x2,1.43,1.55,1.59,1.28,,11,bouvet_gun_138_x2,1.43,1.55,1.59,1.28,,11,dante_gun_240_x2,1.265,1.375,1.59,0.77,,11,dant_gun_245_x2,1.32,1.43,1.59,0.73,,11,bouvet_gun_305_x2,1.1,1.19,1.59,0.98,,11,dante_gun_305_x2,0.99,1.075,1.59,0.74,,11/45,richelieu_gun_380_x2,0.88,0.955,1.59,0.74,,11/50,richelieu_gun_380_x2,0.88,0.955,1.59,0.82,,11,richelieu_gun_152_x2,1.925,2.095,1.59,0.86,,11,rich_gun_cal130_x2,1.76,1.91,1.59,1.22,,11,richelieu_gun_100_x2,3.3,3.57,1.59,1.12,,,,,,,,,8,rich_gun_cal130_x4,1.28,1.43,2.5,1.64,,8/45,richelieu_gun_380_x4,0.64,0.715,2.5,0.98,,,,,,,,,,,,,,,,,,,,,,,,,,,,,,,,,,,,,,,,,,,,,,,,,,,,,,,,,,,,,,,,,,,,,,,,
11,,,,,,,11,,,,,,,11,,,,,,,11,dant_gun_245_x3,1.32,1.43,1.59,0.73,,11,,,,,,,11,,,,,,,11/45,richelieu_gun_380_x3,0.88,0.955,1.59,0.74,,11/50,richelieu_gun_380_x3,0.88,0.955,1.59,0.82,,11,richelieu_gun_152_x3,1.925,2.095,1.59,0.86,,11,rich_gun_cal130_x3,1.76,1.91,1.59,1.22,,11,richelieu_gun_100_x3,3.3,3.57,1.59,1.12,,,,,,,,,9,rich_gun_cal130_x4,1.44,1.59,1.95,1.6,,9/45,richelieu_gun_380_x4,0.72,0.795,1.95,0.96,,,,,,,,,,,,,,,,,,,,,,,,,,,,,,,,,,,,,,,,,,,,,,,,,,,,,,,,,,,,,,,,,,,,,,,,
12,massena_gun_138_x1,1.56,1.68,1.49,1.3,,12,bouvet_gun_138_x1,1.56,1.68,1.49,1.3,,12,dante_gun_240_x1,1.38,1.49,1.49,0.76,,12,dant_gun_245_x1,1.44,1.55,1.49,0.73,,12,bouvet_gun_305_x1,1.2,1.29,1.49,0.96,,12,dante_gun_305_x1,1.08,1.165,1.49,0.74,,12/45,richelieu_gun_380_x1,0.96,1.035,1.49,0.74,,12/50,richelieu_gun_380_x1,0.96,1.035,1.49,0.82,,12,richelieu_gun_152_x1,2.1,2.27,1.49,0.86,,12,rich_gun_cal130_x1,1.92,2.07,1.49,1.22,,12,richelieu_gun_100_x1,3.6,3.87,1.49,1.12,,,,,,,,,10,rich_gun_cal130_x4,1.6,1.75,1.74,1.54,,10/45,richelieu_gun_380_x4,0.8,0.875,1.74,0.94,,,,,,,,,,,,,,,,,,,,,,,,,,,,,,,,,,,,,,,,,,,,,,,,,,,,,,,,,,,,,,,,,,,,,,,,
12,massena_gun_138_x2,1.56,1.68,1.49,1.26,,12,bouvet_gun_138_x2,1.56,1.68,1.49,1.26,,12,dante_gun_240_x2,1.38,1.49,1.49,0.76,,12,dant_gun_245_x2,1.44,1.55,1.49,0.73,,12,bouvet_gun_305_x2,1.2,1.29,1.49,0.96,,12,dante_gun_305_x2,1.08,1.165,1.49,0.74,,12/45,richelieu_gun_380_x2,0.96,1.035,1.49,0.74,,12/50,richelieu_gun_380_x2,0.96,1.035,1.49,0.82,,12,richelieu_gun_152_x2,2.1,2.27,1.49,0.86,,12,rich_gun_cal130_x2,1.92,2.07,1.49,1.22,,12,richelieu_gun_100_x2,3.6,3.87,1.49,1.12,,,,,,,,,11,rich_gun_cal130_x4,1.76,1.91,1.59,1.22,,11/45,richelieu_gun_380_x4,0.88,0.955,1.59,0.74,,,,,,,,,,,,,,,,,,,,,,,,,,,,,,,,,,,,,,,,,,,,,,,,,,,,,,,,,,,,,,,,,,,,,,,,
12,,,,,,,12,,,,,,,12,,,,,,,12,dant_gun_245_x3,1.44,1.55,1.49,0.73,,12,,,,,,,12,,,,,,,12/45,richelieu_gun_380_x3,0.96,1.035,1.49,0.74,,12/50,richelieu_gun_380_x3,0.96,1.035,1.49,0.82,,12,richelieu_gun_152_x3,2.1,2.27,1.49,0.86,,12,rich_gun_cal130_x3,1.92,2.07,1.49,1.22,,12,richelieu_gun_100_x3,3.6,3.87,1.49,1.12,,,,,,,,,12,rich_gun_cal130_x4,1.92,2.07,1.49,1.22,,12/45,richelieu_gun_380_x4,0.96,1.035,1.49,0.74,,,,,,,,,,,,,,,,,,,,,,,,,,,,,,,,,,,,,,,,,,,,,,,,,,,,,,,,,,,,,,,,,,,,,,,,
13,massena_gun_138_x1,1.69,1.81,1.44,1.28,,13,bouvet_gun_138_x1,1.69,1.81,1.44,1.28,,13,dante_gun_240_x1,1.495,1.605,1.44,0.76,,13,dant_gun_245_x1,1.56,1.67,1.44,0.72,,13,bouvet_gun_305_x1,1.3,1.39,1.44,0.96,,13,dante_gun_305_x1,1.17,1.255,1.44,0.73,,13/45,richelieu_gun_380_x1,1.04,1.115,1.44,0.74,,13/50,richelieu_gun_380_x1,1.04,1.115,1.44,0.82,,13,richelieu_gun_152_x1,2.275,2.445,1.44,0.86,,13,rich_gun_cal130_x1,2.08,2.23,1.44,1.22,,13,richelieu_gun_100_x1,3.9,4.17,1.44,1.1,,,,,,,,,13,rich_gun_cal130_x4,2.08,2.23,1.44,1.22,,13/45,richelieu_gun_380_x4,1.04,1.115,1.44,0.74,,,,,,,,,,,,,,,,,,,,,,,,,,,,,,,,,,,,,,,,,,,,,,,,,,,,,,,,,,,,,,,,,,,,,,,,
13,massena_gun_138_x2,1.69,1.81,1.44,1.26,,13,bouvet_gun_138_x2,1.69,1.81,1.44,1.26,,13,dante_gun_240_x2,1.495,1.605,1.44,0.76,,13,dant_gun_245_x2,1.56,1.67,1.44,0.72,,13,bouvet_gun_305_x2,1.3,1.39,1.44,0.96,,13,dante_gun_305_x2,1.17,1.255,1.44,0.73,,13/45,richelieu_gun_380_x2,1.04,1.115,1.44,0.74,,13/50,richelieu_gun_380_x2,1.04,1.115,1.44,0.82,,13,richelieu_gun_152_x2,2.275,2.445,1.44,0.86,,13,rich_gun_cal130_x2,2.08,2.23,1.44,1.22,,13,richelieu_gun_100_x2,3.9,4.17,1.44,1.1,,,,,,,,,14,rich_gun_cal130_x4,2.24,2.39,1.4,1.2,,14/45,richelieu_gun_380_x4,1.12,1.195,1.4,0.73,,,,,,,,,,,,,,,,,,,,,,,,,,,,,,,,,,,,,,,,,,,,,,,,,,,,,,,,,,,,,,,,,,,,,,,,
13,,,,,,,13,,,,,,,13,,,,,,,13,dant_gun_245_x3,1.56,1.67,1.44,0.72,,13,,,,,,,13,,,,,,,13/45,richelieu_gun_380_x3,1.04,1.115,1.44,0.74,,13/50,richelieu_gun_380_x3,1.04,1.115,1.44,0.82,,13,richelieu_gun_152_x3,2.275,2.445,1.44,0.86,,13,rich_gun_cal130_x3,2.08,2.23,1.44,1.22,,13,richelieu_gun_100_x3,3.9,4.17,1.44,1.1,,,,,,,,,15,rich_gun_cal130_x4,2.4,2.55,1.5,1.2,,15/45,richelieu_gun_380_x4,1.2,1.275,1.5,0.73,,,,,,,,,,,,,,,,,,,,,,,,,,,,,,,,,,,,,,,,,,,,,,,,,,,,,,,,,,,,,,,,,,,,,,,,
14,massena_gun_138_x1,1.82,1.94,1.4,1.28,,14,bouvet_gun_138_x1,1.82,1.94,1.4,1.28,,14,dante_gun_240_x1,1.61,1.72,1.4,0.76,,14,dant_gun_245_x1,1.68,1.79,1.4,0.72,,14,bouvet_gun_305_x1,1.4,1.49,1.4,0.96,,14,dante_gun_305_x1,1.26,1.345,1.4,0.73,,14/45,richelieu_gun_380_x1,1.12,1.195,1.4,0.73,,14/50,richelieu_gun_380_x1,1.12,1.195,1.4,0.82,,14,richelieu_gun_152_x1,2.45,2.62,1.4,0.85,,14,rich_gun_cal130_x1,2.24,2.39,1.4,1.2,,14,richelieu_gun_100_x1,4.2,4.47,1.4,1.1,,,,,,,,,16,rich_gun_cal130_x4,2.56,2.71,1.565,1.2,,16/45,richelieu_gun_380_x4,1.28,1.355,1.565,0.72,,,,,,,,,,,,,,,,,,,,,,,,,,,,,,,,,,,,,,,,,,,,,,,,,,,,,,,,,,,,,,,,,,,,,,,,
14,massena_gun_138_x2,1.82,1.94,1.4,1.24,,14,bouvet_gun_138_x2,1.82,1.94,1.4,1.24,,14,dante_gun_240_x2,1.61,1.72,1.4,0.76,,14,dant_gun_245_x2,1.68,1.79,1.4,0.72,,14,bouvet_gun_305_x2,1.4,1.49,1.4,0.96,,14,dante_gun_305_x2,1.26,1.345,1.4,0.73,,14/45,richelieu_gun_380_x2,1.12,1.195,1.4,0.73,,14/50,richelieu_gun_380_x2,1.12,1.195,1.4,0.82,,14,richelieu_gun_152_x2,2.45,2.62,1.4,0.85,,14,rich_gun_cal130_x2,2.24,2.39,1.4,1.2,,14,richelieu_gun_100_x2,4.2,4.47,1.4,1.1,,,,,,,,,17,rich_gun_cal130_x4,2.72,2.87,1.51,1.18,,17/45,richelieu_gun_380_x4,1.36,1.435,1.51,0.72,,,,,,,,,,,,,,,,,,,,,,,,,,,,,,,,,,,,,,,,,,,,,,,,,,,,,,,,,,,,,,,,,,,,,,,,
14,,,,,,,14,,,,,,,14,,,,,,,14,dant_gun_245_x3,1.68,1.79,1.4,0.72,,14,,,,,,,14,,,,,,,14/45,richelieu_gun_380_x3,1.12,1.195,1.4,0.73,,14/50,richelieu_gun_380_x3,1.12,1.195,1.4,0.82,,14,richelieu_gun_152_x3,2.45,2.62,1.4,0.85,,14,rich_gun_cal130_x3,2.24,2.39,1.4,1.2,,14,richelieu_gun_100_x3,4.2,4.47,1.4,1.1,,,,,,,,,18,rich_gun_cal130_x4,2.88,3.03,1.51,1.18,,18/45,richelieu_gun_380_x4,1.44,1.515,1.51,0.72,,,,,,,,,,,,,,,,,,,,,,,,,,,,,,,,,,,,,,,,,,,,,,,,,,,,,,,,,,,,,,,,,,,,,,,,
15,massena_gun_138_x1,1.95,2.07,1.5,1.28,,15,bouvet_gun_138_x1,1.95,2.07,1.5,1.28,,15,dante_gun_240_x1,1.725,1.835,1.5,0.75,,15,dant_gun_245_x1,1.8,1.91,1.5,0.72,,15,bouvet_gun_305_x1,1.5,1.59,1.5,0.96,,15,dante_gun_305_x1,1.35,1.435,1.5,0.72,,15/45,richelieu_gun_380_x1,1.2,1.275,1.5,0.73,,15/50,richelieu_gun_380_x1,1.2,1.275,1.5,0.82,,15,richelieu_gun_152_x1,2.625,2.795,1.5,0.84,,15,rich_gun_cal130_x1,2.4,2.55,1.5,1.2,,15,richelieu_gun_100_x1,4.5,4.77,1.5,1.1,,,,,,,,,19,rich_gun_cal130_x4,3.04,3.19,1.415,1.18,,19/45,richelieu_gun_380_x4,1.52,1.595,1.415,0.72,,,,,,,,,,,,,,,,,,,,,,,,,,,,,,,,,,,,,,,,,,,,,,,,,,,,,,,,,,,,,,,,,,,,,,,,
15,massena_gun_138_x2,1.95,2.07,1.5,1.24,,15,bouvet_gun_138_x2,1.95,2.07,1.5,1.24,,15,dante_gun_240_x2,1.725,1.835,1.5,0.75,,15,dant_gun_245_x2,1.8,1.91,1.5,0.72,,15,bouvet_gun_305_x2,1.5,1.59,1.5,0.96,,15,dante_gun_305_x2,1.35,1.435,1.5,0.72,,15/45,richelieu_gun_380_x2,1.2,1.275,1.5,0.73,,15/50,richelieu_gun_380_x2,1.2,1.275,1.5,0.82,,15,richelieu_gun_152_x2,2.625,2.795,1.5,0.84,,15,rich_gun_cal130_x2,2.4,2.55,1.5,1.2,,15,richelieu_gun_100_x2,4.5,4.77,1.5,1.1,,,,,,,,,20,rich_gun_cal130_x4,3.2,3.35,1.25,1.18,,20/45,richelieu_gun_380_x4,1.6,1.675,1.25,0.71,,,,,,,,,,,,,,,,,,,,,,,,,,,,,,,,,,,,,,,,,,,,,,,,,,,,,,,,,,,,,,,,,,,,,,,,
15,,,,,,,15,,,,,,,15,,,,,,,15,dant_gun_245_x3,1.8,1.91,1.5,0.72,,15,,,,,,,15,,,,,,,15/45,richelieu_gun_380_x3,1.2,1.275,1.5,0.73,,15/50,richelieu_gun_380_x3,1.2,1.275,1.5,0.82,,15,richelieu_gun_152_x3,2.625,2.795,1.5,0.84,,15,rich_gun_cal130_x3,2.4,2.55,1.5,1.2,,15,richelieu_gun_100_x3,4.5,4.77,1.5,1.1,,,,,,,,,,,,,,,,,,,,,,,,,,,,,,,,,,,,,,,,,,,,,,,,,,,,,,,,,,,,,,,,,,,,,,,,,,,,,,,,,,,,,,,,,,,,,
16,massena_gun_138_x1,2.08,2.2,1.565,1.26,,16,bouvet_gun_138_x1,2.08,2.2,1.565,1.26,,16,dante_gun_240_x1,1.84,1.95,1.565,0.75,,16,dant_gun_245_x1,1.92,2.03,1.565,0.71,,16,bouvet_gun_305_x1,1.6,1.69,1.565,0.96,,16,dante_gun_305_x1,1.44,1.525,1.565,0.72,,16/45,richelieu_gun_380_x1,1.28,1.355,1.565,0.72,,16/50,richelieu_gun_380_x1,1.28,1.355,1.565,0.8,,16,richelieu_gun_152_x1,2.8,2.97,1.565,0.84,,16,rich_gun_cal130_x1,2.56,2.71,1.565,1.2,,16,richelieu_gun_100_x1,4.8,5.07,1.565,1.1,,,,,,,,,,,,,,,,,,,,,,,,,,,,,,,,,,,,,,,,,,,,,,,,,,,,,,,,,,,,,,,,,,,,,,,,,,,,,,,,,,,,,,,,,,,,,
16,massena_gun_138_x2,2.08,2.2,1.565,1.24,,16,bouvet_gun_138_x2,2.08,2.2,1.565,1.24,,16,dante_gun_240_x2,1.84,1.95,1.565,0.75,,16,dant_gun_245_x2,1.92,2.03,1.565,0.71,,16,bouvet_gun_305_x2,1.6,1.69,1.565,0.96,,16,dante_gun_305_x2,1.44,1.525,1.565,0.72,,16/45,richelieu_gun_380_x2,1.28,1.355,1.565,0.72,,16/50,richelieu_gun_380_x2,1.28,1.355,1.565,0.8,,16,richelieu_gun_152_x2,2.8,2.97,1.565,0.84,,16,rich_gun_cal130_x2,2.56,2.71,1.565,1.2,,16,richelieu_gun_100_x2,4.8,5.07,1.565,1.1,,,,,,,,,,,,,,,,,,,,,,,,,,,,,,,,,,,,,,,,,,,,,,,,,,,,,,,,,,,,,,,,,,,,,,,,,,,,,,,,,,,,,,,,,,,,,
16,,,,,,,16,,,,,,,16,,,,,,,16,dant_gun_245_x3,1.92,2.03,1.565,0.71,,16,,,,,,,16,,,,,,,16/45,richelieu_gun_380_x3,1.28,1.355,1.565,0.72,,16/50,richelieu_gun_380_x3,1.28,1.355,1.565,0.8,,16,richelieu_gun_152_x3,2.8,2.97,1.565,0.84,,16,rich_gun_cal130_x3,2.56,2.71,1.565,1.2,,16,richelieu_gun_100_x3,4.8,5.07,1.565,1.1,,,,,,,,,,,,,,,,,,,,,,,,,,,,,,,,,,,,,,,,,,,,,,,,,,,,,,,,,,,,,,,,,,,,,,,,,,,,,,,,,,,,,,,,,,,,,
17,massena_gun_138_x1,2.21,2.33,1.51,1.26,,17,bouvet_gun_138_x1,2.21,2.33,1.51,1.26,,17,dante_gun_240_x1,1.955,2.065,1.51,0.75,,17,dant_gun_245_x1,2.04,2.15,1.51,0.71,,17,bouvet_gun_305_x1,1.7,1.79,1.51,0.94,,17,dante_gun_305_x1,1.53,1.615,1.51,0.72,,17/45,richelieu_gun_380_x1,1.36,1.435,1.51,0.72,,17/50,richelieu_gun_380_x1,1.36,1.435,1.51,0.8,,17,richelieu_gun_152_x1,2.975,3.145,1.51,0.84,,17,rich_gun_cal130_x1,2.72,2.87,1.51,1.18,,17,richelieu_gun_100_x1,5.1,5.37,1.51,1.08,,,,,,,,,,,,,,,,,,,,,,,,,,,,,,,,,,,,,,,,,,,,,,,,,,,,,,,,,,,,,,,,,,,,,,,,,,,,,,,,,,,,,,,,,,,,,
17,massena_gun_138_x2,2.21,2.33,1.51,1.24,,17,bouvet_gun_138_x2,2.21,2.33,1.51,1.24,,17,dante_gun_240_x2,1.955,2.065,1.51,0.75,,17,dant_gun_245_x2,2.04,2.15,1.51,0.71,,17,bouvet_gun_305_x2,1.7,1.79,1.51,0.94,,17,dante_gun_305_x2,1.53,1.615,1.51,0.72,,17/45,richelieu_gun_380_x2,1.36,1.435,1.51,0.72,,17/50,richelieu_gun_380_x2,1.36,1.435,1.51,0.8,,17,richelieu_gun_152_x2,2.975,3.145,1.51,0.84,,17,rich_gun_cal130_x2,2.72,2.87,1.51,1.18,,17,richelieu_gun_100_x2,5.1,5.37,1.51,1.08,,,,,,,,,,,,,,,,,,,,,,,,,,,,,,,,,,,,,,,,,,,,,,,,,,,,,,,,,,,,,,,,,,,,,,,,,,,,,,,,,,,,,,,,,,,,,
17,,,,,,,17,,,,,,,17,,,,,,,17,dant_gun_245_x3,2.04,2.15,1.51,0.71,,17,,,,,,,17,,,,,,,17/45,richelieu_gun_380_x3,1.36,1.435,1.51,0.72,,17/50,richelieu_gun_380_x3,1.36,1.435,1.51,0.8,,17,richelieu_gun_152_x3,2.975,3.145,1.51,0.84,,17,rich_gun_cal130_x3,2.72,2.87,1.51,1.18,,17,richelieu_gun_100_x3,5.1,5.37,1.51,1.08,,,,,,,,,,,,,,,,,,,,,,,,,,,,,,,,,,,,,,,,,,,,,,,,,,,,,,,,,,,,,,,,,,,,,,,,,,,,,,,,,,,,,,,,,,,,,
18,massena_gun_138_x1,2.34,2.46,1.51,1.26,,18,bouvet_gun_138_x1,2.34,2.46,1.51,1.26,,18,dante_gun_240_x1,2.07,2.18,1.51,0.74,,18,dant_gun_245_x1,2.16,2.27,1.51,0.71,,18,bouvet_gun_305_x1,1.8,1.89,1.51,0.94,,18,dante_gun_305_x1,1.62,1.705,1.51,0.71,,18/45,richelieu_gun_380_x1,1.44,1.515,1.51,0.72,,18/50,richelieu_gun_380_x1,1.44,1.515,1.51,0.8,,18,richelieu_gun_152_x1,3.15,3.32,1.51,0.84,,18,rich_gun_cal130_x1,2.88,3.03,1.51,1.18,,18,richelieu_gun_100_x1,5.4,5.67,1.51,1.08,,,,,,,,,,,,,,,,,,,,,,,,,,,,,,,,,,,,,,,,,,,,,,,,,,,,,,,,,,,,,,,,,,,,,,,,,,,,,,,,,,,,,,,,,,,,,
18,massena_gun_138_x2,2.34,2.46,1.51,1.22,,18,bouvet_gun_138_x2,2.34,2.46,1.51,1.22,,18,dante_gun_240_x2,2.07,2.18,1.51,0.74,,18,dant_gun_245_x2,2.16,2.27,1.51,0.71,,18,bouvet_gun_305_x2,1.8,1.89,1.51,0.94,,18,dante_gun_305_x2,1.62,1.705,1.51,0.71,,18/45,richelieu_gun_380_x2,1.44,1.515,1.51,0.72,,18/50,richelieu_gun_380_x2,1.44,1.515,1.51,0.8,,18,richelieu_gun_152_x2,3.15,3.32,1.51,0.84,,18,rich_gun_cal130_x2,2.88,3.03,1.51,1.18,,18,richelieu_gun_100_x2,5.4,5.67,1.51,1.08,,,,,,,,,,,,,,,,,,,,,,,,,,,,,,,,,,,,,,,,,,,,,,,,,,,,,,,,,,,,,,,,,,,,,,,,,,,,,,,,,,,,,,,,,,,,,
18,,,,,,,18,,,,,,,18,,,,,,,18,dant_gun_245_x3,2.16,2.27,1.51,0.71,,18,,,,,,,18,,,,,,,18/45,richelieu_gun_380_x3,1.44,1.515,1.51,0.72,,18/50,richelieu_gun_380_x3,1.44,1.515,1.51,0.8,,18,richelieu_gun_152_x3,3.15,3.32,1.51,0.84,,18,rich_gun_cal130_x3,2.88,3.03,1.51,1.18,,18,richelieu_gun_100_x3,5.4,5.67,1.51,1.08,,,,,,,,,,,,,,,,,,,,,,,,,,,,,,,,,,,,,,,,,,,,,,,,,,,,,,,,,,,,,,,,,,,,,,,,,,,,,,,,,,,,,,,,,,,,,
19,massena_gun_138_x1,2.47,2.59,1.415,1.24,,19,bouvet_gun_138_x1,2.47,2.59,1.415,1.24,,19,dante_gun_240_x1,2.185,2.295,1.415,0.74,,19,dant_gun_245_x1,2.28,2.39,1.415,0.7,,19,bouvet_gun_305_x1,1.9,1.99,1.415,0.94,,19,dante_gun_305_x1,1.71,1.795,1.415,0.71,,19/45,richelieu_gun_380_x1,1.52,1.595,1.415,0.72,,19/50,richelieu_gun_380_x1,1.52,1.595,1.415,0.79,,19,richelieu_gun_152_x1,3.325,3.495,1.415,0.83,,19,rich_gun_cal130_x1,3.04,3.19,1.415,1.18,,19,richelieu_gun_100_x1,5.7,5.97,1.415,1.08,,,,,,,,,,,,,,,,,,,,,,,,,,,,,,,,,,,,,,,,,,,,,,,,,,,,,,,,,,,,,,,,,,,,,,,,,,,,,,,,,,,,,,,,,,,,,
19,massena_gun_138_x2,2.47,2.59,1.415,1.22,,19,bouvet_gun_138_x2,2.47,2.59,1.415,1.22,,19,dante_gun_240_x2,2.185,2.295,1.415,0.74,,19,dant_gun_245_x2,2.28,2.39,1.415,0.7,,19,bouvet_gun_305_x2,1.9,1.99,1.415,0.94,,19,dante_gun_305_x2,1.71,1.795,1.415,0.71,,19/45,richelieu_gun_380_x2,1.52,1.595,1.415,0.72,,19/50,richelieu_gun_380_x2,1.52,1.595,1.415,0.79,,19,richelieu_gun_152_x2,3.325,3.495,1.415,0.83,,19,rich_gun_cal130_x2,3.04,3.19,1.415,1.18,,19,richelieu_gun_100_x2,5.7,5.97,1.415,1.08,,,,,,,,,,,,,,,,,,,,,,,,,,,,,,,,,,,,,,,,,,,,,,,,,,,,,,,,,,,,,,,,,,,,,,,,,,,,,,,,,,,,,,,,,,,,,
19,,,,,,,19,,,,,,,19,,,,,,,19,dant_gun_245_x3,2.28,2.39,1.415,0.7,,19,,,,,,,19,,,,,,,19/45,richelieu_gun_380_x3,1.52,1.595,1.415,0.72,,19/50,richelieu_gun_380_x3,1.52,1.595,1.415,0.79,,19,richelieu_gun_152_x3,3.325,3.495,1.415,0.83,,19,rich_gun_cal130_x3,3.04,3.19,1.415,1.18,,19,richelieu_gun_100_x3,5.7,5.97,1.415,1.08,,,,,,,,,,,,,,,,,,,,,,,,,,,,,,,,,,,,,,,,,,,,,,,,,,,,,,,,,,,,,,,,,,,,,,,,,,,,,,,,,,,,,,,,,,,,,
20,massena_gun_138_x1,2.6,2.72,1.25,1.24,,20,bouvet_gun_138_x1,2.6,2.72,1.25,1.24,,20,dante_gun_240_x1,2.3,2.41,1.25,0.73,,20,dant_gun_245_x1,2.4,2.51,1.25,0.7,,20,bouvet_gun_305_x1,2,2.09,1.25,0.94,,20,dante_gun_305_x1,1.8,1.885,1.25,0.7,,20/45,richelieu_gun_380_x1,1.6,1.675,1.25,0.71,,20/50,richelieu_gun_380_x1,1.6,1.675,1.25,0.79,,20,richelieu_gun_152_x1,3.5,3.67,1.25,0.83,,20,rich_gun_cal130_x1,3.2,3.35,1.25,1.18,,20,richelieu_gun_100_x1,6,6.27,1.25,1.08,,,,,,,,,,,,,,,,,,,,,,,,,,,,,,,,,,,,,,,,,,,,,,,,,,,,,,,,,,,,,,,,,,,,,,,,,,,,,,,,,,,,,,,,,,,,,
20,massena_gun_138_x2,2.6,2.72,1.25,1.22,,20,bouvet_gun_138_x2,2.6,2.72,1.25,1.22,,20,dante_gun_240_x2,2.3,2.41,1.25,0.73,,20,dant_gun_245_x2,2.4,2.51,1.25,0.7,,20,bouvet_gun_305_x2,2,2.09,1.25,0.94,,20,dante_gun_305_x2,1.8,1.885,1.25,0.7,,20/45,richelieu_gun_380_x2,1.6,1.675,1.25,0.71,,20/50,richelieu_gun_380_x2,1.6,1.675,1.25,0.79,,20,richelieu_gun_152_x2,3.5,3.67,1.25,0.83,,20,rich_gun_cal130_x2,3.2,3.35,1.25,1.18,,20,richelieu_gun_100_x2,6,6.27,1.25,1.08,,,,,,,,,,,,,,,,,,,,,,,,,,,,,,,,,,,,,,,,,,,,,,,,,,,,,,,,,,,,,,,,,,,,,,,,,,,,,,,,,,,,,,,,,,,,,
20,,,,,,,20,,,,,,,20,,,,,,,20,dant_gun_245_x3,2.4,2.51,1.25,0.7,,20,,,,,,,20,,,,,,,20/45,richelieu_gun_380_x3,1.6,1.675,1.25,0.71,,20/50,richelieu_gun_380_x3,1.6,1.675,1.25,0.79,,20,richelieu_gun_152_x3,3.5,3.67,1.25,0.83,,20,rich_gun_cal130_x3,3.2,3.35,1.25,1.18,,20,richelieu_gun_100_x3,6,6.27,1.25,1.08,,,,,,,,,,,,,,,,,,,,,,,,,,,,,,,,,,,,,,,,,,,,,,,,,,,,,,,,,,,,,,,,,,,,,,,,,,,,,,,,,,,,,,,,,,,,,
,,,,,,,,,,,,,,,,,,,,,,,,,,,,,,,,,,,,,,,,,,,,,,,,,,,,,,,,,,,,,,,,,,,,,,,,,,,,,,,,,,,,,,,,,,,,,,,,,,,,,,,,,,,,,,,,,,,,,,,,,,,,,,,,,,,,,,,,,,,,,,,,,,,,,,,,,,,,,,,,,,,,,,,,
,,,,,,,,,,,,,,,,,,,,,,,,,,,,,,,,,,,,,,,,,,,,,,,,,,,,,,,,,,,,,,,,,,,,,,,,,,,,,,,,,,,,,,,,,,,,,,,,,,,,,,,,,,,,,,,,,,,,,,,,,,,,,,,,,,,,,,,,,,,,,,,,,,,,,,,,,,,,,,,,,,,,,,,,
,,,,,,,,,,,,,,,,,,,,,,,,,,,,,,,,,,,,,,,,,,,,,,,,,,,,,,,,,,,,,,,,,,,,,,,,,,,,,,,,,,,,,,,,,,,,,,,,,,,,,,,,,,,,,,,,,,,,,,,,,,,,,,,,,,,,,,,,,,,,,,,,,,,,,,,,,,,,,,,,,,,,,,,,
,,,,,,,,,,,,,,,,,,,,,,,,,,,,,,,,,,,,,,,,,,,,,,,,,,,,,,,,,,,,,,,,,,,,,,,,,,,,,,,,,,,,,,,,,,,,,,,,,,,,,,,,,,,,,,,,,,,,,,,,,,,,,,,,,,,,,,,,,,,,,,,,,,,,,,,,,,,,,,,,,,,,,,,,
,,,,,,,,,,,,,,,,,,,,,,,,,,,,,,,,,,,,,,,,,,,,,,,,,,,,,,,,,,,,,,,,,,,,,,,,,,,,,,,,,,,,,,,,,,,,,,,,,,,,,,,,,,,,,,,,,,,,,,,,,,,,,,,,,,,,,,,,,,,,,,,,,,,,,,,,,,,,,,,,,,,,,,,,
,,,,,,,,,,,,,,,,,,,,,,,,,,,,,,,,,,,,,,,,,,,,,,,,,,,,,,,,,,,,,,,,,,,,,,,,,,,,,,,,,,,,,,,,,,,,,,,,,,,,,,,,,,,,,,,,,,,,,,,,,,,,,,,,,,,,,,,,,,,,,,,,,,,,,,,,,,,,,,,,,,,,,,,,
,,,,,,,,,,,,,,,,,,,,,,,,,,,,,,,,,,,,,,,,,,,,,,,,,,,,,,,,,,,,,,,,,,,,,,,,,,,,,,,,,,,,,,,,,,,,,,,,,,,,,,,,,,,,,,,,,,,,,,,,,,,,,,,,,,,,,,,,,,,,,,,,,,,,,,,,,,,,,,,,,,,,,,,,
,,,,,,,,,,,,,,,,,,,,,,,,,,,,,,,,,,,,,,,,,,,,,,,,,,,,,,,,,,,,,,,,,,,,,,,,,,,,,,,,,,,,,,,,,,,,,,,,,,,,,,,,,,,,,,,,,,,,,,,,,,,,,,,,,,,,,,,,,,,,,,,,,,,,,,,,,,,,,,,,,,,,,,,,
,,,,,,,,,,,,,,,,,,,,,,,,,,,,,,,,,,,,,,,,,,,,,,,,,,,,,,,,,,,,,,,,,,,,,,,,,,,,,,,,,,,,,,,,,,,,,,,,,,,,,,,,,,,,,,,,,,,,,,,,,,,,,,,,,,,,,,,,,,,,,,,,,,,,,,,,,,,,,,,,,,,,,,,,
,,,,,,,,,,,,,,,,,,,,,,,,,,,,,,,,,,,,,,,,,,,,,,,,,,,,,,,,,,,,,,,,,,,,,,,,,,,,,,,,,,,,,,,,,,,,,,,,,,,,,,,,,,,,,,,,,,,,,,,,,,,,,,,,,,,,,,,,,,,,,,,,,,,,,,,,,,,,,,,,,,,,,,,,
,,,,,,,,,,,,,,,,,,,,,,,,,,,,,,,,,,,,,,,,,,,,,,,,,,,,,,,,,,,,,,,,,,,,,,,,,,,,,,,,,,,,,,,,,,,,,,,,,,,,,,,,,,,,,,,,,,,,,,,,,,,,,,,,,,,,,,,,,,,,,,,,,,,,,,,,,,,,,,,,,,,,,,,,
,,,,,,,,,,,,,,,,,,,,,,,,,,,,,,,,,,,,,,,,,,,,,,,,,,,,,,,,,,,,,,,,,,,,,,,,,,,,,,,,,,,,,,,,,,,,,,,,,,,,,,,,,,,,,,,,,,,,,,,,,,,,,,,,,,,,,,,,,,,,,,,,,,,,,,,,,,,,,,,,,,,,,,,,
,,,,,,,,,,,,,,,,,,,,,,,,,,,,,,,,,,,,,,,,,,,,,,,,,,,,,,,,,,,,,,,,,,,,,,,,,,,,,,,,,,,,,,,,,,,,,,,,,,,,,,,,,,,,,,,,,,,,,,,,,,,,,,,,,,,,,,,,,,,,,,,,,,,,,,,,,,,,,,,,,,,,,,,,
,,,,,,,,,,,,,,,,,,,,,,,,,,,,,,,,,,,,,,,,,,,,,,,,,,,,,,,,,,,,,,,,,,,,,,,,,,,,,,,,,,,,,,,,,,,,,,,,,,,,,,,,,,,,,,,,,,,,,,,,,,,,,,,,,,,,,,,,,,,,,,,,,,,,,,,,,,,,,,,,,,,,,,,,
,,,,,,,,,,,,,,,,,,,,,,,,,,,,,,,,,,,,,,,,,,,,,,,,,,,,,,,,,,,,,,,,,,,,,,,,,,,,,,,,,,,,,,,,,,,,,,,,,,,,,,,,,,,,,,,,,,,,,,,,,,,,,,,,,,,,,,,,,,,,,,,,,,,,,,,,,,,,,,,,,,,,,,,,
,,,,,,,,,,,,,,,,,,,,,,,,,,,,,,,,,,,,,,,,,,,,,,,,,,,,,,,,,,,,,,,,,,,,,,,,,,,,,,,,,,,,,,,,,,,,,,,,,,,,,,,,,,,,,,,,,,,,,,,,,,,,,,,,,,,,,,,,,,,,,,,,,,,,,,,,,,,,,,,,,,,,,,,,
,,,,,,,,,,,,,,,,,,,,,,,,,,,,,,,,,,,,,,,,,,,,,,,,,,,,,,,,,,,,,,,,,,,,,,,,,,,,,,,,,,,,,,,,,,,,,,,,,,,,,,,,,,,,,,,,,,,,,,,,,,,,,,,,,,,,,,,,,,,,,,,,,,,,,,,,,,,,,,,,,,,,,,,,
,,,,,,,,,,,,,,,,,,,,,,,,,,,,,,,,,,,,,,,,,,,,,,,,,,,,,,,,,,,,,,,,,,,,,,,,,,,,,,,,,,,,,,,,,,,,,,,,,,,,,,,,,,,,,,,,,,,,,,,,,,,,,,,,,,,,,,,,,,,,,,,,,,,,,,,,,,,,,,,,,,,,,,,,
,,,,,,,,,,,,,,,,,,,,,,,,,,,,,,,,,,,,,,,,,,,,,,,,,,,,,,,,,,,,,,,,,,,,,,,,,,,,,,,,,,,,,,,,,,,,,,,,,,,,,,,,,,,,,,,,,,,,,,,,,,,,,,,,,,,,,,,,,,,,,,,,,,,,,,,,,,,,,,,,,,,,,,,,
,,,,,,,,,,,,,,,,,,,,,,,,,,,,,,,,,,,,,,,,,,,,,,,,,,,,,,,,,,,,,,,,,,,,,,,,,,,,,,,,,,,,,,,,,,,,,,,,,,,,,,,,,,,,,,,,,,,,,,,,,,,,,,,,,,,,,,,,,,,,,,,,,,,,,,,,,,,,,,,,,,,,,,,,
,,,,,,,,,,,,,,,,,,,,,,,,,,,,,,,,,,,,,,,,,,,,,,,,,,,,,,,,,,,,,,,,,,,,,,,,,,,,,,,,,,,,,,,,,,,,,,,,,,,,,,,,,,,,,,,,,,,,,,,,,,,,,,,,,,,,,,,,,,,,,,,,,,,,,,,,,,,,,,,,,,,,,,,,
,,,,,,,,,,,,,,,,,,,,,,,,,,,,,,,,,,,,,,,,,,,,,,,,,,,,,,,,,,,,,,,,,,,,,,,,,,,,,,,,,,,,,,,,,,,,,,,,,,,,,,,,,,,,,,,,,,,,,,,,,,,,,,,,,,,,,,,,,,,,,,,,,,,,,,,,,,,,,,,,,,,,,,,,
