#id (do not edit)                ,enabled / disabled,caliber in mm,sub-name,country override (several),ship type override (several),"model, grade N","scaling, grade N","scaling, grade N",,,,,,,,,,,,,,,,,,,,,,,,,,,,,,,,,,,,,,,,,
@name,enabled,#mm,subName,countries,shipTypes,model_1,scale_1,max_scale_1,weight_modifier_1,caliber_length_modifier_1,model_2,scale_2,max_scale_2,weight_modifier_2,caliber_length_modifier_2,model_3,scale_3,max_scale_3,weight_modifier_3,caliber_length_modifier_3,model_4,scale_4,max_scale_4,weight_modifier_4,caliber_length_modifier_4,model_5,scale_5,max_scale_5,weight_modifier_5,caliber_length_modifier_5,#,#,#,#,#,#,#,#,#,#,,,,,,,,,
default,1,,,,,,-1,-1,1,1,,-1,-1,1,1,,-1,-1,1,1,,-1,-1,1,1,,-1,-1,1,1,,,,,,,,,,,,,,,,,,,
###,,,###,,,,,,,,,,,,,,,,,,,,,,,,,,,,,,,,,,,,,,,,,,,,,,
gun_2_x1,,51,gun_2_x1,,,brandenburg_gun_76_x1,0.38,0.56,0.66,2.48,jap_tb_gun_76_x1,0.8,1.15,0.66,1.8,spee_gun_150_x1,0.35,0.515,0.92,2.7,pola_gun_100_x1,0.5,0.73,0.92,2.18,iowa_gun_127_x1,0.5,0.72,1,1.8,,,,,,,,,,,,,,,,,,,
gun_2_x2,,51,gun_2_x2,,,maine_gun_152_x2,0.45,0.62,0.7,1.65,maine_gun_230_x2,0.35,0.44,0.7,1.55,spee_gun_150_x2,0.35,0.515,0.7,2.7,pola_gun_100_x2,0.5,0.73,0.7,2.18,iowa_gun_127_x2,0.5,0.72,1,1.8,,,,,,,,,,,,,,,,,,,
gun_2_x3,,51,gun_2_x3,,,maine_gun_152_x3,0.45,0.62,0.55,1.65,maine_gun_230_x3,0.35,0.44,0.55,1.55,spee_gun_150_x3,0.35,0.515,0.55,2.7,pola_gun_100_x3,0.5,0.73,0.55,2.18,iowa_gun_127_x3,0.5,0.72,1,1.8,,,,,,,,,,,,,,,,,,,
gun_2_x4,,51,gun_2_x4,,,iowa_gun_127_x4,0.5,0.72,0.5,1.8,iowa_gun_127_x4,0.5,0.72,0.5,1.8,iowa_gun_127_x4,0.5,0.72,0.5,1.8,iowa_gun_127_x4,0.5,0.72,0.5,1.8,iowa_gun_127_x4,0.5,0.72,0.5,1.8,,,,,,,,,,,,,,,,,,,
gun_3_x1,,76,gun_3_x1,,,brandenburg_gun_76_x1,0.57,0.75,1,2.1,jap_tb_gun_76_x1,1.2,1.55,1,1.52,spee_gun_150_x1,0.525,0.69,1.45,2.3,pola_gun_100_x1,0.75,0.98,1.45,1.84,pola_gun_100_x1,0.75,0.98,1.45,1.84,,,,,,,,,,,,,,,,,,,
gun_3_x2,,76,gun_3_x2,,,maine_gun_152_x2,0.636,0.8,1.08,1.49,maine_gun_230_x2,0.46,0.55,1.08,1.5,spee_gun_150_x2,0.525,0.69,1.08,2.3,pola_gun_100_x2,0.75,0.98,1.08,1.84,pola_gun_100_x2,0.75,0.98,1.08,1.84,,,,,,,,,,,,,,,,,,,
gun_3_x3,,76,gun_3_x3,,,maine_gun_152_x3,0.636,0.8,0.83,1.49,maine_gun_230_x3,0.46,0.55,0.83,1.5,spee_gun_150_x3,0.525,0.69,0.83,2.3,pola_gun_100_x3,0.75,0.98,0.83,1.84,pola_gun_100_x3,0.75,0.98,0.83,1.84,,,,,,,,,,,,,,,,,,,
gun_3_x4,,76,gun_3_x4,,,pola_gun_100_x4,0.75,0.98,0.74,1.84,pola_gun_100_x4,0.75,0.98,0.74,1.84,pola_gun_100_x4,0.75,0.98,0.74,1.84,pola_gun_100_x4,0.75,0.98,0.74,1.84,pola_gun_100_x4,0.75,0.98,0.74,1.84,,,,,,,,,,,,,,,,,,,
gun_4_x1,,102,gun_4_x1,,,brandenburg_gun_76_x1,0.76,0.94,1.1,1.74,jap_tb_gun_76_x1,1.6,1.95,1.1,1.26,spee_gun_150_x1,0.7,0.865,1.7,1.9,pola_gun_100_x1,1,1.23,1.7,1.52,atl_gun_125_x1,0.837,0.96,1.7,1.27,,,,,,,,,,,,,,,,,,,
gun_4_x2,,102,gun_4_x2,,,maine_gun_152_x2,0.822,0.99,1.28,1.27,maine_gun_230_x2,0.57,0.66,1.28,1.35,spee_gun_150_x2,0.7,0.865,1.28,1.9,pola_gun_100_x2,1,1.23,1.28,1.52,atl_gun_125_x2,0.837,0.96,1.28,1.27,,,,,,,,,,,,,,,,,,,
gun_4_x3,,102,gun_4_x3,,,maine_gun_152_x3,0.822,0.99,1,1.27,maine_gun_230_x3,0.57,0.66,1,1.35,spee_gun_150_x3,0.7,0.865,1,1.9,pola_gun_100_x3,1,1.23,1,1.52,atl_gun_125_x3,0.837,0.96,1,1.27,,,,,,,,,,,,,,,,,,,
gun_4_x4,,102,gun_4_x4,,,didox_gun_cal133_x4,0.6,0.74,0.85,2.34,didox_gun_cal133_x4,0.6,0.74,0.85,2.34,dido_gun_cal133_x4,0.644,0.75,0.85,1.94,pola_gun_100_x4,1,1.23,0.85,1.52,atl_gun_125_x4,0.837,0.96,0.85,1.27,,,,,,,,,,,,,,,,,,,
gun_5_x1,,127,gun_5_x1,,,brandenburg_gun_76_x1,0.95,1.13,0.85,1.36,jap_tb_gun_76_x1,2,2.35,0.85,0.98,dido_gun_cal133_x1,0.75,0.89,1.25,1.82,dido_gun_cal133_x1,0.75,0.89,1.25,1.82,atl_gun_125_x1,1,1.12,1.25,1.04,,,,,,,,,,,,,,,,,,,
gun_5_x2,,127,gun_5_x2,,,maine_gun_152_x2,1.008,1.15,0.95,1.01,maine_gun_230_x2,0.68,0.77,0.95,1.1,dido_gun_cal133_x2,0.75,0.89,0.95,1.82,dido_gun_cal133_x2,0.75,0.89,0.95,1.82,atl_gun_125_x2,1,1.12,0.95,1.04,,,,,,,,,,,,,,,,,,,
gun_5_x3,,127,gun_5_x3,,,maine_gun_152_x3,1.008,1.15,0.75,1.01,maine_gun_230_x3,0.68,0.77,0.75,1.1,dido_gun_cal133_x3,0.75,0.89,0.75,1.82,dido_gun_cal133_x3,0.75,0.89,0.75,1.82,atl_gun_125_x3,1,1.12,0.75,1.04,,,,,,,,,,,,,,,,,,,
gun_5_x4,,127,gun_5_x4,,,didox_gun_cal133_x4,0.75,0.89,0.68,1.82,didox_gun_cal133_x4,0.75,0.89,0.68,1.82,dido_gun_cal133_x4,0.766,0.88,0.68,1.6,dido_gun_cal133_x4,0.766,0.88,0.68,1.6,atl_gun_125_x4,1,1.12,0.68,1.04,,,,,,,,,,,,,,,,,,,
gun_6_x1,,152,gun_6_x1,,,tsesarevich_gun_152_x1,1.050,1.22,1.185,1.2,agamemnon_gun_b_228_x1,0.9,1.04,1.185,1.38,dido_gun_cal133_x1,0.9,1.04,1.185,1.72,dido_gun_cal133_x1,0.9,1.04,1.185,1.72,yamato_gun_155_x1,0.81,0.94,1.185,1.92,,,,,,,,,,,,,,,,,,,
gun_6_x2,,152,gun_6_x2,,,tsesarevich_gun_152_x2,1.050,1.22,0.86,1.2,agamemnon_gun_b_228_x2,0.9,1.04,0.86,1.38,dido_gun_cal133_x2,0.9,1.04,0.86,1.72,dido_gun_cal133_x2,0.9,1.04,0.86,1.72,yamato_gun_155_x2,0.81,0.94,0.86,1.92,,,,,,,,,,,,,,,,,,,
gun_6_x3,,152,gun_6_x3,,,tsesarevich_gun_152_x3,1.050,1.22,0.66,1.2,agamemnon_gun_b_228_x3,0.9,1.04,0.66,1.7,dido_gun_cal133_x3,0.9,1.04,0.66,1.72,dido_gun_cal133_x3,0.9,1.04,0.66,1.72,yamato_gun_155_x3,0.81,0.94,0.66,1.92,,,,,,,,,,,,,,,,,,,
gun_6_x4,,152,gun_6_x4,,,didox_gun_cal133_x4,0.9,1.04,0.6,1.72,agamemnon_gun_b_228_x4,0.9,1.04,0.6,1.7,dido_gun_cal133_x4,0.888,1,0.6,1.58,dido_gun_cal133_x4,0.888,1,0.6,1.58,yamato_gun_155_x4,0.81,0.94,0.6,1.92,,,,,,,,,,,,,,,,,,,
gun_7_x1,,178,gun_7_x1,,,tsesarevich_gun_152_x1,1.225,1.395,1.21,1.18,agamemnon_gun_b_228_x1,1.05,1.19,1.21,1.36,mont_gun_152_x1,1.225,1.395,1.21,1.24,nelson_gun_152_x1,1.12,1.27,1.21,1.28,british_adv_cruiser_152_gun_x1,0.975,1.05,1.21,1.33,,,,,,,,,,,,,,,,,,,
gun_7_x2,,178,gun_7_x2,,,tsesarevich_gun_152_x2,1.225,1.395,0.9,1.18,agamemnon_gun_b_228_x2,1.05,1.19,0.9,1.36,mont_gun_152_x2,1.225,1.395,0.9,1.24,nelson_gun_152_x2,1.12,1.27,0.9,1.28,british_adv_cruiser_152_gun_x2,0.975,1.05,0.9,1.33,,,,,,,,,,,,,,,,,,,
gun_7_x3,,178,gun_7_x3,,,tsesarevich_gun_152_x3,1.225,1.395,0.705,1.18,agamemnon_gun_b_228_x3,1.05,1.19,0.705,1.64,mont_gun_152_x3,1.225,1.395,0.705,1.24,nelson_gun_152_x3,1.12,1.27,0.705,1.28,british_adv_cruiser_152_gun_x3,0.975,1.05,0.705,1.33,,,,,,,,,,,,,,,,,,,
gun_7_x4,,178,gun_7_x4,,,didox_gun_cal133_x4,1.05,1.19,0.64,1.68,agamemnon_gun_b_228_x4,1.05,1.19,0.64,1.64,mont_gun_152_x4,1.225,1.395,0.64,1.24,nelson_gun_152_x4,1.12,1.27,0.64,1.5,british_adv_cruiser_152_gun_x4,0.975,1.05,0.64,1.33,,,,,,,,,,,,,,,,,,,
gun_8_x1,,203,gun_8_x1,,,friedrich_gun_228_x1,0.82,0.92,1.17,1.52,warrior_gun_228_x1,1.2,1.34,1.17,1,mont_gun_152_x1,1.4,1.57,1.17,1.2,nelson_gun_152_x1,1.28,1.43,1.17,1.24,british_adv_cruiser_152_gun_x1,1.1,1.15,1.17,1.3,,,,,,,,,,,,,,,,,,,
gun_8_x2,,203,gun_8_x2,,,friedrich_gun_228_x2,0.82,0.92,0.88,1.52,warrior_gun_228_x2,1.2,1.34,0.88,1,mont_gun_152_x2,1.4,1.57,0.88,1.2,nelson_gun_152_x2,1.28,1.43,0.88,1.24,british_adv_cruiser_152_gun_x2,1.1,1.15,0.88,1.3,,,,,,,,,,,,,,,,,,,
gun_8_x3,,203,gun_8_x3,,,friedrich_gun_228_x3,0.82,0.92,0.69,1.52,warrior_gun_228_x3,1.2,1.34,0.69,1,mont_gun_152_x3,1.4,1.57,0.69,1.2,nelson_gun_152_x3,1.28,1.43,0.69,1.24,british_adv_cruiser_152_gun_x3,1.1,1.15,0.69,1.3,,,,,,,,,,,,,,,,,,,
gun_8_x4,,203,gun_8_x4,,,didox_gun_cal133_x4,1.2,1.34,0.63,1.64,warrior_gun_228_x4,1.2,1.34,0.63,1,mont_gun_152_x4,1.4,1.57,0.63,1.2,nelson_gun_152_x4,1.28,1.43,0.63,1.46,british_adv_cruiser_152_gun_x4,1.1,1.15,0.63,1.3,,,,,,,,,,,,,,,,,,,
gun_9_x1,,229,gun_9_x1,,,friedrich_gun_228_x1,0.9225,1.0225,1.1,1.46,warrior_gun_228_x1,1.35,1.49,1.1,0.96,mont_gun_152_x1,1.575,1.745,1.1,1.18,nelson_gun_152_x1,1.44,1.59,1.1,1.2,british_adv_cruiser_152_gun_x1,1.225,1.325,1.1,1.28,,,,,,,,,,,,,,,,,,,
gun_9_x2,,229,gun_9_x2,,,friedrich_gun_228_x2,0.9225,1.0225,0.82,1.46,warrior_gun_228_x2,1.35,1.49,0.82,0.96,mont_gun_152_x2,1.575,1.745,0.82,1.18,nelson_gun_152_x2,1.44,1.59,0.82,1.2,british_adv_cruiser_152_gun_x2,1.225,1.325,0.82,1.28,,,,,,,,,,,,,,,,,,,
gun_9_x3,,229,gun_9_x3,,,friedrich_gun_228_x3,0.9225,1.0225,0.64,1.46,warrior_gun_228_x3,1.35,1.49,0.64,0.96,mont_gun_152_x3,1.575,1.745,0.64,1.18,nelson_gun_152_x3,1.44,1.59,0.64,1.2,british_adv_cruiser_152_gun_x3,1.225,1.325,0.64,1.28,,,,,,,,,,,,,,,,,,,
gun_9_x4,,229,gun_9_x4,,,didox_gun_cal133_x4,1.35,1.49,0.58,1.6,warrior_gun_228_x4,1.35,1.49,0.58,0.96,mont_gun_152_x4,1.575,1.745,0.58,1.18,nelson_gun_152_x4,1.44,1.59,0.58,1.42,british_adv_cruiser_152_gun_x4,1.225,1.325,0.58,1.28,,,,,,,,,,,,,,,,,,,
gun_10_x1,,254,gun_10_x1,,,brandenburg_gun_279_x1,0.9,0.98,1.2,1.5,agamemnon_gun_305_x1,1.3,1.47,1.2,1,nelson_gun_406_x1,0.75,0.82,1.2,1.08,kgeorge_gun_380_x1_c,0.91,0.985,1.2,0.88,richelieu_gun_380_x1,0.8,0.875,1.2,1.04,,,,,,,,,,,,,,,,,,,
gun_10_x2,,254,gun_10_x2,,,brandenburg_gun_279_x2,0.9,0.98,0.9,1.5,agamemnon_gun_305_x2,1.3,1.47,0.9,1,nelson_gun_406_x2,0.75,0.82,0.9,1.08,kgeorge_gun_380_x2_c,0.91,0.985,0.9,0.88,richelieu_gun_380_x2,0.8,0.875,0.9,1.04,,,,,,,,,,,,,,,,,,,
gun_10_x3,,254,gun_10_x3,,,brandenburg_gun_279_x3,0.9,0.98,0.68,0.83,agamemnon_gun_305_x3,1.3,1.47,0.68,1,nelson_gun_406_x3,0.75,0.82,0.68,1.08,kgeorge_gun_380_x3_c,0.91,0.985,0.68,0.88,richelieu_gun_380_x3,0.8,0.875,0.68,1.04,,,,,,,,,,,,,,,,,,,
gun_10_x4,,254,gun_10_x4,,,dido_gun_cal200_x4,0.96,1.04,0.63,1.34,agamemnon_gun_305_x4,1.3,1.47,0.63,1,nelson_gun_406_x4,0.75,0.82,0.63,1.08,kgeorge_gun_380_x4_c,0.91,0.985,0.63,0.88,richelieu_gun_380_x4,0.8,0.875,0.63,1.04,,,,,,,,,,,,,,,,,,,
gun_11_x1,,279,gun_11_x1,,,brandenburg_gun_279_x1,0.99,1.07,1.07,1.18,agamemnon_gun_305_x1,1.475,1.495,1.07,0.78,nelson_gun_406_x1,0.825,0.895,1.07,0.86,kgeorge_gun_380_x1_c,1,1.075,1.07,0.7,richelieu_gun_380_x1,0.88,0.955,1.07,0.82,,,,,,,,,,,,,,,,,,,
gun_11_x2,,279,gun_11_x2,,,brandenburg_gun_279_x2,0.99,1.07,0.82,1.18,agamemnon_gun_305_x2,1.475,1.495,0.82,0.78,nelson_gun_406_x2,0.825,0.895,0.82,0.86,kgeorge_gun_380_x2_c,1,1.075,0.82,0.7,richelieu_gun_380_x2,0.88,0.955,0.82,0.82,,,,,,,,,,,,,,,,,,,
gun_11_x3,,279,gun_11_x3,,,brandenburg_gun_279_x3,0.99,1.07,0.66,0.66,agamemnon_gun_305_x3,1.475,1.495,0.66,0.78,nelson_gun_406_x3,0.825,0.895,0.66,0.86,kgeorge_gun_380_x3_c,1,1.075,0.66,0.7,richelieu_gun_380_x3,0.88,0.955,0.66,0.82,,,,,,,,,,,,,,,,,,,
gun_11_x4,,279,gun_11_x4,,,dido_gun_cal200_x4,1.05,1.13,0.61,1.06,agamemnon_gun_305_x4,1.475,1.495,0.61,0.78,nelson_gun_406_x4,0.825,0.895,0.61,0.86,kgeorge_gun_380_x4_c,1,1.075,0.61,0.7,richelieu_gun_380_x4,0.88,0.955,0.61,0.82,,,,,,,,,,,,,,,,,,,
gun_12_x1,,305,gun_12_x1,,,brandenburg_gun_279_x1,1.08,1.16,1.07,1.18,agamemnon_gun_305_x1,1.5,1.62,1.07,0.82,nelson_gun_406_x1,0.9,0.97,1.07,0.86,kgeorge_gun_380_x1_c,1.09,1.165,1.07,0.7,richelieu_gun_380_x1,0.96,1.035,1.07,0.82,,,,,,,,,,,,,,,,,,,
gun_12_x2,,305,gun_12_x2,,,brandenburg_gun_279_x2,1.08,1.16,0.82,1.18,agamemnon_gun_305_x2,1.5,1.62,0.82,0.82,nelson_gun_406_x2,0.9,0.97,0.82,0.86,kgeorge_gun_380_x2_c,1.09,1.165,0.82,0.7,richelieu_gun_380_x2,0.96,1.035,0.82,0.82,,,,,,,,,,,,,,,,,,,
gun_12_x3,,305,gun_12_x3,,,brandenburg_gun_279_x3,1.08,1.16,0.66,0.66,agamemnon_gun_305_x3,1.5,1.62,0.66,0.82,nelson_gun_406_x3,0.9,0.97,0.66,0.86,kgeorge_gun_380_x3_c,1.09,1.165,0.66,0.7,richelieu_gun_380_x3,0.96,1.035,0.66,0.82,,,,,,,,,,,,,,,,,,,
gun_12_x4,,305,gun_12_x4,,,dido_gun_cal200_x4,1.14,1.22,0.61,1.08,agamemnon_gun_305_x4,1.5,1.62,0.61,0.82,nelson_gun_406_x4,0.9,0.97,0.61,0.86,kgeorge_gun_380_x4_c,1.09,1.165,0.61,0.7,richelieu_gun_380_x4,0.96,1.035,0.61,0.82,,,,,,,,,,,,,,,,,,,
gun_13_x1,,330,gun_13_x1,,,friedrich_gun_305_x1,1.17,1.25,1.13,0.97,agamemnon_gun_305_x1,1.625,1.745,1.13,0.82,nelson_gun_406_x1,0.975,1.045,1.13,0.85,kgeorge_gun_380_x1_c,1.18,1.255,1.13,0.7,richelieu_gun_380_x1,1.04,1.115,1.13,0.82,,,,,,,,,,,,,,,,,,,
gun_13_x2,,330,gun_13_x2,,,friedrich_gun_305_x2,1.17,1.25,0.88,0.97,agamemnon_gun_305_x2,1.625,1.745,0.88,0.82,nelson_gun_406_x2,0.975,1.045,0.88,0.85,kgeorge_gun_380_x2_c,1.18,1.255,0.88,0.7,richelieu_gun_380_x2,1.04,1.115,0.88,0.82,,,,,,,,,,,,,,,,,,,
gun_13_x3,,330,gun_13_x3,,,friedrich_gun_305_x3,1.17,1.25,0.705,0.97,agamemnon_gun_305_x3,1.625,1.745,0.705,0.82,nelson_gun_406_x3,0.975,1.045,0.705,0.85,kgeorge_gun_380_x3_c,1.18,1.255,0.705,0.7,richelieu_gun_380_x3,1.04,1.115,0.705,0.82,,,,,,,,,,,,,,,,,,,
gun_13_x4,,330,gun_13_x4,,,dido_gun_cal200_x4,1.23,1.31,0.65,1.06,agamemnon_gun_305_x4,1.625,1.745,0.65,0.82,nelson_gun_406_x4,0.975,1.045,0.65,0.85,kgeorge_gun_380_x4_c,1.18,1.255,0.65,0.7,richelieu_gun_380_x4,1.04,1.115,0.65,0.82,,,,,,,,,,,,,,,,,,,
gun_14_x1,,356,gun_14_x1,,,friedrich_gun_305_x1,1.26,1.34,1.13,0.97,agamemnon_gun_305_x1,1.75,1.87,1.13,0.82,nelson_gun_406_x1,1.05,1.12,1.13,0.85,kgeorge_gun_380_x1_c,1.27,1.345,1.13,0.7,richelieu_gun_380_x1,1.12,1.195,1.13,0.82,,,,,,,,,,,,,,,,,,,
gun_14_x2,,356,gun_14_x2,,,friedrich_gun_305_x2,1.26,1.34,0.88,0.97,agamemnon_gun_305_x2,1.75,1.87,0.88,0.82,nelson_gun_406_x2,1.05,1.12,0.88,0.85,kgeorge_gun_380_x2_c,1.27,1.345,0.88,0.7,richelieu_gun_380_x2,1.12,1.195,0.88,0.82,,,,,,,,,,,,,,,,,,,
gun_14_x3,,356,gun_14_x3,,,friedrich_gun_305_x3,1.26,1.34,0.705,0.97,agamemnon_gun_305_x3,1.75,1.87,0.705,0.82,nelson_gun_406_x3,1.05,1.12,0.705,0.85,kgeorge_gun_380_x3_c,1.27,1.345,0.705,0.7,richelieu_gun_380_x3,1.12,1.195,0.705,0.82,,,,,,,,,,,,,,,,,,,
gun_14_x4,,356,gun_14_x4,,,dido_gun_cal200_x4,1.32,1.4,0.66,1.06,agamemnon_gun_305_x4,1.75,1.87,0.66,0.82,nelson_gun_406_x4,1.05,1.12,0.66,0.85,kgeorge_gun_380_x4_c,1.27,1.345,0.66,0.7,richelieu_gun_380_x4,1.12,1.195,0.66,0.82,,,,,,,,,,,,,,,,,,,
gun_15_x1,,381,gun_15_x1,,,vdt_gun_280_x1,1.5375,1.6375,1.14,0.84,irresistible_gun_305_x1,1.875,1.995,1.14,0.74,nelson_gun_406_x1,1.125,1.195,1.14,0.85,kgeorge_gun_380_x1_c,1.36,1.435,1.14,0.7,richelieu_gun_380_x1,1.2,1.275,1.14,0.82,,,,,,,,,,,,,,,,,,,
gun_15_x2,,381,gun_15_x2,,,vdt_gun_280_x2,1.5375,1.6375,0.9,0.84,irresistible_gun_305_x2,1.875,1.995,0.9,0.74,nelson_gun_406_x2,1.125,1.195,0.9,0.85,kgeorge_gun_380_x2_c,1.36,1.435,0.9,0.7,richelieu_gun_380_x2,1.2,1.275,0.9,0.82,,,,,,,,,,,,,,,,,,,
gun_15_x3,,381,gun_15_x3,,,vdt_gun_280_x3,1.5375,1.6375,0.72,0.84,irresistible_gun_305_x3,1.875,1.995,0.72,0.74,nelson_gun_406_x3,1.125,1.195,0.72,0.85,kgeorge_gun_380_x3_c,1.36,1.435,0.72,0.7,richelieu_gun_380_x3,1.2,1.275,0.72,0.82,,,,,,,,,,,,,,,,,,,
gun_15_x4,,381,gun_15_x4,,,vdt_gun_280_x4,1.5375,1.6375,0.675,0.84,irresistible_gun_305_x4,1.875,1.995,0.675,0.74,nelson_gun_406_x4,1.125,1.195,0.675,0.85,kgeorge_gun_380_x4_c,1.36,1.435,0.675,0.7,richelieu_gun_380_x4,1.2,1.275,0.675,0.82,,,,,,,,,,,,,,,,,,,
gun_16_x1,,406,gun_16_x1,,,vdt_gun_280_x1,1.64,1.74,1.15,0.84,dreadnought_gun_b_305_x1,1.5,1.58,1.15,1.07,nelson_gun_406_x1,1.2,1.27,1.15,0.84,kgeorge_gun_380_x1_c,1.45,1.525,1.15,0.69,richelieu_gun_380_x1,1.28,1.355,1.15,0.8,,,,,,,,,,,,,,,,,,,
gun_16_x2,,406,gun_16_x2,,,vdt_gun_280_x2,1.64,1.74,0.93,0.84,dreadnought_gun_b_305_x2,1.5,1.58,0.93,1.07,nelson_gun_406_x2,1.2,1.27,0.93,0.84,kgeorge_gun_380_x2_c,1.45,1.525,0.93,0.69,richelieu_gun_380_x2,1.28,1.355,0.93,0.8,,,,,,,,,,,,,,,,,,,
gun_16_x3,,406,gun_16_x3,,,vdt_gun_280_x3,1.64,1.74,0.75,0.84,dreadnought_gun_b_305_x3,1.5,1.58,0.75,1.07,nelson_gun_406_x3,1.2,1.27,0.75,0.84,kgeorge_gun_380_x3_c,1.45,1.525,0.75,0.69,richelieu_gun_380_x3,1.28,1.355,0.75,0.8,,,,,,,,,,,,,,,,,,,
gun_16_x4,,406,gun_16_x4,,,vdt_gun_280_x4,1.64,1.74,0.68,0.84,dreadnought_gun_b_305_x4,1.5,1.58,0.68,1.07,nelson_gun_406_x4,1.2,1.27,0.68,0.84,kgeorge_gun_380_x4_c,1.45,1.525,0.68,0.69,richelieu_gun_380_x4,1.28,1.355,0.68,0.8,,,,,,,,,,,,,,,,,,,
gun_17_x1,,432,gun_17_x1,,,vdt_gun_280_x1,1.7425,1.8425,1.2,0.83,dreadnought_gun_b_305_x1,1.59,1.67,1.2,1.07,nelson_gun_406_x1,1.275,1.345,1.2,0.84,kgeorge_gun_380_x1_c,1.54,1.615,1.2,0.69,richelieu_gun_380_x1,1.36,1.435,1.2,0.8,,,,,,,,,,,,,,,,,,,
gun_17_x2,,432,gun_17_x2,,,vdt_gun_280_x2,1.7425,1.8425,0.95,0.83,dreadnought_gun_b_305_x2,1.59,1.67,0.95,1.07,nelson_gun_406_x2,1.275,1.345,0.95,0.84,kgeorge_gun_380_x2_c,1.54,1.615,0.95,0.69,richelieu_gun_380_x2,1.36,1.435,0.95,0.8,,,,,,,,,,,,,,,,,,,
gun_17_x3,,432,gun_17_x3,,,vdt_gun_280_x3,1.7425,1.8425,0.775,0.83,dreadnought_gun_b_305_x3,1.59,1.67,0.775,1.07,nelson_gun_406_x3,1.275,1.345,0.775,0.84,kgeorge_gun_380_x3_c,1.54,1.615,0.775,0.69,richelieu_gun_380_x3,1.36,1.435,0.775,0.8,,,,,,,,,,,,,,,,,,,
gun_17_x4,,432,gun_17_x4,,,vdt_gun_280_x4,1.7425,1.8425,0.71,0.83,dreadnought_gun_b_305_x4,1.59,1.67,0.71,1.07,nelson_gun_406_x4,1.275,1.345,0.71,0.84,kgeorge_gun_380_x4_c,1.54,1.615,0.71,0.69,richelieu_gun_380_x4,1.36,1.435,0.71,0.8,,,,,,,,,,,,,,,,,,,
gun_18_x1,,457,gun_18_x1,,,vdt_gun_280_x1,1.845,1.945,1.23,0.83,dreadnought_gun_b_305_x1,1.68,1.76,1.23,1.07,nelson_gun_406_x1,1.35,1.42,1.23,0.83,kgeorge_gun_380_x1_c,1.63,1.705,1.23,0.68,richelieu_gun_380_x1,1.44,1.515,1.23,0.8,,,,,,,,,,,,,,,,,,,
gun_18_x2,,457,gun_18_x2,,,vdt_gun_280_x2,1.845,1.945,0.985,0.83,dreadnought_gun_b_305_x2,1.68,1.76,0.985,1.07,nelson_gun_406_x2,1.35,1.42,0.985,0.83,kgeorge_gun_380_x2_c,1.63,1.705,0.985,0.68,richelieu_gun_380_x2,1.44,1.515,0.985,0.8,,,,,,,,,,,,,,,,,,,
gun_18_x3,,457,gun_18_x3,,,vdt_gun_280_x4,1.845,1.945,0.81,0.83,dreadnought_gun_b_305_x3,1.68,1.76,0.81,1.07,nelson_gun_406_x3,1.35,1.42,0.81,0.83,kgeorge_gun_380_x3_c,1.63,1.705,0.81,0.68,richelieu_gun_380_x3,1.44,1.515,0.81,0.8,,,,,,,,,,,,,,,,,,,
gun_18_x4,,457,gun_18_x4,,,vdt_gun_280_x4,1.845,1.945,0.735,0.83,dreadnought_gun_b_305_x4,1.68,1.76,0.735,1.07,nelson_gun_406_x4,1.35,1.42,0.735,0.83,kgeorge_gun_380_x4_c,1.63,1.705,0.735,0.68,richelieu_gun_380_x4,1.44,1.515,0.735,0.8,,,,,,,,,,,,,,,,,,,
gun_19_x1,,483,gun_19_x1,,,dreadnought_gun_305_x1,1.77,1.85,1.16,1.07,dreadnought_gun_c_305_x1,1.77,1.85,1.16,1,nelson_gun_406_x1,1.425,1.495,1.16,0.83,kgeorge_gun_380_x1_c,1.72,1.795,1.16,0.68,richelieu_gun_380_x1,1.52,1.595,1.16,0.79,,,,,,,,,,,,,,,,,,,
gun_19_x2,,483,gun_19_x2,,,dreadnought_gun_305_x2,1.77,1.85,0.95,1.07,dreadnought_gun_c_305_x2,1.77,1.85,0.95,1,nelson_gun_406_x2,1.425,1.495,0.95,0.83,kgeorge_gun_380_x2_c,1.72,1.795,0.95,0.68,richelieu_gun_380_x2,1.52,1.595,0.95,0.79,,,,,,,,,,,,,,,,,,,
gun_19_x3,,483,gun_19_x3,,,dreadnought_gun_305_x3,1.77,1.85,0.78,1.07,dreadnought_gun_c_305_x3,1.77,1.85,0.78,1,nelson_gun_406_x3,1.425,1.495,0.78,0.83,kgeorge_gun_380_x3_c,1.72,1.795,0.78,0.68,richelieu_gun_380_x3,1.52,1.595,0.78,0.79,,,,,,,,,,,,,,,,,,,
gun_19_x4,,483,gun_19_x4,,,dreadnought_gun_305_x4,1.77,1.85,0.725,1.07,dreadnought_gun_c_305_x4,1.77,1.85,0.725,1,nelson_gun_406_x4,1.425,1.495,0.725,0.83,kgeorge_gun_380_x4_c,1.72,1.795,0.725,0.68,richelieu_gun_380_x4,1.52,1.595,0.725,0.79,,,,,,,,,,,,,,,,,,,
gun_20_x1,,508,gun_20_x1,,,dreadnought_gun_305_x1,1.86,1.94,1.05,1.06,dreadnought_gun_c_305_x1,1.86,1.94,1.05,1,nelson_gun_406_x1,1.5,1.57,1.05,0.82,kgeorge_gun_380_x1_c,1.81,1.885,1.05,0.68,richelieu_gun_380_x1,1.6,1.675,1.05,0.79,,,,,,,,,,,,,,,,,,,
gun_20_x2,,508,gun_20_x2,,,dreadnought_gun_305_x2,1.86,1.94,0.85,1.06,dreadnought_gun_c_305_x2,1.86,1.94,0.85,1,nelson_gun_406_x2,1.5,1.57,0.85,0.82,kgeorge_gun_380_x2_c,1.81,1.885,0.85,0.68,richelieu_gun_380_x2,1.6,1.675,0.85,0.79,,,,,,,,,,,,,,,,,,,
gun_20_x3,,508,gun_20_x3,,,dreadnought_gun_305_x3,1.86,1.94,0.7,1.06,dreadnought_gun_c_305_x3,1.86,1.94,0.7,1,nelson_gun_406_x3,1.5,1.57,0.7,0.82,kgeorge_gun_380_x3_c,1.81,1.885,0.7,0.68,richelieu_gun_380_x3,1.6,1.675,0.7,0.79,,,,,,,,,,,,,,,,,,,
gun_20_x4,,508,gun_20_x4,,,dreadnought_gun_305_x4,1.86,1.94,0.65,1.06,dreadnought_gun_c_305_x4,1.86,1.94,0.65,1,nelson_gun_406_x4,1.5,1.57,0.65,0.82,kgeorge_gun_380_x4_c,1.81,1.885,0.65,0.68,richelieu_gun_380_x4,1.6,1.675,0.65,0.79,,,,,,,,,,,,,,,,,,,
###,,,###,,,,,,,,,,,,,,,,,,,,,,,,,,,,,,,,,,,,,,,,,,,,,,
casemate_2,,51,casemate_2,,,casemate_gun_150_x1,0.33,0.49,10.5,2.45,casemate_gun_150_x1,0.33,0.49,10.5,2.6,casemate_gun_150_x1,0.33,0.49,10.5,2.74,casemate_gun_150_x1,0.33,0.49,10.5,2.9,casemate_gun_150_x1,0.33,0.49,10.5,3.05,,,,,,,,,,,,,,,,,,,
casemate_3,,76,casemate_3,,,casemate_gun_150_x1,0.5,0.66,9,2.06,casemate_gun_150_x1,0.5,0.66,9,2.18,casemate_gun_150_x1,0.5,0.66,9,2.3,casemate_gun_150_x1,0.5,0.66,9,2.42,casemate_gun_150_x1,0.5,0.66,9,2.55,,,,,,,,,,,,,,,,,,,
casemate_4,,102,casemate_4,,,casemate_gun_150_x1,0.67,0.83,7.5,1.7,casemate_gun_150_x1,0.67,0.83,7.5,1.78,casemate_gun_150_x1,0.67,0.83,7.5,1.9,casemate_gun_150_x1,0.67,0.83,7.5,1.98,casemate_gun_150_x1,0.67,0.83,7.5,2.1,,,,,,,,,,,,,,,,,,,
casemate_5,,127,casemate_5,,,casemate_gun_150_x1,0.84,1,5,1.32,casemate_gun_150_x1,0.84,1,5,1.38,casemate_gun_150_x1,0.84,1,5,1.48,casemate_gun_150_x1,0.84,1,5,1.56,casemate_gun_150_x1,0.84,1,5,1.64,,,,,,,,,,,,,,,,,,,
casemate_6,,152,casemate_6,,,casemate_gun_150_x1,1.01,1.17,3.8,1.24,casemate_gun_150_x1,1.01,1.17,3.8,1.3,casemate_gun_150_x1,1.01,1.17,3.8,1.4,casemate_gun_150_x1,1.01,1.17,3.8,1.46,casemate_gun_150_x1,1.01,1.17,3.8,1.54,,,,,,,,,,,,,,,,,,,
casemate_7,,178,casemate_7,,,casemate_gun_150_x1,1.18,1.34,3.4,1.2,casemate_gun_150_x1,1.18,1.34,3.4,1.26,casemate_gun_150_x1,1.18,1.34,3.4,1.36,casemate_gun_150_x1,1.18,1.34,3.4,1.42,casemate_gun_150_x1,1.18,1.34,3.4,1.5,,,,,,,,,,,,,,,,,,,
casemate_8,,203,casemate_8,,,casemate_gun_150_x1,1.35,1.51,2.9,1.18,casemate_gun_150_x1,1.35,1.51,2.9,1.24,casemate_gun_150_x1,1.35,1.51,2.9,1.32,casemate_gun_150_x1,1.35,1.51,2.9,1.38,casemate_gun_150_x1,1.35,1.51,2.9,1.46,,,,,,,,,,,,,,,,,,,
###,,,###,,,,,,,,,,,,,,,,,,,,,,,,,,,,,,,,,,,,,,,,,,,,,,
torpedo_x0_15,,15,torpedo_x0,,,sub_torpedo,1,1,,,sub_torpedo,1,1,,,sub_torpedo,1,1,,,sub_torpedo,1,1,,,sub_torpedo,1,1,,,,,,,,,,,,,,,,,,,,,
torpedo_x1_15,,15,torpedo_x1,,,torpedo_x1,0.825,0.825,,,torpedo_x1,0.845,0.845,,,moga_torpedo_x1,0.63,0.63,,,akizuki_torpedo_x1,0.63,0.63,,,spee_torpedo_x1,0.63,0.63,,,,,,,,,,,,,,,,,,,,,
torpedo_x2_15,,15,torpedo_x2,,,torpedo_x2,0.825,0.825,,,torpedo_x2,0.845,0.845,,,moga_torpedo_x2,0.63,0.63,,,akizuki_torpedo_x2,0.63,0.63,,,spee_torpedo_x2,0.63,0.63,,,,,,,,,,,,,,,,,,,,,
torpedo_x3_15,,15,torpedo_x3,,,torpedo_x3,0.825,0.825,,,torpedo_x3,0.845,0.845,,,moga_torpedo_x3,0.63,0.63,,,akizuki_torpedo_x3,0.63,0.63,,,spee_torpedo_x3,0.63,0.63,,,,,,,,,,,,,,,,,,,,,
torpedo_x4_15,,15,torpedo_x4,,,torpedo_x4,0.825,0.825,,,torpedo_x4,0.845,0.845,,,moga_torpedo_x4,0.63,0.63,,,akizuki_torpedo_x4,0.63,0.63,,,spee_torpedo_x4,0.63,0.63,,,,,,,,,,,,,,,,,,,,,
torpedo_x5_15,,15,torpedo_x5,,,torpedo_x5,0.825,0.825,,,torpedo_x5,0.845,0.845,,,moga_torpedo_x5,0.63,0.63,,,akizuki_torpedo_x5,0.63,0.63,,,spee_torpedo_x5,0.63,0.63,,,,,,,,,,,,,,,,,,,,,
torpedo_x0_16,,16,torpedo_x0,,,sub_torpedo,1,1,,,sub_torpedo,1,1,,,sub_torpedo,1,1,,,sub_torpedo,1,1,,,sub_torpedo,1,1,,,,,,,,,,,,,,,,,,,,,
torpedo_x1_16,,16,torpedo_x1,,,torpedo_x1,0.86,0.86,,,torpedo_x1,0.88,0.88,,,moga_torpedo_x1,0.66,0.66,,,akizuki_torpedo_x1,0.66,0.66,,,spee_torpedo_x1,0.66,0.66,,,,,,,,,,,,,,,,,,,,,
torpedo_x2_16,,16,torpedo_x2,,,torpedo_x2,0.86,0.86,,,torpedo_x2,0.88,0.88,,,moga_torpedo_x2,0.66,0.66,,,akizuki_torpedo_x2,0.66,0.66,,,spee_torpedo_x2,0.66,0.66,,,,,,,,,,,,,,,,,,,,,
torpedo_x3_16,,16,torpedo_x3,,,torpedo_x3,0.86,0.86,,,torpedo_x3,0.88,0.88,,,moga_torpedo_x3,0.66,0.66,,,akizuki_torpedo_x3,0.66,0.66,,,spee_torpedo_x3,0.66,0.66,,,,,,,,,,,,,,,,,,,,,
torpedo_x4_16,,16,torpedo_x4,,,torpedo_x4,0.86,0.86,,,torpedo_x4,0.88,0.88,,,moga_torpedo_x4,0.66,0.66,,,akizuki_torpedo_x4,0.66,0.66,,,spee_torpedo_x4,0.66,0.66,,,,,,,,,,,,,,,,,,,,,
torpedo_x5_16,,16,torpedo_x5,,,torpedo_x5,0.86,0.86,,,torpedo_x5,0.88,0.88,,,moga_torpedo_x5,0.66,0.66,,,akizuki_torpedo_x5,0.66,0.66,,,spee_torpedo_x5,0.66,0.66,,,,,,,,,,,,,,,,,,,,,
torpedo_x0_17,,17,torpedo_x0,,,sub_torpedo,1,1,,,sub_torpedo,1,1,,,sub_torpedo,1,1,,,sub_torpedo,1,1,,,sub_torpedo,1,1,,,,,,,,,,,,,,,,,,,,,
torpedo_x1_17,,17,torpedo_x1,,,torpedo_x1,0.895,0.895,,,torpedo_x1,0.915,0.915,,,moga_torpedo_x1,0.69,0.69,,,akizuki_torpedo_x1,0.69,0.69,,,spee_torpedo_x1,0.69,0.69,,,,,,,,,,,,,,,,,,,,,
torpedo_x2_17,,17,torpedo_x2,,,torpedo_x2,0.895,0.895,,,torpedo_x2,0.915,0.915,,,moga_torpedo_x2,0.69,0.69,,,akizuki_torpedo_x2,0.69,0.69,,,spee_torpedo_x2,0.69,0.69,,,,,,,,,,,,,,,,,,,,,
torpedo_x3_17,,17,torpedo_x3,,,torpedo_x3,0.895,0.895,,,torpedo_x3,0.915,0.915,,,moga_torpedo_x3,0.69,0.69,,,akizuki_torpedo_x3,0.69,0.69,,,spee_torpedo_x3,0.69,0.69,,,,,,,,,,,,,,,,,,,,,
torpedo_x4_17,,17,torpedo_x4,,,torpedo_x4,0.895,0.895,,,torpedo_x4,0.915,0.915,,,moga_torpedo_x4,0.69,0.69,,,akizuki_torpedo_x4,0.69,0.69,,,spee_torpedo_x4,0.69,0.69,,,,,,,,,,,,,,,,,,,,,
torpedo_x5_17,,17,torpedo_x5,,,torpedo_x5,0.895,0.895,,,torpedo_x5,0.915,0.915,,,moga_torpedo_x5,0.69,0.69,,,akizuki_torpedo_x5,0.69,0.69,,,spee_torpedo_x5,0.69,0.69,,,,,,,,,,,,,,,,,,,,,
torpedo_x0_18,,18,torpedo_x0,,,sub_torpedo,1,1,,,sub_torpedo,1,1,,,sub_torpedo,1,1,,,sub_torpedo,1,1,,,sub_torpedo,1,1,,,,,,,,,,,,,,,,,,,,,
torpedo_x1_18,,18,torpedo_x1,,,torpedo_x1,0.93,0.93,,,torpedo_x1,0.95,0.95,,,moga_torpedo_x1,0.72,0.72,,,akizuki_torpedo_x1,0.72,0.72,,,spee_torpedo_x1,0.72,0.72,,,,,,,,,,,,,,,,,,,,,
torpedo_x2_18,,18,torpedo_x2,,,torpedo_x2,0.93,0.93,,,torpedo_x2,0.95,0.95,,,moga_torpedo_x2,0.72,0.72,,,akizuki_torpedo_x2,0.72,0.72,,,spee_torpedo_x2,0.72,0.72,,,,,,,,,,,,,,,,,,,,,
torpedo_x3_18,,18,torpedo_x3,,,torpedo_x3,0.93,0.93,,,torpedo_x3,0.95,0.95,,,moga_torpedo_x3,0.72,0.72,,,akizuki_torpedo_x3,0.72,0.72,,,spee_torpedo_x3,0.72,0.72,,,,,,,,,,,,,,,,,,,,,
torpedo_x4_18,,18,torpedo_x4,,,torpedo_x4,0.93,0.93,,,torpedo_x4,0.95,0.95,,,moga_torpedo_x4,0.72,0.72,,,akizuki_torpedo_x4,0.72,0.72,,,spee_torpedo_x4,0.72,0.72,,,,,,,,,,,,,,,,,,,,,
torpedo_x5_18,,18,torpedo_x5,,,torpedo_x5,0.93,0.93,,,torpedo_x5,0.95,0.95,,,moga_torpedo_x5,0.72,0.72,,,akizuki_torpedo_x5,0.72,0.72,,,spee_torpedo_x5,0.72,0.72,,,,,,,,,,,,,,,,,,,,,
torpedo_x0_19,,19,torpedo_x0,,,sub_torpedo,1,1,,,sub_torpedo,1,1,,,sub_torpedo,1,1,,,sub_torpedo,1,1,,,sub_torpedo,1,1,,,,,,,,,,,,,,,,,,,,,
torpedo_x1_19,,19,torpedo_x1,,,torpedo_x1,0.965,0.965,,,torpedo_x1,0.985,0.985,,,moga_torpedo_x1,0.75,0.75,,,akizuki_torpedo_x1,0.75,0.75,,,spee_torpedo_x1,0.75,0.75,,,,,,,,,,,,,,,,,,,,,
torpedo_x2_19,,19,torpedo_x2,,,torpedo_x2,0.965,0.965,,,torpedo_x2,0.985,0.985,,,moga_torpedo_x2,0.75,0.75,,,akizuki_torpedo_x2,0.75,0.75,,,spee_torpedo_x2,0.75,0.75,,,,,,,,,,,,,,,,,,,,,
torpedo_x3_19,,19,torpedo_x3,,,torpedo_x3,0.965,0.965,,,torpedo_x3,0.985,0.985,,,moga_torpedo_x3,0.75,0.75,,,akizuki_torpedo_x3,0.75,0.75,,,spee_torpedo_x3,0.75,0.75,,,,,,,,,,,,,,,,,,,,,
torpedo_x4_19,,19,torpedo_x4,,,torpedo_x4,0.965,0.965,,,torpedo_x4,0.985,0.985,,,moga_torpedo_x4,0.75,0.75,,,akizuki_torpedo_x4,0.75,0.75,,,spee_torpedo_x4,0.75,0.75,,,,,,,,,,,,,,,,,,,,,
torpedo_x5_19,,19,torpedo_x5,,,torpedo_x5,0.965,0.965,,,torpedo_x5,0.985,0.985,,,moga_torpedo_x5,0.75,0.75,,,akizuki_torpedo_x5,0.75,0.75,,,spee_torpedo_x5,0.75,0.75,,,,,,,,,,,,,,,,,,,,,
torpedo_x0_20,,20,torpedo_x0,,,sub_torpedo,1,1,,,sub_torpedo,1,1,,,sub_torpedo,1,1,,,sub_torpedo,1,1,,,sub_torpedo,1,1,,,,,,,,,,,,,,,,,,,,,
torpedo_x1_20,,20,torpedo_x1,,,torpedo_x1,1,1,,,torpedo_x1,1.02,1.02,,,moga_torpedo_x1,0.78,0.78,,,akizuki_torpedo_x1,0.78,0.78,,,spee_torpedo_x1,0.78,0.78,,,,,,,,,,,,,,,,,,,,,
torpedo_x2_20,,20,torpedo_x2,,,torpedo_x2,1,1,,,torpedo_x2,1.02,1.02,,,moga_torpedo_x2,0.78,0.78,,,akizuki_torpedo_x2,0.78,0.78,,,spee_torpedo_x2,0.78,0.78,,,,,,,,,,,,,,,,,,,,,
torpedo_x3_20,,20,torpedo_x3,,,torpedo_x3,1,1,,,torpedo_x3,1.02,1.02,,,moga_torpedo_x3,0.78,0.78,,,akizuki_torpedo_x3,0.78,0.78,,,spee_torpedo_x3,0.78,0.78,,,,,,,,,,,,,,,,,,,,,
torpedo_x4_20,,20,torpedo_x4,,,torpedo_x4,1,1,,,torpedo_x4,1.02,1.02,,,moga_torpedo_x4,0.78,0.78,,,akizuki_torpedo_x4,0.78,0.78,,,spee_torpedo_x4,0.78,0.78,,,,,,,,,,,,,,,,,,,,,
torpedo_x5_20,,20,torpedo_x5,,,torpedo_x5,1,1,,,torpedo_x5,1.02,1.02,,,moga_torpedo_x5,0.78,0.78,,,akizuki_torpedo_x5,0.78,0.78,,,spee_torpedo_x5,0.78,0.78,,,,,,,,,,,,,,,,,,,,,
torpedo_x0_21,,21,torpedo_x0,,,sub_torpedo,1,1,,,sub_torpedo,1,1,,,sub_torpedo,1,1,,,sub_torpedo,1,1,,,sub_torpedo,1,1,,,,,,,,,,,,,,,,,,,,,
torpedo_x1_21,,21,torpedo_x1,,,torpedo_x1,1.035,1.035,,,torpedo_x1,1.055,1.055,,,moga_torpedo_x1,0.81,0.81,,,akizuki_torpedo_x1,0.81,0.81,,,spee_torpedo_x1,0.81,0.81,,,,,,,,,,,,,,,,,,,,,
torpedo_x2_21,,21,torpedo_x2,,,torpedo_x2,1.035,1.035,,,torpedo_x2,1.055,1.055,,,moga_torpedo_x2,0.81,0.81,,,akizuki_torpedo_x2,0.81,0.81,,,spee_torpedo_x2,0.81,0.81,,,,,,,,,,,,,,,,,,,,,
torpedo_x3_21,,21,torpedo_x3,,,torpedo_x3,1.035,1.035,,,torpedo_x3,1.055,1.055,,,moga_torpedo_x3,0.81,0.81,,,akizuki_torpedo_x3,0.81,0.81,,,spee_torpedo_x3,0.81,0.81,,,,,,,,,,,,,,,,,,,,,
torpedo_x4_21,,21,torpedo_x4,,,torpedo_x4,1.035,1.035,,,torpedo_x4,1.055,1.055,,,moga_torpedo_x4,0.81,0.81,,,akizuki_torpedo_x4,0.81,0.81,,,spee_torpedo_x4,0.81,0.81,,,,,,,,,,,,,,,,,,,,,
torpedo_x5_21,,21,torpedo_x5,,,torpedo_x5,1.035,1.035,,,torpedo_x5,1.055,1.055,,,moga_torpedo_x5,0.81,0.81,,,akizuki_torpedo_x5,0.81,0.81,,,spee_torpedo_x5,0.81,0.81,,,,,,,,,,,,,,,,,,,,,
torpedo_x0_22,,22,torpedo_x0,,,sub_torpedo,1,1,,,sub_torpedo,1,1,,,sub_torpedo,1,1,,,sub_torpedo,1,1,,,sub_torpedo,1,1,,,,,,,,,,,,,,,,,,,,,
torpedo_x1_22,,22,torpedo_x1,,,torpedo_x1,1.07,1.07,,,torpedo_x1,1.09,1.09,,,moga_torpedo_x1,0.84,0.84,,,akizuki_torpedo_x1,0.84,0.84,,,spee_torpedo_x1,0.84,0.84,,,,,,,,,,,,,,,,,,,,,
torpedo_x2_22,,22,torpedo_x2,,,torpedo_x2,1.07,1.07,,,torpedo_x2,1.09,1.09,,,moga_torpedo_x2,0.84,0.84,,,akizuki_torpedo_x2,0.84,0.84,,,spee_torpedo_x2,0.84,0.84,,,,,,,,,,,,,,,,,,,,,
torpedo_x3_22,,22,torpedo_x3,,,torpedo_x3,1.07,1.07,,,torpedo_x3,1.09,1.09,,,moga_torpedo_x3,0.84,0.84,,,akizuki_torpedo_x3,0.84,0.84,,,spee_torpedo_x3,0.84,0.84,,,,,,,,,,,,,,,,,,,,,
torpedo_x4_22,,22,torpedo_x4,,,torpedo_x4,1.07,1.07,,,torpedo_x4,1.09,1.09,,,moga_torpedo_x4,0.84,0.84,,,akizuki_torpedo_x4,0.84,0.84,,,spee_torpedo_x4,0.84,0.84,,,,,,,,,,,,,,,,,,,,,
torpedo_x5_22,,22,torpedo_x5,,,torpedo_x5,1.07,1.07,,,torpedo_x5,1.09,1.09,,,moga_torpedo_x5,0.84,0.84,,,akizuki_torpedo_x5,0.84,0.84,,,spee_torpedo_x5,0.84,0.84,,,,,,,,,,,,,,,,,,,,,
torpedo_x0_23,,23,torpedo_x0,,,sub_torpedo,1,1,,,sub_torpedo,1,1,,,sub_torpedo,1,1,,,sub_torpedo,1,1,,,sub_torpedo,1,1,,,,,,,,,,,,,,,,,,,,,
torpedo_x1_23,,23,torpedo_x1,,,torpedo_x1,1.105,1.105,,,torpedo_x1,1.125,1.125,,,moga_torpedo_x1,0.87,0.87,,,akizuki_torpedo_x1,0.87,0.87,,,spee_torpedo_x1,0.87,0.87,,,,,,,,,,,,,,,,,,,,,
torpedo_x2_23,,23,torpedo_x2,,,torpedo_x2,1.105,1.105,,,torpedo_x2,1.125,1.125,,,moga_torpedo_x2,0.87,0.87,,,akizuki_torpedo_x2,0.87,0.87,,,spee_torpedo_x2,0.87,0.87,,,,,,,,,,,,,,,,,,,,,
torpedo_x3_23,,23,torpedo_x3,,,torpedo_x3,1.105,1.105,,,torpedo_x3,1.125,1.125,,,moga_torpedo_x3,0.87,0.87,,,akizuki_torpedo_x3,0.87,0.87,,,spee_torpedo_x3,0.87,0.87,,,,,,,,,,,,,,,,,,,,,
torpedo_x4_23,,23,torpedo_x4,,,torpedo_x4,1.105,1.105,,,torpedo_x4,1.125,1.125,,,moga_torpedo_x4,0.87,0.87,,,akizuki_torpedo_x4,0.87,0.87,,,spee_torpedo_x4,0.87,0.87,,,,,,,,,,,,,,,,,,,,,
torpedo_x5_23,,23,torpedo_x5,,,torpedo_x5,1.105,1.105,,,torpedo_x5,1.125,1.125,,,moga_torpedo_x5,0.87,0.87,,,akizuki_torpedo_x5,0.87,0.87,,,spee_torpedo_x5,0.87,0.87,,,,,,,,,,,,,,,,,,,,,
torpedo_x0_24,,24,torpedo_x0,,,sub_torpedo,1,1,,,sub_torpedo,1,1,,,sub_torpedo,1,1,,,sub_torpedo,1,1,,,sub_torpedo,1,1,,,,,,,,,,,,,,,,,,,,,
torpedo_x1_24,,24,torpedo_x1,,,torpedo_x1,1.14,1.14,,,torpedo_x1,1.16,1.16,,,moga_torpedo_x1,0.9,0.9,,,akizuki_torpedo_x1,0.9,0.9,,,spee_torpedo_x1,0.9,0.9,,,,,,,,,,,,,,,,,,,,,
torpedo_x2_24,,24,torpedo_x2,,,torpedo_x2,1.14,1.14,,,torpedo_x2,1.16,1.16,,,moga_torpedo_x2,0.9,0.9,,,akizuki_torpedo_x2,0.9,0.9,,,spee_torpedo_x2,0.9,0.9,,,,,,,,,,,,,,,,,,,,,
torpedo_x3_24,,24,torpedo_x3,,,torpedo_x3,1.14,1.14,,,torpedo_x3,1.16,1.16,,,moga_torpedo_x3,0.9,0.9,,,akizuki_torpedo_x3,0.9,0.9,,,spee_torpedo_x3,0.9,0.9,,,,,,,,,,,,,,,,,,,,,
torpedo_x4_24,,24,torpedo_x4,,,torpedo_x4,1.14,1.14,,,torpedo_x4,1.16,1.16,,,moga_torpedo_x4,0.9,0.9,,,akizuki_torpedo_x4,0.9,0.9,,,spee_torpedo_x4,0.9,0.9,,,,,,,,,,,,,,,,,,,,,
torpedo_x5_24,,24,torpedo_x5,,,torpedo_x5,1.14,1.14,,,torpedo_x5,1.16,1.16,,,moga_torpedo_x5,0.9,0.9,,,akizuki_torpedo_x5,0.9,0.9,,,spee_torpedo_x5,0.9,0.9,,,,,,,,,,,,,,,,,,,,,
###,,,###,,,,,,,,,,,,,,,,,,,,,,,,,,,,,,,,,,,,,,,,,,,,,,
gun_2_x1_germany,,51,gun_2_x1,germany,,brandenburg_gun_76_x1,0.38,0.56,0.66,2.48,jap_tb_gun_76_x1,0.8,1.15,0.66,1.8,jap_tb_gun_76_x1,0.8,1.15,0.66,1.8,jap_tb_gun_76_x1,0.8,1.15,0.66,1.8,jap_tb_gun_76_x1,0.8,1.15,0.66,1.8,,,,,,,,,,,,,,,,,,,
gun_2_x2_germany,,51,gun_2_x2,germany,,,,,,,,,,,,iowa_gun_127_x2,0.5,0.72,1,1.8,iowa_gun_127_x2,0.5,0.72,1,1.8,iowa_gun_127_x2,0.5,0.72,1,1.8,,,,,,,,,,,,,,,,,,,
gun_2_x3_germany,,51,gun_2_x3,germany,,,,,,,,,,,,iowa_gun_127_x3,0.5,0.72,1,1.8,iowa_gun_127_x3,0.5,0.72,1,1.8,iowa_gun_127_x3,0.5,0.72,1,1.8,,,,,,,,,,,,,,,,,,,
gun_2_x4_germany,,51,gun_2_x4,germany,,iowa_gun_127_x4,0.5,0.72,0.5,1.8,iowa_gun_127_x4,0.5,0.72,0.5,1.8,iowa_gun_127_x4,0.5,0.72,0.5,1.8,iowa_gun_127_x4,0.5,0.72,0.5,1.8,iowa_gun_127_x4,0.5,0.72,0.5,1.8,,,,,,,,,,,,,,,,,,,
gun_3_x1_germany_dd,,76,gun_3_x1,germany,"dd, tb",brandenburg_gun_76_x1,0.57,0.75,1,2.1,jap_tb_gun_76_x1,1.2,1.55,1,1.52,jap_tb_gun_76_x1,1.2,1.55,1,1.52,jap_tb_gun_76_x1,1.2,1.55,1,1.52,jap_tb_gun_76_x1,1.2,1.55,1,1.52,,,,,,,,,,,,,,,,,,,
gun_3_x2_germany_dd,,76,gun_3_x2,germany,"dd, tb",,,,,,,,,,,bismarck_gun_105_x2,0.6,0.79,1.08,2.3,bismarck_gun_105_x2,0.6,0.79,1.08,2.3,bismarck_gun_105_x2,0.6,0.79,1.08,2.3,,,,,,,,,,,,,,,,,,,
gun_3_x3_germany_dd,,76,gun_3_x3,germany,"dd, tb",,,,,,,,,,,bismarck_gun_105_x3,0.6,0.79,0.83,2.3,bismarck_gun_105_x3,0.6,0.79,0.83,2.3,bismarck_gun_105_x3,0.6,0.79,0.83,2.3,,,,,,,,,,,,,,,,,,,
gun_3_x4_germany_dd,,76,gun_3_x4,germany,"dd, tb",richelieu_gun_120_x4,0.675,0.885,1.23,2.5,richelieu_gun_120_x4,0.675,0.885,1.23,2.5,richelieu_gun_120_x4,0.675,0.885,1.23,2.5,richelieu_gun_120_x4,0.675,0.885,1.23,2.5,richelieu_gun_120_x4,0.675,0.885,1.23,2.5,,,,,,,,,,,,,,,,,,,
gun_4_x1_germany_dd,,102,gun_4_x1,germany,"dd, tb",brandenburg_gun_76_x1,0.76,0.94,1.1,1.74,dd_s_gun_c_102_x1,0.76,0.94,1.1,1.74,hood_gun_140_x1,0.8,0.98,1.7,1.46,spee_gun_150_x1,0.7,0.865,1.7,1.9,spee_gun_150_x1,0.7,0.865,1.7,1.9,,,,,,,,,,,,,,,,,,,
gun_4_x2_germany_dd,,102,gun_4_x2,germany,"dd, tb",,,,,,,,,,,bismarck_gun_105_x2,0.8,0.99,1.28,1.9,bismarck_gun_105_x2,0.8,0.99,1.28,1.9,bismarck_gun_105_x2,0.8,0.99,1.28,1.9,,,,,,,,,,,,,,,,,,,
gun_4_x3_germany_dd,,102,gun_4_x3,germany,"dd, tb",,,,,,,,,,,bismarck_gun_105_x3,0.8,0.99,1,1.9,bismarck_gun_105_x3,0.8,0.99,1,1.9,bismarck_gun_105_x3,0.8,0.99,1,1.9,,,,,,,,,,,,,,,,,,,
gun_4_x4_germany_dd,,102,gun_4_x4,germany,"dd, tb",,,,,,,,,,,bismarck_gun_105_x4,0.8,0.99,0.85,1.9,bismarck_gun_105_x4,0.8,0.99,0.85,1.9,bismarck_gun_105_x4,0.8,0.99,0.85,1.9,,,,,,,,,,,,,,,,,,,
gun_5_x1_germany_dd,,127,gun_5_x1,germany,"dd, tb",dd_s_gun_c_102_x1,0.95,1.13,0.85,1.36,dd_s_gun_c_102_x1,0.95,1.13,0.85,1.36,hood_gun_140_x1,1,1.18,1.25,1.14,spee_gun_150_x1,0.875,1.04,1.25,1.48,spee_gun_150_x1,0.875,1.04,1.25,1.48,,,,,,,,,,,,,,,,,,,
gun_5_x2_germany_dd,,127,gun_5_x2,germany,"dd, tb",,,,,,,,,,,bismarck_gun_150_x2,0.725,0.8,0.95,1.855,spee_gun_150_x2,0.875,1.04,0.95,1.48,spee_gun_150_x2,0.875,1.04,0.95,1.48,,,,,,,,,,,,,,,,,,,
gun_5_x3_germany_dd,,127,gun_5_x3,germany,"dd, tb",,,,,,,,,,,bismarck_gun_150_x3,0.725,0.8,0.75,1.855,spee_gun_150_x3,0.875,1.04,0.75,1.48,spee_gun_150_x3,0.875,1.04,0.75,1.48,,,,,,,,,,,,,,,,,,,
gun_5_x4_germany_dd,,127,gun_5_x4,germany,"dd, tb",,,,,,,,,,,bismarck_gun_150_x4,0.725,0.8,0.68,1.855,bismarck_gun_150_x4,0.725,0.8,0.68,1.855,bismarck_gun_150_x4,0.725,0.8,0.68,1.855,,,,,,,,,,,,,,,,,,,
gun_3_x1_germany_cl,,76,gun_3_x1,germany,cl,brandenburg_gun_76_x1,0.57,0.75,1,2.1,jap_tb_gun_76_x1,1.2,1.55,1,1.52,jap_tb_gun_76_x1,1.2,1.55,1,1.52,jap_tb_gun_76_x1,1.2,1.55,1,1.52,jap_tb_gun_76_x1,1.2,1.55,1,1.52,,,,,,,,,,,,,,,,,,,
gun_3_x2_germany_cl,,76,gun_3_x2,germany,cl,,,,,,,,,,,bismarck_gun_105_x2,0.6,0.79,1.08,2.3,bismarck_gun_105_x2,0.6,0.79,1.08,2.3,bismarck_gun_105_x2,0.6,0.79,1.08,2.3,,,,,,,,,,,,,,,,,,,
gun_3_x3_germany_cl,,76,gun_3_x3,germany,cl,,,,,,,,,,,bismarck_gun_105_x3,0.6,0.79,0.83,2.3,bismarck_gun_105_x3,0.6,0.79,0.83,2.3,bismarck_gun_105_x3,0.6,0.79,0.83,2.3,,,,,,,,,,,,,,,,,,,
gun_3_x4_germany_cl,,76,gun_3_x4,germany,cl,dido_gun_cal133_x4,0.522,0.63,0.74,2.18,dido_gun_cal133_x4,0.522,0.63,0.74,2.18,bismarck_gun_105_x4,0.6,0.79,0.74,2.3,bismarck_gun_105_x4,0.6,0.79,0.74,2.3,bismarck_gun_105_x4,0.6,0.79,0.74,2.3,,,,,,,,,,,,,,,,,,,
gun_4_x1_germany_cl,,102,gun_4_x1,germany,cl,brandenburg_gun_76_x1,0.76,0.94,1.1,1.74,dd_s_gun_c_102_x1,0.76,0.94,1.1,1.74,spee_gun_150_x1,0.7,0.865,1.7,1.9,spee_gun_150_x1,0.7,0.865,1.7,1.9,spee_gun_150_x1,0.7,0.865,1.7,1.9,,,,,,,,,,,,,,,,,,,
gun_4_x2_germany_cl,,102,gun_4_x2,germany,cl,,,,,,vdt_gun_200_x2,0.47,0.58,1.28,1.92,spee_gun_150_x2,0.7,0.865,1.28,1.9,bismarck_gun_105_x2,0.8,0.99,1.28,1.9,bismarck_gun_105_x2,0.8,0.99,1.28,1.9,,,,,,,,,,,,,,,,,,,
gun_4_x3_germany_cl,,102,gun_4_x3,germany,cl,,,,,,,,,,,spee_gun_150_x3,0.7,0.865,1,1.9,bismarck_gun_105_x3,0.8,0.99,1,1.9,bismarck_gun_105_x3,0.8,0.99,1,1.9,,,,,,,,,,,,,,,,,,,
gun_4_x4_germany_cl,,102,gun_4_x4,germany,cl,,,,,,,,,,,de_Ruyter_gun_150_x4,0.9,1.075,0.85,1.675,bismarck_gun_105_x4,0.8,0.99,0.85,1.9,bismarck_gun_105_x4,0.8,0.99,0.85,1.9,,,,,,,,,,,,,,,,,,,
gun_5_x1_germany_cl,,127,gun_5_x1,germany,cl,dd_s_gun_c_102_x1,0.95,1.13,0.85,1.36,dd_s_gun_c_102_x1,0.95,1.13,0.85,1.36,dd_s_gun_b_102_x1,1,1.18,0.85,1.52,spee_gun_150_x1,0.875,1.04,1.25,1.48,spee_gun_150_x1,0.875,1.04,1.25,1.48,,,,,,,,,,,,,,,,,,,
gun_5_x2_germany_cl,,127,gun_5_x2,germany,cl,,,,,,vdt_gun_200_x2,0.5875,0.69,0.95,1.5,vdt_gun_200_x2,0.5875,0.69,0.95,1.5,spee_gun_150_x2,0.875,1.04,0.95,1.48,spee_gun_150_x2,0.875,1.04,0.95,1.48,,,,,,,,,,,,,,,,,,,
gun_5_x3_germany_cl,,127,gun_5_x3,germany,cl,,,,,,,,,,,,,,,,spee_gun_150_x3,0.875,1.04,0.75,1.48,spee_gun_150_x3,0.875,1.04,0.75,1.48,,,,,,,,,,,,,,,,,,,
gun_5_x4_germany_cl,,127,gun_5_x4,germany,cl,,,,,,,,,,,,,,,,de_Ruyter_gun_150_x4,1.1,1.275,0.68,1.35,de_Ruyter_gun_150_x4,1.1,1.275,0.68,1.35,,,,,,,,,,,,,,,,,,,
gun_6_x1_germany_cl,,152,gun_6_x1,germany,cl,friedrich_gun_152_x1,1.5,1.725,1.185,1.08,vdt_gun_200_x1,0.705,0.81,1.185,1.42,bismarck_gun_b_150_x1,0.85,0.92,1.185,1.78,bismarck_gun_150_x1,0.85,0.92,1.185,1.78,bismarck_gun_150_x1,0.85,0.92,1.185,1.78,,,,,,,,,,,,,,,,,,,
gun_6_x2_germany_cl,,152,gun_6_x2,germany,cl,,,,,,vdt_gun_200_x2,0.705,0.81,0.86,1.42,bismarck_gun_b_150_x2,0.85,0.92,0.86,1.78,bismarck_gun_150_x2,0.85,0.92,0.86,1.78,bismarck_gun_150_x2,0.85,0.92,0.86,1.78,,,,,,,,,,,,,,,,,,,
gun_6_x3_germany_cl,,152,gun_6_x3,germany,cl,,,,,,,,,,,bismarck_gun_b_150_x3,0.85,0.92,0.66,1.78,bismarck_gun_150_x3,0.85,0.92,0.66,1.78,bismarck_gun_150_x3,0.85,0.92,0.66,1.78,,,,,,,,,,,,,,,,,,,
gun_6_x4_germany_cl,,152,gun_6_x4,germany,cl,,,,,,,,,,,bismarck_gun_b_150_x4,0.85,0.92,0.6,1.78,bismarck_gun_150_x4,0.85,0.92,0.6,1.78,bismarck_gun_150_x4,0.85,0.92,0.6,1.78,,,,,,,,,,,,,,,,,,,
gun_3_x1_germany_ca,,76,gun_3_x1,germany,"ca, bb, bc",brandenburg_gun_76_x1,0.57,0.75,1,2.1,jap_tb_gun_76_x1,1.2,1.55,1,1.52,jap_tb_gun_76_x1,1.2,1.55,1,1.52,bismarck_gun_105_x1,0.6,0.79,1.45,2.3,bismarck_gun_105_x1,0.6,0.79,1.45,2.3,,,,,,,,,,,,,,,,,,,
gun_3_x2_germany_ca,,76,gun_3_x2,germany,"ca, bb, bc",,,,,,vdt_gun_200_x2,0.3525,0.46,1.08,2.32,bismarck_gun_105_x2,0.6,0.79,1.08,2.3,bismarck_gun_105_x2,0.6,0.79,1.08,2.3,bismarck_gun_105_x2,0.6,0.79,1.08,2.3,,,,,,,,,,,,,,,,,,,
gun_3_x3_germany_ca,,76,gun_3_x3,germany,"ca, bb, bc",,,,,,,,,,,bismarck_gun_105_x3,0.6,0.79,0.83,2.3,bismarck_gun_105_x3,0.6,0.79,0.83,2.3,bismarck_gun_105_x3,0.6,0.79,0.83,2.3,,,,,,,,,,,,,,,,,,,
gun_3_x4_germany_ca,,76,gun_3_x4,germany,"ca, bb, bc",,,,,,,,,,,bismarck_gun_105_x4,0.6,0.79,0.74,2.3,bismarck_gun_105_x4,0.6,0.79,0.74,2.3,bismarck_gun_105_x4,0.6,0.79,0.74,2.3,,,,,,,,,,,,,,,,,,,
gun_4_x1_germany_ca,,102,gun_4_x1,germany,"ca, bb, bc",brandenburg_gun_76_x1,0.76,0.94,1.1,1.74,jap_tb_gun_76_x1,1.6,1.95,1.1,1.26,dd_s_gun_b_102_x1,0.8,0.98,1.1,1.94,bismarck_gun_105_x1,0.8,0.99,1.7,1.9,bismarck_gun_105_x1,0.8,0.99,1.7,1.9,,,,,,,,,,,,,,,,,,,
gun_4_x2_germany_ca,,102,gun_4_x2,germany,"ca, bb, bc",,,,,,vdt_gun_200_x2,0.47,0.58,1.28,1.92,bismarck_gun_105_x2,0.8,0.99,1.28,1.9,bismarck_gun_105_x2,0.8,0.99,1.28,1.9,bismarck_gun_105_x2,0.8,0.99,1.28,1.9,,,,,,,,,,,,,,,,,,,
gun_4_x3_germany_ca,,102,gun_4_x3,germany,"ca, bb, bc",,,,,,,,,,,bismarck_gun_105_x3,0.8,0.99,1,1.9,bismarck_gun_105_x3,0.8,0.99,1,1.9,bismarck_gun_105_x3,0.8,0.99,1,1.9,,,,,,,,,,,,,,,,,,,
gun_4_x4_germany_ca,,102,gun_4_x4,germany,"ca, bb, bc",,,,,,,,,,,bismarck_gun_105_x4,0.8,0.99,0.85,1.9,bismarck_gun_105_x4,0.8,0.99,0.85,1.9,bismarck_gun_105_x4,0.8,0.99,0.85,1.9,,,,,,,,,,,,,,,,,,,
gun_5_x1_germany_ca,,127,gun_5_x1,germany,"ca, bb, bc",dd_s_gun_c_102_x1,0.95,1.13,0.85,1.36,jap_tb_gun_76_x1,2,2.35,0.85,0.98,dd_s_gun_b_102_x1,1,1.18,0.85,1.52,spee_gun_150_x1,0.875,1.04,1.25,1.48,spee_gun_150_x1,0.875,1.04,1.25,1.48,,,,,,,,,,,,,,,,,,,
gun_5_x2_germany_ca,,127,gun_5_x2,germany,"ca, bb, bc",,,,,,vdt_gun_200_x2,0.5875,0.69,0.95,1.5,bismarck_gun_105_x2,1,1.19,0.95,1.5,bismarck_gun_150_x2,0.725,0.8,0.95,1.855,bismarck_gun_150_x2,0.725,0.8,0.95,1.855,,,,,,,,,,,,,,,,,,,
gun_5_x3_germany_ca,,127,gun_5_x3,germany,"ca, bb, bc",,,,,,,,,,,bismarck_gun_105_x3,1,1.19,0.75,1.5,bismarck_gun_150_x3,0.725,0.8,0.75,1.855,bismarck_gun_150_x3,0.725,0.8,0.75,1.855,,,,,,,,,,,,,,,,,,,
gun_5_x4_germany_ca,,127,gun_5_x4,germany,"ca, bb, bc",,,,,,,,,,,bismarck_gun_105_x4,1,1.19,0.68,1.5,bismarck_gun_150_x4,0.725,0.8,0.68,1.855,bismarck_gun_150_x4,0.725,0.8,0.68,1.855,,,,,,,,,,,,,,,,,,,
gun_6_x1_germany_ca,,152,gun_6_x1,germany,"ca, bb, bc",friedrich_gun_152_x1,1.5,1.725,1.185,1.08,vdt_gun_200_x1,0.705,0.81,1.185,1.42,bismarck_gun_150_x1,0.85,0.92,1.185,1.78,bismarck_gun_150_x1,0.85,0.92,1.185,1.78,bismarck_gun_150_x1,0.85,0.92,1.185,1.78,,,,,,,,,,,,,,,,,,,
gun_6_x2_germany_ca,,152,gun_6_x2,germany,"ca, bb, bc",,,,,,vdt_gun_200_x2,0.705,0.81,0.86,1.42,bismarck_gun_150_x2,0.85,0.92,0.86,1.78,bismarck_gun_150_x2,0.85,0.92,0.86,1.78,bismarck_gun_150_x2,0.85,0.92,0.86,1.78,,,,,,,,,,,,,,,,,,,
gun_6_x3_germany_ca,,152,gun_6_x3,germany,"ca, bb, bc",,,,,,,,,,,bismarck_gun_150_x3,0.85,0.92,0.66,1.78,bismarck_gun_150_x3,0.85,0.92,0.66,1.78,bismarck_gun_150_x3,0.85,0.92,0.66,1.78,,,,,,,,,,,,,,,,,,,
gun_6_x4_germany_ca,,152,gun_6_x4,germany,"ca, bb, bc",,,,,,,,,,,bismarck_gun_150_x4,0.85,0.92,0.6,1.78,bismarck_gun_150_x4,0.85,0.92,0.6,1.78,bismarck_gun_150_x4,0.85,0.92,0.6,1.78,,,,,,,,,,,,,,,,,,,
"gun_7_x1_germany_cl,ca",,178,gun_7_x1,germany,"cl, ca, bb, bc",friedrich_gun_152_x1,1.75,1.975,1.21,1.06,vdt_gun_200_x1,0.8225,0.93,1.21,1.4,bismarck_gun_b_150_x1,0.975,1.05,1.21,1.74,bismarck_gun_150_x1,0.975,1.05,1.21,1.74,bismarck_gun_150_x1,0.975,1.05,1.21,1.74,,,,,,,,,,,,,,,,,,,
"gun_7_x2_germany_cl,ca",,178,gun_7_x2,germany,"cl, ca, bb, bc",,,,,,vdt_gun_200_x2,0.8225,0.93,0.9,1.4,bismarck_gun_b_150_x2,0.975,1.05,0.9,1.74,bismarck_gun_150_x2,0.975,1.05,0.9,1.74,bismarck_gun_150_x2,0.975,1.05,0.9,1.74,,,,,,,,,,,,,,,,,,,
"gun_7_x3_germany_cl,ca",,178,gun_7_x3,germany,"cl, ca, bb, bc",,,,,,,,,,,bismarck_gun_b_150_x3,0.975,1.05,0.705,1.74,bismarck_gun_150_x3,0.975,1.05,0.705,1.74,bismarck_gun_150_x3,0.975,1.05,0.705,1.74,,,,,,,,,,,,,,,,,,,
"gun_7_x4_germany_cl,ca",,178,gun_7_x4,germany,"cl, ca, bb, bc",,,,,,,,,,,bismarck_gun_b_150_x4,0.975,1.05,0.64,1.74,bismarck_gun_150_x4,0.975,1.05,0.64,1.74,bismarck_gun_150_x4,0.975,1.05,0.64,1.74,,,,,,,,,,,,,,,,,,,
gun_8_x1_germany_ca,,203,gun_8_x1,germany,"ca, bb, bc",friedrich_gun_228_x1,0.82,0.92,1.17,1.52,vdt_gun_280_x1,0.82,0.92,1.17,1.14,vdt_gun_280_x1,0.82,0.92,1.17,1.14,bismarck_gun_380_short_x1,0.72,1.17,1.17,0.98,bismarck_gun_380_x1,0.72,0.8,1.17,1.02,,,,,,,,,,,,,,,,,,,
gun_8_x2_germany_ca,,203,gun_8_x2,germany,"ca, bb, bc",friedrich_gun_228_x2,0.82,0.92,0.88,1.52,vdt_gun_280_x2,0.82,0.92,0.88,1.14,vdt_gun_280_x2,0.82,0.92,0.88,1.14,bismarck_gun_380_short_x2,0.72,0.88,0.88,0.98,bismarck_gun_380_x2,0.72,0.8,0.88,1.02,,,,,,,,,,,,,,,,,,,
gun_8_x3_germany_ca,,203,gun_8_x3,germany,"ca, bb, bc",friedrich_gun_228_x3,0.82,0.92,0.69,1.52,vdt_gun_280_x3,0.82,0.92,0.69,1.14,vdt_gun_280_x3,0.82,0.92,0.69,1.14,bismarck_gun_380_short_x3,0.72,0.69,0.69,0.98,bismarck_gun_380_x3,0.72,0.8,0.69,1.02,,,,,,,,,,,,,,,,,,,
gun_8_x4_germany_ca,,203,gun_8_x4,germany,"ca, bb, bc",,,,,,vdt_gun_280_x4,0.82,0.92,0.63,1.14,vdt_gun_280_x4,0.82,0.92,0.63,1.14,bismarck_gun_380_short_x4,0.72,0.63,0.63,0.98,bismarck_gun_380_x4,0.72,0.8,0.63,1.02,,,,,,,,,,,,,,,,,,,
"gun_9_x1_germany_ca,bb,bc",,229,gun_9_x1,germany,"ca, bb, bc",friedrich_gun_228_x1,0.9225,1.0225,1.1,1.46,vdt_gun_280_x1,0.9225,1.0225,1.1,1.1,vdt_gun_280_x1,0.9225,1.0225,1.1,1.1,bismarck_gun_380_short_x1,0.81,1.1,1.1,0.96,bismarck_gun_380_x1,0.81,0.89,1.1,0.98,,,,,,,,,,,,,,,,,,,
"gun_9_x2_germany_ca,bb,bc",,229,gun_9_x2,germany,"ca, bb, bc",friedrich_gun_228_x2,0.9225,1.0225,0.82,1.46,vdt_gun_280_x2,0.9225,1.0225,0.82,1.1,vdt_gun_280_x2,0.9225,1.0225,0.82,1.1,bismarck_gun_380_short_x2,0.81,0.82,0.82,0.96,bismarck_gun_380_x2,0.81,0.89,0.82,0.98,,,,,,,,,,,,,,,,,,,
"gun_9_x3_germany_ca,bb,bc",,229,gun_9_x3,germany,"ca, bb, bc",friedrich_gun_228_x3,0.9225,1.0225,0.64,1.46,vdt_gun_280_x3,0.9225,1.0225,0.64,1.1,vdt_gun_280_x3,0.9225,1.0225,0.64,1.1,bismarck_gun_380_short_x3,0.81,0.64,0.64,0.96,bismarck_gun_380_x3,0.81,0.89,0.64,0.98,,,,,,,,,,,,,,,,,,,
"gun_9_x4_germany_ca,bb,bc",,229,gun_9_x4,germany,"ca, bb, bc",,,,,,vdt_gun_280_x4,0.9225,1.0225,0.58,1.1,vdt_gun_280_x4,0.9225,1.0225,0.58,1.1,bismarck_gun_380_short_x4,0.81,0.58,0.58,0.96,bismarck_gun_380_x4,0.81,0.89,0.58,0.98,,,,,,,,,,,,,,,,,,,
"gun_10_x1_germany_ca,bb,bc",,254,gun_10_x1,germany,"ca, bb, bc",brandenburg_gun_279_x1,0.9,0.98,1.2,1.5,vdt_gun_280_x1,1.025,1.125,1.2,1.06,vdt_gun_280_x1,1.025,1.125,1.2,1.06,spee_gun_var_280_x1,1.05,1.15,1.2,1.2,spee_gun_280_x1_a,1.05,1.15,1.2,1.26,,,,,,,,,,,,,,,,,,,
"gun_10_x2_germany_ca,bb,bc",,254,gun_10_x2,germany,"ca, bb, bc",brandenburg_gun_279_x2,0.9,0.98,0.9,1.5,vdt_gun_280_x2,1.025,1.125,0.9,1.06,vdt_gun_280_x2,1.025,1.125,0.9,1.06,spee_gun_var_280_x2,1.05,1.15,0.9,1.2,spee_gun_280_x2_a,1.05,1.15,0.9,1.26,,,,,,,,,,,,,,,,,,,
"gun_10_x3_germany_ca,bb,bc",,254,gun_10_x3,germany,"ca, bb, bc",brandenburg_gun_279_x3,0.9,0.98,0.68,0.83,vdt_gun_280_x3,1.025,1.125,0.68,1.06,vdt_gun_280_x3,1.025,1.125,0.68,1.06,spee_gun_var_280_x3,1.05,1.15,0.68,1.2,spee_gun_280_x3_a,1.05,1.15,0.68,1.26,,,,,,,,,,,,,,,,,,,
"gun_10_x4_germany_ca,bb,bc",,254,gun_10_x4,germany,"ca, bb, bc",,,,,,vdt_gun_280_x4,1.025,1.125,0.63,1.06,vdt_gun_280_x4,1.025,1.125,0.63,1.06,spee_gun_280_x4_a,1.05,1.15,0.63,1.26,spee_gun_280_x4_a,1.05,1.15,0.63,1.26,,,,,,,,,,,,,,,,,,,
"gun_11_x1_germany_ca,bb,bc",,279,gun_11_x1,germany,"ca, bb, bc",brandenburg_gun_279_x1,0.99,1.07,1.07,1.18,vdt_gun_280_x1,1.1275,1.2275,1.07,0.86,vdt_gun_280_x1,1.1275,1.2275,1.07,0.86,spee_gun_var_280_x1,1.155,1.255,1.07,0.96,spee_gun_280_x1_a,1.155,1.255,1.07,1,,,,,,,,,,,,,,,,,,,
"gun_11_x2_germany_ca,bb,bc",,279,gun_11_x2,germany,"ca, bb, bc",brandenburg_gun_279_x2,0.99,1.07,0.82,1.18,vdt_gun_280_x2,1.1275,1.2275,0.82,0.86,vdt_gun_280_x2,1.1275,1.2275,0.82,0.86,spee_gun_var_280_x2,1.155,1.255,0.82,0.96,spee_gun_280_x2_a,1.155,1.255,0.82,1,,,,,,,,,,,,,,,,,,,
"gun_11_x3_germany_ca,bb,bc",,279,gun_11_x3,germany,"ca, bb, bc",brandenburg_gun_279_x3,0.99,1.07,0.66,0.66,vdt_gun_280_x3,1.1275,1.2275,0.66,0.86,vdt_gun_280_x3,1.1275,1.2275,0.66,0.86,spee_gun_var_280_x3,1.155,1.255,0.66,0.96,spee_gun_280_x3_a,1.155,1.255,0.66,1,,,,,,,,,,,,,,,,,,,
"gun_11_x4_germany_ca,bb,bc",,279,gun_11_x4,germany,"ca, bb, bc",,,,,,vdt_gun_280_x4,1.1275,1.2275,0.61,0.86,vdt_gun_280_x4,1.1275,1.2275,0.61,0.86,spee_gun_280_x4_a,1.155,1.255,0.61,1,spee_gun_280_x4_a,1.155,1.255,0.61,1,,,,,,,,,,,,,,,,,,,
"gun_12_x1_germany_bb,bc",,305,gun_12_x1,germany,"bb, bc",friedrich_gun_305_x1,1.08,1.16,1.07,0.975,vdt_gun_280_x1,1.23,1.33,1.07,0.85,spee_gun_var_280_x1,1.26,1.36,1.07,0.96,bismarck_gun_380_x1,1.08,1.16,1.07,0.76,bismarck_gun_380_x1,1.08,1.16,1.07,0.76,,,,,,,,,,,,,,,,,,,
"gun_12_x2_germany_bb,bc",,305,gun_12_x2,germany,"bb, bc",friedrich_gun_305_x2,1.08,1.16,0.82,0.975,vdt_gun_280_x2,1.23,1.33,0.82,0.85,spee_gun_var_280_x2,1.26,1.36,0.82,0.96,bismarck_gun_380_x2,1.08,1.16,0.82,0.76,bismarck_gun_380_x2,1.08,1.16,0.82,0.76,,,,,,,,,,,,,,,,,,,
"gun_12_x3_germany_bb,bc",,305,gun_12_x3,germany,"bb, bc",friedrich_gun_305_x3,1.08,1.16,0.66,0.975,vdt_gun_280_x3,1.23,1.33,0.66,0.85,spee_gun_var_280_x3,1.26,1.36,0.66,0.96,bismarck_gun_380_x3,1.08,1.16,0.66,0.76,bismarck_gun_380_x3,1.08,1.16,0.66,0.76,,,,,,,,,,,,,,,,,,,
"gun_12_x4_germany_bb,bc",,305,gun_12_x4,germany,"bb, bc",,,,,,vdt_gun_280_x4,1.23,1.33,0.61,0.85,spee_gun_280_x4_a,1.26,1.36,0.61,1,bismarck_gun_380_x4,1.08,1.16,0.61,0.76,bismarck_gun_380_x4,1.08,1.16,0.61,0.76,,,,,,,,,,,,,,,,,,,
"gun_13_x1_germany_bb,bc",,330,gun_13_x1,germany,"bb, bc",friedrich_gun_305_x1,1.17,1.25,1.13,0.97,vdt_gun_280_x1,1.3325,1.4325,1.13,0.84,spee_gun_var_280_x1,1.365,1.465,1.13,0.96,bismarck_gun_380_x1,1.17,1.25,1.13,0.76,bismarck_gun_380_x1,1.17,1.25,1.13,0.76,,,,,,,,,,,,,,,,,,,
"gun_13_x2_germany_bb,bc",,330,gun_13_x2,germany,"bb, bc",friedrich_gun_305_x2,1.17,1.25,0.88,0.97,vdt_gun_280_x2,1.3325,1.4325,0.88,0.84,spee_gun_var_280_x2,1.365,1.465,0.88,0.96,bismarck_gun_380_x2,1.17,1.25,0.88,0.76,bismarck_gun_380_x2,1.17,1.25,0.88,0.76,,,,,,,,,,,,,,,,,,,
"gun_13_x3_germany_bb,bc",,330,gun_13_x3,germany,"bb, bc",friedrich_gun_305_x3,1.17,1.25,0.705,0.97,vdt_gun_280_x3,1.3325,1.4325,0.705,0.84,spee_gun_var_280_x3,1.365,1.465,0.705,0.96,bismarck_gun_380_x3,1.17,1.25,0.705,0.76,bismarck_gun_380_x3,1.17,1.25,0.705,0.76,,,,,,,,,,,,,,,,,,,
"gun_13_x4_germany_bb,bc",,330,gun_13_x4,germany,"bb, bc",,,,,,vdt_gun_280_x4,1.3325,1.4325,0.65,0.84,spee_gun_280_x4_a,1.365,1.465,0.65,1,bismarck_gun_380_x4,1.17,1.25,0.65,0.76,bismarck_gun_380_x4,1.17,1.25,0.65,0.76,,,,,,,,,,,,,,,,,,,
"gun_14_x1_germany_bb,bc",,356,gun_14_x1,germany,"bb, bc",friedrich_gun_305_x1,1.26,1.34,1.13,0.97,vdt_gun_280_x1,1.435,1.535,1.13,0.84,spee_gun_var_280_x1,1.47,1.57,1.13,0.96,bismarck_gun_380_x1,1.26,1.34,1.13,0.75,bismarck_gun_380_x1,1.26,1.34,1.13,0.75,,,,,,,,,,,,,,,,,,,
"gun_14_x2_germany_bb,bc",,356,gun_14_x2,germany,"bb, bc",friedrich_gun_305_x2,1.26,1.34,0.88,0.97,vdt_gun_280_x2,1.435,1.535,0.88,0.84,spee_gun_var_280_x2,1.47,1.57,0.88,0.96,bismarck_gun_380_x2,1.26,1.34,0.88,0.75,bismarck_gun_380_x2,1.26,1.34,0.88,0.75,,,,,,,,,,,,,,,,,,,
"gun_14_x3_germany_bb,bc",,356,gun_14_x3,germany,"bb, bc",friedrich_gun_305_x3,1.26,1.34,0.705,0.97,vdt_gun_280_x3,1.435,1.535,0.705,0.84,spee_gun_var_280_x3,1.47,1.57,0.705,0.96,bismarck_gun_380_x3,1.26,1.34,0.705,0.75,bismarck_gun_380_x3,1.26,1.34,0.705,0.75,,,,,,,,,,,,,,,,,,,
"gun_14_x4_germany_bb,bc",,356,gun_14_x4,germany,"bb, bc",,,,,,vdt_gun_280_x4,1.435,1.535,0.66,0.84,spee_gun_280_x4_a,1.47,1.57,0.66,0.98,bismarck_gun_380_x4,1.26,1.34,0.66,0.75,bismarck_gun_380_x4,1.26,1.34,0.66,0.75,,,,,,,,,,,,,,,,,,,
"gun_15_x1_germany_bb,bc",,381,gun_15_x1,germany,"bb, bc",vdt_gun_280_x1,1.5375,1.6375,1.14,0.84,vdt_gun_280_x1,1.5375,1.6375,1.14,0.84,bismarck_gun_380_x1,1.35,1.43,1.14,0.75,bismarck_gun_380_x1,1.35,1.43,1.14,0.75,bismarck_gun_380_x1,1.35,1.43,1.14,0.75,,,,,,,,,,,,,,,,,,,
"gun_15_x2_germany_bb,bc",,381,gun_15_x2,germany,"bb, bc",vdt_gun_280_x2,1.5375,1.6375,0.9,0.84,vdt_gun_280_x2,1.5375,1.6375,0.9,0.84,bismarck_gun_380_x2,1.35,1.43,0.9,0.75,bismarck_gun_380_x2,1.35,1.43,0.9,0.75,bismarck_gun_380_x2,1.35,1.43,0.9,0.75,,,,,,,,,,,,,,,,,,,
"gun_15_x3_germany_bb,bc",,381,gun_15_x3,germany,"bb, bc",vdt_gun_280_x3,1.5375,1.6375,0.72,0.84,vdt_gun_280_x3,1.5375,1.6375,0.72,0.84,bismarck_gun_380_x3,1.35,1.43,0.72,0.75,bismarck_gun_380_x3,1.35,1.43,0.72,0.75,bismarck_gun_380_x3,1.35,1.43,0.72,0.75,,,,,,,,,,,,,,,,,,,
"gun_15_x4_germany_bb,bc",,381,gun_15_x4,germany,"bb, bc",vdt_gun_280_x4,1.5375,1.6375,0.675,0.84,vdt_gun_280_x4,1.5375,1.6375,0.675,0.84,bismarck_gun_380_x4,1.35,1.43,0.675,0.75,bismarck_gun_380_x4,1.35,1.43,0.675,0.75,bismarck_gun_380_x4,1.35,1.43,0.675,0.75,,,,,,,,,,,,,,,,,,,
"gun_16_x1_germany_bb,bc",,406,gun_16_x1,germany,"bb, bc",vdt_gun_280_x1,1.64,1.74,1.15,0.84,vdt_gun_280_x1,1.64,1.74,1.15,0.84,bismarck_gun_380_x1,1.44,1.52,1.15,0.74,bismarck_gun_380_x1,1.44,1.52,1.15,0.74,bismarck_gun_380_x1,1.44,1.52,1.15,0.74,,,,,,,,,,,,,,,,,,,
"gun_16_x2_germany_bb,bc",,406,gun_16_x2,germany,"bb, bc",vdt_gun_280_x2,1.64,1.74,0.93,0.84,vdt_gun_280_x2,1.64,1.74,0.93,0.84,bismarck_gun_380_x2,1.44,1.52,0.93,0.74,bismarck_gun_380_x2,1.44,1.52,0.93,0.74,bismarck_gun_380_x2,1.44,1.52,0.93,0.74,,,,,,,,,,,,,,,,,,,
"gun_16_x3_germany_bb,bc",,406,gun_16_x3,germany,"bb, bc",vdt_gun_280_x3,1.64,1.74,0.75,0.84,vdt_gun_280_x3,1.64,1.74,0.75,0.84,bismarck_gun_380_x3,1.44,1.52,0.75,0.74,bismarck_gun_380_x3,1.44,1.52,0.75,0.74,bismarck_gun_380_x3,1.44,1.52,0.75,0.74,,,,,,,,,,,,,,,,,,,
"gun_16_x4_germany_bb,bc",,406,gun_16_x4,germany,"bb, bc",vdt_gun_280_x4,1.64,1.74,0.68,0.84,vdt_gun_280_x4,1.64,1.74,0.68,0.84,bismarck_gun_380_x4,1.44,1.52,0.68,0.74,bismarck_gun_380_x4,1.44,1.52,0.68,0.74,bismarck_gun_380_x4,1.44,1.52,0.68,0.74,,,,,,,,,,,,,,,,,,,
"gun_17_x1_germany_bb,bc",,432,gun_17_x1,germany,"bb, bc",vdt_gun_280_x1,1.7425,1.8425,1.2,0.83,spee_gun_var_280_x1,1.785,1.885,1.2,0.94,bismarck_gun_380_x1,1.53,1.61,1.2,0.74,bismarck_gun_380_x1,1.53,1.61,1.2,0.74,bismarck_gun_380_x1,1.53,1.61,1.2,0.74,,,,,,,,,,,,,,,,,,,
"gun_17_x2_germany_bb,bc",,432,gun_17_x2,germany,"bb, bc",vdt_gun_280_x2,1.7425,1.8425,0.95,0.83,spee_gun_var_280_x2,1.785,1.885,0.95,0.94,bismarck_gun_380_x2,1.53,1.61,0.95,0.74,bismarck_gun_380_x2,1.53,1.61,0.95,0.74,bismarck_gun_380_x2,1.53,1.61,0.95,0.74,,,,,,,,,,,,,,,,,,,
"gun_17_x3_germany_bb,bc",,432,gun_17_x3,germany,"bb, bc",vdt_gun_280_x3,1.7425,1.8425,0.775,0.83,spee_gun_var_280_x3,1.785,1.885,0.775,0.94,bismarck_gun_380_x3,1.53,1.61,0.775,0.74,bismarck_gun_380_x3,1.53,1.61,0.775,0.74,bismarck_gun_380_x3,1.53,1.61,0.775,0.74,,,,,,,,,,,,,,,,,,,
"gun_17_x4_germany_bb,bc",,432,gun_17_x4,germany,"bb, bc",vdt_gun_280_x4,1.7425,1.8425,0.71,0.83,spee_gun_280_x4_a,1.785,1.885,0.71,0.98,bismarck_gun_380_x4,1.53,1.61,0.71,0.74,bismarck_gun_380_x4,1.53,1.61,0.71,0.74,bismarck_gun_380_x4,1.53,1.61,0.71,0.74,,,,,,,,,,,,,,,,,,,
"gun_18_x1_germany_bb,bc",,457,gun_18_x1,germany,"bb, bc",vdt_gun_280_x1,1.845,1.945,1.23,0.83,spee_gun_var_280_x1,1.89,1.99,1.23,0.94,bismarck_gun_380_x1,1.62,1.7,1.23,0.73,bismarck_gun_380_x1,1.62,1.7,1.23,0.73,bismarck_gun_380_x1,1.62,1.7,1.23,0.73,,,,,,,,,,,,,,,,,,,
"gun_18_x2_germany_bb,bc",,457,gun_18_x2,germany,"bb, bc",vdt_gun_280_x3,1.845,1.945,0.81,0.83,spee_gun_var_280_x3,1.89,1.99,0.81,0.94,bismarck_gun_380_x2,1.62,1.7,0.81,0.73,bismarck_gun_380_x2,1.62,1.7,0.81,0.73,bismarck_gun_380_x2,1.62,1.7,0.81,0.73,,,,,,,,,,,,,,,,,,,
"gun_18_x3_germany_bb,bc",,457,gun_18_x3,germany,"bb, bc",vdt_gun_280_x2,1.845,1.945,0.985,0.83,spee_gun_var_280_x2,1.89,1.99,0.985,0.94,bismarck_gun_380_x3,1.62,1.7,0.985,0.73,bismarck_gun_380_x3,1.62,1.7,0.985,0.73,bismarck_gun_380_x3,1.62,1.7,0.985,0.73,,,,,,,,,,,,,,,,,,,
"gun_18_x4_germany_bb,bc",,457,gun_18_x4,germany,"bb, bc",vdt_gun_280_x4,1.845,1.945,0.735,0.83,spee_gun_280_x4_a,1.89,1.99,0.735,0.97,bismarck_gun_380_x4,1.62,1.7,0.735,0.73,bismarck_gun_380_x4,1.62,1.7,0.735,0.73,bismarck_gun_380_x4,1.62,1.7,0.735,0.73,,,,,,,,,,,,,,,,,,,
"gun_19_x1_germany_bb,bc",,483,gun_19_x1,germany,"bb, bc",vdt_gun_280_x1,1.9475,2.0475,1.16,0.83,spee_gun_var_280_x1,1.995,2.095,1.16,0.93,bismarck_gun_380_x1,1.71,1.79,1.16,0.73,bismarck_gun_380_x1,1.71,1.79,1.16,0.73,bismarck_gun_380_x1,1.71,1.79,1.16,0.73,,,,,,,,,,,,,,,,,,,
"gun_19_x2_germany_bb,bc",,483,gun_19_x2,germany,"bb, bc",vdt_gun_280_x2,1.9475,2.0475,0.95,0.83,spee_gun_var_280_x2,1.995,2.095,0.95,0.93,bismarck_gun_380_x2,1.71,1.79,0.95,0.73,bismarck_gun_380_x2,1.71,1.79,0.95,0.73,bismarck_gun_380_x2,1.71,1.79,0.95,0.73,,,,,,,,,,,,,,,,,,,
"gun_19_x3_germany_bb,bc",,483,gun_19_x3,germany,"bb, bc",vdt_gun_280_x3,1.9475,2.0475,0.78,0.83,spee_gun_var_280_x3,1.995,2.095,0.78,0.93,bismarck_gun_380_x3,1.71,1.79,0.78,0.73,bismarck_gun_380_x3,1.71,1.79,0.78,0.73,bismarck_gun_380_x3,1.71,1.79,0.78,0.73,,,,,,,,,,,,,,,,,,,
"gun_19_x4_germany_bb,bc",,483,gun_19_x4,germany,"bb, bc",vdt_gun_280_x4,1.9475,2.0475,0.725,0.83,spee_gun_280_x4_a,1.995,2.095,0.725,0.97,bismarck_gun_380_x4,1.71,1.79,0.725,0.73,bismarck_gun_380_x4,1.71,1.79,0.725,0.73,bismarck_gun_380_x4,1.71,1.79,0.725,0.73,,,,,,,,,,,,,,,,,,,
"gun_20_x1_germany_bb,bc",,508,gun_20_x1,germany,"bb, bc",vdt_gun_280_x1,2.03,2.11,1.05,0.83,spee_gun_var_280_x1,2.1,2.2,1.05,0.92,bismarck_gun_380_x1,1.8,1.88,1.05,0.73,bismarck_gun_380_x1,1.8,1.88,1.05,0.73,bismarck_gun_380_x1,1.8,1.88,1.05,0.73,,,,,,,,,,,,,,,,,,,
"gun_20_x2_germany_bb,bc",,508,gun_20_x2,germany,"bb, bc",vdt_gun_280_x2,2.03,2.11,0.85,0.83,spee_gun_var_280_x2,2.1,2.2,0.85,0.92,bismarck_gun_380_x2,1.8,1.88,0.85,0.73,bismarck_gun_380_x2,1.8,1.88,0.85,0.73,bismarck_gun_380_x2,1.8,1.88,0.85,0.73,,,,,,,,,,,,,,,,,,,
"gun_20_x3_germany_bb,bc",,508,gun_20_x3,germany,"bb, bc",vdt_gun_280_x3,2.03,2.11,0.7,0.83,spee_gun_var_280_x3,2.1,2.2,0.7,0.92,bismarck_gun_380_x3,1.8,1.88,0.7,0.73,bismarck_gun_380_x3,1.8,1.88,0.7,0.73,bismarck_gun_380_x3,1.8,1.88,0.7,0.73,,,,,,,,,,,,,,,,,,,
"gun_20_x4_germany_bb,bc",,508,gun_20_x4,germany,"bb, bc",vdt_gun_280_x4,2.03,2.11,0.65,0.83,spee_gun_280_x4_a,2.1,2.2,0.65,0.96,bismarck_gun_380_x4,1.8,1.88,0.65,0.73,bismarck_gun_380_x4,1.8,1.88,0.65,0.73,bismarck_gun_380_x4,1.8,1.88,0.65,0.73,,,,,,,,,,,,,,,,,,,
###,,,###,,,,,,,,,,,,,,,,,,,,,,,,,,,,,,,,,,,,,,,,,,,,,,
gun_2_x1_britain,,51,gun_2_x1,britain,,brandenburg_gun_76_x1,0.38,0.56,0.66,2.48,jap_tb_gun_76_x1,0.8,1.15,0.66,1.8,jap_tb_gun_76_x1,0.8,1.15,0.66,1.8,dd_s_gun_d_102_x1,0.4,0.58,0.66,2.5,dd_s_gun_d_102_x1,0.4,0.58,0.66,2.8,,,,,,,,,,,,,,,,,,,
gun_2_x2_britain,,51,gun_2_x2,britain,,,,,,,iowa_gun_127_x2,0.5,0.72,0.7,1.8,iowa_gun_127_x2,0.5,0.72,0.7,1.8,iowa_gun_127_x2,0.5,0.72,0.7,1.8,iowa_gun_127_x2,0.5,0.72,0.7,1.8,,,,,,,,,,,,,,,,,,,
gun_2_x3_britain,,51,gun_2_x3,britain,,,,,,,iowa_gun_127_x3,0.5,0.72,0.55,1.8,iowa_gun_127_x3,0.5,0.72,0.55,1.8,iowa_gun_127_x3,0.5,0.72,0.55,1.8,iowa_gun_127_x3,0.5,0.72,0.55,1.8,,,,,,,,,,,,,,,,,,,
gun_2_x4_britain,,51,gun_2_x4,britain,,,,,,,,,,,,pola_gun_100_x4,0.5,0.73,0.5,2.18,pola_gun_100_x4,0.5,0.73,0.5,2.18,pola_gun_100_x4,0.5,0.73,0.5,2.18,,,,,,,,,,,,,,,,,,,
gun_3_x1_britain_dd,,76,gun_3_x1,britain,"dd, tb",brandenburg_gun_76_x1,0.57,0.75,1,2.1,jap_tb_gun_76_x1,1.2,1.55,1,1.52,jap_tb_gun_76_x1,1.2,1.55,1,1.52,dd_s_gun_d_102_x1,0.6,0.78,1,2.1,dd_s_gun_d_102_x1,0.6,0.78,1,2.34,,,,,,,,,,,,,,,,,,,
gun_3_x2_britain_dd,,76,gun_3_x2,britain,"dd, tb",,,,,,iowa_gun_127_x2,0.75,0.97,1.08,1.54,iowa_gun_127_x2,0.75,0.97,1.08,1.54,iowa_gun_127_x2,0.75,0.97,1.08,1.54,iowa_gun_127_x2,0.75,0.97,1.08,1.54,,,,,,,,,,,,,,,,,,,
gun_3_x3_britain_dd,,76,gun_3_x3,britain,"dd, tb",,,,,,iowa_gun_127_x3,0.75,0.97,0.83,1.54,iowa_gun_127_x3,0.75,0.97,0.83,1.54,iowa_gun_127_x3,0.75,0.97,0.83,1.54,iowa_gun_127_x3,0.75,0.97,0.83,1.54,,,,,,,,,,,,,,,,,,,
gun_3_x4_britain_dd,,76,gun_3_x4,britain,"dd, tb",,,,,,,,,,,richelieu_gun_120_x4,0.675,0.885,1.23,2.5,richelieu_gun_120_x4,0.675,0.885,1.23,2.5,richelieu_gun_120_x4,0.675,0.885,1.23,2.5,,,,,,,,,,,,,,,,,,,
gun_4_x1_britain_dd,,102,gun_4_x1,britain,"dd, tb",brandenburg_gun_76_x1,0.76,0.94,1.1,1.74,jap_tb_gun_76_x1,1.6,1.95,1.1,1.26,dd_s_gun_d_102_x1,0.8,0.98,1.1,1.94,dd_s_gun_c_102_x1,0.76,0.94,1.1,1.74,akizuki_gun_b_127_x1,0.72,0.89,1.7,1.8,,,,,,,,,,,,,,,,,,,
gun_4_x2_britain_dd,,102,gun_4_x2,britain,"dd, tb",,,,,,didox_gun_cal133_x2,0.6,0.74,1.28,2.34,didox_gun_cal133_x2,0.6,0.74,1.28,2.34,dido_gun_cal133_x2,0.6,0.74,1.28,2.34,dido_gun_cal133_x2,0.6,0.74,1.28,2.34,,,,,,,,,,,,,,,,,,,
gun_4_x3_britain_dd,,102,gun_4_x3,britain,"dd, tb",,,,,,didox_gun_cal133_x3,0.6,0.74,1,2.34,didox_gun_cal133_x3,0.6,0.74,1,2.34,dido_gun_cal133_x3,0.6,0.74,1,2.34,dido_gun_cal133_x3,0.6,0.74,1,2.34,,,,,,,,,,,,,,,,,,,
gun_4_x4_britain_dd,,102,gun_4_x4,britain,"dd, tb",,,,,,,,,,,didox_gun_cal133_x4,0.6,0.74,0.85,2.34,dido_gun_cal133_x4,0.6,0.74,0.85,2.34,dido_gun_cal133_x4,0.6,0.74,0.85,2.34,,,,,,,,,,,,,,,,,,,
gun_5_x1_britain_dd,,127,gun_5_x1,britain,"dd, tb",dd_s_gun_d_102_x1,1,1.18,0.85,1.36,dd_s_gun_d_102_x1,1,1.18,0.85,1.52,dd_s_gun_c_102_x1,0.95,1.13,0.85,1.36,dd_s_gun_b_102_x1,1,1.18,0.85,1.52,akizuki_gun_b_127_x1,0.9,1.07,1.25,1.4,,,,,,,,,,,,,,,,,,,
gun_5_x2_britain_dd,,127,gun_5_x2,britain,"dd, tb",,,,,,didox_gun_cal133_x2,0.75,0.89,0.95,1.82,didox_gun_cal133_x2,0.75,0.89,0.95,1.82,dido_gun_cal133_x2,0.75,0.89,0.95,1.82,dido_gun_cal133_x2,0.75,0.89,0.95,1.82,,,,,,,,,,,,,,,,,,,
gun_5_x3_britain_dd,,127,gun_5_x3,britain,"dd, tb",,,,,,didox_gun_cal133_x3,0.75,0.89,0.75,1.82,didox_gun_cal133_x3,0.75,0.89,0.75,1.82,dido_gun_cal133_x3,0.75,0.89,0.75,1.82,dido_gun_cal133_x3,0.75,0.89,0.75,1.82,,,,,,,,,,,,,,,,,,,
gun_5_x4_britain_dd,,127,gun_5_x4,britain,"dd, tb",,,,,,,,,,,didox_gun_cal133_x4,0.75,0.89,0.68,1.82,dido_gun_cal133_x4,0.75,0.89,0.68,1.82,dido_gun_cal133_x4,0.75,0.89,0.68,1.82,,,,,,,,,,,,,,,,,,,
gun_3_x1_britain_cl,,76,gun_3_x1,britain,cl,brandenburg_gun_76_x1,0.57,0.75,1,2.1,jap_tb_gun_76_x1,1.2,1.55,1,1.52,jap_tb_gun_76_x1,1.2,1.55,1,1.52,dd_s_gun_d_102_x1,0.6,0.78,1,2.1,dd_s_gun_d_102_x1,0.6,0.78,1,2.34,,,,,,,,,,,,,,,,,,,
gun_3_x2_britain_cl,,76,gun_3_x2,britain,cl,,,,,,iowa_gun_127_x2,0.75,0.97,1.08,1.54,iowa_gun_127_x2,0.75,0.97,1.08,1.54,iowa_gun_127_x2,0.75,0.97,1.08,1.54,iowa_gun_127_x2,0.75,0.97,1.08,1.54,,,,,,,,,,,,,,,,,,,
gun_3_x3_britain_cl,,76,gun_3_x3,britain,cl,,,,,,iowa_gun_127_x3,0.75,0.97,0.83,1.54,iowa_gun_127_x3,0.75,0.97,0.83,1.54,iowa_gun_127_x3,0.75,0.97,0.83,1.54,iowa_gun_127_x3,0.75,0.97,0.83,1.54,,,,,,,,,,,,,,,,,,,
gun_3_x4_britain_cl,,76,gun_3_x4,britain,cl,,,,,,,,,,,richelieu_gun_120_x4,0.675,0.885,1.23,2.5,richelieu_gun_120_x4,0.675,0.885,1.23,2.5,richelieu_gun_120_x4,0.675,0.885,1.23,2.5,,,,,,,,,,,,,,,,,,,
gun_4_x1_britain_cl,,102,gun_4_x1,britain,cl,brandenburg_gun_76_x1,0.76,0.94,1.1,1.74,jap_tb_gun_76_x1,1.6,1.95,1.1,1.26,dd_s_gun_d_102_x1,0.8,0.98,1.1,1.72,dd_s_gun_c_102_x1,0.76,0.94,1.1,1.74,dd_s_gun_b_102_x1,0.8,0.98,1.1,1.94,,,,,,,,,,,,,,,,,,,
gun_4_x2_britain_cl,,102,gun_4_x2,britain,cl,,,,,,didox_gun_cal133_x2,0.6,0.74,1.28,2.34,hood_gun_140_x2,0.8,0.98,1.28,1.46,dido_gun_cal133_x2,0.6,0.74,1.28,2.34,dido_gun_cal133_x2,0.6,0.74,1.28,2.34,,,,,,,,,,,,,,,,,,,
gun_4_x3_britain_cl,,102,gun_4_x3,britain,cl,,,,,,didox_gun_cal133_x3,0.6,0.74,1,2.34,hood_gun_140_x3,0.8,0.98,1,1.46,dido_gun_cal133_x3,0.6,0.74,1,2.34,dido_gun_cal133_x3,0.6,0.74,1,2.34,,,,,,,,,,,,,,,,,,,
gun_4_x4_britain_cl,,102,gun_4_x4,britain,cl,,,,,,,,,,,,,,,,dido_gun_cal133_x4,0.6,0.74,0.85,2.34,dido_gun_cal133_x4,0.6,0.74,0.85,2.34,,,,,,,,,,,,,,,,,,,
gun_5_x1_britain_cl,,127,gun_5_x1,britain,cl,dd_s_gun_d_102_x1,1,1.18,0.85,1.36,dd_s_gun_d_102_x1,1,1.18,0.85,1.52,dd_s_gun_c_102_x1,0.95,1.13,0.85,1.36,dd_s_gun_b_102_x1,1,1.18,0.85,1.52,akizuki_gun_b_127_x1,0.9,1.07,1.25,1.4,,,,,,,,,,,,,,,,,,,
gun_5_x2_britain_cl,,127,gun_5_x2,britain,cl,,,,,,didox_gun_cal133_x2,0.75,0.89,0.95,1.82,hood_gun_140_x2,1,1.18,0.95,1.14,dido_gun_cal133_x2,0.75,0.89,0.95,1.82,dido_gun_cal133_x2,0.75,0.89,0.95,1.82,,,,,,,,,,,,,,,,,,,
gun_5_x3_britain_cl,,127,gun_5_x3,britain,cl,,,,,,didox_gun_cal133_x3,0.75,0.89,0.75,1.82,hood_gun_140_x3,1,1.18,0.75,1.14,dido_gun_cal133_x3,0.75,0.89,0.75,1.82,dido_gun_cal133_x3,0.75,0.89,0.75,1.82,,,,,,,,,,,,,,,,,,,
gun_5_x4_britain_cl,,127,gun_5_x4,britain,cl,,,,,,,,,,,,,,,,dido_gun_cal133_x4,0.75,0.89,0.68,1.82,dido_gun_cal133_x4,0.75,0.89,0.68,1.82,,,,,,,,,,,,,,,,,,,
gun_6_x1_britain_cl,,152,gun_6_x1,britain,cl,dd_s_gun_c_102_x1,1.14,1.32,0.75,1.28,dd_s_gun_b_102_x1,1.2,1.38,0.75,1.46,hood_gun_140_x1,1.2,1.38,1.185,1.08,dd_s_gun_b_102_x1,1.2,1.38,0.75,1.46,akizuki_gun_b_127_x1,1.08,1.25,1.185,1.32,,,,,,,,,,,,,,,,,,,
gun_6_x2_britain_cl,,152,gun_6_x2,britain,cl,,,,,,didox_gun_cal133_x2,0.9,1.04,0.86,1.72,hood_gun_140_x2,1.2,1.38,0.86,1.08,dido_gun_cal133_x2,0.9,1.04,0.86,1.72,british_adv_cruiser_152_gun_x2,0.85,0.92,0.86,1.33,,,,,,,,,,,,,,,,,,,
gun_6_x3_britain_cl,,152,gun_6_x3,britain,cl,,,,,,didox_gun_cal133_x3,0.9,1.04,0.66,1.72,hood_gun_140_x3,1.2,1.38,0.66,1.08,dido_gun_cal133_x3,0.9,1.04,0.66,1.72,british_adv_cruiser_152_gun_x3,0.85,0.92,0.66,1.33,,,,,,,,,,,,,,,,,,,
gun_6_x4_britain_cl,,152,gun_6_x4,britain,cl,,,,,,,,,,,,,,,,dido_gun_cal133_x4,0.9,1.04,0.6,1.72,british_adv_cruiser_152_gun_x4,0.85,0.92,0.6,1.33,,,,,,,,,,,,,,,,,,,
gun_3_x1_britain_ca,,76,gun_3_x1,britain,"ca, bb, bc",brandenburg_gun_76_x1,0.57,0.75,1,2.1,pen_gun_127_x1,0.675,0.89,1.45,1.26,hood_gun_140_x1,0.6,0.78,1.45,1.76,hood_gun_140_x1,0.6,0.78,1.45,1.76,hood_gun_140_x1,0.6,0.78,1.45,1.76,,,,,,,,,,,,,,,,,,,
gun_3_x2_britain_ca,,76,gun_3_x2,britain,"ca, bb, bc",pen_gun_127_x2,0.675,0.89,1.08,1.26,pen_gun_127_x2,0.675,0.89,1.08,1.26,hood_gun_140_x2,0.6,0.78,1.08,1.76,hood_gun_140_x2,0.6,0.78,1.08,1.76,hood_gun_140_x2,0.6,0.78,1.08,1.76,,,,,,,,,,,,,,,,,,,
gun_3_x3_britain_ca,,76,gun_3_x3,britain,"ca, bb, bc",pen_gun_127_x3,0.675,0.89,0.83,1.18,pen_gun_127_x3,0.675,0.89,0.83,1.18,hood_gun_140_x3,0.6,0.78,0.83,1.76,hood_gun_140_x3,0.6,0.78,0.83,1.76,hood_gun_140_x3,0.6,0.78,0.83,1.76,,,,,,,,,,,,,,,,,,,
gun_3_x4_britain_ca,,76,gun_3_x4,britain,"ca, bb, bc",,,,,,,,,,,,,,,,,,,,,,,,,,,,,,,,,,,,,,,,,,,,
gun_4_x1_britain_ca,,102,gun_4_x1,britain,"ca, bb, bc",brandenburg_gun_76_x1,0.76,0.94,1.1,1.74,pen_gun_127_x1,0.9,1.115,1.7,1.04,hood_gun_140_x1,0.8,0.98,1.7,1.46,hood_gun_140_x1,0.8,0.98,1.7,1.46,hood_gun_140_x1,0.8,0.98,1.7,1.46,,,,,,,,,,,,,,,,,,,
gun_4_x2_britain_ca,,102,gun_4_x2,britain,"ca, bb, bc",pen_gun_127_x2,0.9,1.115,1.28,1.04,pen_gun_127_x2,0.9,1.115,1.28,1.04,hood_gun_140_x2,0.8,0.98,1.28,1.46,hood_gun_140_x2,0.8,0.98,1.28,1.46,hood_gun_140_x2,0.8,0.98,1.28,1.46,,,,,,,,,,,,,,,,,,,
gun_4_x3_britain_ca,,102,gun_4_x3,britain,"ca, bb, bc",pen_gun_127_x3,0.9,1.115,1,0.98,pen_gun_127_x3,0.9,1.115,1,0.98,hood_gun_140_x3,0.8,0.98,1,1.46,hood_gun_140_x3,0.8,0.98,1,1.46,hood_gun_140_x3,0.8,0.98,1,1.46,,,,,,,,,,,,,,,,,,,
gun_4_x4_britain_ca,,102,gun_4_x4,britain,"ca, bb, bc",,,,,,,,,,,,,,,,,,,,,,,,,,,,,,,,,,,,,,,,,,,,
gun_5_x1_britain_ca,,127,gun_5_x1,britain,"ca, bb, bc",tsesarevich_gun_152_x1,0.875,1.045,1.25,1.26,didox_gun_cal133_x1,0.75,0.89,1.25,1.82,hood_gun_140_x1,1,1.18,1.25,1.14,kgeorge_gun_133_x1,1,1.12,1.25,1.31,dido_gun_cal133_x1,0.75,0.89,1.25,1.82,,,,,,,,,,,,,,,,,,,
gun_5_x2_britain_ca,,127,gun_5_x2,britain,"ca, bb, bc",tsesarevich_gun_152_x2,0.875,1.045,0.95,1.26,didox_gun_cal133_x2,0.75,0.89,0.95,1.82,hood_gun_140_x2,1,1.18,0.95,1.14,kgeorge_gun_133_x2,1,1.12,0.95,1.31,dido_gun_cal133_x2,0.75,0.89,0.95,1.82,,,,,,,,,,,,,,,,,,,
gun_5_x3_britain_ca,,127,gun_5_x3,britain,"ca, bb, bc",tsesarevich_gun_152_x3,0.875,1.045,0.75,1.26,didox_gun_cal133_x3,0.75,0.89,0.75,1.82,hood_gun_140_x3,1,1.18,0.75,1.14,kgeorge_gun_133_x3,1,1.12,0.75,1.31,dido_gun_cal133_x3,0.75,0.89,0.75,1.82,,,,,,,,,,,,,,,,,,,
gun_5_x4_britain_ca,,127,gun_5_x4,britain,"ca, bb, bc",,,,,,didox_gun_cal133_x4,0.75,0.89,0.68,1.82,,,,,,,,,,,dido_gun_cal133_x4,0.75,0.89,0.68,1.82,,,,,,,,,,,,,,,,,,,
gun_6_x1_britain_ca,,152,gun_6_x1,britain,"ca, bb, bc",tsesarevich_gun_152_x1,1.050,1.22,1.185,1.2,dreadnought_gun_178_x1,1.02,1.18,1.185,1.1,nelson_gun_152_x1,0.96,1.11,1.185,1.3,nelson_gun_152_x1,0.96,1.11,1.185,1.3,british_adv_cruiser_152_gun_x1,0.85,0.92,1.185,1.33,,,,,,,,,,,,,,,,,,,
gun_6_x2_britain_ca,,152,gun_6_x2,britain,"ca, bb, bc",tsesarevich_gun_152_x2,1.050,1.22,0.86,1.2,dreadnought_gun_178_x2,1.02,1.18,0.86,1.1,nelson_gun_152_x2,0.96,1.11,0.86,1.3,nelson_gun_152_x2,0.96,1.11,0.86,1.3,british_adv_cruiser_152_gun_x2,0.85,0.92,0.86,1.33,,,,,,,,,,,,,,,,,,,
gun_6_x3_britain_ca,,152,gun_6_x3,britain,"ca, bb, bc",tsesarevich_gun_152_x3,1.050,1.22,0.66,1.2,dreadnought_gun_178_x3,1.02,1.18,0.66,1.1,nelson_gun_152_x3,0.96,1.11,0.66,1.3,nelson_gun_152_x3,0.96,1.11,0.66,1.3,british_adv_cruiser_152_gun_x3,0.85,0.92,0.66,1.33,,,,,,,,,,,,,,,,,,,
gun_6_x4_britain_ca,,152,gun_6_x4,britain,"ca, bb, bc",,,,,,dreadnought_gun_178_x4,1.02,1.18,0.6,1.1,nelson_gun_152_x4,0.96,1.11,0.6,1.54,nelson_gun_152_x4,0.96,1.11,0.6,1.54,british_adv_cruiser_152_gun_x4,0.85,0.92,0.6,1.33,,,,,,,,,,,,,,,,,,,
"gun_7_x1_britain_cl,ca",,178,gun_7_x1,britain,"cl, ca, bb, bc",tsesarevich_gun_152_x1,1.225,1.395,1.21,1.18,agamemnon_gun_b_228_x1,1.05,1.19,1.21,1.36,dreadnought_gun_178_x1,1.19,1.35,1.21,1.08,nelson_gun_152_x1,1.12,1.27,1.21,1.28,british_adv_cruiser_152_gun_x1,0.975,1.05,1.21,1.33,,,,,,,,,,,,,,,,,,,
"gun_7_x2_britain_cl,ca",,178,gun_7_x2,britain,"cl, ca, bb, bc",tsesarevich_gun_152_x2,1.225,1.395,0.9,1.18,agamemnon_gun_b_228_x2,1.05,1.19,0.9,1.36,dreadnought_gun_178_x2,1.19,1.35,0.9,1.08,nelson_gun_152_x2,1.12,1.27,0.9,1.28,british_adv_cruiser_152_gun_x2,0.975,1.05,0.9,1.33,,,,,,,,,,,,,,,,,,,
"gun_7_x3_britain_cl,ca",,178,gun_7_x3,britain,"cl, ca, bb, bc",tsesarevich_gun_152_x3,1.225,1.395,0.705,1.18,agamemnon_gun_b_228_x3,1.05,1.19,0.705,1.64,dreadnought_gun_178_x3,1.19,1.35,0.705,1.08,nelson_gun_152_x3,1.12,1.27,0.705,1.28,british_adv_cruiser_152_gun_x3,0.975,1.05,0.705,1.33,,,,,,,,,,,,,,,,,,,
"gun_7_x4_britain_cl,ca",,178,gun_7_x4,britain,"cl, ca, bb, bc",,,,,,agamemnon_gun_b_228_x4,1.05,1.19,0.64,1.64,dreadnought_gun_178_x4,1.19,1.35,0.64,1.08,nelson_gun_152_x4,1.12,1.27,0.64,1.5,british_adv_cruiser_152_gun_x4,0.975,1.05,0.64,1.33,,,,,,,,,,,,,,,,,,,
gun_8_x1_britain_ca,,203,gun_8_x1,britain,"ca, bb, bc",friedrich_gun_228_x1,0.82,0.92,1.17,1.52,agamemnon_gun_228_x1,1.2,1.34,1.17,1.2,nelson_gun_152_x1,1.28,1.43,1.17,1.24,nelson_gun_152_x1,1.28,1.43,1.17,1.24,british_adv_cruiser_152_gun_x1,1.1,1.15,1.17,1.3,,,,,,,,,,,,,,,,,,,
gun_8_x2_britain_ca,,203,gun_8_x2,britain,"ca, bb, bc",friedrich_gun_228_x2,0.82,0.92,0.88,1.52,agamemnon_gun_228_x2,1.2,1.34,0.88,1.2,nelson_gun_152_x2,1.28,1.43,0.88,1.24,nelson_gun_152_x2,1.28,1.43,0.88,1.24,british_adv_cruiser_152_gun_x2,1.1,1.15,0.88,1.3,,,,,,,,,,,,,,,,,,,
gun_8_x3_britain_ca,,203,gun_8_x3,britain,"ca, bb, bc",friedrich_gun_228_x3,0.82,0.92,0.69,1.52,agamemnon_gun_228_x3,1.2,1.34,0.69,1.2,nelson_gun_152_x3,1.28,1.43,0.69,1.24,nelson_gun_152_x3,1.28,1.43,0.69,1.24,british_adv_cruiser_152_gun_x3,1.1,1.15,0.69,1.3,,,,,,,,,,,,,,,,,,,
gun_8_x4_britain_ca,,203,gun_8_x4,britain,"ca, bb, bc",,,,0.63,,agamemnon_gun_228_x4,1.2,1.34,0.63,1.2,nelson_gun_152_x4,1.28,1.43,0.63,1.46,nelson_gun_152_x4,1.28,1.43,0.63,1.46,british_adv_cruiser_152_gun_x4,1.1,1.15,0.63,1.3,,,,,,,,,,,,,,,,,,,
"gun_9_x1_britain_ca,bb,bc",,229,gun_9_x1,britain,"ca, bb, bc",friedrich_gun_228_x1,0.9225,1.0225,1.1,1.46,agamemnon_gun_228_x1,1.35,1.49,1.1,1.16,nelson_gun_152_x1,1.44,1.59,1.1,1.2,nelson_gun_152_x1,1.44,1.59,1.1,1.2,hood_gun_380_x1,0.675,0.745,1.1,1.22,,,,,,,,,,,,,,,,,,,
"gun_9_x2_britain_ca,bb,bc",,229,gun_9_x2,britain,"ca, bb, bc",friedrich_gun_228_x2,0.9225,1.0225,0.82,1.46,agamemnon_gun_228_x2,1.35,1.49,0.82,1.16,nelson_gun_152_x2,1.44,1.59,0.82,1.2,nelson_gun_152_x2,1.44,1.59,0.82,1.2,hood_gun_380_x2,0.675,0.745,0.82,1.22,,,,,,,,,,,,,,,,,,,
"gun_9_x3_britain_ca,bb,bc",,229,gun_9_x3,britain,"ca, bb, bc",friedrich_gun_228_x3,0.9225,1.0225,0.64,1.46,agamemnon_gun_228_x3,1.35,1.49,0.64,1.16,nelson_gun_152_x3,1.44,1.59,0.64,1.2,nelson_gun_152_x3,1.44,1.59,0.64,1.2,hood_gun_380_x3,0.675,0.745,0.64,1.22,,,,,,,,,,,,,,,,,,,
"gun_9_x4_britain_ca,bb,bc",,229,gun_9_x4,britain,"ca, bb, bc",,,,0.58,,agamemnon_gun_228_x4,1.35,1.49,0.58,1.16,nelson_gun_152_x4,1.44,1.59,0.58,1.42,nelson_gun_152_x4,1.44,1.59,0.58,1.42,hood_gun_380_x4,0.675,0.745,0.58,1.22,,,,,,,,,,,,,,,,,,,
"gun_10_x1_britain_ca,bb,bc",,254,gun_10_x1,britain,"ca, bb, bc",friedrich_gun_228_x1,1.025,1.125,1.2,1.425,irresistible_gun_305_x1,1.3,1.47,1.2,0.92,dreadnought_gun_c_305_x1,0.96,1.04,1.2,1.28,nelson_gun_152_x1,1.6,1.75,1.2,1.18,hood_gun_380_x1,0.75,0.82,1.2,1.18,,,,,,,,,,,,,,,,,,,
"gun_10_x2_britain_ca,bb,bc",,254,gun_10_x2,britain,"ca, bb, bc",friedrich_gun_228_x2,1.025,1.125,0.9,1.425,irresistible_gun_305_x2,1.3,1.47,0.9,0.92,dreadnought_gun_c_305_x2,0.96,1.04,0.9,1.28,nelson_gun_152_x2,1.6,1.75,0.9,1.18,hood_gun_380_x2,0.75,0.82,0.9,1.18,,,,,,,,,,,,,,,,,,,
"gun_10_x3_britain_ca,bb,bc",,254,gun_10_x3,britain,"ca, bb, bc",friedrich_gun_228_x3,1.025,1.125,0.68,1.425,irresistible_gun_305_x3,1.3,1.47,0.68,0.92,dreadnought_gun_c_305_x3,0.96,1.04,0.68,1.28,nelson_gun_152_x3,1.6,1.75,0.68,1.18,hood_gun_380_x3,0.75,0.82,0.68,1.18,,,,,,,,,,,,,,,,,,,
"gun_10_x4_britain_ca,bb,bc",,254,gun_10_x4,britain,"ca, bb, bc",,,,,,irresistible_gun_305_x4,1.3,1.47,0.63,0.92,dreadnought_gun_c_305_x4,0.96,1.04,0.63,1.28,nelson_gun_152_x4,1.6,1.75,0.63,1.4,hood_gun_380_x4,0.75,0.82,0.63,1.18,,,,,,,,,,,,,,,,,,,
"gun_11_x1_britain_ca,bb,bc",,279,gun_11_x1,britain,"ca, bb, bc",friedrich_gun_228_x1,1.1275,1.2275,1.07,1.15,irresistible_gun_305_x1,1.475,1.495,1.07,0.7,dreadnought_gun_b_305_x1,1.05,1.13,1.07,1.09,hood_gun_380_x1,0.825,0.895,1.07,0.94,kgeorge_gun_a_380_x1,1,1.075,1.07,0.7,,,,,,,,,,,,,,,,,,,
"gun_11_x2_britain_ca,bb,bc",,279,gun_11_x2,britain,"ca, bb, bc",friedrich_gun_228_x2,1.1275,1.2275,0.82,1.15,irresistible_gun_305_x2,1.475,1.495,0.82,0.7,dreadnought_gun_b_305_x2,1.05,1.13,0.82,1.09,hood_gun_380_x2,0.825,0.895,0.82,0.94,kgeorge_gun_a_380_x2,1,1.075,0.82,0.7,,,,,,,,,,,,,,,,,,,
"gun_11_x3_britain_ca,bb,bc",,279,gun_11_x3,britain,"ca, bb, bc",friedrich_gun_228_x3,1.1275,1.2275,0.66,1.15,irresistible_gun_305_x3,1.475,1.495,0.66,0.7,dreadnought_gun_b_305_x3,1.05,1.13,0.66,1.09,hood_gun_380_x3,0.825,0.895,0.66,0.94,kgeorge_gun_a_380_x3,1,1.075,0.66,0.7,,,,,,,,,,,,,,,,,,,
"gun_11_x4_britain_ca,bb,bc",,279,gun_11_x4,britain,"ca, bb, bc",,,,,,irresistible_gun_305_x4,1.475,1.495,0.61,0.7,dreadnought_gun_b_305_x4,1.05,1.13,0.61,1.09,hood_gun_380_x4,0.825,0.895,0.61,0.94,kgeorge_gun_a_380_x4,1,1.075,0.61,0.7,,,,,,,,,,,,,,,,,,,
"gun_12_x1_britain_bb,bc",,305,gun_12_x1,britain,"bb, bc",irresistible_gun_305_x1,1.5,1.62,1.07,0.75,dreadnought_gun_305_x1,1.14,1.22,1.07,1.1,dreadnought_gun_b_305_x1,1.14,1.22,1.07,1.1,hood_gun_380_x1,0.9,0.97,1.07,0.94,kgeorge_gun_a_380_x1,1.09,1.165,1.07,0.7,,,,,,,,,,,,,,,,,,,
"gun_12_x2_britain_bb,bc",,305,gun_12_x2,britain,"bb, bc",irresistible_gun_305_x2,1.5,1.62,0.82,0.75,dreadnought_gun_305_x2,1.14,1.22,0.82,1.1,dreadnought_gun_b_305_x2,1.14,1.22,0.82,1.1,hood_gun_380_x2,0.9,0.97,0.82,0.94,kgeorge_gun_a_380_x2,1.09,1.165,0.82,0.7,,,,,,,,,,,,,,,,,,,
"gun_12_x3_britain_bb,bc",,305,gun_12_x3,britain,"bb, bc",irresistible_gun_305_x3,1.5,1.62,0.66,0.75,dreadnought_gun_305_x3,1.14,1.22,0.66,1.1,dreadnought_gun_b_305_x3,1.14,1.22,0.66,1.1,hood_gun_380_x3,0.9,0.97,0.66,0.94,kgeorge_gun_a_380_x3,1.09,1.165,0.66,0.7,,,,,,,,,,,,,,,,,,,
"gun_12_x4_britain_bb,bc",,305,gun_12_x4,britain,"bb, bc",irresistible_gun_305_x4,1.5,1.62,0.61,0.75,dreadnought_gun_305_x4,1.14,1.22,0.61,1.1,dreadnought_gun_b_305_x4,1.14,1.22,0.61,1.1,hood_gun_380_x4,0.9,0.97,0.61,0.94,kgeorge_gun_a_380_x4,1.09,1.165,0.61,0.7,,,,,,,,,,,,,,,,,,,
"gun_13_x1_britain_bb,bc",,330,gun_13_x1,britain,"bb, bc",friedrich_gun_305_x1,1.17,1.25,1.13,0.97,dreadnought_gun_305_x1,1.23,1.31,1.13,1.09,dreadnought_gun_b_305_x1,1.23,1.31,1.13,1.09,hood_gun_380_x1,0.975,1.045,1.13,0.94,kgeorge_gun_a_380_x1,1.18,1.255,1.13,0.7,,,,,,,,,,,,,,,,,,,
"gun_13_x2_britain_bb,bc",,330,gun_13_x2,britain,"bb, bc",friedrich_gun_305_x2,1.17,1.25,0.88,0.97,dreadnought_gun_305_x2,1.23,1.31,0.88,1.09,dreadnought_gun_b_305_x2,1.23,1.31,0.88,1.09,hood_gun_380_x2,0.975,1.045,0.88,0.94,kgeorge_gun_a_380_x2,1.18,1.255,0.88,0.7,,,,,,,,,,,,,,,,,,,
"gun_13_x3_britain_bb,bc",,330,gun_13_x3,britain,"bb, bc",friedrich_gun_305_x3,1.17,1.25,0.705,0.97,dreadnought_gun_305_x3,1.23,1.31,0.705,1.09,dreadnought_gun_b_305_x3,1.23,1.31,0.705,1.09,hood_gun_380_x3,0.975,1.045,0.705,0.94,kgeorge_gun_a_380_x3,1.18,1.255,0.705,0.7,,,,,,,,,,,,,,,,,,,
"gun_13_x4_britain_bb,bc",,330,gun_13_x4,britain,"bb, bc",,,,,,dreadnought_gun_305_x4,1.23,1.31,0.65,1.09,dreadnought_gun_b_305_x4,1.23,1.31,0.65,1.09,hood_gun_380_x4,0.975,1.045,0.65,0.94,kgeorge_gun_a_380_x4,1.18,1.255,0.65,0.7,,,,,,,,,,,,,,,,,,,
"gun_14_x1_britain_bb,bc",,356,gun_14_x1,britain,"bb, bc",friedrich_gun_305_x1,1.26,1.34,1.13,0.97,dreadnought_gun_b_305_x1,1.32,1.4,1.13,1.09,hood_gun_380_x1,1.05,1.12,1.13,0.94,hood_gun_380_x1,1.05,1.12,1.13,0.94,kgeorge_gun_a_380_x1,1.27,1.345,1.13,0.7,,,,,,,,,,,,,,,,,,,
"gun_14_x2_britain_bb,bc",,356,gun_14_x2,britain,"bb, bc",friedrich_gun_305_x2,1.26,1.34,0.88,0.97,dreadnought_gun_b_305_x2,1.32,1.4,0.88,1.09,hood_gun_380_x2,1.05,1.12,0.88,0.94,hood_gun_380_x2,1.05,1.12,0.88,0.94,kgeorge_gun_a_380_x2,1.27,1.345,0.88,0.7,,,,,,,,,,,,,,,,,,,
"gun_14_x3_britain_bb,bc",,356,gun_14_x3,britain,"bb, bc",friedrich_gun_305_x3,1.26,1.34,0.705,0.97,dreadnought_gun_b_305_x3,1.32,1.4,0.705,1.09,hood_gun_380_x3,1.05,1.12,0.705,0.94,hood_gun_380_x3,1.05,1.12,0.705,0.94,kgeorge_gun_a_380_x3,1.27,1.345,0.705,0.7,,,,,,,,,,,,,,,,,,,
"gun_14_x4_britain_bb,bc",,356,gun_14_x4,britain,"bb, bc",,,,,,dreadnought_gun_b_305_x4,1.32,1.4,0.66,1.09,hood_gun_380_x4,1.05,1.12,0.66,0.94,hood_gun_380_x4,1.05,1.12,0.66,0.94,kgeorge_gun_a_380_x4,1.27,1.345,0.66,0.7,,,,,,,,,,,,,,,,,,,
"gun_15_x1_britain_bb,bc",,381,gun_15_x1,britain,"bb, bc",hood_gun_380_x1,1.125,1.195,1.14,0.94,hood_gun_380_x1,1.125,1.195,1.14,0.94,hood_gun_380_x1,1.125,1.195,1.14,0.94,hood_gun_380_x1,1.125,1.195,1.14,0.94,kgeorge_gun_a_380_x1,1.36,1.435,1.14,0.7,,,,,,,,,,,,,,,,,,,
"gun_15_x2_britain_bb,bc",,381,gun_15_x2,britain,"bb, bc",hood_gun_380_x2,1.125,1.195,0.9,0.94,hood_gun_380_x2,1.125,1.195,0.9,0.94,hood_gun_380_x2,1.125,1.195,0.9,0.94,hood_gun_380_x2,1.125,1.195,0.9,0.94,kgeorge_gun_a_380_x2,1.36,1.435,0.9,0.7,,,,,,,,,,,,,,,,,,,
"gun_15_x3_britain_bb,bc",,381,gun_15_x3,britain,"bb, bc",hood_gun_380_x3,1.125,1.195,0.72,0.94,hood_gun_380_x3,1.125,1.195,0.72,0.94,hood_gun_380_x3,1.125,1.195,0.72,0.94,hood_gun_380_x3,1.125,1.195,0.72,0.94,kgeorge_gun_a_380_x3,1.36,1.435,0.72,0.7,,,,,,,,,,,,,,,,,,,
"gun_15_x4_britain_bb,bc",,381,gun_15_x4,britain,"bb, bc",hood_gun_380_x4,1.125,1.195,0.675,0.94,hood_gun_380_x4,1.125,1.195,0.675,0.94,hood_gun_380_x4,1.125,1.195,0.675,0.94,hood_gun_380_x4,1.125,1.195,0.675,0.94,kgeorge_gun_a_380_x4,1.36,1.435,0.675,0.7,,,,,,,,,,,,,,,,,,,
"gun_16_x1_britain_bb,bc",,406,gun_16_x1,britain,"bb, bc",hood_gun_380_x1,1.2,1.27,1.15,0.92,hood_gun_380_x1,1.2,1.27,1.15,0.92,hood_gun_380_x1,1.2,1.27,1.15,0.92,nelson_gun_406_x1,1.2,1.27,1.15,0.84,kgeorge_gun_a_380_x1,1.45,1.525,1.15,0.69,,,,,,,,,,,,,,,,,,,
"gun_16_x2_britain_bb,bc",,406,gun_16_x2,britain,"bb, bc",hood_gun_380_x2,1.2,1.27,0.93,0.92,hood_gun_380_x2,1.2,1.27,0.93,0.92,hood_gun_380_x2,1.2,1.27,0.93,0.92,nelson_gun_406_x2,1.2,1.27,0.93,0.84,kgeorge_gun_a_380_x2,1.45,1.525,0.93,0.69,,,,,,,,,,,,,,,,,,,
"gun_16_x3_britain_bb,bc",,406,gun_16_x3,britain,"bb, bc",hood_gun_380_x3,1.2,1.27,0.75,0.92,hood_gun_380_x3,1.2,1.27,0.75,0.92,hood_gun_380_x3,1.2,1.27,0.75,0.92,nelson_gun_406_x3,1.2,1.27,0.75,0.84,kgeorge_gun_a_380_x3,1.45,1.525,0.75,0.69,,,,,,,,,,,,,,,,,,,
"gun_16_x4_britain_bb,bc",,406,gun_16_x4,britain,"bb, bc",hood_gun_380_x4,1.2,1.27,0.68,0.92,hood_gun_380_x4,1.2,1.27,0.68,0.92,hood_gun_380_x4,1.2,1.27,0.68,0.92,nelson_gun_406_x4,1.2,1.27,0.68,0.84,kgeorge_gun_a_380_x4,1.45,1.525,0.68,0.69,,,,,,,,,,,,,,,,,,,
"gun_17_x1_britain_bb,bc",,432,gun_17_x1,britain,"bb, bc",hood_gun_380_x1,1.275,1.345,1.2,0.92,nelson_gun_406_x1,1.275,1.345,1.2,0.84,nelson_gun_406_x1,1.275,1.345,1.2,0.84,nelson_gun_406_x1,1.275,1.345,1.2,0.84,kgeorge_gun_a_380_x1,1.54,1.615,1.2,0.69,,,,,,,,,,,,,,,,,,,
"gun_17_x2_britain_bb,bc",,432,gun_17_x2,britain,"bb, bc",hood_gun_380_x2,1.275,1.345,0.95,0.92,nelson_gun_406_x2,1.275,1.345,0.95,0.84,nelson_gun_406_x2,1.275,1.345,0.95,0.84,nelson_gun_406_x2,1.275,1.345,0.95,0.84,kgeorge_gun_a_380_x2,1.54,1.615,0.95,0.69,,,,,,,,,,,,,,,,,,,
"gun_17_x3_britain_bb,bc",,432,gun_17_x3,britain,"bb, bc",hood_gun_380_x3,1.275,1.345,0.775,0.92,nelson_gun_406_x3,1.275,1.345,0.775,0.84,nelson_gun_406_x3,1.275,1.345,0.775,0.84,nelson_gun_406_x3,1.275,1.345,0.775,0.84,kgeorge_gun_a_380_x3,1.54,1.615,0.775,0.69,,,,,,,,,,,,,,,,,,,
"gun_17_x4_britain_bb,bc",,432,gun_17_x4,britain,"bb, bc",hood_gun_380_x4,1.275,1.345,0.71,0.92,nelson_gun_406_x4,1.275,1.345,0.71,0.84,nelson_gun_406_x4,1.275,1.345,0.71,0.84,nelson_gun_406_x4,1.275,1.345,0.71,0.84,kgeorge_gun_a_380_x4,1.54,1.615,0.71,0.69,,,,,,,,,,,,,,,,,,,
"gun_18_x1_britain_bb,bc",,457,gun_18_x1,britain,"bb, bc",hood_gun_380_x1,1.35,1.42,1.23,0.92,nelson_gun_406_x1,1.35,1.42,1.23,0.83,nelson_gun_406_x1,1.35,1.42,1.23,0.83,nelson_gun_406_x1,1.35,1.42,1.23,0.83,kgeorge_gun_a_380_x1,1.63,1.705,1.23,0.68,,,,,,,,,,,,,,,,,,,
"gun_18_x2_britain_bb,bc",,457,gun_18_x2,britain,"bb, bc",hood_gun_380_x2,1.35,1.42,0.985,0.92,nelson_gun_406_x2,1.35,1.42,0.985,0.83,nelson_gun_406_x2,1.35,1.42,0.985,0.83,nelson_gun_406_x2,1.35,1.42,0.985,0.83,kgeorge_gun_a_380_x2,1.63,1.705,0.985,0.68,,,,,,,,,,,,,,,,,,,
"gun_18_x3_britain_bb,bc",,457,gun_18_x3,britain,"bb, bc",hood_gun_380_x3,1.35,1.42,0.81,0.92,nelson_gun_406_x3,1.35,1.42,0.81,0.83,nelson_gun_406_x3,1.35,1.42,0.81,0.83,nelson_gun_406_x3,1.35,1.42,0.81,0.83,kgeorge_gun_a_380_x3,1.63,1.705,0.81,0.68,,,,,,,,,,,,,,,,,,,
"gun_18_x4_britain_bb,bc",,457,gun_18_x4,britain,"bb, bc",hood_gun_380_x4,1.35,1.42,0.735,0.92,nelson_gun_406_x4,1.35,1.42,0.735,0.83,nelson_gun_406_x4,1.35,1.42,0.735,0.83,nelson_gun_406_x4,1.35,1.42,0.735,0.83,kgeorge_gun_a_380_x4,1.63,1.705,0.735,0.68,,,,,,,,,,,,,,,,,,,
"gun_19_x1_britain_bb,bc",,483,gun_19_x1,britain,"bb, bc",hood_gun_380_x1,1.425,1.495,1.16,0.92,nelson_gun_406_x1,1.425,1.495,1.16,0.83,nelson_gun_406_x1,1.425,1.495,1.16,0.83,kgeorge_gun_a_380_x1,1.72,1.795,1.16,0.68,kgeorge_gun_a_380_x1,1.72,1.795,1.16,0.68,,,,,,,,,,,,,,,,,,,
"gun_19_x2_britain_bb,bc",,483,gun_19_x2,britain,"bb, bc",hood_gun_380_x2,1.425,1.495,0.95,0.92,nelson_gun_406_x2,1.425,1.495,0.95,0.83,nelson_gun_406_x2,1.425,1.495,0.95,0.83,kgeorge_gun_a_380_x2,1.72,1.795,0.95,0.68,kgeorge_gun_a_380_x2,1.72,1.795,0.95,0.68,,,,,,,,,,,,,,,,,,,
"gun_19_x3_britain_bb,bc",,483,gun_19_x3,britain,"bb, bc",hood_gun_380_x3,1.425,1.495,0.78,0.92,nelson_gun_406_x3,1.425,1.495,0.78,0.83,nelson_gun_406_x3,1.425,1.495,0.78,0.83,kgeorge_gun_a_380_x3,1.72,1.795,0.78,0.68,kgeorge_gun_a_380_x3,1.72,1.795,0.78,0.68,,,,,,,,,,,,,,,,,,,
"gun_19_x4_britain_bb,bc",,483,gun_19_x4,britain,"bb, bc",hood_gun_380_x4,1.425,1.495,0.725,0.92,nelson_gun_406_x4,1.425,1.495,0.725,0.83,nelson_gun_406_x4,1.425,1.495,0.725,0.83,kgeorge_gun_a_380_x4,1.72,1.795,0.725,0.68,kgeorge_gun_a_380_x4,1.72,1.795,0.725,0.68,,,,,,,,,,,,,,,,,,,
"gun_20_x1_britain_bb,bc",,508,gun_20_x1,britain,"bb, bc",hood_gun_380_x1,1.5,1.57,1.05,0.9,nelson_gun_406_x1,1.5,1.57,1.05,0.82,nelson_gun_406_x1,1.5,1.57,1.05,0.82,kgeorge_gun_a_380_x1,1.81,1.885,1.05,0.68,kgeorge_gun_a_380_x1,1.81,1.885,1.05,0.68,,,,,,,,,,,,,,,,,,,
"gun_20_x2_britain_bb,bc",,508,gun_20_x2,britain,"bb, bc",hood_gun_380_x2,1.5,1.57,0.85,0.9,nelson_gun_406_x2,1.5,1.57,0.85,0.82,nelson_gun_406_x2,1.5,1.57,0.85,0.82,kgeorge_gun_a_380_x2,1.81,1.885,0.85,0.68,kgeorge_gun_a_380_x2,1.81,1.885,0.85,0.68,,,,,,,,,,,,,,,,,,,
"gun_20_x3_britain_bb,bc",,508,gun_20_x3,britain,"bb, bc",hood_gun_380_x3,1.5,1.57,0.7,0.9,nelson_gun_406_x3,1.5,1.57,0.7,0.82,nelson_gun_406_x3,1.5,1.57,0.7,0.82,kgeorge_gun_a_380_x3,1.81,1.885,0.7,0.68,kgeorge_gun_a_380_x3,1.81,1.885,0.7,0.68,,,,,,,,,,,,,,,,,,,
"gun_20_x4_britain_bb,bc",,508,gun_20_x4,britain,"bb, bc",hood_gun_380_x4,1.5,1.57,0.65,0.9,nelson_gun_406_x4,1.5,1.57,0.65,0.82,nelson_gun_406_x4,1.5,1.57,0.65,0.82,kgeorge_gun_a_380_x4,1.81,1.885,0.65,0.68,kgeorge_gun_a_380_x4,1.81,1.885,0.65,0.68,,,,,,,,,,,,,,,,,,,
###,,,###,,,,,,,,,,,,,,,,,,,,,,,,,,,,,,,,,,,,,,,,,,,,,,
gun_2_x1_italy,,51,gun_2_x1,italy,,jap_tb_gun_76_x1,0.8,1.15,0.66,1.8,jap_tb_gun_76_x1,0.8,1.15,0.66,1.8,iowa_gun_127_x1,0.5,0.72,0.92,1.8,iowa_gun_127_x1,0.5,0.72,0.92,1.8,iowa_gun_127_x1,0.5,0.72,0.92,1.8,,,,,,,,,,,,,,,,,,,
gun_2_x2_italy,,51,gun_2_x2,italy,,pen_gun_127_x2,0.45,0.665,0.7,1.48,hood_gun_140_x2,0.4,0.58,0.7,2.08,iowa_gun_127_x2,0.5,0.72,0.7,1.8,iowa_gun_127_x2,0.5,0.72,0.7,1.8,iowa_gun_127_x2,0.5,0.72,0.7,1.8,,,,,,,,,,,,,,,,,,,
gun_2_x3_italy,,51,gun_2_x3,italy,,pen_gun_127_x3,0.45,0.665,0.55,1.4,hood_gun_140_x3,0.4,0.58,0.55,2.08,iowa_gun_127_x3,0.5,0.72,0.55,1.8,iowa_gun_127_x3,0.5,0.72,0.55,1.8,iowa_gun_127_x3,0.5,0.72,0.55,1.8,,,,,,,,,,,,,,,,,,,
gun_2_x4_italy,,51,gun_2_x4,italy,,,,,,,,,,,,iowa_gun_127_x4,0.5,0.72,0.5,1.8,iowa_gun_127_x4,0.5,0.72,0.5,1.8,iowa_gun_127_x4,0.5,0.72,0.5,1.8,,,,,,,,,,,,,,,,,,,
gun_3_x1_italy_dd,,76,gun_3_x1,italy,"dd, tb",jap_tb_gun_76_x1,1.2,1.55,1,1.52,jap_tb_gun_76_x1,1.2,1.55,1,1.52,pola_gun_100_x1,0.75,0.98,1.45,1.84,pola_gun_100_x1,0.75,0.98,1.45,1.84,pola_gun_100_x1,0.75,0.98,1.45,1.84,,,,,,,,,,,,,,,,,,,
gun_3_x2_italy_dd,,76,gun_3_x2,italy,"dd, tb",pen_gun_127_x2,0.675,0.89,1.08,1.26,hood_gun_140_x2,0.6,0.78,1.08,1.76,pola_gun_100_x2,0.75,0.98,1.08,1.84,pola_gun_100_x2,0.75,0.98,1.08,1.84,pola_gun_100_x2,0.75,0.98,1.08,1.84,,,,,,,,,,,,,,,,,,,
gun_3_x3_italy_dd,,76,gun_3_x3,italy,"dd, tb",pen_gun_127_x3,0.675,0.89,0.83,1.18,hood_gun_140_x3,0.6,0.78,0.83,1.76,pola_gun_100_x3,0.75,0.98,0.83,1.84,pola_gun_100_x3,0.75,0.98,0.83,1.84,pola_gun_100_x3,0.75,0.98,0.83,1.84,,,,,,,,,,,,,,,,,,,
gun_3_x4_italy_dd,,76,gun_3_x4,italy,"dd, tb",,,,,,,,,,,pola_gun_100_x4,0.75,0.98,0.74,1.84,pola_gun_100_x4,0.75,0.98,0.74,1.84,pola_gun_100_x4,0.75,0.98,0.74,1.84,,,,,,,,,,,,,,,,,,,
gun_4_x1_italy_dd,,102,gun_4_x1,italy,"dd, tb",dd_s_gun_c_102_x1,0.76,0.94,1.1,1.74,dd_s_gun_c_102_x1,0.76,0.94,1.1,1.74,pola_gun_100_x1,1,1.23,1.7,1.52,pola_gun_100_x1,1,1.23,1.7,1.52,pola_gun_100_x1,1,1.23,1.7,1.52,,,,,,,,,,,,,,,,,,,
gun_4_x2_italy_dd,,102,gun_4_x2,italy,"dd, tb",pen_gun_127_x2,0.9,1.115,1.28,1.04,hood_gun_140_x2,0.8,0.98,1.28,1.46,pola_gun_100_x2,1,1.23,1.28,1.52,pola_gun_100_x2,1,1.23,1.28,1.52,pola_gun_100_x2,1,1.23,1.28,1.52,,,,,,,,,,,,,,,,,,,
gun_4_x3_italy_dd,,102,gun_4_x3,italy,"dd, tb",pen_gun_127_x3,0.9,1.115,1,0.98,hood_gun_140_x3,0.8,0.98,1,1.46,pola_gun_100_x3,1,1.23,1,1.52,pola_gun_100_x3,1,1.23,1,1.52,pola_gun_100_x3,1,1.23,1,1.52,,,,,,,,,,,,,,,,,,,
gun_4_x4_italy_dd,,102,gun_4_x4,italy,"dd, tb",,,,,,,,,,,pola_gun_100_x4,1,1.23,0.85,1.52,pola_gun_100_x4,1,1.23,0.85,1.52,pola_gun_100_x4,1,1.23,0.85,1.52,,,,,,,,,,,,,,,,,,,
gun_5_x1_italy_dd,,127,gun_5_x1,italy,"dd, tb",dd_s_gun_c_102_x1,0.95,1.13,0.85,1.36,hood_gun_140_x1,1,1.18,1.25,1.14,pola_gun_100_x1,1.25,1.48,1.25,1.2,pola_gun_100_x1,1.25,1.48,1.25,1.2,pola_gun_100_x1,1.25,1.48,1.25,1.2,,,,,,,,,,,,,,,,,,,
gun_5_x2_italy_dd,,127,gun_5_x2,italy,"dd, tb",pen_gun_127_x2,1.125,1.34,0.95,0.82,hood_gun_140_x2,1,1.18,0.95,1.14,pola_gun_100_x2,1.25,1.48,0.95,1.2,pola_gun_100_x2,1.25,1.48,0.95,1.2,pola_gun_100_x2,1.25,1.48,0.95,1.2,,,,,,,,,,,,,,,,,,,
gun_5_x3_italy_dd,,127,gun_5_x3,italy,"dd, tb",pen_gun_127_x3,1.125,1.34,0.75,0.76,hood_gun_140_x3,1,1.18,0.75,1.14,pola_gun_100_x3,1.25,1.48,0.75,1.2,pola_gun_100_x3,1.25,1.48,0.75,1.2,pola_gun_100_x3,1.25,1.48,0.75,1.2,,,,,,,,,,,,,,,,,,,
gun_5_x4_italy_dd,,127,gun_5_x4,italy,"dd, tb",,,,,,,,,,,pola_gun_100_x4,1.25,1.48,0.68,1.2,pola_gun_100_x4,1.25,1.48,0.68,1.2,pola_gun_100_x4,1.25,1.48,0.68,1.2,,,,,,,,,,,,,,,,,,,
gun_3_x1_italy_cl,,76,gun_3_x1,italy,cl,jap_tb_gun_76_x1,1.2,1.55,1,1.52,jap_tb_gun_76_x1,1.2,1.55,1,1.52,pola_gun_100_x1,0.75,0.98,1.45,1.84,pola_gun_100_x1,0.75,0.98,1.45,1.84,pola_gun_100_x1,0.75,0.98,1.45,1.84,,,,,,,,,,,,,,,,,,,
gun_3_x2_italy_cl,,76,gun_3_x2,italy,cl,pen_gun_127_x2,0.675,0.89,1.08,1.26,hood_gun_140_x2,0.6,0.78,1.08,1.76,pola_gun_100_x2,0.75,0.98,1.08,1.84,pola_gun_100_x2,0.75,0.98,1.08,1.84,pola_gun_100_x2,0.75,0.98,1.08,1.84,,,,,,,,,,,,,,,,,,,
gun_3_x3_italy_cl,,76,gun_3_x3,italy,cl,pen_gun_127_x3,0.675,0.89,0.83,1.18,hood_gun_140_x3,0.6,0.78,0.83,1.76,pola_gun_100_x3,0.75,0.98,0.83,1.84,pola_gun_100_x3,0.75,0.98,0.83,1.84,pola_gun_100_x3,0.75,0.98,0.83,1.84,,,,,,,,,,,,,,,,,,,
gun_3_x4_italy_cl,,76,gun_3_x4,italy,cl,,,,,,,,,,,pola_gun_100_x4,0.75,0.98,0.74,1.84,pola_gun_100_x4,0.75,0.98,0.74,1.84,pola_gun_100_x4,0.75,0.98,0.74,1.84,,,,,,,,,,,,,,,,,,,
gun_4_x1_italy_cl,,102,gun_4_x1,italy,cl,dd_s_gun_c_102_x1,0.76,0.94,1.1,1.74,dd_s_gun_c_102_x1,0.76,0.94,1.1,1.74,pola_gun_100_x1,1,1.23,1.7,1.52,pola_gun_100_x1,1,1.23,1.7,1.52,pola_gun_100_x1,1,1.23,1.7,1.52,,,,,,,,,,,,,,,,,,,
gun_4_x2_italy_cl,,102,gun_4_x2,italy,cl,pen_gun_127_x2,0.9,1.115,1.28,1.04,hood_gun_140_x2,0.8,0.98,1.28,1.46,pola_gun_100_x2,1,1.23,1.28,1.52,pola_gun_100_x2,1,1.23,1.28,1.52,pola_gun_100_x2,1,1.23,1.28,1.52,,,,,,,,,,,,,,,,,,,
gun_4_x3_italy_cl,,102,gun_4_x3,italy,cl,pen_gun_127_x3,0.9,1.115,1,0.98,hood_gun_140_x3,0.8,0.98,1,1.46,pola_gun_100_x3,1,1.23,1,1.52,pola_gun_100_x3,1,1.23,1,1.52,pola_gun_100_x3,1,1.23,1,1.52,,,,,,,,,,,,,,,,,,,
gun_4_x4_italy_cl,,102,gun_4_x4,italy,cl,,,,,,,,,,,pola_gun_100_x4,1,1.23,0.85,1.52,pola_gun_100_x4,1,1.23,0.85,1.52,pola_gun_100_x4,1,1.23,0.85,1.52,,,,,,,,,,,,,,,,,,,
gun_5_x1_italy_cl,,127,gun_5_x1,italy,cl,dd_s_gun_c_102_x1,0.95,1.13,0.85,1.36,hood_gun_140_x1,1,1.18,1.25,1.14,hood_gun_140_x1,1,1.18,1.25,1.14,mont_gun_152_x1,0.875,1.045,1.25,1.34,mont_gun_152_x1,0.875,1.045,1.25,1.34,,,,,,,,,,,,,,,,,,,
gun_5_x2_italy_cl,,127,gun_5_x2,italy,cl,pen_gun_127_x2,1.125,1.34,0.95,0.82,hood_gun_140_x2,1,1.18,0.95,1.14,hood_gun_140_x2,1,1.18,0.95,1.14,mont_gun_152_x2,0.875,1.045,0.95,1.34,mont_gun_152_x2,0.875,1.045,0.95,1.34,,,,,,,,,,,,,,,,,,,
gun_5_x3_italy_cl,,127,gun_5_x3,italy,cl,pen_gun_127_x3,1.125,1.34,0.75,0.76,hood_gun_140_x3,1,1.18,0.75,1.14,hood_gun_140_x3,1,1.18,0.75,1.14,mont_gun_152_x3,0.875,1.045,0.75,1.34,mont_gun_152_x3,0.875,1.045,0.75,1.34,,,,,,,,,,,,,,,,,,,
gun_5_x4_italy_cl,,127,gun_5_x4,italy,cl,,,,,,,,,,,,,,,,mont_gun_152_x4,0.875,1.045,0.68,1.34,mont_gun_152_x4,0.875,1.045,0.68,1.34,,,,,,,,,,,,,,,,,,,
gun_6_x1_italy_cl,,152,gun_6_x1,italy,cl,dd_s_gun_c_102_x1,1.14,1.32,0.75,1.28,spee_gun_150_x1,1.05,1.215,1.185,1.4,spee_gun_150_x1,1.05,1.215,1.185,1.4,mont_gun_152_x1,1.050,1.22,1.185,1.28,mont_gun_152_x1,1.050,1.22,1.185,1.28,,,,,,,,,,,,,,,,,,,
gun_6_x2_italy_cl,,152,gun_6_x2,italy,cl,tsesarevich_gun_152_x2,1.050,1.22,0.86,1.2,spee_gun_150_x2,1.05,1.215,0.86,1.4,spee_gun_150_x2,1.05,1.215,0.86,1.4,mont_gun_152_x2,1.050,1.22,0.86,1.28,mont_gun_152_x2,1.050,1.22,0.86,1.28,,,,,,,,,,,,,,,,,,,
gun_6_x3_italy_cl,,152,gun_6_x3,italy,cl,tsesarevich_gun_152_x3,1.050,1.22,0.66,1.2,spee_gun_150_x3,1.05,1.215,0.66,1.4,spee_gun_150_x3,1.05,1.215,0.66,1.4,mont_gun_152_x3,1.050,1.22,0.66,1.28,mont_gun_152_x3,1.050,1.22,0.66,1.28,,,,,,,,,,,,,,,,,,,
gun_6_x4_italy_cl,,152,gun_6_x4,italy,cl,,,,,,,,,,,,,,,,mont_gun_152_x4,1.050,1.22,0.6,1.28,mont_gun_152_x4,1.050,1.22,0.6,1.28,,,,,,,,,,,,,,,,,,,
"gun_3_x1_italy_ca,bb,bc",,76,gun_3_x1,italy,"ca, bb, bc",jap_tb_gun_76_x1,1.2,1.55,1,1.52,jap_tb_gun_76_x1,1.2,1.55,1,1.52,litt_gun_90_x1,0.75,0.98,1.45,1.92,litt_gun_90_x1,0.75,0.98,1.45,1.92,litt_gun_90_x1,0.75,0.98,1.45,1.92,,,,,,,,,,,,,,,,,,,
"gun_3_x2_italy_ca,bb,bc",,76,gun_3_x2,italy,"ca, bb, bc",pen_gun_127_x2,0.675,0.89,1.08,1.26,hood_gun_140_x2,0.6,0.78,1.08,1.76,litt_gun_90_x2,0.75,0.98,1.08,1.92,litt_gun_90_x2,0.75,0.98,1.08,1.92,litt_gun_90_x2,0.75,0.98,1.08,1.92,,,,,,,,,,,,,,,,,,,
"gun_3_x3_italy_ca,bb,bc",,76,gun_3_x3,italy,"ca, bb, bc",pen_gun_127_x3,0.675,0.89,0.83,1.18,hood_gun_140_x3,0.6,0.78,0.83,1.76,litt_gun_90_x3,0.75,0.98,0.83,1.92,litt_gun_90_x3,0.75,0.98,0.83,1.92,litt_gun_90_x3,0.75,0.98,0.83,1.92,,,,,,,,,,,,,,,,,,,
"gun_3_x4_italy_ca,bb,bc",,76,gun_3_x4,italy,"ca, bb, bc",,,,,,,,,,,litt_gun_90_x4,0.75,0.98,0.74,1.92,litt_gun_90_x4,0.75,0.98,0.74,1.92,litt_gun_90_x4,0.75,0.98,0.74,1.92,,,,,,,,,,,,,,,,,,,
"gun_4_x1_italy_ca,bb,bc",,102,gun_4_x1,italy,"ca, bb, bc",dd_s_gun_c_102_x1,0.76,0.94,1.1,1.74,dd_s_gun_c_102_x1,0.76,0.94,1.1,1.74,litt_gun_90_x1,1,1.23,1.7,1.58,litt_gun_90_x1,1,1.23,1.7,1.58,litt_gun_90_x1,1,1.23,1.7,1.58,,,,,,,,,,,,,,,,,,,
"gun_4_x2_italy_ca,bb,bc",,102,gun_4_x2,italy,"ca, bb, bc",pen_gun_127_x2,0.9,1.115,1.28,1.04,hood_gun_140_x2,0.8,0.98,1.28,1.46,litt_gun_90_x2,1,1.23,1.28,1.58,litt_gun_90_x2,1,1.23,1.28,1.58,litt_gun_90_x2,1,1.23,1.28,1.58,,,,,,,,,,,,,,,,,,,
"gun_4_x3_italy_ca,bb,bc",,102,gun_4_x3,italy,"ca, bb, bc",pen_gun_127_x3,0.9,1.115,1,0.98,hood_gun_140_x3,0.8,0.98,1,1.46,litt_gun_90_x3,1,1.23,1,1.58,litt_gun_90_x3,1,1.23,1,1.58,litt_gun_90_x3,1,1.23,1,1.58,,,,,,,,,,,,,,,,,,,
"gun_4_x4_italy_ca,bb,bc",,102,gun_4_x4,italy,"ca, bb, bc",,,,,,,,,,,litt_gun_90_x4,1,1.23,0.85,1.58,litt_gun_90_x4,1,1.23,0.85,1.58,litt_gun_90_x4,1,1.23,0.85,1.58,,,,,,,,,,,,,,,,,,,
"gun_5_x1_italy_ca,bb,bc",,127,gun_5_x1,italy,"ca, bb, bc",tsesarevich_gun_152_x1,0.875,1.045,1.25,1.26,hood_gun_140_x1,1,1.18,1.25,1.14,hood_gun_140_x1,1,1.18,1.25,1.14,litt_gun_152a_x1,0.875,1.045,1.25,1.34,litt_gun_152a_x1,0.875,1.045,1.25,1.34,,,,,,,,,,,,,,,,,,,
"gun_5_x2_italy_ca,bb,bc",,127,gun_5_x2,italy,"ca, bb, bc",tsesarevich_gun_152_x2,0.875,1.045,0.95,1.26,hood_gun_140_x2,1,1.18,0.95,1.14,hood_gun_140_x2,1,1.18,0.95,1.14,litt_gun_152a_x2,0.875,1.045,0.95,1.34,litt_gun_152a_x2,0.875,1.045,0.95,1.34,,,,,,,,,,,,,,,,,,,
"gun_5_x3_italy_ca,bb,bc",,127,gun_5_x3,italy,"ca, bb, bc",tsesarevich_gun_152_x3,0.875,1.045,0.75,1.26,hood_gun_140_x3,1,1.18,0.75,1.14,hood_gun_140_x3,1,1.18,0.75,1.14,litt_gun_152a_x3,0.875,1.045,0.75,1.34,litt_gun_152a_x3,0.875,1.045,0.75,1.34,,,,,,,,,,,,,,,,,,,
"gun_5_x4_italy_ca,bb,bc",,127,gun_5_x4,italy,"ca, bb, bc",,,,,,,,,,,,,,,,litt_gun_152a_x4,0.875,1.045,0.68,1.34,litt_gun_152a_x4,0.875,1.045,0.68,1.34,,,,,,,,,,,,,,,,,,,
"gun_6_x1_italy_ca,bb,bc",,152,gun_6_x1,italy,"ca, bb, bc",tsesarevich_gun_152_x1,1.050,1.22,1.185,1.2,spee_gun_150_x1,1.05,1.215,1.185,1.4,spee_gun_150_x1,1.05,1.215,1.185,1.4,litt_gun_152a_x1,1.050,1.22,1.185,1.28,litt_gun_152a_x1,1.050,1.22,1.185,1.28,,,,,,,,,,,,,,,,,,,
"gun_6_x2_italy_ca,bb,bc",,152,gun_6_x2,italy,"ca, bb, bc",tsesarevich_gun_152_x2,1.050,1.22,0.86,1.2,spee_gun_150_x2,1.05,1.215,0.86,1.4,spee_gun_150_x2,1.05,1.215,0.86,1.4,litt_gun_152a_x2,1.050,1.22,0.86,1.28,litt_gun_152a_x2,1.050,1.22,0.86,1.28,,,,,,,,,,,,,,,,,,,
"gun_6_x3_italy_ca,bb,bc",,152,gun_6_x3,italy,"ca, bb, bc",tsesarevich_gun_152_x3,1.050,1.22,0.66,1.2,spee_gun_150_x3,1.05,1.215,0.66,1.4,spee_gun_150_x3,1.05,1.215,0.66,1.4,litt_gun_152a_x3,1.050,1.22,0.66,1.28,litt_gun_152a_x3,1.050,1.22,0.66,1.28,,,,,,,,,,,,,,,,,,,
"gun_6_x4_italy_ca,bb,bc",,152,gun_6_x4,italy,"ca, bb, bc",warrior_gun_228_x4,0.9,1.04,0.6,1.04,,,,,,,,,,,litt_gun_152a_x4,1.050,1.22,0.6,1.28,litt_gun_152a_x4,1.050,1.22,0.6,1.28,,,,,,,,,,,,,,,,,,,
"gun_7_x1_italy_cl,ca,bb,bc",,178,gun_7_x1,italy,"cl, ca, bb, bc",warrior_gun_228_x1,1.05,1.19,1.21,1.02,spee_gun_150_x1,1.225,1.39,1.21,1.38,spee_gun_150_x1,1.225,1.39,1.21,1.38,litt_gun_152a_x1,1.225,1.395,1.21,1.24,litt_gun_152a_x1,1.225,1.395,1.21,1.24,,,,,,,,,,,,,,,,,,,
"gun_7_x2_italy_cl,ca,bb,bc",,178,gun_7_x2,italy,"cl, ca, bb, bc",warrior_gun_228_x2,1.05,1.19,0.9,1.02,spee_gun_150_x2,1.225,1.39,0.9,1.38,spee_gun_150_x2,1.225,1.39,0.9,1.38,litt_gun_152a_x2,1.225,1.395,0.9,1.24,litt_gun_152a_x2,1.225,1.395,0.9,1.24,,,,,,,,,,,,,,,,,,,
"gun_7_x3_italy_cl,ca,bb,bc",,178,gun_7_x3,italy,"cl, ca, bb, bc",warrior_gun_228_x3,1.05,1.19,0.705,1.02,spee_gun_150_x3,1.225,1.39,0.705,1.38,spee_gun_150_x3,1.225,1.39,0.705,1.38,litt_gun_152a_x3,1.225,1.395,0.705,1.24,litt_gun_152a_x3,1.225,1.395,0.705,1.24,,,,,,,,,,,,,,,,,,,
"gun_7_x4_italy_cl,ca,bb,bc",,178,gun_7_x4,italy,"cl, ca, bb, bc",warrior_gun_228_x4,1.05,1.19,0.64,1.02,,,,,,,,,,,litt_gun_152a_x4,1.225,1.395,0.64,1.24,litt_gun_152a_x4,1.225,1.395,0.64,1.24,,,,,,,,,,,,,,,,,,,
"gun_8_x1_italy_ca,bb,bc",,203,gun_8_x1,italy,"ca, bb, bc",warrior_gun_228_x1,1.2,1.34,1.17,1,dido_gun_cal200_x1,0.78,0.86,1.17,1.38,dido_gun_cal200_x1,0.78,0.86,1.17,1.38,trento_gun_203_x1,1,1.12,1.17,1.22,trento_gun_203_x1,1,1.12,1.17,1.22,,,,,,,,,,,,,,,,,,,
"gun_8_x2_italy_ca,bb,bc",,203,gun_8_x2,italy,"ca, bb, bc",warrior_gun_228_x2,1.2,1.34,0.88,1,dido_gun_cal200_x2,0.78,0.86,0.88,1.38,dido_gun_cal200_x2,0.78,0.86,0.88,1.38,trento_gun_203_x2,1,1.12,0.88,1.22,trento_gun_203_x2,1,1.12,0.88,1.22,,,,,,,,,,,,,,,,,,,
"gun_8_x3_italy_ca,bb,bc",,203,gun_8_x3,italy,"ca, bb, bc",warrior_gun_228_x3,1.2,1.34,0.69,1,dido_gun_cal200_x3,0.78,0.86,0.69,1.38,dido_gun_cal200_x3,0.78,0.86,0.69,1.38,trento_gun_203_x3,1,1.12,0.69,1.22,trento_gun_203_x3,1,1.12,0.69,1.22,,,,,,,,,,,,,,,,,,,
"gun_8_x4_italy_ca,bb,bc",,203,gun_8_x4,italy,"ca, bb, bc",warrior_gun_228_x4,1.2,1.34,0.63,1,dido_gun_cal200_x4,0.78,0.86,0.63,1.38,dido_gun_cal200_x4,0.78,0.86,0.63,1.38,trento_gun_203_x4,1,1.12,0.63,1.22,trento_gun_203_x4,1,1.12,0.63,1.22,,,,,,,,,,,,,,,,,,,
"gun_9_x1_italy_ca,bb,bc",,229,gun_9_x1,italy,"ca, bb, bc",warrior_gun_228_x1,1.35,1.49,1.1,0.96,dido_gun_cal200_x1,0.87,0.95,1.1,1.36,dido_gun_cal200_x1,0.87,0.95,1.1,1.36,trento_gun_203_x1,1.125,1.245,1.1,1.18,trento_gun_203_x1,1.125,1.245,1.1,1.18,,,,,,,,,,,,,,,,,,,
"gun_9_x2_italy_ca,bb,bc",,229,gun_9_x2,italy,"ca, bb, bc",warrior_gun_228_x2,1.35,1.49,0.82,0.96,dido_gun_cal200_x2,0.87,0.95,0.82,1.36,dido_gun_cal200_x2,0.87,0.95,0.82,1.36,trento_gun_203_x2,1.125,1.245,0.82,1.18,trento_gun_203_x2,1.125,1.245,0.82,1.18,,,,,,,,,,,,,,,,,,,
"gun_9_x3_italy_ca,bb,bc",,229,gun_9_x3,italy,"ca, bb, bc",warrior_gun_228_x3,1.35,1.49,0.64,0.96,dido_gun_cal200_x3,0.87,0.95,0.64,1.36,dido_gun_cal200_x3,0.87,0.95,0.64,1.36,trento_gun_203_x3,1.125,1.245,0.64,1.18,trento_gun_203_x3,1.125,1.245,0.64,1.18,,,,,,,,,,,,,,,,,,,
"gun_9_x4_italy_ca,bb,bc",,229,gun_9_x4,italy,"ca, bb, bc",warrior_gun_228_x4,1.35,1.49,0.58,0.96,dido_gun_cal200_x4,0.87,0.95,0.58,1.36,dido_gun_cal200_x4,0.87,0.95,0.58,1.36,trento_gun_203_x4,1.125,1.245,0.58,1.18,trento_gun_203_x4,1.125,1.245,0.58,1.18,,,,,,,,,,,,,,,,,,,
"gun_10_x1_italy_ca,bb,bc",,254,gun_10_x1,italy,"ca, bb, bc",warrior_gun_228_x1,1.5,1.64,1.2,0.94,dido_gun_cal200_x1,0.96,1.04,1.2,1.34,dido_gun_cal200_x1,0.96,1.04,1.2,1.34,trento_gun_203_x1,1.25,1.37,1.2,1.14,trento_gun_203_x1,1.25,1.37,1.2,1.14,,,,,,,,,,,,,,,,,,,
"gun_10_x2_italy_ca,bb,bc",,254,gun_10_x2,italy,"ca, bb, bc",warrior_gun_228_x2,1.5,1.64,0.9,0.94,dido_gun_cal200_x2,0.96,1.04,0.9,1.34,dido_gun_cal200_x2,0.96,1.04,0.9,1.34,trento_gun_203_x2,1.25,1.37,0.9,1.14,trento_gun_203_x2,1.25,1.37,0.9,1.14,,,,,,,,,,,,,,,,,,,
"gun_10_x3_italy_ca,bb,bc",,254,gun_10_x3,italy,"ca, bb, bc",warrior_gun_228_x3,1.5,1.64,0.68,0.94,dido_gun_cal200_x3,0.96,1.04,0.68,1.34,dido_gun_cal200_x3,0.96,1.04,0.68,1.34,trento_gun_203_x3,1.25,1.37,0.68,1.14,trento_gun_203_x3,1.25,1.37,0.68,1.14,,,,,,,,,,,,,,,,,,,
"gun_10_x4_italy_ca,bb,bc",,254,gun_10_x4,italy,"ca, bb, bc",warrior_gun_228_x4,1.5,1.64,0.63,0.94,dido_gun_cal200_x4,0.96,1.04,0.63,1.34,dido_gun_cal200_x4,0.96,1.04,0.63,1.34,trento_gun_203_x4,1.25,1.37,0.63,1.14,trento_gun_203_x4,1.25,1.37,0.63,1.14,,,,,,,,,,,,,,,,,,,
"gun_11_x1_italy_ca,bb,bc",,279,gun_11_x1,italy,"ca, bb, bc",irresistible_gun_305_x1,1.475,1.495,1.07,0.7,dido_gun_cal200_x1,1.05,1.13,1.07,1.06,dido_gun_cal200_x1,1.05,1.13,1.07,1.06,trento_gun_203_x1,1.375,1.495,1.07,0.92,litt_gun_381_x1,0.825,0.895,1.07,0.98,,,,,,,,,,,,,,,,,,,
"gun_11_x2_italy_ca,bb,bc",,279,gun_11_x2,italy,"ca, bb, bc",irresistible_gun_305_x2,1.475,1.495,0.82,0.7,dido_gun_cal200_x2,1.05,1.13,0.82,1.06,dido_gun_cal200_x2,1.05,1.13,0.82,1.06,trento_gun_203_x2,1.375,1.495,0.82,0.92,litt_gun_381_x2,0.825,0.895,0.82,0.98,,,,,,,,,,,,,,,,,,,
"gun_11_x3_italy_ca,bb,bc",,279,gun_11_x3,italy,"ca, bb, bc",irresistible_gun_305_x3,1.475,1.495,0.66,0.7,dido_gun_cal200_x3,1.05,1.13,0.66,1.06,dido_gun_cal200_x3,1.05,1.13,0.66,1.06,trento_gun_203_x3,1.375,1.495,0.66,0.92,litt_gun_381_x3,0.825,0.895,0.66,0.98,,,,,,,,,,,,,,,,,,,
"gun_11_x4_italy_ca,bb,bc",,279,gun_11_x4,italy,"ca, bb, bc",irresistible_gun_305_x4,1.475,1.495,0.61,0.7,dido_gun_cal200_x4,1.05,1.13,0.61,1.06,dido_gun_cal200_x4,1.05,1.13,0.61,1.06,trento_gun_203_x4,1.375,1.495,0.61,0.92,litt_gun_381_x4,0.825,0.895,0.61,0.98,,,,,,,,,,,,,,,,,,,
"gun_12_x1_italy_bb,bc",,305,gun_12_x1,italy,"bb, bc",irresistible_gun_305_x1,1.5,1.62,1.07,0.75,irresistible_gun_305_x1,1.5,1.62,1.07,0.75,dreadnought_gun_c_305_x1,1.14,1.22,1.07,1.02,litt_gun_381_x1,0.9,0.97,1.07,0.98,litt_gun_381_x1,0.9,0.97,1.07,0.98,,,,,,,,,,,,,,,,,,,
"gun_12_x2_italy_bb,bc",,305,gun_12_x2,italy,"bb, bc",irresistible_gun_305_x2,1.5,1.62,0.82,0.75,irresistible_gun_305_x2,1.5,1.62,0.82,0.75,dreadnought_gun_c_305_x2,1.14,1.22,0.82,1.02,litt_gun_381_x2,0.9,0.97,0.82,0.98,litt_gun_381_x2,0.9,0.97,0.82,0.98,,,,,,,,,,,,,,,,,,,
"gun_12_x3_italy_bb,bc",,305,gun_12_x3,italy,"bb, bc",irresistible_gun_305_x3,1.5,1.62,0.66,0.75,irresistible_gun_305_x3,1.5,1.62,0.66,0.75,dreadnought_gun_c_305_x3,1.14,1.22,0.66,1.02,litt_gun_381_x3,0.9,0.97,0.66,0.98,litt_gun_381_x3,0.9,0.97,0.66,0.98,,,,,,,,,,,,,,,,,,,
"gun_12_x4_italy_bb,bc",,305,gun_12_x4,italy,"bb, bc",irresistible_gun_305_x4,1.5,1.62,0.61,0.75,irresistible_gun_305_x4,1.5,1.62,0.61,0.75,dreadnought_gun_c_305_x4,1.14,1.22,0.61,1.02,litt_gun_381_x4,0.9,0.97,0.61,0.98,litt_gun_381_x4,0.9,0.97,0.61,0.98,,,,,,,,,,,,,,,,,,,
"gun_13_x1_italy_bb,bc",,330,gun_13_x1,italy,"bb, bc",irresistible_gun_305_x1,1.625,1.745,1.13,0.75,irresistible_gun_305_x1,1.625,1.745,1.13,0.75,dreadnought_gun_c_305_x1,1.23,1.31,1.13,1.02,litt_gun_381_x1,0.975,1.045,1.13,0.96,litt_gun_381_x1,0.975,1.045,1.13,0.96,,,,,,,,,,,,,,,,,,,
"gun_13_x2_italy_bb,bc",,330,gun_13_x2,italy,"bb, bc",irresistible_gun_305_x2,1.625,1.745,0.88,0.75,irresistible_gun_305_x2,1.625,1.745,0.88,0.75,dreadnought_gun_c_305_x2,1.23,1.31,0.88,1.02,litt_gun_381_x2,0.975,1.045,0.88,0.96,litt_gun_381_x2,0.975,1.045,0.88,0.96,,,,,,,,,,,,,,,,,,,
"gun_13_x3_italy_bb,bc",,330,gun_13_x3,italy,"bb, bc",irresistible_gun_305_x3,1.625,1.745,0.705,0.75,irresistible_gun_305_x3,1.625,1.745,0.705,0.75,dreadnought_gun_c_305_x3,1.23,1.31,0.705,1.02,litt_gun_381_x3,0.975,1.045,0.705,0.96,litt_gun_381_x3,0.975,1.045,0.705,0.96,,,,,,,,,,,,,,,,,,,
"gun_13_x4_italy_bb,bc",,330,gun_13_x4,italy,"bb, bc",irresistible_gun_305_x4,1.625,1.745,0.65,0.75,irresistible_gun_305_x4,1.625,1.745,0.65,0.75,dreadnought_gun_c_305_x4,1.23,1.31,0.65,1.02,litt_gun_381_x4,0.975,1.045,0.65,0.96,litt_gun_381_x4,0.975,1.045,0.65,0.96,,,,,,,,,,,,,,,,,,,
"gun_14_x1_italy_bb,bc",,356,gun_14_x1,italy,"bb, bc",irresistible_gun_305_x1,1.75,1.87,1.13,0.74,irresistible_gun_305_x1,1.75,1.87,1.13,0.74,dreadnought_gun_c_305_x1,1.32,1.4,1.13,1.02,litt_gun_381_x1,1.05,1.12,1.13,0.96,litt_gun_381_x1,1.05,1.12,1.13,0.96,,,,,,,,,,,,,,,,,,,
"gun_14_x2_italy_bb,bc",,356,gun_14_x2,italy,"bb, bc",irresistible_gun_305_x2,1.75,1.87,0.88,0.74,irresistible_gun_305_x2,1.75,1.87,0.88,0.74,dreadnought_gun_c_305_x2,1.32,1.4,0.88,1.02,litt_gun_381_x2,1.05,1.12,0.88,0.96,litt_gun_381_x2,1.05,1.12,0.88,0.96,,,,,,,,,,,,,,,,,,,
"gun_14_x3_italy_bb,bc",,356,gun_14_x3,italy,"bb, bc",irresistible_gun_305_x3,1.75,1.87,0.705,0.74,irresistible_gun_305_x3,1.75,1.87,0.705,0.74,dreadnought_gun_c_305_x3,1.32,1.4,0.705,1.02,litt_gun_381_x3,1.05,1.12,0.705,0.96,litt_gun_381_x3,1.05,1.12,0.705,0.96,,,,,,,,,,,,,,,,,,,
"gun_14_x4_italy_bb,bc",,356,gun_14_x4,italy,"bb, bc",irresistible_gun_305_x4,1.75,1.87,0.66,0.74,irresistible_gun_305_x4,1.75,1.87,0.66,0.74,dreadnought_gun_c_305_x4,1.32,1.4,0.66,1.02,litt_gun_381_x4,1.05,1.12,0.66,0.96,litt_gun_381_x4,1.05,1.12,0.66,0.96,,,,,,,,,,,,,,,,,,,
"gun_15_x1_italy_bb,bc",,381,gun_15_x1,italy,"bb, bc",irresistible_gun_305_x1,1.875,1.995,1.14,0.74,irresistible_gun_305_x1,1.875,1.995,1.14,0.74,dreadnought_gun_c_305_x1,1.41,1.49,1.14,1.02,litt_gun_381_x1,1.125,1.195,1.14,0.96,litt_gun_381_x1,1.125,1.195,1.14,0.96,,,,,,,,,,,,,,,,,,,
"gun_15_x2_italy_bb,bc",,381,gun_15_x2,italy,"bb, bc",irresistible_gun_305_x2,1.875,1.995,0.9,0.74,irresistible_gun_305_x2,1.875,1.995,0.9,0.74,dreadnought_gun_c_305_x2,1.41,1.49,0.9,1.02,litt_gun_381_x2,1.125,1.195,0.9,0.96,litt_gun_381_x2,1.125,1.195,0.9,0.96,,,,,,,,,,,,,,,,,,,
"gun_15_x3_italy_bb,bc",,381,gun_15_x3,italy,"bb, bc",irresistible_gun_305_x3,1.875,1.995,0.72,0.74,irresistible_gun_305_x3,1.875,1.995,0.72,0.74,dreadnought_gun_c_305_x3,1.41,1.49,0.72,1.02,litt_gun_381_x3,1.125,1.195,0.72,0.96,litt_gun_381_x3,1.125,1.195,0.72,0.96,,,,,,,,,,,,,,,,,,,
"gun_15_x4_italy_bb,bc",,381,gun_15_x4,italy,"bb, bc",irresistible_gun_305_x4,1.875,1.995,0.675,0.74,irresistible_gun_305_x4,1.875,1.995,0.675,0.74,dreadnought_gun_c_305_x4,1.41,1.49,0.675,1.02,litt_gun_381_x4,1.125,1.195,0.675,0.96,litt_gun_381_x4,1.125,1.195,0.675,0.96,,,,,,,,,,,,,,,,,,,
"gun_16_x1_italy_bb,bc",,406,gun_16_x1,italy,"bb, bc",irresistible_gun_305_x1,2,2.12,1.15,0.73,irresistible_gun_305_x1,2,2.12,1.15,0.73,dreadnought_gun_c_305_x1,1.5,1.58,1.15,1.02,nelson_gun_406_x1,1.2,1.27,1.15,0.84,litt_gun_381_x1,1.2,1.27,1.15,0.96,,,,,,,,,,,,,,,,,,,
"gun_16_x2_italy_bb,bc",,406,gun_16_x2,italy,"bb, bc",irresistible_gun_305_x2,2,2.12,0.93,0.73,irresistible_gun_305_x2,2,2.12,0.93,0.73,dreadnought_gun_c_305_x2,1.5,1.58,0.93,1.02,nelson_gun_406_x2,1.2,1.27,0.93,0.84,litt_gun_381_x2,1.2,1.27,0.93,0.96,,,,,,,,,,,,,,,,,,,
"gun_16_x3_italy_bb,bc",,406,gun_16_x3,italy,"bb, bc",irresistible_gun_305_x3,2,2.12,0.75,0.73,irresistible_gun_305_x3,2,2.12,0.75,0.73,dreadnought_gun_c_305_x3,1.5,1.58,0.75,1.02,nelson_gun_406_x3,1.2,1.27,0.75,0.84,litt_gun_381_x3,1.2,1.27,0.75,0.96,,,,,,,,,,,,,,,,,,,
"gun_16_x4_italy_bb,bc",,406,gun_16_x4,italy,"bb, bc",irresistible_gun_305_x4,2,2.12,0.68,0.73,irresistible_gun_305_x4,2,2.12,0.68,0.73,dreadnought_gun_c_305_x4,1.5,1.58,0.68,1.02,nelson_gun_406_x4,1.2,1.27,0.68,0.84,litt_gun_381_x4,1.2,1.27,0.68,0.96,,,,,,,,,,,,,,,,,,,
"gun_17_x1_italy_bb,bc",,432,gun_17_x1,italy,"bb, bc",maine_gun_254_x1,1.92,2.015,1.2,1.23,irresistible_gun_305_x1,2.125,2.245,1.2,0.73,dreadnought_gun_c_305_x1,1.59,1.67,1.2,1.02,nelson_gun_406_x1,1.275,1.345,1.2,0.84,nelson_gun_406_x1,1.275,1.345,1.2,0.84,,,,,,,,,,,,,,,,,,,
"gun_17_x2_italy_bb,bc",,432,gun_17_x2,italy,"bb, bc",maine_gun_254_x2,1.92,2.015,0.95,1.23,irresistible_gun_305_x2,2.125,2.245,0.95,0.73,dreadnought_gun_c_305_x2,1.59,1.67,0.95,1.02,nelson_gun_406_x2,1.275,1.345,0.95,0.84,nelson_gun_406_x2,1.275,1.345,0.95,0.84,,,,,,,,,,,,,,,,,,,
"gun_17_x3_italy_bb,bc",,432,gun_17_x3,italy,"bb, bc",maine_gun_254_x3,1.92,2.015,0.775,1.23,irresistible_gun_305_x3,2.125,2.245,0.775,0.73,dreadnought_gun_c_305_x3,1.59,1.67,0.775,1.02,nelson_gun_406_x3,1.275,1.345,0.775,0.84,nelson_gun_406_x3,1.275,1.345,0.775,0.84,,,,,,,,,,,,,,,,,,,
"gun_17_x4_italy_bb,bc",,432,gun_17_x4,italy,"bb, bc",,,,,,irresistible_gun_305_x4,2.125,2.245,0.71,0.73,dreadnought_gun_c_305_x4,1.59,1.67,0.71,1.02,nelson_gun_406_x4,1.275,1.345,0.71,0.84,nelson_gun_406_x4,1.275,1.345,0.71,0.84,,,,,,,,,,,,,,,,,,,
"gun_18_x1_italy_bb,bc",,457,gun_18_x1,italy,"bb, bc",maine_gun_254_x1,2.03,2.125,1.23,1.225,irresistible_gun_305_x1,2.25,2.37,1.23,0.73,dreadnought_gun_c_305_x1,1.68,1.76,1.23,1.02,nelson_gun_406_x1,1.35,1.42,1.23,0.83,nelson_gun_406_x1,1.35,1.42,1.23,0.83,,,,,,,,,,,,,,,,,,,
"gun_18_x2_italy_bb,bc",,457,gun_18_x2,italy,"bb, bc",maine_gun_254_x2,2.03,2.125,0.985,1.225,irresistible_gun_305_x2,2.25,2.37,0.985,0.73,dreadnought_gun_c_305_x2,1.68,1.76,0.985,1.02,nelson_gun_406_x2,1.35,1.42,0.985,0.83,nelson_gun_406_x2,1.35,1.42,0.985,0.83,,,,,,,,,,,,,,,,,,,
"gun_18_x3_italy_bb,bc",,457,gun_18_x3,italy,"bb, bc",maine_gun_254_x3,2.03,2.125,0.81,1.225,irresistible_gun_305_x3,2.25,2.37,0.81,0.73,dreadnought_gun_c_305_x3,1.68,1.76,0.81,1.02,nelson_gun_406_x3,1.35,1.42,0.81,0.83,nelson_gun_406_x3,1.35,1.42,0.81,0.83,,,,,,,,,,,,,,,,,,,
"gun_18_x4_italy_bb,bc",,457,gun_18_x4,italy,"bb, bc",,,,,,irresistible_gun_305_x4,2.25,2.37,0.735,0.73,dreadnought_gun_c_305_x4,1.68,1.76,0.735,1.02,nelson_gun_406_x4,1.35,1.42,0.735,0.83,nelson_gun_406_x4,1.35,1.42,0.735,0.83,,,,,,,,,,,,,,,,,,,
"gun_19_x1_italy_bb,bc",,483,gun_19_x1,italy,"bb, bc",irresistible_gun_305_x1,2.375,2.495,1.16,0.73,dreadnought_gun_c_305_x1,1.77,1.85,1.16,1,nelson_gun_406_x1,1.425,1.495,1.16,0.83,nelson_gun_406_x1,1.425,1.495,1.16,0.83,nelson_gun_406_x1,1.425,1.495,1.16,0.83,,,,,,,,,,,,,,,,,,,
"gun_19_x2_italy_bb,bc",,483,gun_19_x2,italy,"bb, bc",irresistible_gun_305_x2,2.375,2.495,0.95,0.73,dreadnought_gun_c_305_x2,1.77,1.85,0.95,1,nelson_gun_406_x2,1.425,1.495,0.95,0.83,nelson_gun_406_x2,1.425,1.495,0.95,0.83,nelson_gun_406_x2,1.425,1.495,0.95,0.83,,,,,,,,,,,,,,,,,,,
"gun_19_x3_italy_bb,bc",,483,gun_19_x3,italy,"bb, bc",irresistible_gun_305_x3,2.375,2.495,0.78,0.73,dreadnought_gun_c_305_x3,1.77,1.85,0.78,1,nelson_gun_406_x3,1.425,1.495,0.78,0.83,nelson_gun_406_x3,1.425,1.495,0.78,0.83,nelson_gun_406_x3,1.425,1.495,0.78,0.83,,,,,,,,,,,,,,,,,,,
"gun_19_x4_italy_bb,bc",,483,gun_19_x4,italy,"bb, bc",irresistible_gun_305_x4,2.375,2.495,0.725,0.73,dreadnought_gun_c_305_x4,1.77,1.85,0.725,1,nelson_gun_406_x4,1.425,1.495,0.725,0.83,nelson_gun_406_x4,1.425,1.495,0.725,0.83,nelson_gun_406_x4,1.425,1.495,0.725,0.83,,,,,,,,,,,,,,,,,,,
"gun_20_x1_italy_bb,bc",,508,gun_20_x1,italy,"bb, bc",irresistible_gun_305_x1,2.5,2.61,1.05,0.73,dreadnought_gun_c_305_x1,1.86,1.94,1.05,1,nelson_gun_406_x1,1.5,1.57,1.05,0.82,nelson_gun_406_x1,1.5,1.57,1.05,0.82,nelson_gun_406_x1,1.5,1.57,1.05,0.82,,,,,,,,,,,,,,,,,,,
"gun_20_x2_italy_bb,bc",,508,gun_20_x2,italy,"bb, bc",irresistible_gun_305_x2,2.5,2.61,0.85,0.73,dreadnought_gun_c_305_x2,1.86,1.94,0.85,1,nelson_gun_406_x2,1.5,1.57,0.85,0.82,nelson_gun_406_x2,1.5,1.57,0.85,0.82,nelson_gun_406_x2,1.5,1.57,0.85,0.82,,,,,,,,,,,,,,,,,,,
"gun_20_x3_italy_bb,bc",,508,gun_20_x3,italy,"bb, bc",irresistible_gun_305_x3,2.5,2.61,0.7,0.73,dreadnought_gun_c_305_x3,1.86,1.94,0.7,1,nelson_gun_406_x3,1.5,1.57,0.7,0.82,nelson_gun_406_x3,1.5,1.57,0.7,0.82,nelson_gun_406_x3,1.5,1.57,0.7,0.82,,,,,,,,,,,,,,,,,,,
"gun_20_x4_italy_bb,bc",,508,gun_20_x4,italy,"bb, bc",irresistible_gun_305_x4,2.5,2.61,0.65,0.73,dreadnought_gun_c_305_x4,1.86,1.94,0.65,1,nelson_gun_406_x4,1.5,1.57,0.65,0.82,nelson_gun_406_x4,1.5,1.57,0.65,0.82,nelson_gun_406_x4,1.5,1.57,0.65,0.82,,,,,,,,,,,,,,,,,,,
###,,,###,,,,,,,,,,,,,,,,,,,,,,,,,,,,,,,,,,,,,,,,,,,,,,
gun_2_x1_japan,,51,gun_2_x1,japan,"dd, tb, cl",,,,,,,,,,,,,,,,iowa_gun_127_x1,0.5,0.72,0.92,1.8,iowa_gun_127_x1,0.5,0.72,0.92,1.8,,,,,,,,,,,,,,,,,,,
gun_2_x2_japan,,51,gun_2_x2,japan,"dd, tb, cl",,,,,,,,,,,,,,,,iowa_gun_127_x2,0.5,0.72,0.7,1.8,iowa_gun_127_x2,0.5,0.72,0.7,1.8,,,,,,,,,,,,,,,,,,,
gun_2_x3_japan,,51,gun_2_x3,japan,"dd, tb, cl",,,,,,,,,,,,,,,,iowa_gun_127_x3,0.5,0.72,0.55,1.8,iowa_gun_127_x3,0.5,0.72,0.55,1.8,,,,,,,,,,,,,,,,,,,
gun_2_x4_japan,,51,gun_2_x4,japan,"dd, tb, cl",,,,,,,,,,,,,,,,iowa_gun_127_x4,0.5,0.72,0.5,1.8,iowa_gun_127_x4,0.5,0.72,0.5,1.8,,,,,,,,,,,,,,,,,,,
gun_3_x1_japan_dd,,76,gun_3_x1,japan,"dd, tb",,,,,,,,,,,,,,,,akizuki_gun_100_x1,0.525,0.695,1.45,3.16,akizuki_gun_100_x1,0.525,0.695,1.45,3.16,,,,,,,,,,,,,,,,,,,
gun_3_x2_japan_dd,,76,gun_3_x2,japan,"dd, tb",,,,,,,,,,,,,,,,akizuki_gun_100_x2,0.525,0.695,1.08,3.16,akizuki_gun_100_x2,0.525,0.695,1.08,3.16,,,,,,,,,,,,,,,,,,,
gun_3_x3_japan_dd,,76,gun_3_x3,japan,"dd, tb",,,,,,,,,,,,,,,,akizuki_gun_100_x3,0.525,0.695,0.83,3.16,akizuki_gun_100_x3,0.525,0.695,0.83,3.16,,,,,,,,,,,,,,,,,,,
gun_3_x4_japan_dd,,76,gun_3_x4,japan,"dd, tb",,,,,,,,,,,,,,,,,,,,,,,,,,,,,,,,,,,,,,,,,,,,
gun_4_x1_japan_dd,,102,gun_4_x1,japan,"dd, tb",,,,,,,,,,,,,,,,akizuki_gun_100_x1,0.7,0.87,1.7,2.62,akizuki_gun_100_x1,0.7,0.87,1.7,2.62,,,,,,,,,,,,,,,,,,,
gun_4_x2_japan_dd,,102,gun_4_x2,japan,"dd, tb",,,,,,,,,,,,,,,,akizuki_gun_100_x2,0.7,0.87,1.28,2.62,akizuki_gun_100_x2,0.7,0.87,1.28,2.62,,,,,,,,,,,,,,,,,,,
gun_4_x3_japan_dd,,102,gun_4_x3,japan,"dd, tb",,,,,,,,,,,,,,,,akizuki_gun_100_x3,0.7,0.87,1,2.62,akizuki_gun_100_x3,0.7,0.87,1,2.62,,,,,,,,,,,,,,,,,,,
gun_4_x4_japan_dd,,102,gun_4_x4,japan,"dd, tb",,,,,,,,,,,,,,,,,,,,,,,,,,,,,,,,,,,,,,,,,,,,
gun_5_x1_japan_dd,,127,gun_5_x1,japan,"dd, tb",,,,,,,,,,,,,,,,akizuki_gun_127_x1,0.7,0.83,1.25,1.96,akizuki_gun_127_x1,0.7,0.83,1.25,1.96,,,,,,,,,,,,,,,,,,,
gun_5_x2_japan_dd,,127,gun_5_x2,japan,"dd, tb",,,,,,,,,,,,,,,,akizuki_gun_127_x2,0.7,0.83,0.95,1.96,akizuki_gun_127_x2,0.7,0.83,0.95,1.96,,,,,,,,,,,,,,,,,,,
gun_5_x3_japan_dd,,127,gun_5_x3,japan,"dd, tb",,,,,,,,,,,,,,,,akizuki_gun_127_x3,0.7,0.83,0.75,1.96,akizuki_gun_127_x3,0.7,0.83,0.75,1.96,,,,,,,,,,,,,,,,,,,
gun_5_x4_japan_dd,,127,gun_5_x4,japan,"dd, tb",,,,,,,,,,,,,,,,,,,,,,,,,,,,,,,,,,,,,,,,,,,,
gun_3_x1_japan_cl,,76,gun_3_x1,japan,cl,,,,,,,,,,,,,,,,akizuki_gun_100_x1,0.525,0.695,1.45,3.16,akizuki_gun_100_x1,0.525,0.695,1.45,3.16,,,,,,,,,,,,,,,,,,,
gun_3_x2_japan_cl,,76,gun_3_x2,japan,cl,,,,,,,,,,,,,,,,akizuki_gun_100_x2,0.525,0.695,1.08,3.16,akizuki_gun_100_x2,0.525,0.695,1.08,3.16,,,,,,,,,,,,,,,,,,,
gun_3_x3_japan_cl,,76,gun_3_x3,japan,cl,,,,,,,,,,,,,,,,akizuki_gun_100_x3,0.525,0.695,0.83,3.16,akizuki_gun_100_x3,0.525,0.695,0.83,3.16,,,,,,,,,,,,,,,,,,,
gun_3_x4_japan_cl,,76,gun_3_x4,japan,cl,,,,,,,,,,,,,,,,yamato_gun_25_x4,1.2,1.55,0.74,2.64,yamato_gun_25_x4,1.2,1.55,0.74,2.64,,,,,,,,,,,,,,,,,,,
gun_4_x1_japan_cl,,102,gun_4_x1,japan,cl,,,,,,,,,,,,,,,,akizuki_gun_100_x1,0.7,0.87,1.7,2.62,akizuki_gun_100_x1,0.7,0.87,1.7,2.62,,,,,,,,,,,,,,,,,,,
gun_4_x2_japan_cl,,102,gun_4_x2,japan,cl,,,,,,,,,,,,,,,,akizuki_gun_100_x2,0.7,0.87,1.28,2.62,akizuki_gun_100_x2,0.7,0.87,1.28,2.62,,,,,,,,,,,,,,,,,,,
gun_4_x3_japan_cl,,102,gun_4_x3,japan,cl,,,,,,,,,,,,,,,,akizuki_gun_100_x3,0.7,0.87,1,2.62,akizuki_gun_100_x3,0.7,0.87,1,2.62,,,,,,,,,,,,,,,,,,,
gun_4_x4_japan_cl,,102,gun_4_x4,japan,cl,,,,,,,,,,,,,,,,yamato_gun_127_x4,1.1,1.36,0.85,1.04,yamato_gun_127_x4,1.1,1.36,0.85,1.04,,,,,,,,,,,,,,,,,,,
gun_5_x1_japan_cl,,127,gun_5_x1,japan,cl,,,,,,,,,,,,,,,,akizuki_gun_127_x1,0.7,0.83,1.25,1.96,akizuki_gun_127_x1,0.7,0.83,1.25,1.96,,,,,,,,,,,,,,,,,,,
gun_5_x2_japan_cl,,127,gun_5_x2,japan,cl,,,,,,,,,,,,,,,,akizuki_gun_127_x2,0.7,0.83,0.95,1.96,akizuki_gun_127_x2,0.7,0.83,0.95,1.96,,,,,,,,,,,,,,,,,,,
gun_5_x3_japan_cl,,127,gun_5_x3,japan,cl,,,,,,,,,,,,,,,,akizuki_gun_127_x3,0.7,0.83,0.75,1.96,akizuki_gun_127_x3,0.7,0.83,0.75,1.96,,,,,,,,,,,,,,,,,,,
gun_5_x4_japan_cl,,127,gun_5_x4,japan,cl,,,,,,,,,,,,,,,,yamato_gun_127_x4,1.375,1.635,0.68,0.8,yamato_gun_127_x4,1.375,1.635,0.68,0.8,,,,,,,,,,,,,,,,,,,
gun_6_x1_japan_cl,,152,gun_6_x1,japan,cl,,,,,,,,,,,,,,,,akizuki_gun_127_x3,0.84,0.97,1.185,1.86,akizuki_gun_127_x3,0.84,0.97,1.185,1.86,,,,,,,,,,,,,,,,,,,
gun_6_x2_japan_cl,,152,gun_6_x2,japan,cl,,,,,,,,,,,,,,,,akizuki_gun_127_x3,0.84,0.97,0.86,1.86,akizuki_gun_127_x3,0.84,0.97,0.86,1.86,,,,,,,,,,,,,,,,,,,
gun_6_x3_japan_cl,,152,gun_6_x3,japan,cl,,,,,,,,,,,,,,,,akizuki_gun_127_x3,0.84,0.97,0.66,1.86,akizuki_gun_127_x3,0.84,0.97,0.66,1.86,,,,,,,,,,,,,,,,,,,
gun_6_x4_japan_cl,,152,gun_6_x4,japan,cl,,,,,,,,,,,,,,,,yamato_gun_155_x4,0.81,0.94,0.6,1.92,yamato_gun_155_x4,0.81,0.94,0.6,1.92,,,,,,,,,,,,,,,,,,,
"gun_2_x1_japan_ca,bb,bc",,51,gun_2_x1,japan,"ca, bb, bc",,,,,,,,,,,,,,,,yamato_gun_25_x1,0.8,1.15,0.92,3.1,yamato_gun_25_x1,0.8,1.15,0.92,3.1,,,,,,,,,,,,,,,,,,,
"gun_2_x2_japan_ca,bb,bc",,51,gun_2_x2,japan,"ca, bb, bc",,,,,,,,,,,,,,,,yamato_gun_25_x2,0.8,1.15,0.7,3.1,yamato_gun_25_x2,0.8,1.15,0.7,3.1,,,,,,,,,,,,,,,,,,,
"gun_2_x3_japan_ca,bb,bc",,51,gun_2_x3,japan,"ca, bb, bc",,,,,,,,,,,,,,,,yamato_gun_25_x3,0.8,1.15,0.55,3.1,yamato_gun_25_x3,0.8,1.15,0.55,3.1,,,,,,,,,,,,,,,,,,,
"gun_2_x4_japan_ca,bb,bc",,51,gun_2_x4,japan,"ca, bb, bc",,,,,,,,,,,,,,,,yamato_gun_25_x4,0.8,1.15,0.5,3.1,yamato_gun_25_x4,0.8,1.15,0.5,3.1,,,,,,,,,,,,,,,,,,,
"gun_3_x1_japan_ca,bb,bc",,76,gun_3_x1,japan,"ca, bb, bc",,,,,,,,,,,,,,,,yamato_gun_25_x1,1.2,1.55,1.45,2.64,yamato_gun_25_x1,1.2,1.55,1.45,2.64,,,,,,,,,,,,,,,,,,,
"gun_3_x2_japan_ca,bb,bc",,76,gun_3_x2,japan,"ca, bb, bc",,,,,,,,,,,,,,,,yamato_gun_25_x2,1.2,1.55,1.08,2.64,yamato_gun_25_x2,1.2,1.55,1.08,2.64,,,,,,,,,,,,,,,,,,,
"gun_3_x3_japan_ca,bb,bc",,76,gun_3_x3,japan,"ca, bb, bc",,,,,,,,,,,,,,,,yamato_gun_25_x3,1.2,1.55,0.83,2.64,yamato_gun_25_x3,1.2,1.55,0.83,2.64,,,,,,,,,,,,,,,,,,,
"gun_3_x4_japan_ca,bb,bc",,76,gun_3_x4,japan,"ca, bb, bc",,,,,,,,,,,,,,,,yamato_gun_25_x4,1.2,1.55,0.74,2.64,yamato_gun_25_x4,1.2,1.55,0.74,2.64,,,,,,,,,,,,,,,,,,,
"gun_4_x1_japan_ca,bb,bc",,102,gun_4_x1,japan,"ca, bb, bc",,,,,,,,,,,,,,,,yamato_gun_127_x1,1.1,1.36,1.7,1.04,yamato_gun_127_x1,1.1,1.36,1.7,1.04,,,,,,,,,,,,,,,,,,,
"gun_4_x2_japan_ca,bb,bc",,102,gun_4_x2,japan,"ca, bb, bc",,,,,,,,,,,,,,,,yamato_gun_127_x2,1.1,1.36,1.28,1.04,yamato_gun_127_x2,1.1,1.36,1.28,1.04,,,,,,,,,,,,,,,,,,,
"gun_4_x3_japan_ca,bb,bc",,102,gun_4_x3,japan,"ca, bb, bc",,,,,,,,,,,,,,,,yamato_gun_127_x3,1.1,1.36,1,1.04,yamato_gun_127_x3,1.1,1.36,1,1.04,,,,,,,,,,,,,,,,,,,
"gun_4_x4_japan_ca,bb,bc",,102,gun_4_x4,japan,"ca, bb, bc",,,,,,,,,,,,,,,,yamato_gun_127_x4,1.1,1.36,0.85,1.04,yamato_gun_127_x4,1.1,1.36,0.85,1.04,,,,,,,,,,,,,,,,,,,
"gun_5_x1_japan_ca,bb,bc",,127,gun_5_x1,japan,"ca, bb, bc",tsesarevich_gun_152_x1,0.875,1.045,1.25,1.26,,,,,,,,,,,yamato_gun_127_x1,1.375,1.635,1.25,0.8,yamato_gun_127_x1,1.375,1.635,1.25,0.8,,,,,,,,,,,,,,,,,,,
"gun_5_x2_japan_ca,bb,bc",,127,gun_5_x2,japan,"ca, bb, bc",tsesarevich_gun_152_x2,0.875,1.045,0.95,1.26,,,,,,,,,,,yamato_gun_127_x2,1.375,1.635,0.95,0.8,yamato_gun_127_x2,1.375,1.635,0.95,0.8,,,,,,,,,,,,,,,,,,,
"gun_5_x3_japan_ca,bb,bc",,127,gun_5_x3,japan,"ca, bb, bc",tsesarevich_gun_152_x3,0.875,1.045,0.75,1.26,,,,,,,,,,,yamato_gun_127_x3,1.375,1.635,0.75,0.8,yamato_gun_127_x3,1.375,1.635,0.75,0.8,,,,,,,,,,,,,,,,,,,
"gun_5_x4_japan_ca,bb,bc",,127,gun_5_x4,japan,"ca, bb, bc",,,,,,,,,,,,,,,,yamato_gun_127_x4,1.375,1.635,0.68,0.8,yamato_gun_127_x4,1.375,1.635,0.68,0.8,,,,,,,,,,,,,,,,,,,
"gun_6_x1_japan_ca,bb,bc",,152,gun_6_x1,japan,"ca, bb, bc",friedrich_gun_228_x1,0.615,0.715,1.185,1.6,,,,,,,,,,,yamato_gun_155_x1,0.81,0.94,1.185,1.92,yamato_gun_155_x1,0.81,0.94,1.185,1.92,,,,,,,,,,,,,,,,,,,
"gun_6_x2_japan_ca,bb,bc",,152,gun_6_x2,japan,"ca, bb, bc",friedrich_gun_228_x2,0.615,0.715,0.86,1.6,,,,,,,,,,,yamato_gun_155_x2,0.81,0.94,0.86,1.92,yamato_gun_155_x2,0.81,0.94,0.86,1.92,,,,,,,,,,,,,,,,,,,
"gun_6_x3_japan_ca,bb,bc",,152,gun_6_x3,japan,"ca, bb, bc",friedrich_gun_228_x3,0.615,0.715,0.66,1.6,,,,,,,,,,,yamato_gun_155_x3,0.81,0.94,0.66,1.92,yamato_gun_155_x3,0.81,0.94,0.66,1.92,,,,,,,,,,,,,,,,,,,
"gun_6_x4_japan_ca,bb,bc",,152,gun_6_x4,japan,"ca, bb, bc",,,,0.6,,,,,,,,,,,,yamato_gun_155_x4,0.81,0.94,0.6,1.92,yamato_gun_155_x4,0.81,0.94,0.6,1.92,,,,,,,,,,,,,,,,,,,
"gun_7_x1_japan_cl,ca,bb,bc",,178,gun_7_x1,japan,"cl, ca, bb, bc",friedrich_gun_228_x1,0.7175,0.8175,1.21,1.56,,,,,,,,,,,yamato_gun_155_x1,0.945,1.075,1.21,1.86,yamato_gun_155_x1,0.945,1.075,1.21,1.86,,,,,,,,,,,,,,,,,,,
"gun_7_x2_japan_cl,ca,bb,bc",,178,gun_7_x2,japan,"cl, ca, bb, bc",friedrich_gun_228_x2,0.7175,0.8175,0.9,1.56,,,,,,,,,,,yamato_gun_155_x2,0.945,1.075,0.9,1.86,yamato_gun_155_x2,0.945,1.075,0.9,1.86,,,,,,,,,,,,,,,,,,,
"gun_7_x3_japan_cl,ca,bb,bc",,178,gun_7_x3,japan,"cl, ca, bb, bc",friedrich_gun_228_x3,0.7175,0.8175,0.705,1.56,,,,,,,,,,,yamato_gun_155_x3,0.945,1.075,0.705,1.86,yamato_gun_155_x3,0.945,1.075,0.705,1.86,,,,,,,,,,,,,,,,,,,
"gun_7_x4_japan_cl,ca,bb,bc",,178,gun_7_x4,japan,"cl, ca, bb, bc",,,,0.64,,,,,,,,,,,,yamato_gun_155_x4,0.945,1.075,0.64,1.86,yamato_gun_155_x4,0.945,1.075,0.64,1.86,,,,,,,,,,,,,,,,,,,
"gun_8_x1_japan_ca,bb,bc",,203,gun_8_x1,japan,"ca, bb, bc",friedrich_gun_228_x1,0.82,0.92,1.17,1.52,,,,,,,,,,,moga_gun_200_x1,0.84,0.94,1.17,1.96,moga_gun_200_x1,0.84,0.94,1.17,1.96,,,,,,,,,,,,,,,,,,,
"gun_8_x2_japan_ca,bb,bc",,203,gun_8_x2,japan,"ca, bb, bc",friedrich_gun_228_x2,0.82,0.92,0.88,1.52,,,,,,,,,,,moga_gun_200_x2,0.84,0.94,0.88,1.96,moga_gun_200_x2,0.84,0.94,0.88,1.96,,,,,,,,,,,,,,,,,,,
"gun_8_x3_japan_ca,bb,bc",,203,gun_8_x3,japan,"ca, bb, bc",friedrich_gun_228_x3,0.82,0.92,0.69,1.52,,,,,,,,,,,moga_gun_200_x3,0.84,0.94,0.69,1.96,moga_gun_200_x3,0.84,0.94,0.69,1.96,,,,,,,,,,,,,,,,,,,
"gun_8_x4_japan_ca,bb,bc",,203,gun_8_x4,japan,"ca, bb, bc",,,,0.63,,,,,,,,,,,,moga_gun_200_x4,0.84,0.94,0.63,1.96,moga_gun_200_x4,0.84,0.94,0.63,1.96,,,,,,,,,,,,,,,,,,,
"gun_9_x1_japan_ca,bb,bc",,229,gun_9_x1,japan,"ca, bb, bc",friedrich_gun_228_x1,0.9225,1.0225,1.1,1.46,agamemnon_gun_228_x1,1.35,1.49,1.1,1.16,,,,,,moga_gun_200_x1,0.945,1.045,1.1,1.92,moga_gun_200_x1,0.945,1.045,1.1,1.92,,,,,,,,,,,,,,,,,,,
"gun_9_x2_japan_ca,bb,bc",,229,gun_9_x2,japan,"ca, bb, bc",friedrich_gun_228_x2,0.9225,1.0225,0.82,1.46,agamemnon_gun_228_x2,1.35,1.49,0.82,1.16,,,,,,moga_gun_200_x2,0.945,1.045,0.82,1.92,moga_gun_200_x2,0.945,1.045,0.82,1.92,,,,,,,,,,,,,,,,,,,
"gun_9_x3_japan_ca,bb,bc",,229,gun_9_x3,japan,"ca, bb, bc",friedrich_gun_228_x3,0.9225,1.0225,0.64,1.46,agamemnon_gun_228_x3,1.35,1.49,0.64,1.16,,,,,,moga_gun_200_x3,0.945,1.045,0.64,1.92,moga_gun_200_x3,0.945,1.045,0.64,1.92,,,,,,,,,,,,,,,,,,,
"gun_9_x4_japan_ca,bb,bc",,229,gun_9_x4,japan,"ca, bb, bc",,,,0.58,,agamemnon_gun_228_x4,1.35,1.49,0.58,1.16,,,,,,moga_gun_200_x4,0.945,1.045,0.58,1.92,moga_gun_200_x4,0.945,1.045,0.58,1.92,,,,,,,,,,,,,,,,,,,
"gun_10_x1_japan_ca,bb,bc",,254,gun_10_x1,japan,"ca, bb, bc",friedrich_gun_228_x1,1.025,1.125,1.2,1.425,agamemnon_gun_305_x1,1.3,1.47,1.2,1,,,,,,moga_gun_200_x1,1.05,1.15,1.2,1.86,moga_gun_200_x1,1.05,1.15,1.2,1.86,,,,,,,,,,,,,,,,,,,
"gun_10_x2_japan_ca,bb,bc",,254,gun_10_x2,japan,"ca, bb, bc",friedrich_gun_228_x2,1.025,1.125,0.9,1.425,agamemnon_gun_305_x2,1.3,1.47,0.9,1,,,,,,moga_gun_200_x2,1.05,1.15,0.9,1.86,moga_gun_200_x2,1.05,1.15,0.9,1.86,,,,,,,,,,,,,,,,,,,
"gun_10_x3_japan_ca,bb,bc",,254,gun_10_x3,japan,"ca, bb, bc",friedrich_gun_228_x3,1.025,1.125,0.68,1.425,agamemnon_gun_305_x3,1.3,1.47,0.68,1,,,,,,moga_gun_200_x3,1.05,1.15,0.68,1.86,moga_gun_200_x3,1.05,1.15,0.68,1.86,,,,,,,,,,,,,,,,,,,
"gun_10_x4_japan_ca,bb,bc",,254,gun_10_x4,japan,"ca, bb, bc",,,,0.63,,agamemnon_gun_305_x4,1.3,1.47,0.63,1,,,,,,moga_gun_200_x4,1.05,1.15,0.63,1.86,moga_gun_200_x4,1.05,1.15,0.63,1.86,,,,,,,,,,,,,,,,,,,
"gun_11_x1_japan_ca,bb,bc",,279,gun_11_x1,japan,"ca, bb, bc",friedrich_gun_228_x1,1.1275,1.2275,1.07,1.15,agamemnon_gun_305_x1,1.475,1.495,1.07,0.78,agamemnon_gun_305_x1,1.475,1.495,1.07,0.78,fus_gun_356_x1_a,0.9,0.98,1.2,1.22,yamato_gun_b_460_x1,0.495,0.535,1.07,1.14,,,,,,,,,,,,,,,,,,,
"gun_11_x2_japan_ca,bb,bc",,279,gun_11_x2,japan,"ca, bb, bc",friedrich_gun_228_x2,1.1275,1.2275,0.82,1.15,agamemnon_gun_305_x2,1.475,1.495,0.82,0.78,agamemnon_gun_305_x2,1.475,1.495,0.82,0.78,fus_gun_356_x2_a,0.9,0.98,0.9,1.22,yamato_gun_b_460_x2,0.495,0.535,0.82,1.14,,,,,,,,,,,,,,,,,,,
"gun_11_x3_japan_ca,bb,bc",,279,gun_11_x3,japan,"ca, bb, bc",friedrich_gun_228_x3,1.1275,1.2275,0.66,1.15,agamemnon_gun_305_x3,1.475,1.495,0.66,0.78,agamemnon_gun_305_x3,1.475,1.495,0.66,0.78,fus_gun_356_x3_a,0.9,0.98,0.68,1.22,yamato_gun_b_460_x3,0.495,0.535,0.66,1.14,,,,,,,,,,,,,,,,,,,
"gun_11_x4_japan_ca,bb,bc",,279,gun_11_x4,japan,"ca, bb, bc",,,,0.61,,agamemnon_gun_305_x4,1.475,1.495,0.61,0.78,agamemnon_gun_305_x4,1.475,1.495,0.61,0.78,fus_gun_356_x4_a,0.9,0.98,0.63,1.22,yamato_gun_b_460_x4,0.495,0.535,0.61,1.14,,,,,,,,,,,,,,,,,,,
"gun_12_x1_japan_bb,bc",,305,gun_12_x1,japan,"bb, bc",friedrich_gun_228_x1,1.23,1.33,1.07,1.14,agamemnon_gun_305_x1,1.5,1.62,1.07,0.82,agamemnon_gun_305_x1,1.5,1.62,1.07,0.82,fus_gun_356_x1_a,0.99,1.07,1.07,0.96,yamato_gun_b_460_x1,0.54,0.58,1.07,1.14,,,,,,,,,,,,,,,,,,,
"gun_12_x2_japan_bb,bc",,305,gun_12_x2,japan,"bb, bc",friedrich_gun_228_x2,1.23,1.33,0.82,1.14,agamemnon_gun_305_x2,1.5,1.62,0.82,0.82,agamemnon_gun_305_x2,1.5,1.62,0.82,0.82,fus_gun_356_x2_a,0.99,1.07,0.82,0.96,yamato_gun_b_460_x2,0.54,0.58,0.82,1.14,,,,,,,,,,,,,,,,,,,
"gun_12_x3_japan_bb,bc",,305,gun_12_x3,japan,"bb, bc",friedrich_gun_228_x3,1.23,1.33,0.66,1.14,agamemnon_gun_305_x3,1.5,1.62,0.66,0.82,agamemnon_gun_305_x3,1.5,1.62,0.66,0.82,fus_gun_356_x3_a,0.99,1.07,0.66,0.96,yamato_gun_b_460_x3,0.54,0.58,0.66,1.14,,,,,,,,,,,,,,,,,,,
"gun_12_x4_japan_bb,bc",,305,gun_12_x4,japan,"bb, bc",,,,0.61,,agamemnon_gun_305_x4,1.5,1.62,0.61,0.82,agamemnon_gun_305_x4,1.5,1.62,0.61,0.82,fus_gun_356_x4_a,0.99,1.07,0.61,0.96,yamato_gun_b_460_x4,0.54,0.58,0.61,1.14,,,,,,,,,,,,,,,,,,,
"gun_13_x1_japan_bb,bc",,330,gun_13_x1,japan,"bb, bc",friedrich_gun_228_x1,1.3325,1.4325,1.13,1.125,agamemnon_gun_305_x1,1.625,1.745,1.13,0.82,agamemnon_gun_305_x1,1.625,1.745,1.13,0.82,fus_gun_356_x1_a,1.08,1.16,1.07,0.96,yamato_gun_b_460_x1,0.585,0.625,1.13,1.13,,,,,,,,,,,,,,,,,,,
"gun_13_x2_japan_bb,bc",,330,gun_13_x2,japan,"bb, bc",friedrich_gun_228_x2,1.3325,1.4325,0.88,1.125,agamemnon_gun_305_x2,1.625,1.745,0.88,0.82,agamemnon_gun_305_x2,1.625,1.745,0.88,0.82,fus_gun_356_x2_a,1.08,1.16,0.82,0.96,yamato_gun_b_460_x2,0.585,0.625,0.88,1.13,,,,,,,,,,,,,,,,,,,
"gun_13_x3_japan_bb,bc",,330,gun_13_x3,japan,"bb, bc",friedrich_gun_228_x3,1.3325,1.4325,0.705,1.125,agamemnon_gun_305_x3,1.625,1.745,0.705,0.82,agamemnon_gun_305_x3,1.625,1.745,0.705,0.82,fus_gun_356_x3_a,1.08,1.16,0.66,0.96,yamato_gun_b_460_x3,0.585,0.625,0.705,1.13,,,,,,,,,,,,,,,,,,,
"gun_13_x4_japan_bb,bc",,330,gun_13_x4,japan,"bb, bc",,,,,,agamemnon_gun_305_x4,1.625,1.745,0.65,0.82,agamemnon_gun_305_x4,1.625,1.745,0.65,0.82,fus_gun_356_x4_a,1.08,1.16,0.61,0.96,yamato_gun_b_460_x4,0.585,0.625,0.65,1.13,,,,,,,,,,,,,,,,,,,
"gun_14_x1_japan_bb,bc",,356,gun_14_x1,japan,"bb, bc",agamemnon_gun_305_x1,1.75,1.87,1.13,0.82,agamemnon_gun_305_x1,1.75,1.87,1.13,0.82,agamemnon_gun_305_x1,1.75,1.87,1.13,0.82,fus_gun_356_x1_a,1.17,1.25,1.13,0.96,yamato_gun_b_460_x1,0.63,0.67,1.13,1.13,,,,,,,,,,,,,,,,,,,
"gun_14_x2_japan_bb,bc",,356,gun_14_x2,japan,"bb, bc",agamemnon_gun_305_x2,1.75,1.87,0.88,0.82,agamemnon_gun_305_x2,1.75,1.87,0.88,0.82,agamemnon_gun_305_x2,1.75,1.87,0.88,0.82,fus_gun_356_x2_a,1.17,1.25,0.88,0.96,yamato_gun_b_460_x2,0.63,0.67,0.88,1.13,,,,,,,,,,,,,,,,,,,
"gun_14_x3_japan_bb,bc",,356,gun_14_x3,japan,"bb, bc",agamemnon_gun_305_x3,1.75,1.87,0.705,0.82,agamemnon_gun_305_x3,1.75,1.87,0.705,0.82,agamemnon_gun_305_x3,1.75,1.87,0.705,0.82,fus_gun_356_x3_a,1.17,1.25,0.705,0.96,yamato_gun_b_460_x3,0.63,0.67,0.705,1.13,,,,,,,,,,,,,,,,,,,
"gun_14_x4_japan_bb,bc",,356,gun_14_x4,japan,"bb, bc",agamemnon_gun_305_x4,1.75,1.87,0.66,0.82,agamemnon_gun_305_x4,1.75,1.87,0.66,0.82,agamemnon_gun_305_x4,1.75,1.87,0.66,0.82,fus_gun_356_x4_a,1.17,1.25,0.65,0.96,yamato_gun_b_460_x4,0.63,0.67,0.66,1.13,,,,,,,,,,,,,,,,,,,
"gun_15_x1_japan_bb,bc",,381,gun_15_x1,japan,"bb, bc",agamemnon_gun_305_x1,1.875,1.995,1.14,0.81,agamemnon_gun_305_x1,1.875,1.995,1.14,0.81,fus_gun_356_x2_a,1.26,1.34,0.88,0.96,fus_gun_356_x1_a,1.26,1.34,1.13,0.96,yamato_gun_b_460_x1,0.675,0.715,1.14,1.12,,,,,,,,,,,,,,,,,,,
"gun_15_x2_japan_bb,bc",,381,gun_15_x2,japan,"bb, bc",agamemnon_gun_305_x2,1.875,1.995,0.9,0.81,agamemnon_gun_305_x2,1.875,1.995,0.9,0.81,fus_gun_356_x3_a,1.26,1.34,0.705,0.96,fus_gun_356_x2_a,1.26,1.34,0.88,0.96,yamato_gun_b_460_x2,0.675,0.715,0.9,1.12,,,,,,,,,,,,,,,,,,,
"gun_15_x3_japan_bb,bc",,381,gun_15_x3,japan,"bb, bc",agamemnon_gun_305_x3,1.875,1.995,0.72,0.81,agamemnon_gun_305_x3,1.875,1.995,0.72,0.81,fus_gun_356_x4_a,1.26,1.34,0.66,0.96,fus_gun_356_x3_a,1.26,1.34,0.705,0.96,yamato_gun_b_460_x3,0.675,0.715,0.72,1.12,,,,,,,,,,,,,,,,,,,
"gun_15_x4_japan_bb,bc",,381,gun_15_x4,japan,"bb, bc",agamemnon_gun_305_x4,1.875,1.995,0.675,0.81,agamemnon_gun_305_x4,1.875,1.995,0.675,0.81,fus_gun_356_x1_a,1.35,1.43,1.14,0.94,fus_gun_356_x4_a,1.26,1.34,0.66,0.96,yamato_gun_b_460_x4,0.675,0.715,0.675,1.12,,,,,,,,,,,,,,,,,,,
"gun_16_x1_japan_bb,bc",,406,gun_16_x1,japan,"bb, bc",agamemnon_gun_305_x1,2,2.12,1.15,0.81,agamemnon_gun_305_x1,2,2.12,1.15,0.81,fus_gun_356_x2_a,1.35,1.43,0.9,0.94,fus_gun_356_x1_a,1.35,1.43,1.14,0.94,yamato_gun_b_460_x1,0.72,0.76,1.15,1.11,,,,,,,,,,,,,,,,,,,
"gun_16_x2_japan_bb,bc",,406,gun_16_x2,japan,"bb, bc",agamemnon_gun_305_x2,2,2.12,0.93,0.81,agamemnon_gun_305_x2,2,2.12,0.93,0.81,fus_gun_356_x3_a,1.35,1.43,0.72,0.94,fus_gun_356_x2_a,1.35,1.43,0.9,0.94,yamato_gun_b_460_x2,0.72,0.76,0.93,1.11,,,,,,,,,,,,,,,,,,,
"gun_16_x3_japan_bb,bc",,406,gun_16_x3,japan,"bb, bc",agamemnon_gun_305_x3,2,2.12,0.75,0.81,agamemnon_gun_305_x3,2,2.12,0.75,0.81,fus_gun_356_x4_a,1.35,1.43,0.675,0.94,fus_gun_356_x3_a,1.35,1.43,0.72,0.94,yamato_gun_b_460_x3,0.72,0.76,0.75,1.11,,,,,,,,,,,,,,,,,,,
"gun_16_x4_japan_bb,bc",,406,gun_16_x4,japan,"bb, bc",agamemnon_gun_305_x4,2,2.12,0.68,0.81,agamemnon_gun_305_x4,2,2.12,0.68,0.81,fus_gun_356_x1_a,1.44,1.52,1.15,0.94,fus_gun_356_x4_a,1.35,1.43,0.675,0.94,yamato_gun_b_460_x4,0.72,0.76,0.68,1.11,,,,,,,,,,,,,,,,,,,
"gun_17_x1_japan_bb,bc",,432,gun_17_x1,japan,"bb, bc",fus_gun_356_x1_a,1.53,1.61,1.2,0.94,yamato_gun_460_x1,0.765,0.805,1.2,1.11,fus_gun_356_x2_a,1.44,1.52,0.93,0.94,fus_gun_356_x1_a,1.44,1.52,1.15,0.94,yamato_gun_b_460_x1,0.765,0.805,1.2,1.11,,,,,,,,,,,,,,,,,,,
"gun_17_x2_japan_bb,bc",,432,gun_17_x2,japan,"bb, bc",fus_gun_356_x2_a,1.53,1.61,0.95,0.94,yamato_gun_460_x2,0.765,0.805,0.95,1.11,fus_gun_356_x3_a,1.44,1.52,0.75,0.94,fus_gun_356_x2_a,1.44,1.52,0.93,0.94,yamato_gun_b_460_x2,0.765,0.805,0.95,1.11,,,,,,,,,,,,,,,,,,,
"gun_17_x3_japan_bb,bc",,432,gun_17_x3,japan,"bb, bc",fus_gun_356_x3_a,1.53,1.61,0.775,0.94,yamato_gun_460_x3,0.765,0.805,0.775,1.11,fus_gun_356_x4_a,1.44,1.52,0.68,0.94,fus_gun_356_x3_a,1.44,1.52,0.75,0.94,yamato_gun_b_460_x3,0.765,0.805,0.775,1.11,,,,,,,,,,,,,,,,,,,
"gun_17_x4_japan_bb,bc",,432,gun_17_x4,japan,"bb, bc",fus_gun_356_x4_a,1.53,1.61,0.71,0.94,yamato_gun_460_x4,0.765,0.805,0.71,1.11,fus_gun_356_x4_a,1.44,1.52,0.68,0.94,fus_gun_356_x4_a,1.44,1.52,0.68,0.94,yamato_gun_b_460_x4,0.765,0.805,0.71,1.11,,,,,,,,,,,,,,,,,,,
"gun_18_x1_japan_bb,bc",,457,gun_18_x1,japan,"bb, bc",fus_gun_356_x1_a,1.62,1.7,1.23,0.94,yamato_gun_460_x1,0.81,0.85,1.23,1.1,yamato_gun_b_460_x1,0.81,0.85,1.23,1.1,yamato_gun_b_460_x1,0.81,0.85,1.23,1.1,yamato_gun_b_460_x1,0.81,0.85,1.23,1.1,,,,,,,,,,,,,,,,,,,
"gun_18_x2_japan_bb,bc",,457,gun_18_x2,japan,"bb, bc",fus_gun_356_x2_a,1.62,1.7,0.985,0.94,yamato_gun_460_x2,0.81,0.85,0.985,1.1,yamato_gun_b_460_x2,0.81,0.85,0.985,1.1,yamato_gun_b_460_x2,0.81,0.85,0.985,1.1,yamato_gun_b_460_x2,0.81,0.85,0.985,1.1,,,,,,,,,,,,,,,,,,,
"gun_18_x3_japan_bb,bc",,457,gun_18_x3,japan,"bb, bc",fus_gun_356_x3_a,1.62,1.7,0.81,0.94,yamato_gun_460_x3,0.81,0.85,0.81,1.1,yamato_gun_b_460_x3,0.81,0.85,0.81,1.1,yamato_gun_b_460_x3,0.81,0.85,0.81,1.1,yamato_gun_b_460_x3,0.81,0.85,0.81,1.1,,,,,,,,,,,,,,,,,,,
"gun_18_x4_japan_bb,bc",,457,gun_18_x4,japan,"bb, bc",fus_gun_356_x4_a,1.62,1.7,0.735,0.94,yamato_gun_460_x4,0.81,0.85,0.735,1.1,yamato_gun_b_460_x4,0.81,0.85,0.735,1.1,yamato_gun_b_460_x4,0.81,0.85,0.735,1.1,yamato_gun_b_460_x4,0.81,0.85,0.735,1.1,,,,,,,,,,,,,,,,,,,
"gun_19_x1_japan_bb,bc",,483,gun_19_x1,japan,"bb, bc",fus_gun_356_x1_a,1.71,1.79,1.16,0.94,yamato_gun_460_x1,0.855,0.895,1.16,1.1,yamato_gun_b_460_x1,0.855,0.895,1.16,1.1,yamato_gun_b_460_x1,0.855,0.895,1.16,1.1,yamato_gun_b_460_x1,0.855,0.895,1.16,1.1,,,,,,,,,,,,,,,,,,,
"gun_19_x2_japan_bb,bc",,483,gun_19_x2,japan,"bb, bc",fus_gun_356_x2_a,1.71,1.79,0.95,0.94,yamato_gun_460_x2,0.855,0.895,0.95,1.1,yamato_gun_b_460_x2,0.855,0.895,0.95,1.1,yamato_gun_b_460_x2,0.855,0.895,0.95,1.1,yamato_gun_b_460_x2,0.855,0.895,0.95,1.1,,,,,,,,,,,,,,,,,,,
"gun_19_x3_japan_bb,bc",,483,gun_19_x3,japan,"bb, bc",fus_gun_356_x3_a,1.71,1.79,0.78,0.94,yamato_gun_460_x3,0.855,0.895,0.78,1.1,yamato_gun_b_460_x3,0.855,0.895,0.78,1.1,yamato_gun_b_460_x3,0.855,0.895,0.78,1.1,yamato_gun_b_460_x3,0.855,0.895,0.78,1.1,,,,,,,,,,,,,,,,,,,
"gun_19_x4_japan_bb,bc",,483,gun_19_x4,japan,"bb, bc",fus_gun_356_x4_a,1.71,1.79,0.725,0.94,yamato_gun_460_x4,0.855,0.895,0.725,1.1,yamato_gun_b_460_x4,0.855,0.895,0.725,1.1,yamato_gun_b_460_x4,0.855,0.895,0.725,1.1,yamato_gun_b_460_x4,0.855,0.895,0.725,1.1,,,,,,,,,,,,,,,,,,,
"gun_20_x1_japan_bb,bc",,508,gun_20_x1,japan,"bb, bc",fus_gun_356_x1_a,1.8,1.88,1.05,0.93,yamato_gun_460_x1,0.9,0.94,1.05,1.09,yamato_gun_b_460_x1,0.9,0.94,1.05,1.09,yamato_gun_b_460_x1,0.9,0.94,1.05,1.09,yamato_gun_b_460_x1,0.9,0.94,1.05,1.09,,,,,,,,,,,,,,,,,,,
"gun_20_x2_japan_bb,bc",,508,gun_20_x2,japan,"bb, bc",fus_gun_356_x2_a,1.8,1.88,0.85,0.93,yamato_gun_460_x2,0.9,0.94,0.85,1.09,yamato_gun_b_460_x2,0.9,0.94,0.85,1.09,yamato_gun_b_460_x2,0.9,0.94,0.85,1.09,yamato_gun_b_460_x2,0.9,0.94,0.85,1.09,,,,,,,,,,,,,,,,,,,
"gun_20_x3_japan_bb,bc",,508,gun_20_x3,japan,"bb, bc",fus_gun_356_x3_a,1.8,1.88,0.7,0.93,yamato_gun_460_x3,0.9,0.94,0.7,1.09,yamato_gun_b_460_x3,0.9,0.94,0.7,1.09,yamato_gun_b_460_x3,0.9,0.94,0.7,1.09,yamato_gun_b_460_x3,0.9,0.94,0.7,1.09,,,,,,,,,,,,,,,,,,,
"gun_20_x4_japan_bb,bc",,508,gun_20_x4,japan,"bb, bc",fus_gun_356_x4_a,1.8,1.88,0.65,0.93,yamato_gun_460_x4,0.9,0.94,0.65,1.09,yamato_gun_b_460_x4,0.9,0.94,0.65,1.09,yamato_gun_b_460_x4,0.9,0.94,0.65,1.09,yamato_gun_b_460_x4,0.9,0.94,0.65,1.09,,,,,,,,,,,,,,,,,,,
###,,,###,,,,,,,,,,,,,,,,,,,,,,,,,,,,,,,,,,,,,,,,,,,,,,
gun_2_x1_usa,,51,gun_2_x1,usa,,,,,,,,,,,,iowa_gun_127_x1,0.5,0.72,0.92,1.8,iowa_gun_127_x1,0.5,0.72,0.92,1.8,iowa_gun_127_x1,0.5,0.72,0.92,1.8,,,,,,,,,,,,,,,,,,,
gun_2_x2_usa,,51,gun_2_x2,usa,,maine_gun_152_x2,0.45,0.62,0.7,1.65,pen_gun_127_x2,0.45,0.665,0.7,1.48,iowa_gun_127_x2,0.5,0.72,0.7,1.8,iowa_gun_127_x2,0.5,0.72,0.7,1.8,iowa_gun_127_x2,0.5,0.72,0.7,1.8,,,,,,,,,,,,,,,,,,,
gun_2_x3_usa,,51,gun_2_x3,usa,,maine_gun_152_x3,0.45,0.62,0.55,1.65,pen_gun_127_x3,0.45,0.665,0.55,1.4,iowa_gun_127_x3,0.5,0.72,0.55,1.8,iowa_gun_127_x3,0.5,0.72,0.55,1.8,iowa_gun_127_x3,0.5,0.72,0.55,1.8,,,,,,,,,,,,,,,,,,,
gun_2_x4_usa,,51,gun_2_x4,usa,,,,,,,,,,0.5,,iowa_gun_127_x4,0.5,0.72,0.5,1.8,iowa_gun_127_x4,0.5,0.72,0.5,1.8,iowa_gun_127_x4,0.5,0.72,0.5,1.8,,,,,,,,,,,,,,,,,,,
gun_3_x1_usa_dd,,76,gun_3_x1,usa,"dd, tb",,,,,,,,,,,akizuki_gun_b_127_x1,0.54,0.71,1.45,2.18,akizuki_gun_b_127_x1,0.54,0.71,1.45,2.18,akizuki_gun_b_127_x1,0.54,0.71,1.45,2.18,,,,,,,,,,,,,,,,,,,
gun_3_x2_usa_dd,,76,gun_3_x2,usa,"dd, tb",maine_gun_152_x2,0.636,0.8,1.08,1.49,pen_gun_127_x2,0.675,0.89,1.08,1.26,akizuki_gun_b_127_x2,0.54,0.71,1.08,2.18,akizuki_gun_b_127_x2,0.54,0.71,1.08,2.18,akizuki_gun_b_127_x2,0.54,0.71,1.08,2.18,,,,,,,,,,,,,,,,,,,
gun_3_x3_usa_dd,,76,gun_3_x3,usa,"dd, tb",maine_gun_152_x3,0.636,0.8,0.83,1.49,pen_gun_127_x3,0.675,0.89,0.83,1.18,akizuki_gun_b_127_x3,0.54,0.71,0.83,2.18,akizuki_gun_b_127_x3,0.54,0.71,0.83,2.18,akizuki_gun_b_127_x3,0.54,0.71,0.83,2.18,,,,,,,,,,,,,,,,,,,
gun_3_x4_usa_dd,,76,gun_3_x4,usa,"dd, tb",,,,,,,,,,,,,,0.74,,,,,0.74,,,,,0.74,,,,,,,,,,,,,,,,,,,,
gun_4_x1_usa_dd,,102,gun_4_x1,usa,"dd, tb",maine_gun_152_x1,0.822,0.99,1.7,1.27,,,,,,akizuki_gun_b_127_x1,0.72,0.89,1.7,1.8,akizuki_gun_b_127_x1,0.72,0.89,1.7,1.8,akizuki_gun_b_127_x1,0.72,0.89,1.7,1.8,,,,,,,,,,,,,,,,,,,
gun_4_x2_usa_dd,,102,gun_4_x2,usa,"dd, tb",maine_gun_152_x2,0.822,0.99,1.28,1.27,maine_gun_230_x2,0.57,0.66,1.28,1.35,akizuki_gun_b_127_x2,0.72,0.89,1.28,1.8,akizuki_gun_b_127_x2,0.72,0.89,1.28,1.8,akizuki_gun_b_127_x2,0.72,0.89,1.28,1.8,,,,,,,,,,,,,,,,,,,
gun_4_x3_usa_dd,,102,gun_4_x3,usa,"dd, tb",maine_gun_152_x3,0.822,0.99,1,1.27,maine_gun_230_x3,0.57,0.66,1,1.35,akizuki_gun_b_127_x3,0.72,0.89,1,1.8,akizuki_gun_b_127_x3,0.72,0.89,1,1.8,akizuki_gun_b_127_x3,0.72,0.89,1,1.8,,,,,,,,,,,,,,,,,,,
gun_4_x4_usa_dd,,102,gun_4_x4,usa,"dd, tb",,,,,,,,,,,,,,0.85,,,,,0.85,,,,,0.85,,,,,,,,,,,,,,,,,,,,
gun_5_x1_usa_dd,,127,gun_5_x1,usa,"dd, tb",maine_gun_152_x1,1.008,1.15,1.25,1.01,,,,,,akizuki_gun_b_127_x1,0.9,1.07,1.25,1.4,akizuki_gun_b_127_x1,0.9,1.07,1.25,1.4,akizuki_gun_b_127_x1,0.9,1.07,1.25,1.4,,,,,,,,,,,,,,,,,,,
gun_5_x2_usa_dd,,127,gun_5_x2,usa,"dd, tb",maine_gun_152_x2,1.008,1.15,0.95,1.01,maine_gun_230_x2,0.68,0.77,0.95,1.1,akizuki_gun_b_127_x2,0.9,1.07,0.95,1.4,akizuki_gun_b_127_x2,0.9,1.07,0.95,1.4,akizuki_gun_b_127_x2,0.9,1.07,0.95,1.4,,,,,,,,,,,,,,,,,,,
gun_5_x3_usa_dd,,127,gun_5_x3,usa,"dd, tb",maine_gun_152_x3,1.008,1.15,0.75,1.01,maine_gun_230_x3,0.68,0.77,0.75,1.1,akizuki_gun_b_127_x3,0.9,1.07,0.75,1.4,akizuki_gun_b_127_x3,0.9,1.07,0.75,1.4,akizuki_gun_b_127_x3,0.9,1.07,0.75,1.4,,,,,,,,,,,,,,,,,,,
gun_5_x4_usa_dd,,127,gun_5_x4,usa,"dd, tb",,,,,,,,,,,,,,,,,,,,,,,,,,,,,,,,,,,,,,,,,,,,
gun_3_x1_usa_cl,,76,gun_3_x1,usa,cl,,,,,,,,,,,maine_gun_230_x1,0.57,0.66,1.7,1.35,iowa_gun_127_x1,0.75,0.97,1.45,1.54,iowa_gun_127_x1,0.75,0.97,1.45,1.54,,,,,,,,,,,,,,,,,,,
gun_3_x2_usa_cl,,76,gun_3_x2,usa,cl,maine_gun_152_x2,0.636,0.8,1.08,1.49,pen_gun_127_x2,0.675,0.89,1.08,1.26,maine_gun_230_x2,0.57,0.66,1.28,1.35,iowa_gun_127_x2,0.75,0.97,1.08,1.54,iowa_gun_127_x2,0.75,0.97,1.08,1.54,,,,,,,,,,,,,,,,,,,
gun_3_x3_usa_cl,,76,gun_3_x3,usa,cl,maine_gun_152_x3,0.636,0.8,0.83,1.49,pen_gun_127_x3,0.675,0.89,0.83,1.18,maine_gun_230_x3,0.57,0.66,1,1.35,iowa_gun_127_x3,0.75,0.97,0.83,1.54,iowa_gun_127_x3,0.75,0.97,0.83,1.54,,,,,,,,,,,,,,,,,,,
gun_3_x4_usa_cl,,76,gun_3_x4,usa,cl,,,,,,,,,,,,,,0.85,,iowa_gun_127_x4,0.75,0.97,0.74,1.54,iowa_gun_127_x4,0.75,0.97,0.74,1.54,,,,,,,,,,,,,,,,,,,
gun_4_x1_usa_cl,,102,gun_4_x1,usa,cl,maine_gun_152_x1,0.822,0.99,1.7,1.27,maine_gun_152_x1,0.822,0.99,1.7,1.27,maine_gun_230_x1,0.68,0.77,1.25,1.1,iowa_gun_127_x1,1,1.22,1.7,1.28,iowa_gun_127_x1,1,1.22,1.7,1.28,,,,,,,,,,,,,,,,,,,
gun_4_x2_usa_cl,,102,gun_4_x2,usa,cl,maine_gun_152_x2,0.822,0.99,1.28,1.27,maine_gun_152_x2,0.822,0.99,1.28,1.27,maine_gun_230_x2,0.68,0.77,0.95,1.1,iowa_gun_127_x2,1,1.22,1.28,1.28,iowa_gun_127_x2,1,1.22,1.28,1.28,,,,,,,,,,,,,,,,,,,
gun_4_x3_usa_cl,,102,gun_4_x3,usa,cl,maine_gun_152_x3,0.822,0.99,1,1.27,maine_gun_152_x3,0.822,0.99,1,1.27,maine_gun_230_x3,0.68,0.77,0.75,1.1,iowa_gun_127_x3,1,1.22,1,1.28,iowa_gun_127_x3,1,1.22,1,1.28,,,,,,,,,,,,,,,,,,,
gun_4_x4_usa_cl,,102,gun_4_x4,usa,cl,,,,,,,,,,,,,,,,iowa_gun_127_x4,1,1.22,0.85,1.28,iowa_gun_127_x4,1,1.22,0.85,1.28,,,,,,,,,,,,,,,,,,,
gun_5_x1_usa_cl,,127,gun_5_x1,usa,cl,maine_gun_230_x1,0.68,0.77,1.25,1.1,maine_gun_230_x1,0.68,0.77,1.25,1.1,maine_gun_230_x1,0.68,0.77,1.25,1.1,atl_gun_125_x1,1,1.12,1.25,1.04,atl_gun_125_x1,1,1.12,1.25,1.04,,,,,,,,,,,,,,,,,,,
gun_5_x2_usa_cl,,127,gun_5_x2,usa,cl,maine_gun_230_x2,0.68,0.77,0.95,1.1,maine_gun_230_x2,0.68,0.77,0.95,1.1,maine_gun_230_x2,0.68,0.77,0.95,1.1,atl_gun_125_x2,1,1.12,0.95,1.04,atl_gun_125_x2,1,1.12,0.95,1.04,,,,,,,,,,,,,,,,,,,
gun_5_x3_usa_cl,,127,gun_5_x3,usa,cl,maine_gun_230_x3,0.68,0.77,0.75,1.1,maine_gun_230_x3,0.68,0.77,0.75,1.1,maine_gun_230_x3,0.68,0.77,0.75,1.1,atl_gun_125_x3,1,1.12,0.75,1.04,atl_gun_125_x3,1,1.12,0.75,1.04,,,,,,,,,,,,,,,,,,,
gun_5_x4_usa_cl,,127,gun_5_x4,usa,cl,,,,,,,,,,,,,,,,atl_gun_125_x4,1,1.12,0.68,1.04,atl_gun_125_x4,1,1.12,0.68,1.04,,,,,,,,,,,,,,,,,,,
gun_6_x1_usa_cl,,152,gun_6_x1,usa,cl,maine_gun_152_x1,1.194,1.36,1.185,0.97,maine_gun_254_x1_b,0.6,0.68,1.185,1.44,maine_gun_230_x1,0.46,0.55,1.45,1.5,atl_gun_125_x1,1.172,1.31,1.185,1.02,atl_gun_125_x1,1.172,1.31,1.185,1.02,,,,,,,,,,,,,,,,,,,
gun_6_x2_usa_cl,,152,gun_6_x2,usa,cl,maine_gun_152_x2,1.194,1.36,0.86,0.97,maine_gun_254_x2_b,0.6,0.68,0.86,1.44,maine_gun_230_x2,0.46,0.55,1.08,1.5,atl_gun_125_x2,1.172,1.31,0.86,1.02,atl_gun_125_x2,1.172,1.31,0.86,1.02,,,,,,,,,,,,,,,,,,,
gun_6_x3_usa_cl,,152,gun_6_x3,usa,cl,maine_gun_152_x3,1.194,1.36,0.66,0.97,maine_gun_254_x3_b,0.6,0.68,0.66,1.44,maine_gun_230_x3,0.46,0.55,0.83,1.5,atl_gun_125_x3,1.172,1.31,0.66,1.02,atl_gun_125_x3,1.172,1.31,0.66,1.02,,,,,,,,,,,,,,,,,,,
gun_6_x4_usa_cl,,152,gun_6_x4,usa,cl,,,,,,,,,,,,,,0.74,,atl_gun_125_x4,1.172,1.31,0.6,1.02,atl_gun_125_x4,1.172,1.31,0.6,1.02,,,,,,,,,,,,,,,,,,,
"gun_3_x1_usa_ca,bb,bc",,76,gun_3_x1,usa,"ca, bb, bc",,,,,,pen_gun_127_x1,0.9,1.115,1.7,1.04,maine_gun_230_x1,0.57,0.66,1.7,1.35,iowa_gun_127_x1,0.75,0.97,1.45,1.54,iowa_gun_127_x1,0.75,0.97,1.45,1.54,,,,,,,,,,,,,,,,,,,
"gun_3_x2_usa_ca,bb,bc",,76,gun_3_x2,usa,"ca, bb, bc",maine_gun_152_x2,0.636,0.8,1.08,1.49,pen_gun_127_x2,0.675,0.89,1.08,1.26,maine_gun_230_x2,0.57,0.66,1.28,1.35,iowa_gun_127_x2,0.75,0.97,1.08,1.54,iowa_gun_127_x2,0.75,0.97,1.08,1.54,,,,,,,,,,,,,,,,,,,
"gun_3_x3_usa_ca,bb,bc",,76,gun_3_x3,usa,"ca, bb, bc",maine_gun_152_x3,0.636,0.8,0.83,1.49,pen_gun_127_x3,0.675,0.89,0.83,1.18,maine_gun_230_x3,0.57,0.66,1,1.35,iowa_gun_127_x3,0.75,0.97,0.83,1.54,iowa_gun_127_x3,0.75,0.97,0.83,1.54,,,,,,,,,,,,,,,,,,,
"gun_3_x4_usa_ca,bb,bc",,76,gun_3_x4,usa,"ca, bb, bc",,,,,,,,,,,,,,0.85,,iowa_gun_127_x4,0.75,0.97,0.74,1.54,iowa_gun_127_x4,0.75,0.97,0.74,1.54,,,,,,,,,,,,,,,,,,,
"gun_4_x1_usa_ca,bb,bc",,102,gun_4_x1,usa,"ca, bb, bc",maine_gun_152_x1,0.822,0.99,1.7,1.27,,,,,,maine_gun_230_x1,0.68,0.77,1.25,1.1,iowa_gun_b_127_x1,1.2,1.48,1.7,1.05,iowa_gun_b_127_x1,1.2,1.48,1.7,1.05,,,,,,,,,,,,,,,,,,,
"gun_4_x2_usa_ca,bb,bc",,102,gun_4_x2,usa,"ca, bb, bc",maine_gun_152_x2,0.822,0.99,1.28,1.27,pen_gun_127_x2,0.9,1.115,1.28,1.04,maine_gun_230_x2,0.68,0.77,0.95,1.1,iowa_gun_b_127_x2,1.2,1.48,1.28,1.05,iowa_gun_b_127_x2,1.2,1.48,1.28,1.05,,,,,,,,,,,,,,,,,,,
"gun_4_x3_usa_ca,bb,bc",,102,gun_4_x3,usa,"ca, bb, bc",maine_gun_152_x3,0.822,0.99,1,1.27,pen_gun_127_x3,0.9,1.115,1,0.98,maine_gun_230_x3,0.68,0.77,0.75,1.1,iowa_gun_b_127_x3,1.2,1.48,1,1.05,iowa_gun_b_127_x3,1.2,1.48,1,1.05,,,,,,,,,,,,,,,,,,,
"gun_4_x4_usa_ca,bb,bc",,102,gun_4_x4,usa,"ca, bb, bc",,,,,,,,,,,,,,0.85,,clev_gun_127_x4,0.84,1.04,0.85,1.44,clev_gun_127_x4,0.84,1.04,0.85,1.44,,,,,,,,,,,,,,,,,,,
"gun_5_x1_usa_ca,bb,bc",,127,gun_5_x1,usa,"ca, bb, bc",maine_gun_152_x1,1.008,1.15,1.25,1.01,pen_gun_127_x1,1.125,1.34,1.25,0.82,maine_gun_230_x1,0.68,0.77,1.25,1.1,iowa_gun_b_127_x1,1.5,1.78,1.25,0.81,iowa_gun_b_127_x1,1.5,1.78,1.25,0.81,,,,,,,,,,,,,,,,,,,
"gun_5_x2_usa_ca,bb,bc",,127,gun_5_x2,usa,"ca, bb, bc",maine_gun_152_x2,1.008,1.15,0.95,1.01,pen_gun_127_x2,1.125,1.34,0.95,0.82,maine_gun_230_x2,0.68,0.77,0.95,1.1,iowa_gun_b_127_x2,1.5,1.78,0.95,0.81,iowa_gun_b_127_x2,1.5,1.78,0.95,0.81,,,,,,,,,,,,,,,,,,,
"gun_5_x3_usa_ca,bb,bc",,127,gun_5_x3,usa,"ca, bb, bc",maine_gun_152_x3,1.008,1.15,0.75,1.01,pen_gun_127_x3,1.125,1.34,0.75,0.76,maine_gun_230_x3,0.68,0.77,0.75,1.1,iowa_gun_b_127_x3,1.5,1.78,0.75,0.81,iowa_gun_b_127_x3,1.5,1.78,0.75,0.81,,,,,,,,,,,,,,,,,,,
"gun_5_x4_usa_ca,bb,bc",,127,gun_5_x4,usa,"ca, bb, bc",,,,,,,,,,,,,,,,clev_gun_127_x4,1.05,1.25,0.68,1.14,clev_gun_127_x4,1.05,1.25,0.68,1.14,,,,,,,,,,,,,,,,,,,
"gun_6_x1_usa_ca,bb,bc",,152,gun_6_x1,usa,"ca, bb, bc",maine_gun_254_x1,0.71,0.805,1.185,1.67,maine_gun_254_x1_b,0.6,0.68,1.185,1.44,ny_gun_210_x1,1.154,1.33,1.185,1.04,brooklyn_gun_152_x1,0.862,1,1.185,1.06,brooklyn_gun_b_152_x1,0.862,1,1.185,1,,,,,,,,,,,,,,,,,,,
"gun_6_x2_usa_ca,bb,bc",,152,gun_6_x2,usa,"ca, bb, bc",maine_gun_254_x2,0.71,0.805,0.86,1.67,maine_gun_254_x2_b,0.6,0.68,0.86,1.44,ny_gun_210_x2,1.154,1.33,0.86,1.04,brooklyn_gun_152_x2,0.862,1,0.86,1.06,brooklyn_gun_b_152_x2,0.862,1,0.86,1,,,,,,,,,,,,,,,,,,,
"gun_6_x3_usa_ca,bb,bc",,152,gun_6_x3,usa,"ca, bb, bc",maine_gun_254_x3,0.71,0.805,0.66,1.67,maine_gun_254_x3_b,0.6,0.68,0.66,1.44,ny_gun_210_x3,1.154,1.33,0.66,1.04,brooklyn_gun_152_x3,0.862,1,0.66,1.06,brooklyn_gun_b_152_x3,0.862,1,0.66,1,,,,,,,,,,,,,,,,,,,
"gun_6_x4_usa_ca,bb,bc",,152,gun_6_x4,usa,"ca, bb, bc",,,,,,,,,,,,,,,,brooklyn_gun_152_x4,0.862,1,0.6,1.06,brooklyn_gun_b_152_x4,0.862,1,0.6,1,,,,,,,,,,,,,,,,,,,
"gun_7_x1_usa_cl,ca,bb,bc",,178,gun_7_x1,usa,"cl, ca, bb, bc",maine_gun_254_x1,0.82,0.915,1.21,1.67,maine_gun_254_x1_b,0.69,0.77,1.21,1.43,ny_gun_210_x1,1.35,1.526,1.21,1.025,brooklyn_gun_152_x1,1.015,1.15,1.21,1.02,brooklyn_gun_b_152_x1,1.015,1.15,1.21,0.96,,,,,,,,,,,,,,,,,,,
"gun_7_x2_usa_cl,ca,bb,bc",,178,gun_7_x2,usa,"cl, ca, bb, bc",maine_gun_254_x2,0.82,0.915,0.9,1.67,maine_gun_254_x2_b,0.69,0.77,0.9,1.43,ny_gun_210_x2,1.35,1.526,0.9,1.025,brooklyn_gun_152_x2,1.015,1.15,0.9,1.02,brooklyn_gun_b_152_x2,1.015,1.15,0.9,0.96,,,,,,,,,,,,,,,,,,,
"gun_7_x3_usa_cl,ca,bb,bc",,178,gun_7_x3,usa,"cl, ca, bb, bc",maine_gun_254_x3,0.82,0.915,0.705,1.67,maine_gun_254_x3_b,0.69,0.77,0.705,1.43,ny_gun_210_x3,1.35,1.526,0.705,1.025,brooklyn_gun_152_x3,1.015,1.15,0.705,1.02,brooklyn_gun_b_152_x3,1.015,1.15,0.705,0.96,,,,,,,,,,,,,,,,,,,
"gun_7_x4_usa_cl,ca,bb,bc",,178,gun_7_x4,usa,"cl, ca, bb, bc",,,,,,,,,,,,,,0.64,,brooklyn_gun_152_x4,1.015,1.15,0.64,1.02,brooklyn_gun_b_152_x4,1.015,1.15,0.64,0.96,,,,,,,,,,,,,,,,,,,
"gun_8_x1_usa_ca,bb,bc",,203,gun_8_x1,usa,"ca, bb, bc",maine_gun_254_x1,0.93,1.025,1.17,1.63,maine_gun_254_x1_b,0.78,0.86,1.17,1.4,ny_gun_210_x1,1.546,1.722,1.17,0.975,brooklyn_gun_152_x1,1.168,1.31,1.17,0.98,brooklyn_gun_b_152_x1,1.168,1.31,1.17,0.94,,,,,,,,,,,,,,,,,,,
"gun_8_x2_usa_ca,bb,bc",,203,gun_8_x2,usa,"ca, bb, bc",maine_gun_254_x2,0.93,1.025,0.88,1.63,maine_gun_254_x2_b,0.78,0.86,0.88,1.4,ny_gun_210_x2,1.546,1.722,0.88,0.975,brooklyn_gun_152_x2,1.168,1.31,0.88,0.98,brooklyn_gun_b_152_x2,1.168,1.31,0.88,0.94,,,,,,,,,,,,,,,,,,,
"gun_8_x3_usa_ca,bb,bc",,203,gun_8_x3,usa,"ca, bb, bc",maine_gun_254_x3,0.93,1.025,0.69,1.63,maine_gun_254_x3_b,0.78,0.86,0.69,1.4,ny_gun_210_x3,1.546,1.722,0.69,0.975,brooklyn_gun_152_x3,1.168,1.31,0.69,0.98,brooklyn_gun_b_152_x3,1.168,1.31,0.69,0.94,,,,,,,,,,,,,,,,,,,
"gun_8_x4_usa_ca,bb,bc",,203,gun_8_x4,usa,"ca, bb, bc",,,,,,,,,,,,,,0.63,,brooklyn_gun_152_x4,1.168,1.31,0.63,0.98,brooklyn_gun_b_152_x4,1.168,1.31,0.63,0.94,,,,,,,,,,,,,,,,,,,
"gun_9_x1_usa_ca,bb,bc",,229,gun_9_x1,usa,"ca, bb, bc",maine_gun_254_x1_a,1.04,1.135,1.1,1.25,maine_gun_254_x1_b,0.87,0.95,1.1,1.375,ny_gun_210_x1,1.742,1.918,1.1,0.95,arizona_gun_356_x1,0.81,0.89,1.1,1.24,iowa_gun_406_x1,0.51,0.56,1.1,1.3,,,,,,,,,,,,,,,,,,,
"gun_9_x2_usa_ca,bb,bc",,229,gun_9_x2,usa,"ca, bb, bc",maine_gun_254_x2_a,1.04,1.135,0.82,1.25,maine_gun_254_x2_b,0.87,0.95,0.82,1.375,ny_gun_210_x2,1.742,1.918,0.82,0.95,arizona_gun_356_x2,0.81,0.89,0.82,1.24,iowa_gun_406_x2,0.51,0.56,0.82,1.3,,,,,,,,,,,,,,,,,,,
"gun_9_x3_usa_ca,bb,bc",,229,gun_9_x3,usa,"ca, bb, bc",maine_gun_254_x3_a,1.04,1.135,0.64,1.25,maine_gun_254_x3_b,0.87,0.95,0.64,1.375,ny_gun_210_x3,1.742,1.918,0.64,0.95,arizona_gun_356_x3,0.81,0.89,0.64,1.24,iowa_gun_406_x3,0.51,0.56,0.64,1.3,,,,,,,,,,,,,,,,,,,
"gun_9_x4_usa_ca,bb,bc",,229,gun_9_x4,usa,"ca, bb, bc",,,,,,,,,,,,,,,,arizona_gun_356_x4,0.81,0.89,0.58,1.24,iowa_gun_406_x4,0.51,0.56,0.58,1.3,,,,,,,,,,,,,,,,,,,
"gun_10_x1_usa_ca,bb,bc",,254,gun_10_x1,usa,"ca, bb, bc",maine_gun_254_x1_a,1.15,1.245,1.2,1.22,ny_gun_356_x1,0.9,0.98,1.2,1.08,arizona_gun_356_x1,0.9,0.98,1.2,1.08,arizona_gun_356_x1,0.9,0.98,1.2,1.2,iowa_gun_406_x1,0.565,0.615,1.2,1.26,,,,,,,,,,,,,,,,,,,
"gun_10_x2_usa_ca,bb,bc",,254,gun_10_x2,usa,"ca, bb, bc",maine_gun_254_x2_a,1.15,1.245,0.9,1.22,ny_gun_356_x2,0.9,0.98,0.9,1.08,arizona_gun_356_x2,0.9,0.98,0.9,1.08,arizona_gun_356_x2,0.9,0.98,0.9,1.2,iowa_gun_406_x2,0.565,0.615,0.9,1.26,,,,,,,,,,,,,,,,,,,
"gun_10_x3_usa_ca,bb,bc",,254,gun_10_x3,usa,"ca, bb, bc",maine_gun_254_x3_a,1.15,1.245,0.68,1.22,ny_gun_356_x3,0.9,0.98,0.68,1.08,arizona_gun_356_x3,0.9,0.98,0.68,1.08,arizona_gun_356_x3,0.9,0.98,0.68,1.2,iowa_gun_406_x3,0.565,0.615,0.68,1.26,,,,,,,,,,,,,,,,,,,
"gun_10_x4_usa_ca,bb,bc",,254,gun_10_x4,usa,"ca, bb, bc",,,,,,ny_gun_356_x4,0.9,0.98,0.63,1.08,arizona_gun_356_x4,0.9,0.98,0.63,1.08,arizona_gun_356_x4,0.9,0.98,0.63,1.2,iowa_gun_406_x4,0.565,0.615,0.63,1.26,,,,,,,,,,,,,,,,,,,
"gun_11_x1_usa_ca,bb,bc",,279,gun_11_x1,usa,"ca, bb, bc",maine_gun_254_x1_a,1.26,1.355,1.07,0.975,ny_gun_356_x1,0.99,1.07,1.07,0.86,arizona_gun_356_x1,0.99,1.07,1.07,0.86,arizona_gun_356_x1,0.99,1.07,1.07,0.96,iowa_gun_406_x1,0.62,0.67,1.07,1.01,,,,,,,,,,,,,,,,,,,
"gun_11_x2_usa_ca,bb,bc",,279,gun_11_x2,usa,"ca, bb, bc",maine_gun_254_x2_a,1.26,1.355,0.82,0.975,ny_gun_356_x2,0.99,1.07,0.82,0.86,arizona_gun_356_x2,0.99,1.07,0.82,0.86,arizona_gun_356_x2,0.99,1.07,0.82,0.96,iowa_gun_406_x2,0.62,0.67,0.82,1.01,,,,,,,,,,,,,,,,,,,
"gun_11_x3_usa_ca,bb,bc",,279,gun_11_x3,usa,"ca, bb, bc",maine_gun_254_x3_a,1.26,1.355,0.66,0.975,ny_gun_356_x3,0.99,1.07,0.66,0.86,arizona_gun_356_x3,0.99,1.07,0.66,0.86,arizona_gun_356_x3,0.99,1.07,0.66,0.96,iowa_gun_406_x3,0.62,0.67,0.66,1.01,,,,,,,,,,,,,,,,,,,
"gun_11_x4_usa_ca,bb,bc",,279,gun_11_x4,usa,"ca, bb, bc",,,,,,ny_gun_356_x4,0.99,1.07,0.61,0.86,arizona_gun_356_x4,0.99,1.07,0.61,0.86,arizona_gun_356_x4,0.99,1.07,0.61,0.96,iowa_gun_406_x4,0.62,0.67,0.61,1.01,,,,,,,,,,,,,,,,,,,
"gun_12_x1_usa_bb,bc",,305,gun_12_x1,usa,"bb, bc",maine_gun_254_x1_a,1.37,1.465,1.07,0.975,ny_gun_356_x1,1.08,1.16,1.07,0.86,arizona_gun_356_x1,1.08,1.16,1.07,0.86,arizona_gun_356_x1,1.08,1.16,1.07,0.96,iowa_gun_406_x1,0.675,0.725,1.07,1.01,,,,,,,,,,,,,,,,,,,
"gun_12_x2_usa_bb,bc",,305,gun_12_x2,usa,"bb, bc",maine_gun_254_x2_a,1.37,1.465,0.82,0.975,ny_gun_356_x2,1.08,1.16,0.82,0.86,arizona_gun_356_x2,1.08,1.16,0.82,0.86,arizona_gun_356_x2,1.08,1.16,0.82,0.96,iowa_gun_406_x2,0.675,0.725,0.82,1.01,,,,,,,,,,,,,,,,,,,
"gun_12_x3_usa_bb,bc",,305,gun_12_x3,usa,"bb, bc",maine_gun_254_x3_a,1.37,1.465,0.66,0.975,ny_gun_356_x3,1.08,1.16,0.66,0.86,arizona_gun_356_x3,1.08,1.16,0.66,0.86,arizona_gun_356_x3,1.08,1.16,0.66,0.96,iowa_gun_406_x3,0.675,0.725,0.66,1.01,,,,,,,,,,,,,,,,,,,
"gun_12_x4_usa_bb,bc",,305,gun_12_x4,usa,"bb, bc",,,,,,ny_gun_356_x4,1.08,1.16,0.61,0.86,arizona_gun_356_x4,1.08,1.16,0.61,0.86,arizona_gun_356_x4,1.08,1.16,0.61,0.96,iowa_gun_406_x4,0.675,0.725,0.61,1.01,,,,,,,,,,,,,,,,,,,
"gun_13_x1_usa_bb,bc",,330,gun_13_x1,usa,"bb, bc",maine_gun_254_x1_a,1.48,1.575,1.13,0.97,ny_gun_356_x1,1.17,1.25,1.13,0.86,arizona_gun_356_x1,1.17,1.25,1.13,0.86,arizona_gun_356_x1,1.17,1.25,1.13,0.96,iowa_gun_406_x1,0.73,0.78,1.13,1.01,,,,,,,,,,,,,,,,,,,
"gun_13_x2_usa_bb,bc",,330,gun_13_x2,usa,"bb, bc",maine_gun_254_x2_a,1.48,1.575,0.88,0.97,ny_gun_356_x2,1.17,1.25,0.88,0.86,arizona_gun_356_x2,1.17,1.25,0.88,0.86,arizona_gun_356_x2,1.17,1.25,0.88,0.96,iowa_gun_406_x2,0.73,0.78,0.88,1.01,,,,,,,,,,,,,,,,,,,
"gun_13_x3_usa_bb,bc",,330,gun_13_x3,usa,"bb, bc",maine_gun_254_x3_a,1.48,1.575,0.705,0.97,ny_gun_356_x3,1.17,1.25,0.705,0.86,arizona_gun_356_x3,1.17,1.25,0.705,0.86,arizona_gun_356_x3,1.17,1.25,0.705,0.96,iowa_gun_406_x3,0.73,0.78,0.705,1.01,,,,,,,,,,,,,,,,,,,
"gun_13_x4_usa_bb,bc",,330,gun_13_x4,usa,"bb, bc",,,,,,ny_gun_356_x4,1.17,1.25,0.65,0.86,arizona_gun_356_x4,1.17,1.25,0.65,0.86,arizona_gun_356_x4,1.17,1.25,0.65,0.96,iowa_gun_406_x4,0.73,0.78,0.65,1.01,,,,,,,,,,,,,,,,,,,
"gun_14_x1_usa_bb,bc",,356,gun_14_x1,usa,"bb, bc",ny_gun_210_x1,2.722,2.898,1.13,0.72,ny_gun_356_x1,1.26,1.34,1.13,0.85,arizona_gun_356_x1,1.26,1.34,1.13,0.85,arizona_gun_356_x1,1.26,1.34,1.13,0.95,iowa_gun_406_x1,0.785,0.835,1.13,,,,,,,,,,,,,,,,,,,,
"gun_14_x2_usa_bb,bc",,356,gun_14_x2,usa,"bb, bc",ny_gun_210_x2,2.722,2.898,0.88,0.72,ny_gun_356_x2,1.26,1.34,0.88,0.85,arizona_gun_356_x2,1.26,1.34,0.88,0.85,arizona_gun_356_x2,1.26,1.34,0.88,0.95,iowa_gun_406_x2,0.785,0.835,0.88,,,,,,,,,,,,,,,,,,,,
"gun_14_x3_usa_bb,bc",,356,gun_14_x3,usa,"bb, bc",ny_gun_210_x3,2.722,2.898,0.705,0.72,ny_gun_356_x3,1.26,1.34,0.705,0.85,arizona_gun_356_x3,1.26,1.34,0.705,0.85,arizona_gun_356_x3,1.26,1.34,0.705,0.95,iowa_gun_406_x3,0.785,0.835,0.705,,,,,,,,,,,,,,,,,,,,
"gun_14_x4_usa_bb,bc",,356,gun_14_x4,usa,"bb, bc",,,,,,ny_gun_356_x4,1.26,1.34,0.66,0.85,arizona_gun_356_x4,1.26,1.34,0.66,0.85,arizona_gun_356_x4,1.26,1.34,0.66,0.95,iowa_gun_406_x4,0.785,0.835,0.66,,,,,,,,,,,,,,,,,,,,
"gun_15_x1_usa_bb,bc",,381,gun_15_x1,usa,"bb, bc",ny_gun_210_x1,2.918,3.094,1.14,0.72,ny_gun_356_x1,1.35,1.43,1.14,0.85,arizona_gun_356_x1,1.35,1.43,1.14,0.85,arizona_gun_356_x1,1.35,1.43,1.14,0.95,iowa_gun_406_x1,0.84,0.89,1.14,,,,,,,,,,,,,,,,,,,,
"gun_15_x2_usa_bb,bc",,381,gun_15_x2,usa,"bb, bc",ny_gun_210_x2,2.918,3.094,0.9,0.72,ny_gun_356_x2,1.35,1.43,0.9,0.85,arizona_gun_356_x2,1.35,1.43,0.9,0.85,arizona_gun_356_x2,1.35,1.43,0.9,0.95,iowa_gun_406_x2,0.84,0.89,0.9,,,,,,,,,,,,,,,,,,,,
"gun_15_x3_usa_bb,bc",,381,gun_15_x3,usa,"bb, bc",ny_gun_210_x3,2.918,3.094,0.72,0.72,ny_gun_356_x3,1.35,1.43,0.72,0.85,arizona_gun_356_x3,1.35,1.43,0.72,0.85,arizona_gun_356_x3,1.35,1.43,0.72,0.95,iowa_gun_406_x3,0.84,0.89,0.72,,,,,,,,,,,,,,,,,,,,
"gun_15_x4_usa_bb,bc",,381,gun_15_x4,usa,"bb, bc",,,,,,ny_gun_356_x4,1.35,1.43,0.675,0.85,arizona_gun_356_x4,1.35,1.43,0.675,0.85,arizona_gun_356_x4,1.35,1.43,0.675,0.95,iowa_gun_406_x4,0.84,0.89,0.675,,,,,,,,,,,,,,,,,,,,
"gun_16_x1_usa_bb,bc",,406,gun_16_x1,usa,"bb, bc",ny_gun_356_x1,1.44,1.52,1.15,0.84,ny_gun_356_x1,1.44,1.52,1.15,0.84,arizona_gun_356_x1,1.44,1.52,1.15,0.84,arizona_gun_356_x1,1.44,1.52,1.15,0.94,iowa_gun_406_x1,0.895,0.945,1.15,,,,,,,,,,,,,,,,,,,,
"gun_16_x2_usa_bb,bc",,406,gun_16_x2,usa,"bb, bc",ny_gun_356_x2,1.44,1.52,0.93,0.84,ny_gun_356_x2,1.44,1.52,0.93,0.84,arizona_gun_356_x2,1.44,1.52,0.93,0.84,arizona_gun_356_x2,1.44,1.52,0.93,0.94,iowa_gun_406_x2,0.895,0.945,0.93,,,,,,,,,,,,,,,,,,,,
"gun_16_x3_usa_bb,bc",,406,gun_16_x3,usa,"bb, bc",ny_gun_356_x3,1.44,1.52,0.75,0.84,ny_gun_356_x3,1.44,1.52,0.75,0.84,arizona_gun_356_x3,1.44,1.52,0.75,0.84,arizona_gun_356_x3,1.44,1.52,0.75,0.94,iowa_gun_406_x3,0.895,0.945,0.75,,,,,,,,,,,,,,,,,,,,
"gun_16_x4_usa_bb,bc",,406,gun_16_x4,usa,"bb, bc",ny_gun_356_x4,1.44,1.52,0.68,0.84,ny_gun_356_x4,1.44,1.52,0.68,0.84,arizona_gun_356_x4,1.44,1.52,0.68,0.84,arizona_gun_356_x4,1.44,1.52,0.68,0.94,iowa_gun_406_x4,0.895,0.945,0.68,,,,,,,,,,,,,,,,,,,,
"gun_17_x1_usa_bb,bc",,432,gun_17_x1,usa,"bb, bc",ny_gun_356_x1,1.53,1.61,1.2,0.84,arizona_gun_356_x1,1.53,1.61,1.2,0.84,arizona_gun_356_x1,1.53,1.61,1.2,0.84,arizona_gun_356_x1,1.53,1.61,1.2,0.94,iowa_gun_406_x1,0.95,1,1.2,,,,,,,,,,,,,,,,,,,,
"gun_17_x2_usa_bb,bc",,432,gun_17_x2,usa,"bb, bc",ny_gun_356_x2,1.53,1.61,0.95,0.84,arizona_gun_356_x2,1.53,1.61,0.95,0.84,arizona_gun_356_x2,1.53,1.61,0.95,0.84,arizona_gun_356_x2,1.53,1.61,0.95,0.94,iowa_gun_406_x2,0.95,1,0.95,,,,,,,,,,,,,,,,,,,,
"gun_17_x3_usa_bb,bc",,432,gun_17_x3,usa,"bb, bc",ny_gun_356_x3,1.53,1.61,0.775,0.84,arizona_gun_356_x3,1.53,1.61,0.775,0.84,arizona_gun_356_x3,1.53,1.61,0.775,0.84,arizona_gun_356_x3,1.53,1.61,0.775,0.94,iowa_gun_406_x3,0.95,1,0.775,,,,,,,,,,,,,,,,,,,,
"gun_17_x4_usa_bb,bc",,432,gun_17_x4,usa,"bb, bc",ny_gun_356_x4,1.53,1.61,0.71,0.84,arizona_gun_356_x4,1.53,1.61,0.71,0.84,arizona_gun_356_x4,1.53,1.61,0.71,0.84,arizona_gun_356_x4,1.53,1.61,0.71,0.94,iowa_gun_406_x4,0.95,1,0.71,,,,,,,,,,,,,,,,,,,,
"gun_18_x1_usa_bb,bc",,457,gun_18_x1,usa,"bb, bc",ny_gun_356_x1,1.62,1.7,1.23,0.84,arizona_gun_356_x1,1.62,1.7,1.23,0.84,arizona_gun_356_x1,1.62,1.7,1.23,0.84,arizona_gun_356_x1,1.62,1.7,1.23,0.94,iowa_gun_406_x1,1.005,1.055,1.23,,,,,,,,,,,,,,,,,,,,
"gun_18_x2_usa_bb,bc",,457,gun_18_x2,usa,"bb, bc",ny_gun_356_x2,1.62,1.7,0.985,0.84,arizona_gun_356_x2,1.62,1.7,0.985,0.84,arizona_gun_356_x2,1.62,1.7,0.985,0.84,arizona_gun_356_x2,1.62,1.7,0.985,0.94,iowa_gun_406_x2,1.005,1.055,0.985,,,,,,,,,,,,,,,,,,,,
"gun_18_x3_usa_bb,bc",,457,gun_18_x3,usa,"bb, bc",ny_gun_356_x3,1.62,1.7,0.81,0.84,arizona_gun_356_x3,1.62,1.7,0.81,0.84,arizona_gun_356_x3,1.62,1.7,0.81,0.84,arizona_gun_356_x3,1.62,1.7,0.81,0.94,iowa_gun_406_x3,1.005,1.055,0.81,,,,,,,,,,,,,,,,,,,,
"gun_18_x4_usa_bb,bc",,457,gun_18_x4,usa,"bb, bc",ny_gun_356_x4,1.62,1.7,0.735,0.84,arizona_gun_356_x4,1.62,1.7,0.735,0.84,arizona_gun_356_x4,1.62,1.7,0.735,0.84,arizona_gun_356_x4,1.62,1.7,0.735,0.94,iowa_gun_406_x4,1.005,1.055,0.735,,,,,,,,,,,,,,,,,,,,
"gun_19_x1_usa_bb,bc",,483,gun_19_x1,usa,"bb, bc",ny_gun_356_x1,1.71,1.79,1.16,0.84,arizona_gun_356_x1,1.71,1.79,1.16,0.84,iowa_gun_406_x1,1.06,1.11,1.16,0.9,iowa_gun_406_x1,1.06,1.11,1.16,0.9,iowa_gun_406_x1,1.06,1.11,1.16,0.98,,,,,,,,,,,,,,,,,,,
"gun_19_x2_usa_bb,bc",,483,gun_19_x2,usa,"bb, bc",ny_gun_356_x2,1.71,1.79,0.95,0.84,arizona_gun_356_x2,1.71,1.79,0.95,0.84,iowa_gun_406_x2,1.06,1.11,0.95,0.9,iowa_gun_406_x2,1.06,1.11,0.95,0.9,iowa_gun_406_x2,1.06,1.11,0.95,0.98,,,,,,,,,,,,,,,,,,,
"gun_19_x3_usa_bb,bc",,483,gun_19_x3,usa,"bb, bc",ny_gun_356_x3,1.71,1.79,0.78,0.84,arizona_gun_356_x3,1.71,1.79,0.78,0.84,iowa_gun_406_x3,1.06,1.11,0.78,0.9,iowa_gun_406_x3,1.06,1.11,0.78,0.9,iowa_gun_406_x3,1.06,1.11,0.78,0.98,,,,,,,,,,,,,,,,,,,
"gun_19_x4_usa_bb,bc",,483,gun_19_x4,usa,"bb, bc",ny_gun_356_x4,1.71,1.79,0.725,0.84,arizona_gun_356_x4,1.71,1.79,0.725,0.84,iowa_gun_406_x4,1.06,1.11,0.725,0.9,iowa_gun_406_x4,1.06,1.11,0.725,0.9,iowa_gun_406_x4,1.06,1.11,0.725,0.98,,,,,,,,,,,,,,,,,,,
"gun_20_x1_usa_bb,bc",,508,gun_20_x1,usa,"bb, bc",ny_gun_356_x1,1.8,1.88,1.05,0.84,arizona_gun_356_x1,1.8,1.88,1.05,0.84,iowa_gun_406_x1,1.115,1.165,1.05,0.86,iowa_gun_406_x1,1.115,1.165,1.05,0.86,iowa_gun_406_x1,1.115,1.165,1.05,0.98,,,,,,,,,,,,,,,,,,,
"gun_20_x2_usa_bb,bc",,508,gun_20_x2,usa,"bb, bc",ny_gun_356_x2,1.8,1.88,0.85,0.84,arizona_gun_356_x2,1.8,1.88,0.85,0.84,iowa_gun_406_x2,1.115,1.165,0.85,0.86,iowa_gun_406_x2,1.115,1.165,0.85,0.86,iowa_gun_406_x2,1.115,1.165,0.85,0.98,,,,,,,,,,,,,,,,,,,
"gun_20_x3_usa_bb,bc",,508,gun_20_x3,usa,"bb, bc",ny_gun_356_x3,1.8,1.88,0.7,0.84,arizona_gun_356_x3,1.8,1.88,0.7,0.84,iowa_gun_406_x3,1.115,1.165,0.7,0.86,iowa_gun_406_x3,1.115,1.165,0.7,0.86,iowa_gun_406_x3,1.115,1.165,0.7,0.98,,,,,,,,,,,,,,,,,,,
"gun_20_x4_usa_bb,bc",,508,gun_20_x4,usa,"bb, bc",ny_gun_356_x4,1.8,1.88,0.65,0.84,arizona_gun_356_x4,1.8,1.88,0.65,0.84,iowa_gun_406_x4,1.115,1.165,0.65,0.86,iowa_gun_406_x4,1.115,1.165,0.65,0.86,iowa_gun_406_x4,1.115,1.165,0.65,0.98,,,,,,,,,,,,,,,,,,,
###,,,###,,,,,,,,,,,,,,,,,,,,,,,,,,,,,,,,,,,,,,,,,,,,,,
gun_2_x1_france,,51,gun_2_x1,france,,jap_tb_gun_76_x1,0.8,1.15,0.66,1.8,jap_tb_gun_76_x1,0.8,1.15,0.66,1.8,jap_tb_gun_76_x1,0.8,1.15,0.66,1.8,jap_tb_gun_76_x1,0.8,1.15,0.66,1.8,jap_tb_gun_76_x1,0.8,1.15,0.66,1.8,,,,,,,,,,,,,,,,,,,
gun_2_x2_france,,51,gun_2_x2,france,,,,,,,,,,,,iowa_gun_127_x2,0.5,0.72,1,1.8,iowa_gun_127_x2,0.5,0.72,1,1.8,iowa_gun_127_x2,0.5,0.72,1,1.8,,,,,,,,,,,,,,,,,,,
gun_2_x3_france,,51,gun_2_x3,france,,,,,,,,,,,,iowa_gun_127_x3,0.5,0.72,1,1.8,iowa_gun_127_x3,0.5,0.72,1,1.8,iowa_gun_127_x3,0.5,0.72,1,1.8,,,,,,,,,,,,,,,,,,,
gun_2_x4_france,,51,gun_2_x4,france,,iowa_gun_127_x4,0.5,0.72,0.5,1.8,iowa_gun_127_x4,0.5,0.72,0.5,1.8,iowa_gun_127_x4,0.5,0.72,0.5,1.8,iowa_gun_127_x4,0.5,0.72,0.5,1.8,iowa_gun_127_x4,0.5,0.72,0.5,1.8,,,,,,,,,,,,,,,,,,,
gun_3_x1_france_dd,,76,gun_3_x1,france,"dd, tb",bouvet_gun_100_x1,0.6,0.78,1,2.54,jap_tb_gun_76_x1,1.2,1.55,1,1.52,jap_tb_gun_76_x1,1.2,1.55,1,1.52,spee_gun_150_x1,0.525,0.69,1.45,2.3,spee_gun_150_x1,0.525,0.69,1.45,2.3,,,,,,,,,,,,,,,,,,,
gun_3_x2_france_dd,,76,gun_3_x2,france,"dd, tb",,,,,,massena_gun_138_x2,0.39,0.51,1.08,2.88,,,,,,rich_gun_cal130_x2,0.48,0.63,1.08,2.78,rich_gun_cal130_x2,0.48,0.63,1.08,2.78,,,,,,,,,,,,,,,,,,,
gun_3_x3_france_dd,,76,gun_3_x3,france,"dd, tb",,,,,,,,,,,,,,,,rich_gun_cal130_x3,0.48,0.63,0.83,2.78,rich_gun_cal130_x3,0.48,0.63,0.83,2.78,,,,,,,,,,,,,,,,,,,
gun_3_x4_france_dd,,76,gun_3_x4,france,"dd, tb",,,,,,,,,,,,,,,,rich_gun_cal130_x4,0.48,0.63,0.74,2.78,rich_gun_cal130_x4,0.48,0.63,0.74,2.78,,,,,,,,,,,,,,,,,,,
gun_4_x1_france_dd,,102,gun_4_x1,france,"dd, tb",bouvet_gun_100_x1,0.8,0.98,1.1,2.12,bouvet_gun_100_x1,0.8,0.98,1.1,2.12,dd_s_gun_b_102_x1,0.8,0.98,1.1,1.94,spee_gun_150_x1,0.7,0.865,1.7,1.9,spee_gun_150_x1,0.7,0.865,1.7,1.9,,,,,,,,,,,,,,,,,,,
gun_4_x2_france_dd,,102,gun_4_x2,france,"dd, tb",,,,,,massena_gun_138_x2,0.52,0.64,1.28,2.38,,,,,,bismarck_gun_105_x2,0.8,0.99,1.28,1.9,bismarck_gun_105_x2,0.8,0.99,1.28,1.9,,,,,,,,,,,,,,,,,,,
gun_4_x3_france_dd,,102,gun_4_x3,france,"dd, tb",,,,,,,,,,,,,,,,bismarck_gun_105_x3,0.8,0.99,1,1.9,bismarck_gun_105_x3,0.8,0.99,1,1.9,,,,,,,,,,,,,,,,,,,
gun_4_x4_france_dd,,102,gun_4_x4,france,"dd, tb",,,,,,,,,,,,,,,,bismarck_gun_105_x4,0.8,0.99,0.85,1.9,bismarck_gun_105_x4,0.8,0.99,0.85,1.9,,,,,,,,,,,,,,,,,,,
gun_5_x1_france_dd,,127,gun_5_x1,france,"dd, tb",bouvet_gun_100_x1,1,1.18,0.85,1.66,bouvet_gun_100_x1,1,1.18,0.85,1.66,dd_s_gun_b_102_x1,1,1.18,0.85,1.52,spee_gun_150_x1,0.875,1.04,1.25,1.48,spee_gun_150_x1,0.875,1.04,1.25,1.48,,,,,,,,,,,,,,,,,,,
gun_5_x2_france_dd,,127,gun_5_x2,france,"dd, tb",,,,,,massena_gun_138_x2,0.65,0.77,0.95,1.86,rich_gun_cal130_x2,0.8,0.95,0.95,1.82,rich_gun_cal130_x2,0.8,0.95,0.95,1.82,rich_gun_cal130_x2,0.8,0.95,0.95,1.82,,,,,,,,,,,,,,,,,,,
gun_5_x3_france_dd,,127,gun_5_x3,france,"dd, tb",,,,,,,,,,,rich_gun_cal130_x3,0.8,0.95,0.75,1.82,rich_gun_cal130_x3,0.8,0.95,0.75,1.82,rich_gun_cal130_x3,0.8,0.95,0.75,1.82,,,,,,,,,,,,,,,,,,,
gun_5_x4_france_dd,,127,gun_5_x4,france,"dd, tb",,,,,,,,,,,rich_gun_cal130_x4,0.8,0.95,0.68,1.82,rich_gun_cal130_x4,0.8,0.95,0.68,1.82,rich_gun_cal130_x4,0.8,0.95,0.68,1.82,,,,,,,,,,,,,,,,,,,
gun_3_x1_france_cl,,76,gun_3_x1,france,cl,bouvet_gun_100_x1,0.6,0.78,1,2.54,bouvet_gun_100_x1,0.6,0.78,1,2.54,jap_tb_gun_76_x1,1.2,1.55,1,1.52,spee_gun_150_x1,0.525,0.69,1.45,2.3,spee_gun_150_x1,0.525,0.69,1.45,2.3,,,,,,,,,,,,,,,,,,,
gun_3_x2_france_cl,,76,gun_3_x2,france,cl,,,,,,massena_gun_138_x2,0.39,0.51,1.08,2.88,richelieu_gun_100_x2,0.9,1.17,1.08,2.58,richelieu_gun_100_x2,0.9,1.17,1.08,2.58,richelieu_gun_100_x2,0.9,1.17,1.08,2.58,,,,,,,,,,,,,,,,,,,
gun_3_x3_france_cl,,76,gun_3_x3,france,cl,,,,,,,,,,,richelieu_gun_100_x3,0.9,1.17,0.83,2.58,richelieu_gun_100_x3,0.9,1.17,0.83,2.58,richelieu_gun_100_x3,0.9,1.17,0.83,2.58,,,,,,,,,,,,,,,,,,,
gun_3_x4_france_cl,,76,gun_3_x4,france,cl,,,,,,,,,,,richelieu_gun_100_x4,0.9,1.17,0.74,2.58,richelieu_gun_100_x4,0.9,1.17,0.74,2.58,richelieu_gun_100_x4,0.9,1.17,0.74,2.58,,,,,,,,,,,,,,,,,,,
gun_4_x1_france_cl,,102,gun_4_x1,france,cl,bouvet_gun_100_x1,0.8,0.98,1.1,2.12,massena_gun_138_x1,0.52,0.64,1.7,2.44,dd_s_gun_b_102_x1,0.8,0.98,1.1,1.94,spee_gun_150_x1,0.7,0.865,1.7,1.9,spee_gun_150_x1,0.7,0.865,1.7,1.9,,,,,,,,,,,,,,,,,,,
gun_4_x2_france_cl,,102,gun_4_x2,france,cl,,,,,,massena_gun_138_x2,0.52,0.64,1.28,2.38,bismarck_gun_105_x2,0.8,0.99,1.28,1.9,bismarck_gun_105_x2,0.8,0.99,1.28,1.9,bismarck_gun_105_x2,0.8,0.99,1.28,1.9,,,,,,,,,,,,,,,,,,,
gun_4_x3_france_cl,,102,gun_4_x3,france,cl,,,,,,,,,,,bismarck_gun_105_x3,0.8,0.99,1,1.9,bismarck_gun_105_x3,0.8,0.99,1,1.9,bismarck_gun_105_x3,0.8,0.99,1,1.9,,,,,,,,,,,,,,,,,,,
gun_4_x4_france_cl,,102,gun_4_x4,france,cl,,,,,,,,,,,bismarck_gun_105_x4,0.8,0.99,0.85,1.9,bismarck_gun_105_x4,0.8,0.99,0.85,1.9,bismarck_gun_105_x4,0.8,0.99,0.85,1.9,,,,,,,,,,,,,,,,,,,
gun_5_x1_france_cl,,127,gun_5_x1,france,cl,massena_gun_138_x1,0.65,0.77,1.25,1.92,massena_gun_138_x1,0.65,0.77,1.25,1.92,dd_s_gun_b_102_x1,1,1.18,0.85,1.52,spee_gun_150_x1,0.875,1.04,1.25,1.48,spee_gun_150_x1,0.875,1.04,1.25,1.48,,,,,,,,,,,,,,,,,,,
gun_5_x2_france_cl,,127,gun_5_x2,france,cl,massena_gun_138_x2,0.65,0.77,0.95,1.86,massena_gun_138_x2,0.65,0.77,0.95,1.86,rich_gun_cal130_x2,0.8,0.95,0.95,1.82,rich_gun_cal130_x2,0.8,0.95,0.95,1.82,rich_gun_cal130_x2,0.8,0.95,0.95,1.82,,,,,,,,,,,,,,,,,,,
gun_5_x3_france_cl,,127,gun_5_x3,france,cl,,,,,,,,,,,rich_gun_cal130_x3,0.8,0.95,0.75,1.82,rich_gun_cal130_x3,0.8,0.95,0.75,1.82,rich_gun_cal130_x3,0.8,0.95,0.75,1.82,,,,,,,,,,,,,,,,,,,
gun_5_x4_france_cl,,127,gun_5_x4,france,cl,,,,,,,,,,,rich_gun_cal130_x4,0.8,0.95,0.68,1.82,rich_gun_cal130_x4,0.8,0.95,0.68,1.82,rich_gun_cal130_x4,0.8,0.95,0.68,1.82,,,,,,,,,,,,,,,,,,,
gun_6_x1_france_cl,,152,gun_6_x1,france,cl,massena_gun_138_x1,0.78,0.9,1.185,1.84,bouvet_gun_138_x1,0.78,0.9,1.185,1.84,dd_s_gun_b_102_x1,1.2,1.38,0.75,1.46,dd_s_gun_b_102_x1,1.2,1.38,0.75,1.46,richelieu_gun_152_x1,1.050,1.22,1.185,1.2,,,,,,,,,,,,,,,,,,,
gun_6_x2_france_cl,,152,gun_6_x2,france,cl,massena_gun_138_x2,0.78,0.9,0.86,1.78,bouvet_gun_138_x2,0.78,0.9,0.86,1.78,richelieu_gun_152_x2,1.050,1.22,0.86,1.2,richelieu_gun_152_x2,1.050,1.22,0.86,1.2,richelieu_gun_152_x2,1.050,1.22,0.86,1.2,,,,,,,,,,,,,,,,,,,
gun_6_x3_france_cl,,152,gun_6_x3,france,cl,,,,,,,,,,,richelieu_gun_152_x3,1.050,1.22,0.66,1.2,richelieu_gun_152_x3,1.050,1.22,0.66,1.2,richelieu_gun_152_x3,1.050,1.22,0.66,1.2,,,,,,,,,,,,,,,,,,,
gun_6_x4_france_cl,,152,gun_6_x4,france,cl,,,,,,,,,,,richelieu_gun_152_x4,1.050,1.22,0.6,1.2,richelieu_gun_152_x4,1.050,1.22,0.6,1.2,richelieu_gun_152_x4,1.050,1.22,0.6,1.2,,,,,,,,,,,,,,,,,,,
"gun_3_x1_france_ca,bb,bc",,76,gun_3_x1,france,"ca, bb, bc",bouvet_gun_100_x1,0.6,0.78,1,2.54,bouvet_gun_100_x1,0.6,0.78,1,2.54,jap_tb_gun_76_x1,1.2,1.55,1,1.52,richelieu_gun_100_x1,0.9,1.17,1.45,2.58,richelieu_gun_100_x1,0.9,1.17,1.45,2.58,,,,,,,,,,,,,,,,,,,
"gun_3_x2_france_ca,bb,bc",,76,gun_3_x2,france,"ca, bb, bc",,,,,,bouvet_gun_138_x2,0.39,0.51,1.08,2.88,richelieu_gun_100_x2,0.9,1.17,1.08,2.58,richelieu_gun_100_x2,0.9,1.17,1.08,2.58,richelieu_gun_100_x2,0.9,1.17,1.08,2.58,,,,,,,,,,,,,,,,,,,
"gun_3_x3_france_ca,bb,bc",,76,gun_3_x3,france,"ca, bb, bc",,,,,,,,,,,richelieu_gun_100_x3,0.9,1.17,0.83,2.58,richelieu_gun_100_x3,0.9,1.17,0.83,2.58,richelieu_gun_100_x3,0.9,1.17,0.83,2.58,,,,,,,,,,,,,,,,,,,
"gun_3_x4_france_ca,bb,bc",,76,gun_3_x4,france,"ca, bb, bc",,,,,,,,,,,richelieu_gun_100_x4,0.9,1.17,0.74,2.58,richelieu_gun_100_x4,0.9,1.17,0.74,2.58,richelieu_gun_100_x4,0.9,1.17,0.74,2.58,,,,,,,,,,,,,,,,,,,
"gun_4_x1_france_ca,bb,bc",,102,gun_4_x1,france,"ca, bb, bc",bouvet_gun_100_x1,0.8,0.98,1.1,2.12,bouvet_gun_100_x1,0.8,0.98,1.1,2.12,richelieu_gun_100_x1,1.2,1.47,1.7,2.1,richelieu_gun_100_x1,1.2,1.47,1.7,2.1,richelieu_gun_100_x1,1.2,1.47,1.7,2.1,,,,,,,,,,,,,,,,,,,
"gun_4_x2_france_ca,bb,bc",,102,gun_4_x2,france,"ca, bb, bc",,,,,,bouvet_gun_138_x2,0.52,0.64,1.28,2.38,richelieu_gun_100_x2,1.2,1.47,1.28,2.1,richelieu_gun_100_x2,1.2,1.47,1.28,2.1,richelieu_gun_100_x2,1.2,1.47,1.28,2.1,,,,,,,,,,,,,,,,,,,
"gun_4_x3_france_ca,bb,bc",,102,gun_4_x3,france,"ca, bb, bc",,,,,,,,,,,richelieu_gun_100_x3,1.2,1.47,1,2.1,richelieu_gun_100_x3,1.2,1.47,1,2.1,richelieu_gun_100_x3,1.2,1.47,1,2.1,,,,,,,,,,,,,,,,,,,
"gun_4_x4_france_ca,bb,bc",,102,gun_4_x4,france,"ca, bb, bc",,,,,,,,,,,richelieu_gun_100_x4,1.2,1.47,0.85,2.1,richelieu_gun_100_x4,1.2,1.47,0.85,2.1,richelieu_gun_100_x4,1.2,1.47,0.85,2.1,,,,,,,,,,,,,,,,,,,
"gun_5_x1_france_ca,bb,bc",,127,gun_5_x1,france,"ca, bb, bc",bouvet_gun_138_x1,0.65,0.77,1.25,1.92,bouvet_gun_138_x1,0.65,0.77,1.25,1.92,rich_gun_cal130_x1,0.8,0.95,1.25,1.82,rich_gun_cal130_x1,0.8,0.95,1.25,1.82,rich_gun_cal130_x1,0.8,0.95,1.25,1.82,,,,,,,,,,,,,,,,,,,
"gun_5_x2_france_ca,bb,bc",,127,gun_5_x2,france,"ca, bb, bc",bouvet_gun_138_x2,0.65,0.77,0.95,1.86,bouvet_gun_138_x2,0.65,0.77,0.95,1.86,rich_gun_cal130_x2,0.8,0.95,0.95,1.82,rich_gun_cal130_x2,0.8,0.95,0.95,1.82,rich_gun_cal130_x2,0.8,0.95,0.95,1.82,,,,,,,,,,,,,,,,,,,
"gun_5_x3_france_ca,bb,bc",,127,gun_5_x3,france,"ca, bb, bc",,,,,,,,,,,rich_gun_cal130_x3,0.8,0.95,0.75,1.82,rich_gun_cal130_x3,0.8,0.95,0.75,1.82,rich_gun_cal130_x3,0.8,0.95,0.75,1.82,,,,,,,,,,,,,,,,,,,
"gun_5_x4_france_ca,bb,bc",,127,gun_5_x4,france,"ca, bb, bc",,,,,,,,,,,rich_gun_cal130_x4,0.8,0.95,0.68,1.82,rich_gun_cal130_x4,0.8,0.95,0.68,1.82,rich_gun_cal130_x4,0.8,0.95,0.68,1.82,,,,,,,,,,,,,,,,,,,
"gun_6_x1_france_ca,bb,bc",,152,gun_6_x1,france,"ca, bb, bc",bouvet_gun_138_x1,0.78,0.9,1.185,1.84,bouvet_gun_138_x1,0.78,0.9,1.185,1.84,richelieu_gun_152_x1,1.050,1.22,1.185,1.2,richelieu_gun_152_x1,1.050,1.22,1.185,1.2,richelieu_gun_152_x1,1.050,1.22,1.185,1.2,,,,,,,,,,,,,,,,,,,
"gun_6_x2_france_ca,bb,bc",,152,gun_6_x2,france,"ca, bb, bc",bouvet_gun_138_x2,0.78,0.9,0.86,1.78,bouvet_gun_138_x2,0.78,0.9,0.86,1.78,richelieu_gun_152_x2,1.050,1.22,0.86,1.2,richelieu_gun_152_x2,1.050,1.22,0.86,1.2,richelieu_gun_152_x2,1.050,1.22,0.86,1.2,,,,,,,,,,,,,,,,,,,
"gun_6_x3_france_ca,bb,bc",,152,gun_6_x3,france,"ca, bb, bc",,,,,,,,,,,richelieu_gun_152_x3,1.050,1.22,0.66,1.2,richelieu_gun_152_x3,1.050,1.22,0.66,1.2,richelieu_gun_152_x3,1.050,1.22,0.66,1.2,,,,,,,,,,,,,,,,,,,
"gun_6_x4_france_ca,bb,bc",,152,gun_6_x4,france,"ca, bb, bc",,,,,,,,,,,richelieu_gun_152_x4,1.050,1.22,0.6,1.2,richelieu_gun_152_x4,1.050,1.22,0.6,1.2,richelieu_gun_152_x4,1.050,1.22,0.6,1.2,,,,,,,,,,,,,,,,,,,
"gun_7_x1_france_cl,ca,bb,bc",,178,gun_7_x1,france,"cl, ca, bb, bc",bouvet_gun_138_x1,0.91,1.03,1.21,1.76,dant_gun_245_x1,0.84,0.95,1.21,1,richelieu_gun_152_x1,1.225,1.395,1.21,1.18,richelieu_gun_152_x1,1.225,1.395,1.21,1.18,richelieu_gun_152_x1,1.225,1.395,1.21,1.18,,,,,,,,,,,,,,,,,,,
"gun_7_x2_france_cl,ca,bb,bc",,178,gun_7_x2,france,"cl, ca, bb, bc",bouvet_gun_138_x2,0.91,1.03,0.9,1.72,dant_gun_245_x2,0.84,0.95,0.9,1,richelieu_gun_152_x2,1.225,1.395,0.9,1.18,richelieu_gun_152_x2,1.225,1.395,0.9,1.18,richelieu_gun_152_x2,1.225,1.395,0.9,1.18,,,,,,,,,,,,,,,,,,,
"gun_7_x3_france_cl,ca,bb,bc",,178,gun_7_x3,france,"cl, ca, bb, bc",,,,,,dant_gun_245_x3,0.84,0.95,0.705,1,richelieu_gun_152_x3,1.225,1.395,0.705,1.18,richelieu_gun_152_x3,1.225,1.395,0.705,1.18,richelieu_gun_152_x3,1.225,1.395,0.705,1.18,,,,,,,,,,,,,,,,,,,
"gun_7_x4_france_cl,ca,bb,bc",,178,gun_7_x4,france,"cl, ca, bb, bc",,,,,,dant_gun_245_x4,0.84,0.95,0.64,1,richelieu_gun_152_x4,1.225,1.395,0.64,1.18,richelieu_gun_152_x4,1.225,1.395,0.64,1.18,richelieu_gun_152_x4,1.225,1.395,0.64,1.18,,,,,,,,,,,,,,,,,,,
"gun_8_x1_france_ca,bb,bc",,203,gun_8_x1,france,"ca, bb, bc",dante_gun_240_x1,0.92,1.03,1.17,1.02,dant_gun_245_x1,0.96,1.07,1.17,0.98,dant_gun_245_x1,0.96,1.07,1.17,0.98,,,,,,,,,,,,,,,,,,,,,,,,,,,,,
"gun_8_x2_france_ca,bb,bc",,203,gun_8_x2,france,"ca, bb, bc",dante_gun_240_x2,0.92,1.03,0.88,1.02,dant_gun_245_x2,0.96,1.07,0.88,0.98,dant_gun_245_x2,0.96,1.07,0.88,0.98,,,,,,,,,,,,,,,,,,,,,,,,,,,,,
"gun_8_x3_france_ca,bb,bc",,203,gun_8_x3,france,"ca, bb, bc",,,,,,dant_gun_245_x3,0.96,1.07,0.69,0.98,dant_gun_245_x3,0.96,1.07,0.69,0.98,,,,,,,,,,,,,,,,,,,,,,,,,,,,,
"gun_8_x4_france_ca,bb,bc",,203,gun_8_x4,france,"ca, bb, bc",,,,,,dant_gun_245_x4,0.96,1.07,0.63,0.98,dant_gun_245_x4,0.96,1.07,0.63,0.98,,,,,,,,,,,,,,,,,,,,,,,,,,,,,
"gun_9_x1_france_ca,bb,bc",,229,gun_9_x1,france,"ca, bb, bc",dante_gun_240_x1,1.035,1.145,1.1,0.98,dant_gun_245_x1,1.08,1.19,1.1,0.94,dant_gun_245_x1,1.08,1.19,1.1,0.94,,,,,,,,,,,,,,,,,,,,,,,,,,,,,
"gun_9_x2_france_ca,bb,bc",,229,gun_9_x2,france,"ca, bb, bc",dante_gun_240_x2,1.035,1.145,0.82,0.98,dant_gun_245_x2,1.08,1.19,0.82,0.94,dant_gun_245_x2,1.08,1.19,0.82,0.94,,,,,,,,,,,,,,,,,,,,,,,,,,,,,
"gun_9_x3_france_ca,bb,bc",,229,gun_9_x3,france,"ca, bb, bc",,,,,,dant_gun_245_x3,1.08,1.19,0.64,0.94,dant_gun_245_x3,1.08,1.19,0.64,0.94,,,,,,,,,,,,,,,,,,,,,,,,,,,,,
"gun_9_x4_france_ca,bb,bc",,229,gun_9_x4,france,"ca, bb, bc",,,,,,dant_gun_245_x4,1.08,1.19,0.58,0.94,dant_gun_245_x4,1.08,1.19,0.58,0.94,,,,,,,,,,,,,,,,,,,,,,,,,,,,,
"gun_10_x1_france_ca,bb,bc",,254,gun_10_x1,france,"ca, bb, bc",bouvet_gun_305_x1,1,1.09,1.2,1.22,dant_gun_245_x1,1.2,1.31,1.2,0.92,dant_gun_245_x1,1.08,1.19,1.1,0.94,,,,,,,,,,,,,,,,,,,,,,,,,,,,,
"gun_10_x2_france_ca,bb,bc",,254,gun_10_x2,france,"ca, bb, bc",bouvet_gun_305_x2,1,1.09,0.9,1.22,dant_gun_245_x2,1.2,1.31,0.9,0.92,dant_gun_245_x2,1.08,1.19,0.82,0.94,,,,,,,,,,,,,,,,,,,,,,,,,,,,,
"gun_10_x3_france_ca,bb,bc",,254,gun_10_x3,france,"ca, bb, bc",,,,,,dant_gun_245_x3,1.2,1.31,0.68,0.92,dant_gun_245_x3,1.08,1.19,0.64,0.94,,,,,,,,,,,,,,,,,,,,,,,,,,,,,
"gun_10_x4_france_ca,bb,bc",,254,gun_10_x4,france,"ca, bb, bc",,,,,,dant_gun_245_x4,1.08,1.19,0.58,0.94,dant_gun_245_x4,1.08,1.19,0.58,0.94,,,,,,,,,,,,,,,,,,,,,,,,,,,,,
"gun_11_x1_france_ca,bb,bc",,279,gun_11_x1,france,"ca, bb, bc",bouvet_gun_305_x1,1.1,1.19,1.07,0.98,dant_gun_245_x1,1.2,1.31,1.2,0.92,dant_gun_245_x1,1.2,1.31,1.2,0.92,richelieu_gun_380_x1,0.88,0.955,1.07,0.74,richelieu_gun_380_x1,0.88,0.955,1.07,0.82,,,,,,,,,,,,,,,,,,,
"gun_11_x2_france_ca,bb,bc",,279,gun_11_x2,france,"ca, bb, bc",bouvet_gun_305_x2,1.1,1.19,0.82,0.98,dant_gun_245_x2,1.2,1.31,0.9,0.92,dant_gun_245_x2,1.2,1.31,0.9,0.92,richelieu_gun_380_x2,0.88,0.955,0.82,0.74,richelieu_gun_380_x2,0.88,0.955,0.82,0.82,,,,,,,,,,,,,,,,,,,
"gun_11_x3_france_ca,bb,bc",,279,gun_11_x3,france,"ca, bb, bc",,,,,,dant_gun_245_x3,1.2,1.31,0.68,0.92,dant_gun_245_x3,1.2,1.31,0.68,0.92,richelieu_gun_380_x3,0.88,0.955,0.66,0.74,richelieu_gun_380_x3,0.88,0.955,0.66,0.82,,,,,,,,,,,,,,,,,,,
"gun_11_x4_france_ca,bb,bc",,279,gun_11_x4,france,"ca, bb, bc",,,,,,dant_gun_245_x4,1.2,1.31,0.63,0.92,dant_gun_245_x4,1.2,1.31,0.63,0.92,richelieu_gun_380_x4,0.88,0.955,0.61,0.74,richelieu_gun_380_x4,0.88,0.955,0.61,0.82,,,,,,,,,,,,,,,,,,,
"gun_12_x1_france_bb,bc",,305,gun_12_x1,france,"bb, bc",bouvet_gun_305_x1,1.2,1.29,1.07,0.96,dant_gun_245_x1,1.32,1.43,1.07,0.73,dant_gun_245_x1,1.32,1.43,1.07,0.73,richelieu_gun_380_x1,0.96,1.035,1.07,0.74,richelieu_gun_380_x1,0.96,1.035,1.07,0.82,,,,,,,,,,,,,,,,,,,
"gun_12_x2_france_bb,bc",,305,gun_12_x2,france,"bb, bc",bouvet_gun_305_x2,1.2,1.29,0.82,0.96,dant_gun_245_x2,1.32,1.43,0.82,0.73,dant_gun_245_x2,1.32,1.43,0.82,0.73,richelieu_gun_380_x2,0.96,1.035,0.82,0.74,richelieu_gun_380_x2,0.96,1.035,0.82,0.82,,,,,,,,,,,,,,,,,,,
"gun_12_x3_france_bb,bc",,305,gun_12_x3,france,"bb, bc",,,,,,dant_gun_245_x3,1.32,1.43,0.66,0.73,dant_gun_245_x3,1.32,1.43,0.66,0.73,richelieu_gun_380_x3,0.96,1.035,0.66,0.74,richelieu_gun_380_x3,0.96,1.035,0.66,0.82,,,,,,,,,,,,,,,,,,,
"gun_12_x4_france_bb,bc",,305,gun_12_x4,france,"bb, bc",,,,,,dant_gun_245_x4,1.32,1.43,0.61,0.73,dant_gun_245_x4,1.32,1.43,0.61,0.73,richelieu_gun_380_x4,0.96,1.035,0.61,0.74,richelieu_gun_380_x4,0.96,1.035,0.61,0.82,,,,,,,,,,,,,,,,,,,
"gun_13_x1_france_bb,bc",,330,gun_13_x1,france,"bb, bc",dante_gun_305_x1,1.17,1.255,1.13,0.73,dant_gun_245_x1,1.44,1.55,1.07,0.73,dant_gun_245_x1,1.44,1.55,1.07,0.73,richelieu_gun_380_x1,1.04,1.115,1.13,0.74,richelieu_gun_380_x1,1.04,1.115,1.13,0.82,,,,,,,,,,,,,,,,,,,
"gun_13_x2_france_bb,bc",,330,gun_13_x2,france,"bb, bc",dante_gun_305_x2,1.17,1.255,0.88,0.73,dant_gun_245_x2,1.44,1.55,0.82,0.73,dant_gun_245_x2,1.44,1.55,0.82,0.73,richelieu_gun_380_x2,1.04,1.115,0.88,0.74,richelieu_gun_380_x2,1.04,1.115,0.88,0.82,,,,,,,,,,,,,,,,,,,
"gun_13_x3_france_bb,bc",,330,gun_13_x3,france,"bb, bc",,,,,,dant_gun_245_x3,1.44,1.55,0.66,0.73,dant_gun_245_x3,1.44,1.55,0.66,0.73,richelieu_gun_380_x3,1.04,1.115,0.705,0.74,richelieu_gun_380_x3,1.04,1.115,0.705,0.82,,,,,,,,,,,,,,,,,,,
"gun_13_x4_france_bb,bc",,330,gun_13_x4,france,"bb, bc",,,,,,dant_gun_245_x4,1.44,1.55,0.61,0.73,dant_gun_245_x4,1.44,1.55,0.61,0.73,richelieu_gun_380_x4,1.04,1.115,0.65,0.74,richelieu_gun_380_x4,1.04,1.115,0.65,0.82,,,,,,,,,,,,,,,,,,,
"gun_14_x1_france_bb,bc",,356,gun_14_x1,france,"bb, bc",dante_gun_305_x1,1.26,1.345,1.13,0.73,dant_gun_245_x1,1.56,1.67,1.13,0.72,dant_gun_245_x1,1.56,1.67,1.13,0.72,richelieu_gun_380_x1,1.12,1.195,1.13,0.73,richelieu_gun_380_x1,1.12,1.195,1.13,0.82,,,,,,,,,,,,,,,,,,,
"gun_14_x2_france_bb,bc",,356,gun_14_x2,france,"bb, bc",dante_gun_305_x2,1.26,1.345,0.88,0.73,dant_gun_245_x2,1.56,1.67,0.88,0.72,dant_gun_245_x2,1.56,1.67,0.88,0.72,richelieu_gun_380_x2,1.12,1.195,0.88,0.73,richelieu_gun_380_x2,1.12,1.195,0.88,0.82,,,,,,,,,,,,,,,,,,,
"gun_14_x3_france_bb,bc",,356,gun_14_x3,france,"bb, bc",,,,,,dant_gun_245_x3,1.56,1.67,0.705,0.72,dant_gun_245_x3,1.56,1.67,0.705,0.72,richelieu_gun_380_x3,1.12,1.195,0.705,0.73,richelieu_gun_380_x3,1.12,1.195,0.705,0.82,,,,,,,,,,,,,,,,,,,
"gun_14_x4_france_bb,bc",,356,gun_14_x4,france,"bb, bc",,,,,,dant_gun_245_x4,1.56,1.67,0.65,0.72,dant_gun_245_x4,1.56,1.67,0.65,0.72,richelieu_gun_380_x4,1.12,1.195,0.66,0.73,richelieu_gun_380_x4,1.12,1.195,0.66,0.82,,,,,,,,,,,,,,,,,,,
"gun_15_x1_france_bb,bc",,381,gun_15_x1,france,"bb, bc",dante_gun_305_x1,1.35,1.435,1.14,0.72,dant_gun_245_x1,1.68,1.79,1.13,0.72,dant_gun_245_x1,1.68,1.79,1.13,0.72,richelieu_gun_380_x1,1.2,1.275,1.14,0.73,richelieu_gun_380_x1,1.2,1.275,1.14,0.82,,,,,,,,,,,,,,,,,,,
"gun_15_x2_france_bb,bc",,381,gun_15_x2,france,"bb, bc",dante_gun_305_x2,1.35,1.435,0.9,0.72,dant_gun_245_x2,1.68,1.79,0.88,0.72,dant_gun_245_x2,1.68,1.79,0.88,0.72,richelieu_gun_380_x2,1.2,1.275,0.9,0.73,richelieu_gun_380_x2,1.2,1.275,0.9,0.82,,,,,,,,,,,,,,,,,,,
"gun_15_x3_france_bb,bc",,381,gun_15_x3,france,"bb, bc",,,,,,dant_gun_245_x3,1.68,1.79,0.705,0.72,dant_gun_245_x3,1.68,1.79,0.705,0.72,richelieu_gun_380_x3,1.2,1.275,0.72,0.73,richelieu_gun_380_x3,1.2,1.275,0.72,0.82,,,,,,,,,,,,,,,,,,,
"gun_15_x4_france_bb,bc",,381,gun_15_x4,france,"bb, bc",,,,,,dant_gun_245_x4,1.68,1.79,0.66,0.72,dant_gun_245_x4,1.68,1.79,0.66,0.72,richelieu_gun_380_x4,1.2,1.275,0.675,0.73,richelieu_gun_380_x4,1.2,1.275,0.675,0.82,,,,,,,,,,,,,,,,,,,
"gun_16_x1_france_bb,bc",,406,gun_16_x1,france,"bb, bc",dant_gun_245_x1,1.92,2.03,1.15,0.71,dant_gun_245_x1,1.92,2.03,1.15,0.71,richelieu_gun_380_x1,1.28,1.355,1.15,0.72,richelieu_gun_380_x1,1.28,1.355,1.15,0.8,richelieu_gun_380_x1,1.28,1.355,1.15,0.8,,,,,,,,,,,,,,,,,,,
"gun_16_x2_france_bb,bc",,406,gun_16_x2,france,"bb, bc",dant_gun_245_x2,1.92,2.03,0.93,0.71,dant_gun_245_x2,1.92,2.03,0.93,0.71,richelieu_gun_380_x2,1.28,1.355,0.93,0.72,richelieu_gun_380_x2,1.28,1.355,0.93,0.8,richelieu_gun_380_x2,1.28,1.355,0.93,0.8,,,,,,,,,,,,,,,,,,,
"gun_16_x3_france_bb,bc",,406,gun_16_x3,france,"bb, bc",dant_gun_245_x3,1.92,2.03,0.75,0.71,dant_gun_245_x3,1.92,2.03,0.75,0.71,richelieu_gun_380_x3,1.28,1.355,0.75,0.72,richelieu_gun_380_x3,1.28,1.355,0.75,0.8,richelieu_gun_380_x3,1.28,1.355,0.75,0.8,,,,,,,,,,,,,,,,,,,
"gun_16_x4_france_bb,bc",,406,gun_16_x4,france,"bb, bc",dant_gun_245_x4,1.92,2.03,0.68,0.71,dant_gun_245_x4,1.92,2.03,0.68,0.71,richelieu_gun_380_x4,1.28,1.355,0.68,0.72,richelieu_gun_380_x4,1.28,1.355,0.68,0.8,richelieu_gun_380_x4,1.28,1.355,0.68,0.8,,,,,,,,,,,,,,,,,,,
"gun_17_x1_france_bb,bc",,432,gun_17_x1,france,"bb, bc",dant_gun_245_x1,2.04,2.15,1.2,0.71,dant_gun_245_x1,2.04,2.15,1.2,0.71,richelieu_gun_380_x1,1.36,1.435,1.2,0.72,richelieu_gun_380_x1,1.36,1.435,1.2,0.8,richelieu_gun_380_x1,1.36,1.435,1.2,0.8,,,,,,,,,,,,,,,,,,,
"gun_17_x2_france_bb,bc",,432,gun_17_x2,france,"bb, bc",dant_gun_245_x2,2.04,2.15,0.95,0.71,dant_gun_245_x2,2.04,2.15,0.95,0.71,richelieu_gun_380_x2,1.36,1.435,0.95,0.72,richelieu_gun_380_x2,1.36,1.435,0.95,0.8,richelieu_gun_380_x2,1.36,1.435,0.95,0.8,,,,,,,,,,,,,,,,,,,
"gun_17_x3_france_bb,bc",,432,gun_17_x3,france,"bb, bc",dant_gun_245_x3,2.04,2.15,0.775,0.71,dant_gun_245_x3,2.04,2.15,0.775,0.71,richelieu_gun_380_x3,1.36,1.435,0.775,0.72,richelieu_gun_380_x3,1.36,1.435,0.775,0.8,richelieu_gun_380_x3,1.36,1.435,0.775,0.8,,,,,,,,,,,,,,,,,,,
"gun_17_x4_france_bb,bc",,432,gun_17_x4,france,"bb, bc",dant_gun_245_x4,2.04,2.15,0.71,0.71,dant_gun_245_x4,2.04,2.15,0.71,0.71,richelieu_gun_380_x4,1.36,1.435,0.71,0.72,richelieu_gun_380_x4,1.36,1.435,0.71,0.8,richelieu_gun_380_x4,1.36,1.435,0.71,0.8,,,,,,,,,,,,,,,,,,,
"gun_18_x1_france_bb,bc",,457,gun_18_x1,france,"bb, bc",dant_gun_245_x1,2.16,2.27,1.23,0.71,dant_gun_245_x1,2.16,2.27,1.23,0.71,richelieu_gun_380_x1,1.44,1.515,1.23,0.72,richelieu_gun_380_x1,1.44,1.515,1.23,0.8,richelieu_gun_380_x1,1.44,1.515,1.23,0.8,,,,,,,,,,,,,,,,,,,
"gun_18_x2_france_bb,bc",,457,gun_18_x2,france,"bb, bc",dant_gun_245_x2,2.16,2.27,0.985,0.71,dant_gun_245_x2,2.16,2.27,0.985,0.71,richelieu_gun_380_x2,1.44,1.515,0.985,0.72,richelieu_gun_380_x2,1.44,1.515,0.985,0.8,richelieu_gun_380_x2,1.44,1.515,0.985,0.8,,,,,,,,,,,,,,,,,,,
"gun_18_x3_france_bb,bc",,457,gun_18_x3,france,"bb, bc",dant_gun_245_x3,2.16,2.27,0.81,0.71,dant_gun_245_x3,2.16,2.27,0.81,0.71,richelieu_gun_380_x3,1.44,1.515,0.81,0.72,richelieu_gun_380_x3,1.44,1.515,0.81,0.8,richelieu_gun_380_x3,1.44,1.515,0.81,0.8,,,,,,,,,,,,,,,,,,,
"gun_18_x4_france_bb,bc",,457,gun_18_x4,france,"bb, bc",dant_gun_245_x4,2.16,2.27,0.735,0.71,dant_gun_245_x4,2.16,2.27,0.735,0.71,richelieu_gun_380_x4,1.44,1.515,0.735,0.72,richelieu_gun_380_x4,1.44,1.515,0.735,0.8,richelieu_gun_380_x4,1.44,1.515,0.735,0.8,,,,,,,,,,,,,,,,,,,
"gun_19_x1_france_bb,bc",,483,gun_19_x1,france,"bb, bc",dant_gun_245_x1,2.28,2.39,1.16,0.7,dant_gun_245_x1,2.28,2.39,1.16,0.7,richelieu_gun_380_x1,1.52,1.595,1.16,0.72,richelieu_gun_380_x1,1.52,1.595,1.16,0.79,richelieu_gun_380_x1,1.52,1.595,1.16,0.79,,,,,,,,,,,,,,,,,,,
"gun_19_x2_france_bb,bc",,483,gun_19_x2,france,"bb, bc",dant_gun_245_x2,2.28,2.39,0.95,0.7,dant_gun_245_x2,2.28,2.39,0.95,0.7,richelieu_gun_380_x2,1.52,1.595,0.95,0.72,richelieu_gun_380_x2,1.52,1.595,0.95,0.79,richelieu_gun_380_x2,1.52,1.595,0.95,0.79,,,,,,,,,,,,,,,,,,,
"gun_19_x3_france_bb,bc",,483,gun_19_x3,france,"bb, bc",dant_gun_245_x3,2.28,2.39,0.78,0.7,dant_gun_245_x3,2.28,2.39,0.78,0.7,richelieu_gun_380_x3,1.52,1.595,0.78,0.72,richelieu_gun_380_x3,1.52,1.595,0.78,0.79,richelieu_gun_380_x3,1.52,1.595,0.78,0.79,,,,,,,,,,,,,,,,,,,
"gun_19_x4_france_bb,bc",,483,gun_19_x4,france,"bb, bc",dant_gun_245_x4,2.28,2.39,0.725,0.7,dant_gun_245_x4,2.28,2.39,0.725,0.7,richelieu_gun_380_x4,1.52,1.595,0.725,0.72,richelieu_gun_380_x4,1.52,1.595,0.725,0.79,richelieu_gun_380_x4,1.52,1.595,0.725,0.79,,,,,,,,,,,,,,,,,,,
"gun_20_x1_france_bb,bc",,508,gun_20_x1,france,"bb, bc",dant_gun_245_x1,2.4,2.51,1.05,0.7,dant_gun_245_x1,2.4,2.51,1.05,0.7,richelieu_gun_380_x1,1.6,1.675,1.05,0.71,richelieu_gun_380_x1,1.6,1.675,1.05,0.79,richelieu_gun_380_x1,1.6,1.675,1.05,0.79,,,,,,,,,,,,,,,,,,,
"gun_20_x2_france_bb,bc",,508,gun_20_x2,france,"bb, bc",dant_gun_245_x2,2.4,2.51,0.85,0.7,dant_gun_245_x2,2.4,2.51,0.85,0.7,richelieu_gun_380_x2,1.6,1.675,0.85,0.71,richelieu_gun_380_x2,1.6,1.675,0.85,0.79,richelieu_gun_380_x2,1.6,1.675,0.85,0.79,,,,,,,,,,,,,,,,,,,
"gun_20_x3_france_bb,bc",,508,gun_20_x3,france,"bb, bc",dant_gun_245_x3,2.4,2.51,0.7,0.7,dant_gun_245_x3,2.4,2.51,0.7,0.7,richelieu_gun_380_x3,1.6,1.675,0.7,0.71,richelieu_gun_380_x3,1.6,1.675,0.7,0.79,richelieu_gun_380_x3,1.6,1.675,0.7,0.79,,,,,,,,,,,,,,,,,,,
"gun_20_x4_france_bb,bc",,508,gun_20_x4,france,"bb, bc",dant_gun_245_x4,2.4,2.51,0.65,0.7,dant_gun_245_x4,2.4,2.51,0.65,0.7,richelieu_gun_380_x4,1.6,1.675,0.65,0.71,richelieu_gun_380_x4,1.6,1.675,0.65,0.79,richelieu_gun_380_x4,1.6,1.675,0.65,0.79,,,,,,,,,,,,,,,,,,,
###,,,###,,,,,,,,,,,,,,,,,,,,,,,,,,,,,,,,,,,,,,,,,,,,,,
gun_2_x1_russia,,51,gun_2_x1,russia,"cl, ca, bc, bb",brandenburg_gun_76_x1,0.38,0.56,0.66,2.48,jap_tb_gun_76_x1,0.8,1.15,0.66,1.8,iowa_gun_127_x1,0.5,0.72,0.92,1.8,iowa_gun_127_x1,0.5,0.72,0.92,1.8,iowa_gun_127_x1,0.5,0.72,0.92,1.8,,,,,,,,,,,,,,,,,,,
gun_2_x2_russia,,51,gun_2_x2,russia,"cl, ca, bc, bb",pen_gun_127_x2,0.45,0.665,0.7,1.48,dreadnought_gun_178_x2,0.34,0.5,0.7,2.16,iowa_gun_127_x2,0.5,0.72,0.7,1.8,ussr_gun_50_x2,0.6,0.87,0.7,2.25,ussr_gun_50_x2,0.6,0.87,0.7,2.25,,,,,,,,,,,,,,,,,,,
gun_2_x3_russia,,51,gun_2_x3,russia,"cl, ca, bc, bb",pen_gun_127_x3,0.45,0.665,0.55,1.4,dreadnought_gun_178_x3,0.34,0.5,0.55,2.16,iowa_gun_127_x3,0.5,0.72,0.55,1.8,ussr_gun_50_x3,0.6,0.87,0.55,2.18,ussr_gun_50_x3,0.6,0.87,0.55,2.18,,,,,,,,,,,,,,,,,,,
gun_2_x4_russia,,51,gun_2_x4,russia,"cl, ca, bc, bb",,,,0.5,,dreadnought_gun_178_x4,0.34,0.5,0.5,2.16,iowa_gun_127_x4,0.5,0.72,0.5,1.8,ussr_gun_50_x4,0.6,0.87,0.5,2.18,ussr_gun_50_x4,0.6,0.87,0.5,2.18,,,,,,,,,,,,,,,,,,,
gun_2_x1_russia_dd,,51,gun_2_x1,russia,"dd, tb",brandenburg_gun_76_x1,0.38,0.56,0.66,2.48,jap_tb_gun_76_x1,0.8,1.15,0.66,1.8,iowa_gun_127_x1,0.5,0.72,0.92,1.8,iowa_gun_127_x1,0.5,0.72,0.92,1.8,iowa_gun_127_x1,0.5,0.72,0.92,1.8,,,,,,,,,,,,,,,,,,,
gun_2_x2_russia_dd,,51,gun_2_x2,russia,"dd, tb",pen_gun_127_x2,0.45,0.665,0.7,1.48,dreadnought_gun_178_x2,0.34,0.5,0.7,2.16,iowa_gun_127_x2,0.5,0.72,0.7,1.8,iowa_gun_127_x2,0.5,0.72,0.7,1.8,iowa_gun_127_x2,0.5,0.72,0.7,1.8,,,,,,,,,,,,,,,,,,,
gun_2_x3_russia_dd,,51,gun_2_x3,russia,"dd, tb",pen_gun_127_x3,0.45,0.665,0.55,1.4,dreadnought_gun_178_x3,0.34,0.5,0.55,2.16,iowa_gun_127_x3,0.5,0.72,0.55,1.8,iowa_gun_127_x3,0.5,0.72,0.55,1.8,iowa_gun_127_x3,0.5,0.72,0.55,1.8,,,,,,,,,,,,,,,,,,,
gun_2_x4_russia_dd,,51,gun_2_x4,russia,"dd, tb",,,,0.5,,dreadnought_gun_178_x4,0.34,0.5,0.5,2.16,iowa_gun_127_x4,0.5,0.72,0.5,1.8,iowa_gun_127_x4,0.5,0.72,0.5,1.8,iowa_gun_127_x4,0.5,0.72,0.5,1.8,,,,,,,,,,,,,,,,,,,
gun_3_x1_russia_dd,,76,gun_3_x1,russia,"dd, tb",,,,,,dido_gun_cal200_x1,0.33,0.41,1.45,2.14,dido_gun_cal200_x1,0.33,0.41,1.45,2.14,dido_gun_cal200_x1,0.33,0.41,1.45,2.14,dido_gun_cal200_x1,0.33,0.41,1.45,2.14,,,,,,,,,,,,,,,,,,,
gun_3_x2_russia_dd,,76,gun_3_x2,russia,"dd, tb",,,,,,dido_gun_cal200_x2,0.33,0.41,1.08,2.14,dido_gun_cal200_x2,0.33,0.41,1.08,2.14,dido_gun_cal200_x2,0.33,0.41,1.08,2.14,dido_gun_cal200_x2,0.33,0.41,1.08,2.14,,,,,,,,,,,,,,,,,,,
gun_3_x3_russia_dd,,76,gun_3_x3,russia,"dd, tb",,,,,,dido_gun_cal200_x3,0.33,0.41,0.83,2.14,dido_gun_cal200_x3,0.33,0.41,0.83,2.14,dido_gun_cal200_x3,0.33,0.41,0.83,2.14,dido_gun_cal200_x3,0.33,0.41,0.83,2.14,,,,,,,,,,,,,,,,,,,
gun_3_x4_russia_dd,,76,gun_3_x4,russia,"dd, tb",,,,,,dido_gun_cal200_x4,0.33,0.41,0.74,2.14,dido_gun_cal200_x4,0.33,0.41,0.74,2.14,dido_gun_cal200_x4,0.33,0.41,0.74,2.14,dido_gun_cal200_x4,0.33,0.41,0.74,2.14,,,,,,,,,,,,,,,,,,,
gun_4_x1_russia_dd,,102,gun_4_x1,russia,"dd, tb",,,,,,dd_s_gun_b_102_x1,0.8,0.98,1.1,1.94,dd_s_gun_b_102_x1,0.8,0.98,1.1,1.94,dd_s_gun_b_102_x1,0.8,0.98,1.1,1.94,dd_s_gun_b_102_x1,0.8,0.98,1.1,1.94,,,,,,,,,,,,,,,,,,,
gun_4_x2_russia_dd,,102,gun_4_x2,russia,"dd, tb",,,,,,akizuki_gun_b_127_x2,0.72,0.89,1.28,1.8,akizuki_gun_b_127_x2,0.72,0.89,1.28,1.8,akizuki_gun_127_x2,0.56,0.69,1.28,2.54,akizuki_gun_127_x2,0.56,0.69,1.28,2.54,,,,,,,,,,,,,,,,,,,
gun_4_x3_russia_dd,,102,gun_4_x3,russia,"dd, tb",,,,,,akizuki_gun_b_127_x3,0.72,0.89,1,1.8,akizuki_gun_b_127_x3,0.72,0.89,1,1.8,akizuki_gun_127_x3,0.56,0.69,1,2.54,akizuki_gun_127_x3,0.56,0.69,1,2.54,,,,,,,,,,,,,,,,,,,
gun_4_x4_russia_dd,,102,gun_4_x4,russia,"dd, tb",,,,,,,,,,,,,,,,,,,,,,,,,,,,,,,,,,,,,,,,,,,,
gun_5_x1_russia_dd,,127,gun_5_x1,russia,"dd, tb",,,,,,dd_s_gun_b_102_x1,1,1.18,0.85,1.52,dd_s_gun_b_102_x1,1,1.18,0.85,1.52,dd_s_gun_b_102_x1,1,1.18,0.85,1.52,dd_s_gun_b_102_x1,1,1.18,0.85,1.52,,,,,,,,,,,,,,,,,,,
gun_5_x2_russia_dd,,127,gun_5_x2,russia,"dd, tb",,,,,,akizuki_gun_b_127_x2,0.9,1.07,0.95,1.4,akizuki_gun_b_127_x2,0.9,1.07,0.95,1.4,akizuki_gun_127_x2,0.7,0.83,0.95,1.96,akizuki_gun_127_x2,0.7,0.83,0.95,1.96,,,,,,,,,,,,,,,,,,,
gun_5_x3_russia_dd,,127,gun_5_x3,russia,"dd, tb",,,,,,akizuki_gun_b_127_x3,0.9,1.07,0.75,1.4,akizuki_gun_b_127_x3,0.9,1.07,0.75,1.4,akizuki_gun_127_x3,0.7,0.83,0.75,1.96,akizuki_gun_127_x3,0.7,0.83,0.75,1.96,,,,,,,,,,,,,,,,,,,
gun_5_x4_russia_dd,,127,gun_5_x4,russia,"dd, tb",,,,,,,,,,,,,,,,,,,,,,,,,,,,,,,,,,,,,,,,,,,,
gun_3_x1_russia_cl,,76,gun_3_x1,russia,cl,,,,,,pen_gun_127_x1,0.675,0.89,1.45,1.26,dido_gun_cal200_x1,0.33,0.41,1.45,2.14,ussr_gun_50_x1,0.9,1.17,1.45,1.9,ussr_gun_50_x1,0.9,1.17,1.45,1.9,,,,,,,,,,,,,,,,,,,
gun_3_x2_russia_cl,,76,gun_3_x2,russia,cl,bouvet_gun_138_x2,0.39,0.51,1.08,2.88,pen_gun_127_x2,0.675,0.89,1.08,1.26,dido_gun_cal200_x2,0.33,0.41,1.08,2.14,ussr_gun_50_x2,0.9,1.17,1.08,1.9,ussr_gun_50_x2,0.9,1.17,1.08,1.9,,,,,,,,,,,,,,,,,,,
gun_3_x3_russia_cl,,76,gun_3_x3,russia,cl,,,,,,pen_gun_127_x3,0.675,0.89,0.83,1.18,dido_gun_cal200_x3,0.33,0.41,0.83,2.14,ussr_gun_50_x3,0.9,1.17,0.83,1.84,ussr_gun_50_x3,0.9,1.17,0.83,1.84,,,,,,,,,,,,,,,,,,,
gun_3_x4_russia_cl,,76,gun_3_x4,russia,cl,,,,,,,,,0.74,,dido_gun_cal200_x4,0.33,0.41,0.74,2.14,ussr_gun_50_x4,0.9,1.17,0.74,1.84,ussr_gun_50_x4,0.9,1.17,0.74,1.84,,,,,,,,,,,,,,,,,,,
gun_4_x1_russia_cl,,102,gun_4_x1,russia,cl,,,,,,moga_gun_127_x1,1.2,1.47,1.7,1.06,moga_gun_127_x1,1.2,1.47,1.7,1.06,ussr_gun_100_x1,0.75,0.87,1.7,2.23,ussr_gun_100_x1,0.75,0.87,1.7,2.23,,,,,,,,,,,,,,,,,,,
gun_4_x2_russia_cl,,102,gun_4_x2,russia,cl,tsesarevich_gun_152_x2,0.75,0.87,1.28,1.5,moga_gun_127_x2,1.2,1.47,1.28,1.06,moga_gun_127_x2,1.2,1.47,1.28,1.06,ussr_gun_100_x2,0.75,0.87,1.28,2.23,ussr_gun_100_x2,0.75,0.87,1.28,2.23,,,,,,,,,,,,,,,,,,,
gun_4_x3_russia_cl,,102,gun_4_x3,russia,cl,tsesarevich_gun_152_x3,0.75,0.87,1,1.5,moga_gun_127_x3,1.2,1.47,1,1.06,moga_gun_127_x3,1.2,1.47,1,1.06,ussr_gun_100_x3,0.75,0.87,1,2.23,ussr_gun_100_x3,0.75,0.87,1,2.23,,,,,,,,,,,,,,,,,,,
gun_4_x4_russia_cl,,102,gun_4_x4,russia,cl,,,,0.85,,pola_gun_100_x4,1,1.23,0.85,1.52,pola_gun_100_x4,1,1.23,0.85,1.52,bismarck_gun_150_x4,0.6,0.7,0.85,2.23,bismarck_gun_150_x4,0.6,0.7,0.85,2.23,,,,,,,,,,,,,,,,,,,
gun_5_x1_russia_cl,,127,gun_5_x1,russia,cl,,,,,,spee_gun_150_x1,0.875,1.04,1.25,1.48,spee_gun_150_x1,0.875,1.04,1.25,1.48,ussr_gun_100_x1,0.875,1.045,1.25,1.85,ussr_gun_100_x1,0.875,1.045,1.25,1.85,,,,,,,,,,,,,,,,,,,
gun_5_x2_russia_cl,,127,gun_5_x2,russia,cl,tsesarevich_gun_152_x2,0.875,1.045,0.95,1.26,spee_gun_150_x2,0.875,1.04,0.95,1.48,spee_gun_150_x2,0.875,1.04,0.95,1.48,ussr_gun_100_x2,0.875,1.045,0.95,1.85,ussr_gun_100_x2,0.875,1.045,0.95,1.85,,,,,,,,,,,,,,,,,,,
gun_5_x3_russia_cl,,127,gun_5_x3,russia,cl,tsesarevich_gun_152_x3,0.875,1.045,0.75,1.26,spee_gun_150_x3,0.875,1.04,0.75,1.48,spee_gun_150_x3,0.875,1.04,0.75,1.48,ussr_gun_100_x3,0.875,1.045,0.75,1.85,ussr_gun_100_x3,0.875,1.045,0.75,1.85,,,,,,,,,,,,,,,,,,,
gun_5_x4_russia_cl,,127,gun_5_x4,russia,cl,,,,0.68,,,,,0.68,,,,,0.68,,bismarck_gun_150_x4,0.725,0.8,0.68,1.855,bismarck_gun_150_x4,0.725,0.8,0.68,1.855,,,,,,,,,,,,,,,,,,,
gun_6_x1_russia_cl,,152,gun_6_x1,russia,cl,,,,,,spee_gun_150_x1,1.05,1.215,1.185,1.4,spee_gun_150_x1,1.05,1.215,1.185,1.4,mont_gun_152_x1,1.050,1.22,1.185,1.28,mont_gun_152_x1,1.050,1.22,1.185,1.28,,,,,,,,,,,,,,,,,,,
gun_6_x2_russia_cl,,152,gun_6_x2,russia,cl,tsesarevich_gun_152_x2,1.050,1.22,0.86,1.2,spee_gun_150_x2,1.05,1.215,0.86,1.4,spee_gun_150_x2,1.05,1.215,0.86,1.4,mont_gun_152_x2,1.050,1.22,0.86,1.28,mont_gun_152_x2,1.050,1.22,0.86,1.28,,,,,,,,,,,,,,,,,,,
gun_6_x3_russia_cl,,152,gun_6_x3,russia,cl,tsesarevich_gun_152_x3,1.050,1.22,0.66,1.2,spee_gun_150_x3,1.05,1.215,0.66,1.4,spee_gun_150_x3,1.05,1.215,0.66,1.4,mont_gun_152_x3,1.050,1.22,0.66,1.28,mont_gun_152_x3,1.050,1.22,0.66,1.28,,,,,,,,,,,,,,,,,,,
gun_6_x4_russia_cl,,152,gun_6_x4,russia,cl,,,,,,,,,,,,,,,,mont_gun_152_x4,1.050,1.22,0.6,1.28,mont_gun_152_x4,1.050,1.22,0.6,1.28,,,,,,,,,,,,,,,,,,,
"gun_3_x1_russia_ca,bb,bc",,76,gun_3_x1,russia,"ca, bb, bc",bouvet_gun_138_x1,0.39,0.51,1.45,2.96,pen_gun_127_x1,0.675,0.89,1.45,1.26,dido_gun_cal200_x1,0.33,0.41,1.45,2.14,ussr_gun_50_x1,0.9,1.17,1.45,1.9,ussr_gun_50_x1,0.9,1.17,1.45,1.9,,,,,,,,,,,,,,,,,,,
"gun_3_x2_russia_ca,bb,bc",,76,gun_3_x2,russia,"ca, bb, bc",bouvet_gun_138_x2,0.39,0.51,1.08,2.88,pen_gun_127_x2,0.675,0.89,1.08,1.26,dido_gun_cal200_x2,0.33,0.41,1.08,2.14,ussr_gun_50_x2,0.9,1.17,1.08,1.9,ussr_gun_50_x2,0.9,1.17,1.08,1.9,,,,,,,,,,,,,,,,,,,
"gun_3_x3_russia_ca,bb,bc",,76,gun_3_x3,russia,"ca, bb, bc",,,,,,pen_gun_127_x3,0.675,0.89,0.83,1.18,dido_gun_cal200_x3,0.33,0.41,0.83,2.14,ussr_gun_50_x3,0.9,1.17,0.83,1.84,ussr_gun_50_x3,0.9,1.17,0.83,1.84,,,,,,,,,,,,,,,,,,,
"gun_3_x4_russia_ca,bb,bc",,76,gun_3_x4,russia,"ca, bb, bc",,,,,,,,,0.74,,dido_gun_cal200_x4,0.33,0.41,0.74,2.14,ussr_gun_50_x4,0.9,1.17,0.74,1.84,ussr_gun_50_x4,0.9,1.17,0.74,1.84,,,,,,,,,,,,,,,,,,,
"gun_4_x1_russia_ca,bb,bc",,102,gun_4_x1,russia,"ca, bb, bc",tsesarevich_gun_152_x1,0.75,0.87,1.7,1.5,moga_gun_127_x1,1.2,1.47,1.7,1.06,moga_gun_127_x1,1.2,1.47,1.7,1.06,ussr_gun_100_x1,0.75,0.87,1.7,2.23,ussr_gun_100_x1,0.75,0.87,1.7,2.23,,,,,,,,,,,,,,,,,,,
"gun_4_x2_russia_ca,bb,bc",,102,gun_4_x2,russia,"ca, bb, bc",tsesarevich_gun_152_x2,0.75,0.87,1.28,1.5,moga_gun_127_x2,1.2,1.47,1.28,1.06,moga_gun_127_x2,1.2,1.47,1.28,1.06,ussr_gun_100_x2,0.75,0.87,1.28,2.23,ussr_gun_100_x2,0.75,0.87,1.28,2.23,,,,,,,,,,,,,,,,,,,
"gun_4_x3_russia_ca,bb,bc",,102,gun_4_x3,russia,"ca, bb, bc",tsesarevich_gun_152_x3,0.75,0.87,1,1.5,moga_gun_127_x3,1.2,1.47,1,1.06,moga_gun_127_x3,1.2,1.47,1,1.06,ussr_gun_100_x3,0.75,0.87,1,2.23,ussr_gun_100_x3,0.75,0.87,1,2.23,,,,,,,,,,,,,,,,,,,
"gun_4_x4_russia_ca,bb,bc",,102,gun_4_x4,russia,"ca, bb, bc",,,,0.85,,pola_gun_100_x4,1,1.23,0.85,1.52,pola_gun_100_x4,1,1.23,0.85,1.52,bismarck_gun_150_x4,0.6,0.7,0.85,2.23,bismarck_gun_150_x4,0.6,0.7,0.85,2.23,,,,,,,,,,,,,,,,,,,
"gun_5_x1_russia_ca,bb,bc",,127,gun_5_x1,russia,"ca, bb, bc",tsesarevich_gun_152_x1,0.875,1.045,1.25,1.26,spee_gun_150_x1,0.875,1.04,1.25,1.48,spee_gun_150_x1,0.875,1.04,1.25,1.48,ussr_gun_100_x1,0.875,1.045,1.25,1.85,ussr_gun_100_x1,0.875,1.045,1.25,1.85,,,,,,,,,,,,,,,,,,,
"gun_5_x2_russia_ca,bb,bc",,127,gun_5_x2,russia,"ca, bb, bc",tsesarevich_gun_152_x2,0.875,1.045,0.95,1.26,spee_gun_150_x2,0.875,1.04,0.95,1.48,spee_gun_150_x2,0.875,1.04,0.95,1.48,ussr_gun_100_x2,0.875,1.045,0.95,1.85,ussr_gun_100_x2,0.875,1.045,0.95,1.85,,,,,,,,,,,,,,,,,,,
"gun_5_x3_russia_ca,bb,bc",,127,gun_5_x3,russia,"ca, bb, bc",tsesarevich_gun_152_x3,0.875,1.045,0.75,1.26,spee_gun_150_x3,0.875,1.04,0.75,1.48,spee_gun_150_x3,0.875,1.04,0.75,1.48,ussr_gun_100_x3,0.875,1.045,0.75,1.85,ussr_gun_100_x3,0.875,1.045,0.75,1.85,,,,,,,,,,,,,,,,,,,
"gun_5_x4_russia_ca,bb,bc",,127,gun_5_x4,russia,"ca, bb, bc",,,,0.68,,,,,0.68,,,,,0.68,,bismarck_gun_150_x4,0.725,0.8,0.68,1.855,bismarck_gun_150_x4,0.725,0.8,0.68,1.855,,,,,,,,,,,,,,,,,,,
"gun_6_x1_russia_ca,bb,bc",,152,gun_6_x1,russia,"ca, bb, bc",tsesarevich_gun_152_x1,1.050,1.22,1.185,1.2,spee_gun_150_x1,1.05,1.215,1.185,1.4,nelson_gun_152_x1,0.96,1.11,1.185,1.3,nelson_gun_152_x1,0.96,1.11,1.185,1.3,mont_gun_152_x1,1.050,1.22,1.185,1.28,,,,,,,,,,,,,,,,,,,
"gun_6_x2_russia_ca,bb,bc",,152,gun_6_x2,russia,"ca, bb, bc",tsesarevich_gun_152_x2,1.050,1.22,0.86,1.2,spee_gun_150_x2,1.05,1.215,0.86,1.4,nelson_gun_152_x2,0.96,1.11,0.86,1.3,nelson_gun_152_x2,0.96,1.11,0.86,1.3,mont_gun_152_x2,1.050,1.22,0.86,1.28,,,,,,,,,,,,,,,,,,,
"gun_6_x3_russia_ca,bb,bc",,152,gun_6_x3,russia,"ca, bb, bc",tsesarevich_gun_152_x3,1.050,1.22,0.66,1.2,spee_gun_150_x3,1.05,1.215,0.66,1.4,nelson_gun_152_x3,0.96,1.11,0.66,1.3,nelson_gun_152_x3,0.96,1.11,0.66,1.3,mont_gun_152_x3,1.050,1.22,0.66,1.28,,,,,,,,,,,,,,,,,,,
"gun_6_x4_russia_ca,bb,bc",,152,gun_6_x4,russia,"ca, bb, bc",,,,0.6,,,,,,,nelson_gun_152_x4,0.96,1.11,0.6,1.54,nelson_gun_152_x4,0.96,1.11,0.6,1.54,mont_gun_152_x4,1.050,1.22,0.6,1.28,,,,,,,,,,,,,,,,,,,
"gun_7_x1_russia_cl,ca,bb,bc",,178,gun_7_x1,russia,"cl, ca, bb, bc",tsesarevich_gun_152_x1,1.225,1.395,1.21,1.18,didox_gun_cal133_x1,1.05,1.19,1.21,1.68,de_Ruyter_gun_150_x1,1.5,1.675,1.21,1.275,de_Ruyter_gun_150_x1,1.5,1.675,1.21,1.275,de_Ruyter_gun_150_x1,1.5,1.675,1.21,1.275,,,,,,,,,,,,,,,,,,,
"gun_7_x2_russia_cl,ca,bb,bc",,178,gun_7_x2,russia,"cl, ca, bb, bc",tsesarevich_gun_152_x2,1.225,1.395,0.9,1.18,didox_gun_cal133_x2,1.05,1.19,0.9,1.68,de_Ruyter_gun_150_x2,1.5,1.675,0.9,1.275,de_Ruyter_gun_150_x2,1.5,1.675,0.9,1.275,de_Ruyter_gun_150_x2,1.5,1.675,0.9,1.275,,,,,,,,,,,,,,,,,,,
"gun_7_x3_russia_cl,ca,bb,bc",,178,gun_7_x3,russia,"cl, ca, bb, bc",tsesarevich_gun_152_x3,1.225,1.395,0.705,1.18,didox_gun_cal133_x3,1.05,1.19,0.705,1.68,de_Ruyter_gun_150_x3,1.5,1.675,0.705,1.275,de_Ruyter_gun_150_x3,1.5,1.675,0.705,1.275,de_Ruyter_gun_150_x3,1.5,1.675,0.705,1.275,,,,,,,,,,,,,,,,,,,
"gun_7_x4_russia_cl,ca,bb,bc",,178,gun_7_x4,russia,"cl, ca, bb, bc",,,,0.64,,didox_gun_cal133_x4,1.05,1.19,0.64,1.68,de_Ruyter_gun_150_x4,1.5,1.675,0.64,1.275,de_Ruyter_gun_150_x4,1.5,1.675,0.64,1.275,de_Ruyter_gun_150_x4,1.5,1.675,0.64,1.275,,,,,,,,,,,,,,,,,,,
"gun_8_x1_russia_ca,bb,bc",,203,gun_8_x1,russia,"ca, bb, bc",tsesarevich_gun_152_x1,1.4,1.57,1.17,1.14,didox_gun_cal133_x1,1.2,1.34,1.17,1.64,ussr_gun_406_x1,0.5,0.561,1.17,1.32,ussr_gun_406_x1,0.5,0.561,1.17,1.32,ussr_gun_406_x1,0.5,0.561,1.17,1.32,,,,,,,,,,,,,,,,,,,
"gun_8_x2_russia_ca,bb,bc",,203,gun_8_x2,russia,"ca, bb, bc",tsesarevich_gun_152_x2,1.4,1.57,0.88,1.14,didox_gun_cal133_x2,1.2,1.34,0.88,1.64,ussr_gun_406_x2,0.5,0.561,0.88,1.32,ussr_gun_406_x2,0.5,0.561,0.88,1.32,ussr_gun_406_x2,0.5,0.561,0.88,1.32,,,,,,,,,,,,,,,,,,,
"gun_8_x3_russia_ca,bb,bc",,203,gun_8_x3,russia,"ca, bb, bc",tsesarevich_gun_152_x3,1.4,1.57,0.69,1.14,didox_gun_cal133_x3,1.2,1.34,0.69,1.64,ussr_gun_406_x3,0.5,0.561,0.69,1.32,ussr_gun_406_x3,0.5,0.561,0.69,1.32,ussr_gun_406_x3,0.5,0.561,0.69,1.32,,,,,,,,,,,,,,,,,,,
"gun_8_x4_russia_ca,bb,bc",,203,gun_8_x4,russia,"ca, bb, bc",,,,,,didox_gun_cal133_x4,1.2,1.34,0.63,1.64,ussr_gun_406_x4,0.5,0.561,0.63,1.32,ussr_gun_406_x4,0.5,0.561,0.63,1.32,ussr_gun_406_x4,0.5,0.561,0.63,1.32,,,,,,,,,,,,,,,,,,,
"gun_9_x1_russia_ca,bb,bc",,229,gun_9_x1,russia,"ca, bb, bc",tsesarevich_gun_152_x1,1.575,1.745,1.1,1.12,didox_gun_cal133_x1,1.35,1.49,1.1,1.6,ussr_gun_406_x1,0.5625,0.6235,1.1,1.28,ussr_gun_406_x1,0.5625,0.6235,1.1,1.28,ussr_gun_406_x1,0.5625,0.6235,1.1,1.28,,,,,,,,,,,,,,,,,,,
"gun_9_x2_russia_ca,bb,bc",,229,gun_9_x2,russia,"ca, bb, bc",tsesarevich_gun_152_x2,1.575,1.745,0.82,1.12,didox_gun_cal133_x2,1.35,1.49,0.82,1.6,ussr_gun_406_x2,0.5625,0.6235,0.82,1.28,ussr_gun_406_x2,0.5625,0.6235,0.82,1.28,ussr_gun_406_x2,0.5625,0.6235,0.82,1.28,,,,,,,,,,,,,,,,,,,
"gun_9_x3_russia_ca,bb,bc",,229,gun_9_x3,russia,"ca, bb, bc",tsesarevich_gun_152_x3,1.575,1.745,0.64,1.12,didox_gun_cal133_x3,1.35,1.49,0.64,1.6,ussr_gun_406_x3,0.5625,0.6235,0.64,1.28,ussr_gun_406_x3,0.5625,0.6235,0.64,1.28,ussr_gun_406_x3,0.5625,0.6235,0.64,1.28,,,,,,,,,,,,,,,,,,,
"gun_9_x4_russia_ca,bb,bc",,229,gun_9_x4,russia,"ca, bb, bc",,,,,,didox_gun_cal133_x4,1.35,1.49,0.58,1.6,ussr_gun_406_x4,0.5625,0.6235,0.58,1.28,ussr_gun_406_x4,0.5625,0.6235,0.58,1.28,ussr_gun_406_x4,0.5625,0.6235,0.58,1.28,,,,,,,,,,,,,,,,,,,
"gun_10_x1_russia_ca,bb,bc",,254,gun_10_x1,russia,"ca, bb, bc",tsesarevich_gun_305_x1,1,1.09,1.2,1.06,didox_gun_cal133_x1,1.5,1.64,1.2,1.54,ussr_gun_406_x1,0.625,0.686,1.2,1.24,ussr_gun_406_x1,0.625,0.686,1.2,1.24,ussr_gun_406_x1,0.625,0.686,1.2,1.24,,,,,,,,,,,,,,,,,,,
"gun_10_x2_russia_ca,bb,bc",,254,gun_10_x2,russia,"ca, bb, bc",tsesarevich_gun_305_x2,1,1.09,0.9,1.06,didox_gun_cal133_x2,1.5,1.64,0.9,1.54,ussr_gun_406_x2,0.625,0.686,0.9,1.24,ussr_gun_406_x2,0.625,0.686,0.9,1.24,ussr_gun_406_x2,0.625,0.686,0.9,1.24,,,,,,,,,,,,,,,,,,,
"gun_10_x3_russia_ca,bb,bc",,254,gun_10_x3,russia,"ca, bb, bc",tsesarevich_gun_305_x3,1,1.09,0.68,1.06,didox_gun_cal133_x3,1.5,1.64,0.68,1.54,ussr_gun_406_x3,0.625,0.686,0.68,1.24,ussr_gun_406_x3,0.625,0.686,0.68,1.24,ussr_gun_406_x3,0.625,0.686,0.68,1.24,,,,,,,,,,,,,,,,,,,
"gun_10_x4_russia_ca,bb,bc",,254,gun_10_x4,russia,"ca, bb, bc",,,,,,didox_gun_cal133_x4,1.5,1.64,0.63,1.54,ussr_gun_406_x4,0.625,0.686,0.63,1.24,ussr_gun_406_x4,0.625,0.686,0.63,1.24,ussr_gun_406_x4,0.625,0.686,0.63,1.24,,,,,,,,,,,,,,,,,,,
"gun_11_x1_russia_ca,bb,bc",,279,gun_11_x1,russia,"ca, bb, bc",tsesarevich_gun_305_x1,1.1,1.19,1.07,0.84,dreadnought_gun_b_305_x1,1.05,1.13,1.07,1.09,yamato_gun_460_x1,0.495,0.535,1.07,1.14,spee_gun_280_x1_a,1.155,1.255,1.07,0.96,spee_gun_280_x1_a,1.155,1.255,1.07,1,,,,,,,,,,,,,,,,,,,
"gun_11_x2_russia_ca,bb,bc",,279,gun_11_x2,russia,"ca, bb, bc",tsesarevich_gun_305_x2,1.1,1.19,0.82,0.84,dreadnought_gun_b_305_x2,1.05,1.13,0.82,1.09,yamato_gun_460_x2,0.495,0.535,0.82,1.14,spee_gun_280_x2_a,1.155,1.255,0.82,0.96,spee_gun_280_x2_a,1.155,1.255,0.82,1,,,,,,,,,,,,,,,,,,,
"gun_11_x3_russia_ca,bb,bc",,279,gun_11_x3,russia,"ca, bb, bc",tsesarevich_gun_305_x3,1.1,1.19,0.66,0.84,dreadnought_gun_b_305_x3,1.05,1.13,0.66,1.09,yamato_gun_460_x3,0.495,0.535,0.66,1.14,spee_gun_280_x3_a,1.155,1.255,0.66,0.96,spee_gun_280_x3_a,1.155,1.255,0.66,1,,,,,,,,,,,,,,,,,,,
"gun_11_x4_russia_ca,bb,bc",,279,gun_11_x4,russia,"ca, bb, bc",,,,,,dreadnought_gun_b_305_x4,1.05,1.13,0.61,1.09,yamato_gun_460_x4,0.495,0.535,0.61,1.14,spee_gun_280_x4_a,1.155,1.255,0.61,0.96,spee_gun_280_x4_a,1.155,1.255,0.61,1,,,,,,,,,,,,,,,,,,,
"gun_12_x1_russia_bb,bc",,305,gun_12_x1,russia,"bb, bc",tsesarevich_gun_305_x1,1.2,1.29,1.07,0.84,dreadnought_gun_b_305_x1,1.14,1.22,1.07,1.1,yamato_gun_460_x1,0.54,0.58,1.07,1.14,spee_gun_280_x1_a,1.26,1.36,1.07,0.96,spee_gun_280_x1_a,1.26,1.36,1.07,1,,,,,,,,,,,,,,,,,,,
"gun_12_x2_russia_bb,bc",,305,gun_12_x2,russia,"bb, bc",tsesarevich_gun_305_x2,1.2,1.29,0.82,0.84,dreadnought_gun_b_305_x2,1.14,1.22,0.82,1.1,yamato_gun_460_x2,0.54,0.58,0.82,1.14,spee_gun_280_x2_a,1.26,1.36,0.82,0.96,spee_gun_280_x2_a,1.26,1.36,0.82,1,,,,,,,,,,,,,,,,,,,
"gun_12_x3_russia_bb,bc",,305,gun_12_x3,russia,"bb, bc",tsesarevich_gun_305_x3,1.2,1.29,0.66,0.84,dreadnought_gun_b_305_x3,1.14,1.22,0.66,1.1,yamato_gun_460_x3,0.54,0.58,0.66,1.14,spee_gun_280_x3_a,1.26,1.36,0.66,0.96,spee_gun_280_x3_a,1.26,1.36,0.66,1,,,,,,,,,,,,,,,,,,,
"gun_12_x4_russia_bb,bc",,305,gun_12_x4,russia,"bb, bc",,,,,,dreadnought_gun_b_305_x4,1.14,1.22,0.61,1.1,yamato_gun_460_x4,0.54,0.58,0.61,1.14,spee_gun_280_x4_a,1.26,1.36,0.61,0.96,spee_gun_280_x4_a,1.26,1.36,0.61,1,,,,,,,,,,,,,,,,,,,
"gun_13_x1_russia_bb,bc",,330,gun_13_x1,russia,"bb, bc",tsesarevich_gun_305_x1,1.3,1.39,1.13,0.84,dreadnought_gun_b_305_x1,1.23,1.31,1.13,1.09,yamato_gun_460_x1,0.585,0.625,1.13,1.13,spee_gun_280_x1_a,1.365,1.465,1.13,0.96,spee_gun_280_x1_a,1.365,1.465,1.13,1,,,,,,,,,,,,,,,,,,,
"gun_13_x2_russia_bb,bc",,330,gun_13_x2,russia,"bb, bc",tsesarevich_gun_305_x2,1.3,1.39,0.88,0.84,dreadnought_gun_b_305_x2,1.23,1.31,0.88,1.09,yamato_gun_460_x2,0.585,0.625,0.88,1.13,spee_gun_280_x2_a,1.365,1.465,0.88,0.96,spee_gun_280_x2_a,1.365,1.465,0.88,1,,,,,,,,,,,,,,,,,,,
"gun_13_x3_russia_bb,bc",,330,gun_13_x3,russia,"bb, bc",tsesarevich_gun_305_x3,1.3,1.39,0.705,0.84,dreadnought_gun_b_305_x3,1.23,1.31,0.705,1.09,yamato_gun_460_x3,0.585,0.625,0.705,1.13,spee_gun_280_x3_a,1.365,1.465,0.705,0.96,spee_gun_280_x3_a,1.365,1.465,0.705,1,,,,,,,,,,,,,,,,,,,
"gun_13_x4_russia_bb,bc",,330,gun_13_x4,russia,"bb, bc",,,,,,dreadnought_gun_b_305_x4,1.23,1.31,0.65,1.09,yamato_gun_460_x4,0.585,0.625,0.65,1.13,spee_gun_280_x4_a,1.365,1.465,0.65,0.96,spee_gun_280_x4_a,1.365,1.465,0.65,1,,,,,,,,,,,,,,,,,,,
"gun_14_x1_russia_bb,bc",,356,gun_14_x1,russia,"bb, bc",tsesarevich_gun_305_x1,1.4,1.49,1.13,0.84,dreadnought_gun_b_305_x1,1.32,1.4,1.13,1.09,yamato_gun_460_x1,0.63,0.67,1.13,1.13,ussr_gun_406_x1,0.875,0.936,1.13,0.98,ussr_gun_406_x1,0.875,0.936,1.13,0.98,,,,,,,,,,,,,,,,,,,
"gun_14_x2_russia_bb,bc",,356,gun_14_x2,russia,"bb, bc",tsesarevich_gun_305_x2,1.4,1.49,0.88,0.84,dreadnought_gun_b_305_x2,1.32,1.4,0.88,1.09,yamato_gun_460_x2,0.63,0.67,0.88,1.13,ussr_gun_406_x2,0.875,0.936,0.88,0.98,ussr_gun_406_x2,0.875,0.936,0.88,0.98,,,,,,,,,,,,,,,,,,,
"gun_14_x3_russia_bb,bc",,356,gun_14_x3,russia,"bb, bc",dreadnought_gun_b_305_x3,1.32,1.4,0.705,1.09,dreadnought_gun_b_305_x3,1.32,1.4,0.705,1.09,yamato_gun_460_x3,0.63,0.67,0.705,1.13,ussr_gun_406_x3,0.875,0.936,0.705,0.98,ussr_gun_406_x3,0.875,0.936,0.705,0.98,,,,,,,,,,,,,,,,,,,
"gun_14_x4_russia_bb,bc",,356,gun_14_x4,russia,"bb, bc",dreadnought_gun_b_305_x4,1.32,1.4,0.66,1.09,dreadnought_gun_b_305_x4,1.32,1.4,0.66,1.09,yamato_gun_460_x4,0.63,0.67,0.66,1.13,ussr_gun_406_x4,0.875,0.936,0.66,0.98,ussr_gun_406_x4,0.875,0.936,0.66,0.98,,,,,,,,,,,,,,,,,,,
"gun_15_x1_russia_bb,bc",,381,gun_15_x1,russia,"bb, bc",tsesarevich_gun_305_x1,1.5,1.59,1.14,0.84,dreadnought_gun_b_305_x1,1.41,1.49,1.14,1.08,spee_gun_var_280_x1,1.575,1.675,1.14,0.94,ussr_gun_406_x1,0.9375,0.9985,1.14,0.97,ussr_gun_406_x1,0.9375,0.9985,1.14,0.97,,,,,,,,,,,,,,,,,,,
"gun_15_x2_russia_bb,bc",,381,gun_15_x2,russia,"bb, bc",tsesarevich_gun_305_x2,1.5,1.59,0.9,0.84,dreadnought_gun_b_305_x2,1.41,1.49,0.9,1.08,spee_gun_var_280_x2,1.575,1.675,0.9,0.94,ussr_gun_406_x2,0.9375,0.9985,0.9,0.97,ussr_gun_406_x2,0.9375,0.9985,0.9,0.97,,,,,,,,,,,,,,,,,,,
"gun_15_x3_russia_bb,bc",,381,gun_15_x3,russia,"bb, bc",dreadnought_gun_b_305_x3,1.41,1.49,0.72,1.08,dreadnought_gun_b_305_x3,1.41,1.49,0.72,1.08,spee_gun_var_280_x3,1.575,1.675,0.72,0.94,ussr_gun_406_x3,0.9375,0.9985,0.72,0.97,ussr_gun_406_x3,0.9375,0.9985,0.72,0.97,,,,,,,,,,,,,,,,,,,
"gun_15_x4_russia_bb,bc",,381,gun_15_x4,russia,"bb, bc",dreadnought_gun_b_305_x4,1.41,1.49,0.675,1.08,dreadnought_gun_b_305_x4,1.41,1.49,0.675,1.08,yamato_gun_460_x4,0.675,0.715,0.675,1.12,ussr_gun_406_x4,0.9375,0.9985,0.675,0.97,ussr_gun_406_x4,0.9375,0.9985,0.675,0.97,,,,,,,,,,,,,,,,,,,
"gun_16_x1_russia_bb,bc",,406,gun_16_x1,russia,"bb, bc",tsesarevich_gun_305_x1,1.6,1.69,1.15,0.82,dreadnought_gun_b_305_x1,1.5,1.58,1.15,1.07,yamato_gun_460_x1,0.72,0.76,1.15,1.11,ussr_gun_406_x1,1,1.061,1.15,0.97,ussr_gun_406_x1,1,1.061,1.15,0.97,,,,,,,,,,,,,,,,,,,
"gun_16_x2_russia_bb,bc",,406,gun_16_x2,russia,"bb, bc",tsesarevich_gun_305_x2,1.6,1.69,0.93,0.82,dreadnought_gun_b_305_x2,1.5,1.58,0.93,1.07,yamato_gun_460_x2,0.72,0.76,0.93,1.11,ussr_gun_406_x2,1,1.061,0.93,0.97,ussr_gun_406_x2,1,1.061,0.93,0.97,,,,,,,,,,,,,,,,,,,
"gun_16_x3_russia_bb,bc",,406,gun_16_x3,russia,"bb, bc",dreadnought_gun_b_305_x3,1.5,1.58,0.75,1.07,dreadnought_gun_b_305_x3,1.5,1.58,0.75,1.07,yamato_gun_460_x3,0.72,0.76,0.75,1.11,ussr_gun_406_x3,1,1.061,0.75,0.97,ussr_gun_406_x3,1,1.061,0.75,0.97,,,,,,,,,,,,,,,,,,,
"gun_16_x4_russia_bb,bc",,406,gun_16_x4,russia,"bb, bc",dreadnought_gun_b_305_x4,1.5,1.58,0.68,1.07,dreadnought_gun_b_305_x4,1.5,1.58,0.68,1.07,yamato_gun_460_x4,0.72,0.76,0.68,1.11,ussr_gun_406_x4,1,1.061,0.68,0.97,ussr_gun_406_x4,1,1.061,0.68,0.97,,,,,,,,,,,,,,,,,,,
"gun_17_x1_russia_bb,bc",,432,gun_17_x1,russia,"bb, bc",dreadnought_gun_b_305_x1,1.59,1.67,1.2,1.07,ussr_gun_406_x1,1.0625,1.1235,1.2,0.96,ussr_gun_406_x1,1.0625,1.1235,1.2,0.96,ussr_gun_406_x1,1.0625,1.1235,1.2,0.96,ussr_gun_406_x1,1.0625,1.1235,1.2,0.96,,,,,,,,,,,,,,,,,,,
"gun_17_x2_russia_bb,bc",,432,gun_17_x2,russia,"bb, bc",dreadnought_gun_b_305_x2,1.59,1.67,0.95,1.07,ussr_gun_406_x2,1.0625,1.1235,0.95,0.96,ussr_gun_406_x2,1.0625,1.1235,0.95,0.96,ussr_gun_406_x2,1.0625,1.1235,0.95,0.96,ussr_gun_406_x2,1.0625,1.1235,0.95,0.96,,,,,,,,,,,,,,,,,,,
"gun_17_x3_russia_bb,bc",,432,gun_17_x3,russia,"bb, bc",dreadnought_gun_b_305_x3,1.59,1.67,0.775,1.07,ussr_gun_406_x3,1.0625,1.1235,0.775,0.96,ussr_gun_406_x3,1.0625,1.1235,0.775,0.96,ussr_gun_406_x3,1.0625,1.1235,0.775,0.96,ussr_gun_406_x3,1.0625,1.1235,0.775,0.96,,,,,,,,,,,,,,,,,,,
"gun_17_x4_russia_bb,bc",,432,gun_17_x4,russia,"bb, bc",dreadnought_gun_b_305_x4,1.59,1.67,0.71,1.07,ussr_gun_406_x4,1.0625,1.1235,0.71,0.96,ussr_gun_406_x4,1.0625,1.1235,0.71,0.96,ussr_gun_406_x4,1.0625,1.1235,0.71,0.96,ussr_gun_406_x4,1.0625,1.1235,0.71,0.96,,,,,,,,,,,,,,,,,,,
"gun_18_x1_russia_bb,bc",,457,gun_18_x1,russia,"bb, bc",dreadnought_gun_b_305_x1,1.68,1.76,1.23,1.07,ussr_gun_406_x1,1.125,1.186,1.23,0.96,ussr_gun_406_x1,1.125,1.186,1.23,0.96,ussr_gun_406_x1,1.125,1.186,1.23,0.96,ussr_gun_406_x1,1.125,1.186,1.23,0.96,,,,,,,,,,,,,,,,,,,
"gun_18_x2_russia_bb,bc",,457,gun_18_x2,russia,"bb, bc",dreadnought_gun_b_305_x2,1.68,1.76,0.985,1.07,ussr_gun_406_x2,1.125,1.186,0.985,0.96,ussr_gun_406_x2,1.125,1.186,0.985,0.96,ussr_gun_406_x2,1.125,1.186,0.985,0.96,ussr_gun_406_x2,1.125,1.186,0.985,0.96,,,,,,,,,,,,,,,,,,,
"gun_18_x3_russia_bb,bc",,457,gun_18_x3,russia,"bb, bc",dreadnought_gun_b_305_x3,1.68,1.76,0.81,1.07,ussr_gun_406_x3,1.125,1.186,0.81,0.96,ussr_gun_406_x3,1.125,1.186,0.81,0.96,ussr_gun_406_x3,1.125,1.186,0.81,0.96,ussr_gun_406_x3,1.125,1.186,0.81,0.96,,,,,,,,,,,,,,,,,,,
"gun_18_x4_russia_bb,bc",,457,gun_18_x4,russia,"bb, bc",dreadnought_gun_b_305_x4,1.68,1.76,0.735,1.07,ussr_gun_406_x4,1.125,1.186,0.735,0.96,ussr_gun_406_x4,1.125,1.186,0.735,0.96,ussr_gun_406_x4,1.125,1.186,0.735,0.96,ussr_gun_406_x4,1.125,1.186,0.735,0.96,,,,,,,,,,,,,,,,,,,
"gun_19_x1_russia_bb,bc",,483,gun_19_x1,russia,"bb, bc",dreadnought_gun_b_305_x1,1.77,1.85,1.16,1.07,ussr_gun_406_x1,1.1875,1.2485,1.16,0.96,ussr_gun_406_x1,1.1875,1.2485,1.16,0.96,ussr_gun_406_x1,1.1875,1.2485,1.16,0.96,ussr_gun_406_x1,1.1875,1.2485,1.16,0.96,,,,,,,,,,,,,,,,,,,
"gun_19_x2_russia_bb,bc",,483,gun_19_x2,russia,"bb, bc",dreadnought_gun_b_305_x2,1.77,1.85,0.95,1.07,ussr_gun_406_x2,1.1875,1.2485,0.95,0.96,ussr_gun_406_x2,1.1875,1.2485,0.95,0.96,ussr_gun_406_x2,1.1875,1.2485,0.95,0.96,ussr_gun_406_x2,1.1875,1.2485,0.95,0.96,,,,,,,,,,,,,,,,,,,
"gun_19_x3_russia_bb,bc",,483,gun_19_x3,russia,"bb, bc",dreadnought_gun_b_305_x3,1.77,1.85,0.78,1.07,ussr_gun_406_x3,1.1875,1.2485,0.78,0.96,ussr_gun_406_x3,1.1875,1.2485,0.78,0.96,ussr_gun_406_x3,1.1875,1.2485,0.78,0.96,ussr_gun_406_x3,1.1875,1.2485,0.78,0.96,,,,,,,,,,,,,,,,,,,
"gun_19_x4_russia_bb,bc",,483,gun_19_x4,russia,"bb, bc",dreadnought_gun_b_305_x4,1.77,1.85,0.725,1.07,ussr_gun_406_x4,1.1875,1.2485,0.725,0.96,ussr_gun_406_x4,1.1875,1.2485,0.725,0.96,ussr_gun_406_x4,1.1875,1.2485,0.725,0.96,ussr_gun_406_x4,1.1875,1.2485,0.725,0.96,,,,,,,,,,,,,,,,,,,
"gun_20_x1_russia_bb,bc",,508,gun_20_x1,russia,"bb, bc",dreadnought_gun_b_305_x1,1.86,1.94,1.05,1.06,ussr_gun_406_x1,1.25,1.311,1.05,0.95,ussr_gun_406_x1,1.25,1.311,1.05,0.95,ussr_gun_406_x1,1.25,1.311,1.05,0.95,ussr_gun_406_x1,1.25,1.311,1.05,0.95,,,,,,,,,,,,,,,,,,,
"gun_20_x2_russia_bb,bc",,508,gun_20_x2,russia,"bb, bc",dreadnought_gun_b_305_x2,1.86,1.94,0.85,1.06,ussr_gun_406_x2,1.25,1.311,0.85,0.95,ussr_gun_406_x2,1.25,1.311,0.85,0.95,ussr_gun_406_x2,1.25,1.311,0.85,0.95,ussr_gun_406_x2,1.25,1.311,0.85,0.95,,,,,,,,,,,,,,,,,,,
"gun_20_x3_russia_bb,bc",,508,gun_20_x3,russia,"bb, bc",dreadnought_gun_b_305_x3,1.86,1.94,0.7,1.06,ussr_gun_406_x3,1.25,1.311,0.7,0.95,ussr_gun_406_x3,1.25,1.311,0.7,0.95,ussr_gun_406_x3,1.25,1.311,0.7,0.95,ussr_gun_406_x3,1.25,1.311,0.7,0.95,,,,,,,,,,,,,,,,,,,
"gun_20_x4_russia_bb,bc",,508,gun_20_x4,russia,"bb, bc",dreadnought_gun_b_305_x4,1.86,1.94,0.65,1.06,ussr_gun_406_x4,1.25,1.311,0.65,0.95,ussr_gun_406_x4,1.25,1.311,0.65,0.95,ussr_gun_406_x4,1.25,1.311,0.65,0.95,ussr_gun_406_x4,1.25,1.311,0.65,0.95,,,,,,,,,,,,,,,,,,,
###,,,###,,,,,,,,,,,,,,,,,,,,,,,,,,,,,,,,,,,,,,,,,,,,,,
gun_2_x1_austria,,51,gun_2_x1,"austria, netherlands",,,,,,,,,,,,,,,,,,,,,,,,,,,,,,,,,,,,,,,,,,,,,
gun_2_x2_austria,,51,gun_2_x2,"austria, netherlands",,,,,,,,,,,,,,,,,,,,,,,,,,,,,,,,,,,,,,,,,,,,,
gun_2_x3_austria,,51,gun_2_x3,"austria, netherlands",,,,,,,,,,,,,,,,,,,,,,,,,,,,,,,,,,,,,,,,,,,,,
gun_2_x4_austria,,51,gun_2_x4,"austria, netherlands",,,,,,,,,,,,,,,,,,,,,,,,,,,,,,,,,,,,,,,,,,,,,
gun_3_x1_austria_dd,,76,gun_3_x1,"austria, netherlands","dd, tb",,,,,,,,,,,,,,,,,,,,,jap_tb_gun_76_x1,1.2,1.55,1,1.52,,,,,,,,,,,,,,,,,,,
gun_3_x2_austria_dd,,76,gun_3_x2,"austria, netherlands","dd, tb",,,,,,,,,,,,,,,,,,,,,bismarck_gun_105_x2,0.6,0.79,1.08,2.3,,,,,,,,,,,,,,,,,,,
gun_3_x3_austria_dd,,76,gun_3_x3,"austria, netherlands","dd, tb",,,,,,,,,,,,,,,,,,,,,bismarck_gun_105_x3,0.6,0.79,0.83,2.3,,,,,,,,,,,,,,,,,,,
gun_3_x4_austria_dd,,76,gun_3_x4,"austria, netherlands","dd, tb",,,,,,,,,,,,,,,,,,,,,bismarck_gun_105_x4,0.6,0.79,0.74,2.3,,,,,,,,,,,,,,,,,,,
gun_4_x1_austria_dd,,102,gun_4_x1,"austria, netherlands","dd, tb",,,,,,,,,,,hood_gun_140_x1,0.8,0.98,1.7,1.46,hood_gun_140_x1,0.8,0.98,1.7,1.46,dd_s_gun_b_102_x1,0.8,0.98,1.1,1.94,,,,,,,,,,,,,,,,,,,
gun_4_x2_austria_dd,,102,gun_4_x2,"austria, netherlands","dd, tb",,,,,,,,,,,hood_gun_140_x2,0.8,0.98,1.28,1.46,hood_gun_140_x2,0.8,0.98,1.28,1.46,bismarck_gun_105_x2,0.8,0.99,1.28,1.9,,,,,,,,,,,,,,,,,,,
gun_4_x3_austria_dd,,102,gun_4_x3,"austria, netherlands","dd, tb",,,,,,,,,,,hood_gun_140_x3,0.8,0.98,1,1.46,hood_gun_140_x3,0.8,0.98,1,1.46,bismarck_gun_105_x3,0.8,0.99,1,1.9,,,,,,,,,,,,,,,,,,,
gun_4_x4_austria_dd,,102,gun_4_x4,"austria, netherlands","dd, tb",,,,,,,,,,,,,,0.85,,,,,0.85,,bismarck_gun_105_x4,0.8,0.99,0.85,1.9,,,,,,,,,,,,,,,,,,,
gun_5_x1_austria_dd,,127,gun_5_x1,"austria, netherlands","dd, tb",,,,,,,,,,,hood_gun_140_x1,1,1.18,1.25,1.14,hood_gun_140_x1,1,1.18,1.25,1.14,dd_s_gun_b_102_x1,1,1.18,0.85,1.52,,,,,,,,,,,,,,,,,,,
gun_5_x2_austria_dd,,127,gun_5_x2,"austria, netherlands","dd, tb",,,,,,,,,,,hood_gun_140_x2,1,1.18,0.95,1.14,hood_gun_140_x2,1,1.18,0.95,1.14,de_Ruyter_gun_150_x2,1.1,1.275,0.95,1.35,,,,,,,,,,,,,,,,,,,
gun_5_x3_austria_dd,,127,gun_5_x3,"austria, netherlands","dd, tb",,,,,,,,,,,hood_gun_140_x3,1,1.18,0.75,1.14,hood_gun_140_x3,1,1.18,0.75,1.14,de_Ruyter_gun_150_x3,1.1,1.275,0.75,1.35,,,,,,,,,,,,,,,,,,,
gun_5_x4_austria_dd,,127,gun_5_x4,"austria, netherlands","dd, tb",,,,,,,,,,,,,,,,,,,,,de_Ruyter_gun_150_x4,1.1,1.275,0.68,1.35,,,,,,,,,,,,,,,,,,,
gun_3_x1_austria_cl,,76,gun_3_x1,"austria, netherlands",cl,,,,,,,,,,,bismarck_gun_105_x1,0.6,0.79,1.45,2.3,bismarck_gun_105_x1,0.6,0.79,1.45,2.3,bismarck_gun_105_x1,0.6,0.79,1.45,2.3,,,,,,,,,,,,,,,,,,,
gun_3_x2_austria_cl,,76,gun_3_x2,"austria, netherlands",cl,,,,,,,,,,,bismarck_gun_105_x2,0.6,0.79,1.08,2.3,bismarck_gun_105_x2,0.6,0.79,1.08,2.3,bismarck_gun_105_x2,0.6,0.79,1.08,2.3,,,,,,,,,,,,,,,,,,,
gun_3_x3_austria_cl,,76,gun_3_x3,"austria, netherlands",cl,,,,,,,,,,,bismarck_gun_105_x3,0.6,0.79,0.83,2.3,bismarck_gun_105_x3,0.6,0.79,0.83,2.3,bismarck_gun_105_x3,0.6,0.79,0.83,2.3,,,,,,,,,,,,,,,,,,,
gun_3_x4_austria_cl,,76,gun_3_x4,"austria, netherlands",cl,,,,,,,,,,,bismarck_gun_105_x4,0.6,0.79,0.74,2.3,bismarck_gun_105_x4,0.6,0.79,0.74,2.3,bismarck_gun_105_x4,0.6,0.79,0.74,2.3,,,,,,,,,,,,,,,,,,,
gun_4_x1_austria_cl,,102,gun_4_x1,"austria, netherlands",cl,,,,,,,,,,,spee_gun_150_x1,0.7,0.865,1.7,1.9,bismarck_gun_105_x1,0.8,0.99,1.7,1.9,bismarck_gun_105_x1,0.8,0.99,1.7,1.9,,,,,,,,,,,,,,,,,,,
gun_4_x2_austria_cl,,102,gun_4_x2,"austria, netherlands",cl,,,,,,,,,,,spee_gun_150_x2,0.7,0.865,1.28,1.9,bismarck_gun_105_x2,0.8,0.99,1.28,1.9,bismarck_gun_105_x2,0.8,0.99,1.28,1.9,,,,,,,,,,,,,,,,,,,
gun_4_x3_austria_cl,,102,gun_4_x3,"austria, netherlands",cl,,,,,,,,,,,spee_gun_150_x3,0.7,0.865,1,1.9,bismarck_gun_105_x3,0.8,0.99,1,1.9,bismarck_gun_105_x3,0.8,0.99,1,1.9,,,,,,,,,,,,,,,,,,,
gun_4_x4_austria_cl,,102,gun_4_x4,"austria, netherlands",cl,,,,,,,,,,,,,,0.85,,bismarck_gun_105_x4,0.8,0.99,0.85,1.9,bismarck_gun_105_x4,0.8,0.99,0.85,1.9,,,,,,,,,,,,,,,,,,,
gun_5_x1_austria_cl,,127,gun_5_x1,"austria, netherlands",cl,,,,,,vdt_gun_200_x1,0.5875,0.69,1.25,1.5,spee_gun_150_x1,0.875,1.04,1.25,1.48,de_Ruyter_gun_150_x1,1.1,1.275,1.25,1.35,de_Ruyter_gun_150_x1,1.1,1.275,1.25,1.35,,,,,,,,,,,,,,,,,,,
gun_5_x2_austria_cl,,127,gun_5_x2,"austria, netherlands",cl,,,,,,vdt_gun_200_x2,0.5875,0.69,0.95,1.5,spee_gun_150_x2,0.875,1.04,0.95,1.48,de_Ruyter_gun_150_x2,1.1,1.275,0.95,1.35,de_Ruyter_gun_150_x2,1.1,1.275,0.95,1.35,,,,,,,,,,,,,,,,,,,
gun_5_x3_austria_cl,,127,gun_5_x3,"austria, netherlands",cl,,,,,,,,,0.75,,spee_gun_150_x3,0.875,1.04,0.75,1.48,de_Ruyter_gun_150_x3,1.1,1.275,0.75,1.35,de_Ruyter_gun_150_x3,1.1,1.275,0.75,1.35,,,,,,,,,,,,,,,,,,,
gun_5_x4_austria_cl,,127,gun_5_x4,"austria, netherlands",cl,,,,,,,,,0.68,,,,,,,de_Ruyter_gun_150_x4,1.1,1.275,0.68,1.35,de_Ruyter_gun_150_x4,1.1,1.275,0.68,1.35,,,,,,,,,,,,,,,,,,,
gun_6_x1_austria_cl,,152,gun_6_x1,"austria, netherlands",cl,,,,,,vdt_gun_200_x1,0.705,0.81,1.185,1.42,bismarck_gun_b_150_x1,0.85,0.92,1.185,1.78,de_Ruyter_gun_150_x1,1.3,1.475,1.185,1.3,de_Ruyter_gun_150_x1,1.3,1.475,1.185,1.3,,,,,,,,,,,,,,,,,,,
gun_6_x2_austria_cl,,152,gun_6_x2,"austria, netherlands",cl,,,,,,vdt_gun_200_x2,0.705,0.81,0.86,1.42,bismarck_gun_b_150_x2,0.85,0.92,0.86,1.78,de_Ruyter_gun_150_x2,1.3,1.475,0.86,1.3,de_Ruyter_gun_150_x2,1.3,1.475,0.86,1.3,,,,,,,,,,,,,,,,,,,
gun_6_x3_austria_cl,,152,gun_6_x3,"austria, netherlands",cl,,,,,,,,,,,bismarck_gun_b_150_x3,0.85,0.92,0.66,1.78,de_Ruyter_gun_150_x3,1.3,1.475,0.66,1.3,de_Ruyter_gun_150_x3,1.3,1.475,0.66,1.3,,,,,,,,,,,,,,,,,,,
gun_6_x4_austria_cl,,152,gun_6_x4,"austria, netherlands",cl,,,,,,,,,,,bismarck_gun_b_150_x4,0.85,0.92,0.6,1.78,de_Ruyter_gun_150_x4,1.3,1.475,0.6,1.3,de_Ruyter_gun_150_x4,1.3,1.475,0.6,1.3,,,,,,,,,,,,,,,,,,,
"gun_3_x1_austria_ca,bb,bc",,76,gun_3_x1,"austria, netherlands","ca, bb, bc",,,,,,,,,,,bismarck_gun_105_x1,0.6,0.79,1.45,2.3,bismarck_gun_105_x1,0.6,0.79,1.45,2.3,bismarck_gun_105_x1,0.6,0.79,1.45,2.3,,,,,,,,,,,,,,,,,,,
"gun_3_x2_austria_ca,bb,bc",,76,gun_3_x2,"austria, netherlands","ca, bb, bc",,,,,,,,,,,bismarck_gun_105_x2,0.6,0.79,1.08,2.3,bismarck_gun_105_x2,0.6,0.79,1.08,2.3,bismarck_gun_105_x2,0.6,0.79,1.08,2.3,,,,,,,,,,,,,,,,,,,
"gun_3_x3_austria_ca,bb,bc",,76,gun_3_x3,"austria, netherlands","ca, bb, bc",,,,,,,,,,,bismarck_gun_105_x3,0.6,0.79,0.83,2.3,bismarck_gun_105_x3,0.6,0.79,0.83,2.3,bismarck_gun_105_x3,0.6,0.79,0.83,2.3,,,,,,,,,,,,,,,,,,,
"gun_3_x4_austria_ca,bb,bc",,76,gun_3_x4,"austria, netherlands","ca, bb, bc",,,,,,,,,,,bismarck_gun_105_x4,0.6,0.79,0.74,2.3,bismarck_gun_105_x4,0.6,0.79,0.74,2.3,bismarck_gun_105_x4,0.6,0.79,0.74,2.3,,,,,,,,,,,,,,,,,,,
"gun_4_x1_austria_ca,bb,bc",,102,gun_4_x1,"austria, netherlands","ca, bb, bc",,,,,,,,,,,spee_gun_150_x1,0.7,0.865,1.7,1.9,bismarck_gun_105_x1,0.8,0.99,1.7,1.9,bismarck_gun_105_x1,0.8,0.99,1.7,1.9,,,,,,,,,,,,,,,,,,,
"gun_4_x2_austria_ca,bb,bc",,102,gun_4_x2,"austria, netherlands","ca, bb, bc",,,,,,,,,,,spee_gun_150_x2,0.7,0.865,1.28,1.9,bismarck_gun_105_x2,0.8,0.99,1.28,1.9,bismarck_gun_105_x2,0.8,0.99,1.28,1.9,,,,,,,,,,,,,,,,,,,
"gun_4_x3_austria_ca,bb,bc",,102,gun_4_x3,"austria, netherlands","ca, bb, bc",,,,,,,,,,,spee_gun_150_x3,0.7,0.865,1,1.9,bismarck_gun_105_x3,0.8,0.99,1,1.9,bismarck_gun_105_x3,0.8,0.99,1,1.9,,,,,,,,,,,,,,,,,,,
"gun_4_x4_austria_ca,bb,bc",,102,gun_4_x4,"austria, netherlands","ca, bb, bc",,,,,,,,,,,,,,0.85,,bismarck_gun_105_x4,0.8,0.99,0.85,1.9,bismarck_gun_105_x4,0.8,0.99,0.85,1.9,,,,,,,,,,,,,,,,,,,
"gun_5_x1_austria_ca,bb,bc",,127,gun_5_x1,"austria, netherlands","ca, bb, bc",,,,,,vdt_gun_200_x1,0.5875,0.69,1.25,1.5,spee_gun_150_x1,0.875,1.04,1.25,1.48,de_Ruyter_gun_150_x1,1.1,1.275,1.25,1.35,de_Ruyter_gun_150_x1,1.1,1.275,1.25,1.35,,,,,,,,,,,,,,,,,,,
"gun_5_x2_austria_ca,bb,bc",,127,gun_5_x2,"austria, netherlands","ca, bb, bc",,,,,,vdt_gun_200_x2,0.5875,0.69,0.95,1.5,spee_gun_150_x2,0.875,1.04,0.95,1.48,de_Ruyter_gun_150_x2,1.1,1.275,0.95,1.35,de_Ruyter_gun_150_x2,1.1,1.275,0.95,1.35,,,,,,,,,,,,,,,,,,,
"gun_5_x3_austria_ca,bb,bc",,127,gun_5_x3,"austria, netherlands","ca, bb, bc",,,,,,,,,0.75,,spee_gun_150_x3,0.875,1.04,0.75,1.48,de_Ruyter_gun_150_x3,1.1,1.275,0.75,1.35,de_Ruyter_gun_150_x3,1.1,1.275,0.75,1.35,,,,,,,,,,,,,,,,,,,
"gun_5_x4_austria_ca,bb,bc",,127,gun_5_x4,"austria, netherlands","ca, bb, bc",,,,,,,,,0.68,,,,,,,de_Ruyter_gun_150_x4,1.1,1.275,0.68,1.35,de_Ruyter_gun_150_x4,1.1,1.275,0.68,1.35,,,,,,,,,,,,,,,,,,,
"gun_6_x1_austria_ca,bb,bc",,152,gun_6_x1,"austria, netherlands","ca, bb, bc",,,,,,vdt_gun_200_x1,0.705,0.81,1.185,1.42,bismarck_gun_b_150_x1,0.85,0.92,1.185,1.78,de_Ruyter_gun_150_x1,1.3,1.475,1.185,1.3,de_Ruyter_gun_150_x1,1.3,1.475,1.185,1.3,,,,,,,,,,,,,,,,,,,
"gun_6_x2_austria_ca,bb,bc",,152,gun_6_x2,"austria, netherlands","ca, bb, bc",,,,,,vdt_gun_200_x2,0.705,0.81,0.86,1.42,bismarck_gun_b_150_x2,0.85,0.92,0.86,1.78,de_Ruyter_gun_150_x2,1.3,1.475,0.86,1.3,de_Ruyter_gun_150_x2,1.3,1.475,0.86,1.3,,,,,,,,,,,,,,,,,,,
"gun_6_x3_austria_ca,bb,bc",,152,gun_6_x3,"austria, netherlands","ca, bb, bc",,,,,,,,,,,bismarck_gun_b_150_x3,0.85,0.92,0.66,1.78,de_Ruyter_gun_150_x3,1.3,1.475,0.66,1.3,de_Ruyter_gun_150_x3,1.3,1.475,0.66,1.3,,,,,,,,,,,,,,,,,,,
"gun_6_x4_austria_ca,bb,bc",,152,gun_6_x4,"austria, netherlands","ca, bb, bc",,,,,,,,,,,bismarck_gun_b_150_x4,0.85,0.92,0.6,1.78,de_Ruyter_gun_150_x4,1.3,1.475,0.6,1.3,de_Ruyter_gun_150_x4,1.3,1.475,0.6,1.3,,,,,,,,,,,,,,,,,,,
"gun_7_x1_austria_cl,ca,bb,bc",,178,gun_7_x1,"austria, netherlands","cl, ca, bb, bc",friedrich_gun_228_x1,0.7175,0.8175,1.21,1.56,vdt_gun_200_x1,0.8225,0.93,1.21,1.4,bismarck_gun_b_150_x1,0.975,1.05,1.21,1.74,de_Ruyter_gun_150_x1,1.5,1.675,1.21,1.275,de_Ruyter_gun_150_x1,1.5,1.675,1.21,1.275,,,,,,,,,,,,,,,,,,,
"gun_7_x2_austria_cl,ca,bb,bc",,178,gun_7_x2,"austria, netherlands","cl, ca, bb, bc",friedrich_gun_228_x2,0.7175,0.8175,0.9,1.56,vdt_gun_200_x2,0.8225,0.93,0.9,1.4,bismarck_gun_b_150_x2,0.975,1.05,0.9,1.74,de_Ruyter_gun_150_x2,1.5,1.675,0.9,1.275,de_Ruyter_gun_150_x2,1.5,1.675,0.9,1.275,,,,,,,,,,,,,,,,,,,
"gun_7_x3_austria_cl,ca,bb,bc",,178,gun_7_x3,"austria, netherlands","cl, ca, bb, bc",friedrich_gun_228_x3,0.7175,0.8175,0.705,1.56,,,,0.705,,bismarck_gun_b_150_x3,0.975,1.05,0.705,1.74,de_Ruyter_gun_150_x3,1.5,1.675,0.705,1.275,de_Ruyter_gun_150_x3,1.5,1.675,0.705,1.275,,,,,,,,,,,,,,,,,,,
"gun_7_x4_austria_cl,ca,bb,bc",,178,gun_7_x4,"austria, netherlands","cl, ca, bb, bc",,,,0.64,,,,,0.64,,bismarck_gun_b_150_x4,0.975,1.05,0.64,1.74,de_Ruyter_gun_150_x4,1.5,1.675,0.64,1.275,de_Ruyter_gun_150_x4,1.5,1.675,0.64,1.275,,,,,,,,,,,,,,,,,,,
"gun_8_x1_austria_ca,bb,bc",,203,gun_8_x1,"austria, netherlands","ca, bb, bc",friedrich_gun_228_x1,0.82,0.92,1.17,1.52,vdt_gun_200_x1,0.94,1.04,1.17,1.36,bismarck_gun_b_150_x1,1.1,1.15,1.17,1.72,de_Ruyter_gun_150_x1,1.7,1.875,1.17,1.26,de_Ruyter_gun_150_x1,1.7,1.875,1.17,1.26,,,,,,,,,,,,,,,,,,,
"gun_8_x2_austria_ca,bb,bc",,203,gun_8_x2,"austria, netherlands","ca, bb, bc",friedrich_gun_228_x2,0.82,0.92,0.88,1.52,vdt_gun_200_x2,0.94,1.04,0.88,1.36,bismarck_gun_b_150_x2,1.1,1.15,0.88,1.72,de_Ruyter_gun_150_x2,1.7,1.875,0.88,1.26,de_Ruyter_gun_150_x2,1.7,1.875,0.88,1.26,,,,,,,,,,,,,,,,,,,
"gun_8_x3_austria_ca,bb,bc",,203,gun_8_x3,"austria, netherlands","ca, bb, bc",friedrich_gun_228_x3,0.82,0.92,0.69,1.52,,,,,,bismarck_gun_b_150_x3,1.1,1.15,0.69,1.72,de_Ruyter_gun_150_x3,1.7,1.875,0.69,1.26,de_Ruyter_gun_150_x3,1.7,1.875,0.69,1.26,,,,,,,,,,,,,,,,,,,
"gun_8_x4_austria_ca,bb,bc",,203,gun_8_x4,"austria, netherlands","ca, bb, bc",,,,0.63,,,,,,,bismarck_gun_b_150_x4,1.1,1.15,0.63,1.72,de_Ruyter_gun_150_x4,1.7,1.875,0.63,1.26,de_Ruyter_gun_150_x4,1.7,1.875,0.63,1.26,,,,,,,,,,,,,,,,,,,
"gun_9_x1_austria_ca,bb,bc",,229,gun_9_x1,"austria, netherlands","ca, bb, bc",friedrich_gun_228_x1,0.9225,1.0225,1.1,1.46,dreadnought_gun_c_305_x1,0.87,0.95,1.1,1.3,dreadnought_gun_c_305_x1,0.87,0.95,1.1,1.3,dreadnought_gun_c_305_x1,0.87,0.95,1.1,1.3,vdt_gun_280_x1,0.9225,1.0225,1.1,1.1,,,,,,,,,,,,,,,,,,,
"gun_9_x2_austria_ca,bb,bc",,229,gun_9_x2,"austria, netherlands","ca, bb, bc",friedrich_gun_228_x2,0.9225,1.0225,0.82,1.46,dreadnought_gun_c_305_x2,0.87,0.95,0.82,1.3,dreadnought_gun_c_305_x2,0.87,0.95,0.82,1.3,dreadnought_gun_c_305_x2,0.87,0.95,0.82,1.3,vdt_gun_280_x2,0.9225,1.0225,0.82,1.1,,,,,,,,,,,,,,,,,,,
"gun_9_x3_austria_ca,bb,bc",,229,gun_9_x3,"austria, netherlands","ca, bb, bc",friedrich_gun_228_x3,0.9225,1.0225,0.64,1.46,dreadnought_gun_c_305_x3,0.87,0.95,0.64,1.3,dreadnought_gun_c_305_x3,0.87,0.95,0.64,1.3,dreadnought_gun_c_305_x3,0.87,0.95,0.64,1.3,vdt_gun_280_x3,0.9225,1.0225,0.64,1.1,,,,,,,,,,,,,,,,,,,
"gun_9_x4_austria_ca,bb,bc",,229,gun_9_x4,"austria, netherlands","ca, bb, bc",,,,0.58,,dreadnought_gun_c_305_x4,0.87,0.95,0.58,1.3,dreadnought_gun_c_305_x4,0.87,0.95,0.58,1.3,dreadnought_gun_c_305_x4,0.87,0.95,0.58,1.3,vdt_gun_280_x4,0.9225,1.0225,0.58,1.1,,,,,,,,,,,,,,,,,,,
"gun_10_x1_austria_ca,bb,bc",,254,gun_10_x1,"austria, netherlands","ca, bb, bc",friedrich_gun_228_x1,1.025,1.125,1.2,1.425,dreadnought_gun_c_305_x1,0.96,1.04,1.2,1.28,dreadnought_gun_c_305_x1,0.96,1.04,1.2,1.28,dreadnought_gun_c_305_x1,0.96,1.04,1.2,1.28,vdt_gun_280_x1,1.025,1.125,1.2,1.06,,,,,,,,,,,,,,,,,,,
"gun_10_x2_austria_ca,bb,bc",,254,gun_10_x2,"austria, netherlands","ca, bb, bc",friedrich_gun_228_x2,1.025,1.125,0.9,1.425,dreadnought_gun_c_305_x2,0.96,1.04,0.9,1.28,dreadnought_gun_c_305_x2,0.96,1.04,0.9,1.28,dreadnought_gun_c_305_x2,0.96,1.04,0.9,1.28,vdt_gun_280_x2,1.025,1.125,0.9,1.06,,,,,,,,,,,,,,,,,,,
"gun_10_x3_austria_ca,bb,bc",,254,gun_10_x3,"austria, netherlands","ca, bb, bc",friedrich_gun_228_x3,1.025,1.125,0.68,1.425,dreadnought_gun_c_305_x3,0.96,1.04,0.68,1.28,dreadnought_gun_c_305_x3,0.96,1.04,0.68,1.28,dreadnought_gun_c_305_x3,0.96,1.04,0.68,1.28,vdt_gun_280_x3,1.025,1.125,0.68,1.06,,,,,,,,,,,,,,,,,,,
"gun_10_x4_austria_ca,bb,bc",,254,gun_10_x4,"austria, netherlands","ca, bb, bc",,,,,,dreadnought_gun_c_305_x4,0.96,1.04,0.63,1.28,dreadnought_gun_c_305_x4,0.96,1.04,0.63,1.28,dreadnought_gun_c_305_x4,0.96,1.04,0.63,1.28,vdt_gun_280_x4,1.025,1.125,0.63,1.06,,,,,,,,,,,,,,,,,,,
"gun_11_x1_austria_ca,bb,bc",,279,gun_11_x1,"austria, netherlands","ca, bb, bc",brandenburg_gun_279_x1,0.99,1.07,1.07,1.18,dreadnought_gun_c_305_x1,1.05,1.13,1.07,1.02,dreadnought_gun_c_305_x1,1.05,1.13,1.07,1.02,vdt_gun_280_x1,1.1275,1.2275,1.07,0.86,vdt_gun_280_x1,1.1275,1.2275,1.07,0.86,,,,,,,,,,,,,,,,,,,
"gun_11_x2_austria_ca,bb,bc",,279,gun_11_x2,"austria, netherlands","ca, bb, bc",brandenburg_gun_279_x2,0.99,1.07,0.82,1.18,dreadnought_gun_c_305_x2,1.05,1.13,0.82,1.02,dreadnought_gun_c_305_x2,1.05,1.13,0.82,1.02,vdt_gun_280_x2,1.1275,1.2275,0.82,0.86,vdt_gun_280_x2,1.1275,1.2275,0.82,0.86,,,,,,,,,,,,,,,,,,,
"gun_11_x3_austria_ca,bb,bc",,279,gun_11_x3,"austria, netherlands","ca, bb, bc",brandenburg_gun_279_x3,0.99,1.07,0.66,0.66,dreadnought_gun_c_305_x3,1.05,1.13,0.66,1.02,dreadnought_gun_c_305_x3,1.05,1.13,0.66,1.02,vdt_gun_280_x3,1.1275,1.2275,0.66,0.86,vdt_gun_280_x3,1.1275,1.2275,0.66,0.86,,,,,,,,,,,,,,,,,,,
"gun_11_x4_austria_ca,bb,bc",,279,gun_11_x4,"austria, netherlands","ca, bb, bc",,,,0.61,,dreadnought_gun_c_305_x4,1.05,1.13,0.61,1.02,dreadnought_gun_c_305_x4,1.05,1.13,0.61,1.02,vdt_gun_280_x4,1.1275,1.2275,0.61,0.86,vdt_gun_280_x4,1.1275,1.2275,0.61,0.86,,,,,,,,,,,,,,,,,,,
"gun_12_x1_austria_bb,bc",,305,gun_12_x1,"austria, netherlands","bb, bc",brandenburg_gun_279_x1,1.08,1.16,1.07,1.18,dreadnought_gun_c_305_x1,1.14,1.22,1.07,1.02,vdt_gun_280_x1,1.23,1.33,1.07,0.85,vdt_gun_280_x1,1.23,1.33,1.07,0.85,spee_gun_280_x1_a,1.26,1.36,1.07,1,,,,,,,,,,,,,,,,,,,
"gun_12_x2_austria_bb,bc",,305,gun_12_x2,"austria, netherlands","bb, bc",brandenburg_gun_279_x2,1.08,1.16,0.82,1.18,dreadnought_gun_c_305_x2,1.14,1.22,0.82,1.02,vdt_gun_280_x2,1.23,1.33,0.82,0.85,vdt_gun_280_x2,1.23,1.33,0.82,0.85,spee_gun_280_x2_a,1.26,1.36,0.82,1,,,,,,,,,,,,,,,,,,,
"gun_12_x3_austria_bb,bc",,305,gun_12_x3,"austria, netherlands","bb, bc",brandenburg_gun_279_x3,1.08,1.16,0.66,0.66,dreadnought_gun_c_305_x3,1.14,1.22,0.66,1.02,vdt_gun_280_x3,1.23,1.33,0.66,0.85,vdt_gun_280_x3,1.23,1.33,0.66,0.85,spee_gun_280_x3_a,1.26,1.36,0.66,1,,,,,,,,,,,,,,,,,,,
"gun_12_x4_austria_bb,bc",,305,gun_12_x4,"austria, netherlands","bb, bc",,,,,,dreadnought_gun_c_305_x4,1.14,1.22,0.61,1.02,vdt_gun_280_x4,1.23,1.33,0.61,0.85,vdt_gun_280_x4,1.23,1.33,0.61,0.85,spee_gun_280_x4_a,1.26,1.36,0.61,1,,,,,,,,,,,,,,,,,,,
"gun_13_x1_austria_bb,bc",,330,gun_13_x1,"austria, netherlands","bb, bc",friedrich_gun_305_x1,1.17,1.25,1.13,0.97,vdt_gun_280_x1,1.3325,1.4325,1.13,0.84,vdt_gun_280_x1,1.3325,1.4325,1.13,0.84,vdt_gun_280_x1,1.3325,1.4325,1.13,0.84,spee_gun_280_x1_a,1.365,1.465,1.13,1,,,,,,,,,,,,,,,,,,,
"gun_13_x2_austria_bb,bc",,330,gun_13_x2,"austria, netherlands","bb, bc",friedrich_gun_305_x2,1.17,1.25,0.88,0.97,vdt_gun_280_x2,1.3325,1.4325,0.88,0.84,vdt_gun_280_x2,1.3325,1.4325,0.88,0.84,vdt_gun_280_x2,1.3325,1.4325,0.88,0.84,spee_gun_280_x2_a,1.365,1.465,0.88,1,,,,,,,,,,,,,,,,,,,
"gun_13_x3_austria_bb,bc",,330,gun_13_x3,"austria, netherlands","bb, bc",friedrich_gun_305_x3,1.17,1.25,0.705,0.97,vdt_gun_280_x3,1.3325,1.4325,0.705,0.84,vdt_gun_280_x3,1.3325,1.4325,0.705,0.84,vdt_gun_280_x3,1.3325,1.4325,0.705,0.84,spee_gun_280_x3_a,1.365,1.465,0.705,1,,,,,,,,,,,,,,,,,,,
"gun_13_x4_austria_bb,bc",,330,gun_13_x4,"austria, netherlands","bb, bc",,,,0.65,,vdt_gun_280_x4,1.3325,1.4325,0.65,0.84,vdt_gun_280_x4,1.3325,1.4325,0.65,0.84,vdt_gun_280_x4,1.3325,1.4325,0.65,0.84,spee_gun_280_x4_a,1.365,1.465,0.65,1,,,,,,,,,,,,,,,,,,,
"gun_14_x1_austria_bb,bc",,356,gun_14_x1,"austria, netherlands","bb, bc",friedrich_gun_305_x1,1.26,1.34,1.13,0.97,vdt_gun_280_x1,1.435,1.535,1.13,0.84,vdt_gun_280_x1,1.435,1.535,1.13,0.84,spee_gun_280_x1_a,1.47,1.57,1.13,0.98,spee_gun_280_x1_a,1.47,1.57,1.13,0.98,,,,,,,,,,,,,,,,,,,
"gun_14_x2_austria_bb,bc",,356,gun_14_x2,"austria, netherlands","bb, bc",friedrich_gun_305_x2,1.26,1.34,0.88,0.97,vdt_gun_280_x2,1.435,1.535,0.88,0.84,vdt_gun_280_x2,1.435,1.535,0.88,0.84,spee_gun_280_x2_a,1.47,1.57,0.88,0.98,spee_gun_280_x2_a,1.47,1.57,0.88,0.98,,,,,,,,,,,,,,,,,,,
"gun_14_x3_austria_bb,bc",,356,gun_14_x3,"austria, netherlands","bb, bc",friedrich_gun_305_x3,1.26,1.34,0.705,0.97,vdt_gun_280_x3,1.435,1.535,0.705,0.84,vdt_gun_280_x3,1.435,1.535,0.705,0.84,spee_gun_280_x3_a,1.47,1.57,0.705,0.98,spee_gun_280_x3_a,1.47,1.57,0.705,0.98,,,,,,,,,,,,,,,,,,,
"gun_14_x4_austria_bb,bc",,356,gun_14_x4,"austria, netherlands","bb, bc",,,,,,vdt_gun_280_x4,1.435,1.535,0.66,0.84,vdt_gun_280_x4,1.435,1.535,0.66,0.84,spee_gun_280_x4_a,1.47,1.57,0.66,0.98,spee_gun_280_x4_a,1.47,1.57,0.66,0.98,,,,,,,,,,,,,,,,,,,
"gun_15_x1_austria_bb,bc",,381,gun_15_x1,"austria, netherlands","bb, bc",vdt_gun_280_x1,1.5375,1.6375,1.14,0.84,vdt_gun_280_x1,1.5375,1.6375,1.14,0.84,vdt_gun_280_x1,1.5375,1.6375,1.14,0.84,spee_gun_280_x1_a,1.575,1.675,1.14,0.98,spee_gun_280_x1_a,1.575,1.675,1.14,0.98,,,,,,,,,,,,,,,,,,,
"gun_15_x2_austria_bb,bc",,381,gun_15_x2,"austria, netherlands","bb, bc",vdt_gun_280_x2,1.5375,1.6375,0.9,0.84,vdt_gun_280_x2,1.5375,1.6375,0.9,0.84,vdt_gun_280_x2,1.5375,1.6375,0.9,0.84,spee_gun_280_x2_a,1.575,1.675,0.9,0.98,spee_gun_280_x2_a,1.575,1.675,0.9,0.98,,,,,,,,,,,,,,,,,,,
"gun_15_x3_austria_bb,bc",,381,gun_15_x3,"austria, netherlands","bb, bc",vdt_gun_280_x3,1.5375,1.6375,0.72,0.84,vdt_gun_280_x3,1.5375,1.6375,0.72,0.84,vdt_gun_280_x3,1.5375,1.6375,0.72,0.84,spee_gun_280_x3_a,1.575,1.675,0.72,0.98,spee_gun_280_x3_a,1.575,1.675,0.72,0.98,,,,,,,,,,,,,,,,,,,
"gun_15_x4_austria_bb,bc",,381,gun_15_x4,"austria, netherlands","bb, bc",vdt_gun_280_x4,1.5375,1.6375,0.675,0.84,vdt_gun_280_x4,1.5375,1.6375,0.675,0.84,vdt_gun_280_x4,1.5375,1.6375,0.675,0.84,spee_gun_280_x4_a,1.575,1.675,0.675,0.98,spee_gun_280_x4_a,1.575,1.675,0.675,0.98,,,,,,,,,,,,,,,,,,,
"gun_16_x1_austria_bb,bc",,406,gun_16_x1,"austria, netherlands","bb, bc",vdt_gun_280_x1,1.64,1.74,1.15,0.84,vdt_gun_280_x1,1.64,1.74,1.15,0.84,spee_gun_280_x1_a,1.68,1.78,1.15,0.98,spee_gun_280_x1_a,1.68,1.78,1.15,0.98,spee_gun_280_x1_a,1.68,1.78,1.15,0.98,,,,,,,,,,,,,,,,,,,
"gun_16_x2_austria_bb,bc",,406,gun_16_x2,"austria, netherlands","bb, bc",vdt_gun_280_x2,1.64,1.74,0.93,0.84,vdt_gun_280_x2,1.64,1.74,0.93,0.84,spee_gun_280_x2_a,1.68,1.78,0.93,0.98,spee_gun_280_x2_a,1.68,1.78,0.93,0.98,spee_gun_280_x2_a,1.68,1.78,0.93,0.98,,,,,,,,,,,,,,,,,,,
"gun_16_x3_austria_bb,bc",,406,gun_16_x3,"austria, netherlands","bb, bc",vdt_gun_280_x3,1.64,1.74,0.75,0.84,vdt_gun_280_x3,1.64,1.74,0.75,0.84,spee_gun_280_x3_a,1.68,1.78,0.75,0.98,spee_gun_280_x3_a,1.68,1.78,0.75,0.98,spee_gun_280_x3_a,1.68,1.78,0.75,0.98,,,,,,,,,,,,,,,,,,,
"gun_16_x4_austria_bb,bc",,406,gun_16_x4,"austria, netherlands","bb, bc",vdt_gun_280_x4,1.64,1.74,0.68,0.84,vdt_gun_280_x4,1.64,1.74,0.68,0.84,spee_gun_280_x4_a,1.68,1.78,0.68,0.98,spee_gun_280_x4_a,1.68,1.78,0.68,0.98,spee_gun_280_x4_a,1.68,1.78,0.68,0.98,,,,,,,,,,,,,,,,,,,
"gun_17_x1_austria_bb,bc",,432,gun_17_x1,"austria, netherlands","bb, bc",spee_gun_var_280_x1,1.785,1.885,1.2,0.94,spee_gun_var_280_x1,1.785,1.885,1.2,0.94,spee_gun_280_x1_a,1.785,1.885,1.2,0.98,spee_gun_280_x1_a,1.785,1.885,1.2,0.98,spee_gun_280_x1_a,1.785,1.885,1.2,0.98,,,,,,,,,,,,,,,,,,,
"gun_17_x2_austria_bb,bc",,432,gun_17_x2,"austria, netherlands","bb, bc",spee_gun_var_280_x2,1.785,1.885,0.95,0.94,spee_gun_var_280_x2,1.785,1.885,0.95,0.94,spee_gun_280_x2_a,1.785,1.885,0.95,0.98,spee_gun_280_x2_a,1.785,1.885,0.95,0.98,spee_gun_280_x2_a,1.785,1.885,0.95,0.98,,,,,,,,,,,,,,,,,,,
"gun_17_x3_austria_bb,bc",,432,gun_17_x3,"austria, netherlands","bb, bc",spee_gun_var_280_x3,1.785,1.885,0.775,0.94,spee_gun_var_280_x3,1.785,1.885,0.775,0.94,spee_gun_280_x3_a,1.785,1.885,0.775,0.98,spee_gun_280_x3_a,1.785,1.885,0.775,0.98,spee_gun_280_x3_a,1.785,1.885,0.775,0.98,,,,,,,,,,,,,,,,,,,
"gun_17_x4_austria_bb,bc",,432,gun_17_x4,"austria, netherlands","bb, bc",spee_gun_280_x4_a,1.785,1.885,0.71,0.94,spee_gun_280_x4_a,1.785,1.885,0.71,0.94,spee_gun_280_x4_a,1.785,1.885,0.71,0.98,spee_gun_280_x4_a,1.785,1.885,0.71,0.98,spee_gun_280_x4_a,1.785,1.885,0.71,0.98,,,,,,,,,,,,,,,,,,,
"gun_18_x1_austria_bb,bc",,457,gun_18_x1,"austria, netherlands","bb, bc",spee_gun_var_280_x1,1.89,1.99,1.23,0.94,spee_gun_var_280_x1,1.89,1.99,1.23,0.94,spee_gun_280_x1_a,1.89,1.99,1.23,0.97,spee_gun_280_x1_a,1.89,1.99,1.23,0.97,spee_gun_280_x1_a,1.89,1.99,1.23,0.97,,,,,,,,,,,,,,,,,,,
"gun_18_x2_austria_bb,bc",,457,gun_18_x2,"austria, netherlands","bb, bc",spee_gun_var_280_x2,1.89,1.99,0.985,0.94,spee_gun_var_280_x2,1.89,1.99,0.985,0.94,spee_gun_280_x2_a,1.89,1.99,0.985,0.97,spee_gun_280_x2_a,1.89,1.99,0.985,0.97,spee_gun_280_x2_a,1.89,1.99,0.985,0.97,,,,,,,,,,,,,,,,,,,
"gun_18_x3_austria_bb,bc",,457,gun_18_x3,"austria, netherlands","bb, bc",spee_gun_var_280_x3,1.89,1.99,0.81,0.94,spee_gun_var_280_x3,1.89,1.99,0.81,0.94,spee_gun_280_x3_a,1.89,1.99,0.81,0.97,spee_gun_280_x3_a,1.89,1.99,0.81,0.97,spee_gun_280_x3_a,1.89,1.99,0.81,0.97,,,,,,,,,,,,,,,,,,,
"gun_18_x4_austria_bb,bc",,457,gun_18_x4,"austria, netherlands","bb, bc",spee_gun_280_x4_a,1.89,1.99,0.735,0.94,spee_gun_280_x4_a,1.89,1.99,0.735,0.94,spee_gun_280_x4_a,1.89,1.99,0.735,0.97,spee_gun_280_x4_a,1.89,1.99,0.735,0.97,spee_gun_280_x4_a,1.89,1.99,0.735,0.97,,,,,,,,,,,,,,,,,,,
"gun_19_x1_austria_bb,bc",,483,gun_19_x1,"austria, netherlands","bb, bc",spee_gun_var_280_x1,1.995,2.095,1.16,0.93,spee_gun_var_280_x1,1.995,2.095,1.16,0.93,spee_gun_280_x1_a,1.995,2.095,1.16,0.97,spee_gun_280_x1_a,1.995,2.095,1.16,0.97,spee_gun_280_x1_a,1.995,2.095,1.16,0.97,,,,,,,,,,,,,,,,,,,
"gun_19_x2_austria_bb,bc",,483,gun_19_x2,"austria, netherlands","bb, bc",spee_gun_var_280_x2,1.995,2.095,0.95,0.93,spee_gun_var_280_x2,1.995,2.095,0.95,0.93,spee_gun_280_x2_a,1.995,2.095,0.95,0.97,spee_gun_280_x2_a,1.995,2.095,0.95,0.97,spee_gun_280_x2_a,1.995,2.095,0.95,0.97,,,,,,,,,,,,,,,,,,,
"gun_19_x3_austria_bb,bc",,483,gun_19_x3,"austria, netherlands","bb, bc",spee_gun_var_280_x3,1.995,2.095,0.78,0.93,spee_gun_var_280_x3,1.995,2.095,0.78,0.93,spee_gun_280_x3_a,1.995,2.095,0.78,0.97,spee_gun_280_x3_a,1.995,2.095,0.78,0.97,spee_gun_280_x3_a,1.995,2.095,0.78,0.97,,,,,,,,,,,,,,,,,,,
"gun_19_x4_austria_bb,bc",,483,gun_19_x4,"austria, netherlands","bb, bc",spee_gun_280_x4_a,1.995,2.095,0.725,0.93,spee_gun_280_x4_a,1.995,2.095,0.725,0.93,spee_gun_280_x4_a,1.995,2.095,0.725,0.97,spee_gun_280_x4_a,1.995,2.095,0.725,0.97,spee_gun_280_x4_a,1.995,2.095,0.725,0.97,,,,,,,,,,,,,,,,,,,
"gun_20_x1_austria_bb,bc",,508,gun_20_x1,"austria, netherlands","bb, bc",spee_gun_var_280_x1,2.1,2.2,1.05,0.92,spee_gun_var_280_x1,2.1,2.2,1.05,0.92,spee_gun_280_x1_a,2.1,2.2,1.05,0.96,spee_gun_280_x1_a,2.1,2.2,1.05,0.96,spee_gun_280_x1_a,2.1,2.2,1.05,0.96,,,,,,,,,,,,,,,,,,,
"gun_20_x2_austria_bb,bc",,508,gun_20_x2,"austria, netherlands","bb, bc",spee_gun_var_280_x2,2.1,2.2,0.85,0.92,spee_gun_var_280_x2,2.1,2.2,0.85,0.92,spee_gun_280_x2_a,2.1,2.2,0.85,0.96,spee_gun_280_x2_a,2.1,2.2,0.85,0.96,spee_gun_280_x2_a,2.1,2.2,0.85,0.96,,,,,,,,,,,,,,,,,,,
"gun_20_x3_austria_bb,bc",,508,gun_20_x3,"austria, netherlands","bb, bc",spee_gun_var_280_x3,2.1,2.2,0.7,0.92,spee_gun_var_280_x3,2.1,2.2,0.7,0.92,spee_gun_280_x3_a,2.1,2.2,0.7,0.96,spee_gun_280_x3_a,2.1,2.2,0.7,0.96,spee_gun_280_x3_a,2.1,2.2,0.7,0.96,,,,,,,,,,,,,,,,,,,
"gun_20_x4_austria_bb,bc",,508,gun_20_x4,"austria, netherlands","bb, bc",spee_gun_280_x4_a,2.1,2.2,0.65,0.92,spee_gun_280_x4_a,2.1,2.2,0.65,0.92,spee_gun_280_x4_a,2.1,2.2,0.65,0.96,spee_gun_280_x4_a,2.1,2.2,0.65,0.96,spee_gun_280_x4_a,2.1,2.2,0.65,0.96,,,,,,,,,,,,,,,,,,,
###,,,###,,,,,,,,,,,,,,,,,,,,,,,,,,,,,,,,,,,,,,,,,,,,,,
gun_2_x1_spain,,51,gun_2_x1,"spain, portugal, korea",,,,,,,,,,,,,,,,,,,,,,,,,,,,,,,,,,,,,,,,,,,,,
gun_2_x2_spain,,51,gun_2_x2,"spain, portugal, korea",,,,,,,,,,,,,,,,,,,,,,,,,,,,,,,,,,,,,,,,,,,,,
gun_2_x3_spain,,51,gun_2_x3,"spain, portugal, korea",,,,,,,,,,,,,,,,,,,,,,,,,,,,,,,,,,,,,,,,,,,,,
gun_2_x4_spain,,51,gun_2_x4,"spain, portugal, korea",,,,,,,,,,,,,,,,,,,,,,,,,,,,,,,,,,,,,,,,,,,,,
gun_3_x1_spain_dd,,76,gun_3_x1,"spain, portugal, korea","dd, tb",,,,,,,,,,,,,,,,,,,,,,,,,,,,,,,,,,,,,,,,,,,,
gun_3_x2_spain_dd,,76,gun_3_x2,"spain, portugal, korea","dd, tb",,,,,,,,,,,,,,,,,,,,,,,,,,,,,,,,,,,,,,,,,,,,
gun_3_x3_spain_dd,,76,gun_3_x3,"spain, portugal, korea","dd, tb",,,,,,,,,,,,,,,,,,,,,,,,,,,,,,,,,,,,,,,,,,,,
gun_3_x4_spain_dd,,76,gun_3_x4,"spain, portugal, korea","dd, tb",,,,,,,,,,,,,,,,,,,,,,,,,,,,,,,,,,,,,,,,,,,,
gun_4_x1_spain_dd,,102,gun_4_x1,"spain, portugal, korea","dd, tb",,,,,,,,,,,,,,,,,,,,,,,,,,,,,,,,,,,,,,,,,,,,
gun_4_x2_spain_dd,,102,gun_4_x2,"spain, portugal, korea","dd, tb",tsesarevich_gun_152_x2,0.75,0.87,1.28,1.5,,,,,,,,,,,,,,,,,,,,,,,,,,,,,,,,,,,,,,,
gun_4_x3_spain_dd,,102,gun_4_x3,"spain, portugal, korea","dd, tb",tsesarevich_gun_152_x3,0.75,0.87,1,1.5,,,,,,,,,,,,,,,,,,,,,,,,,,,,,,,,,,,,,,,
gun_4_x4_spain_dd,,102,gun_4_x4,"spain, portugal, korea","dd, tb",,,,0.85,,,,,,,,,,,,,,,,,,,,,,,,,,,,,,,,,,,,,,,,
gun_5_x1_spain_dd,,127,gun_5_x1,"spain, portugal, korea","dd, tb",,,,,,,,,,,,,,,,,,,,,,,,,,,,,,,,,,,,,,,,,,,,
gun_5_x2_spain_dd,,127,gun_5_x2,"spain, portugal, korea","dd, tb",tsesarevich_gun_152_x2,0.875,1.045,0.95,1.26,,,,,,,,,,,,,,,,,,,,,,,,,,,,,,,,,,,,,,,
gun_5_x3_spain_dd,,127,gun_5_x3,"spain, portugal, korea","dd, tb",tsesarevich_gun_152_x3,0.875,1.045,0.75,1.26,,,,,,,,,,,,,,,,,,,,,,,,,,,,,,,,,,,,,,,
gun_5_x4_spain_dd,,127,gun_5_x4,"spain, portugal, korea","dd, tb",,,,,,,,,,,,,,,,,,,,,,,,,,,,,,,,,,,,,,,,,,,,
gun_3_x1_spain_cl,,76,gun_3_x1,"spain, portugal, korea",cl,,,,,,,,,,,,,,,,,,,,,,,,,,,,,,,,,,,,,,,,,,,,
gun_3_x2_spain_cl,,76,gun_3_x2,"spain, portugal, korea",cl,,,,,,,,,,,,,,,,,,,,,,,,,,,,,,,,,,,,,,,,,,,,
gun_3_x3_spain_cl,,76,gun_3_x3,"spain, portugal, korea",cl,,,,,,,,,,,,,,,,,,,,,,,,,,,,,,,,,,,,,,,,,,,,
gun_3_x4_spain_cl,,76,gun_3_x4,"spain, portugal, korea",cl,,,,,,,,,,,,,,,,,,,,,,,,,,,,,,,,,,,,,,,,,,,,
gun_4_x1_spain_cl,,102,gun_4_x1,"spain, portugal, korea",cl,,,,,,,,,,,,,,,,,,,,,,,,,,,,,,,,,,,,,,,,,,,,
gun_4_x2_spain_cl,,102,gun_4_x2,"spain, portugal, korea",cl,tsesarevich_gun_152_x2,0.75,0.87,1.28,1.5,,,,,,,,,,,,,,,,,,,,,,,,,,,,,,,,,,,,,,,
gun_4_x3_spain_cl,,102,gun_4_x3,"spain, portugal, korea",cl,tsesarevich_gun_152_x3,0.75,0.87,1,1.5,,,,,,,,,,,,,,,,,,,,,,,,,,,,,,,,,,,,,,,
gun_4_x4_spain_cl,,102,gun_4_x4,"spain, portugal, korea",cl,,,,0.85,,,,,,,,,,,,,,,,,,,,,,,,,,,,,,,,,,,,,,,,
gun_5_x1_spain_cl,,127,gun_5_x1,"spain, portugal, korea",cl,,,,,,,,,,,,,,,,,,,,,,,,,,,,,,,,,,,,,,,,,,,,
gun_5_x2_spain_cl,,127,gun_5_x2,"spain, portugal, korea",cl,tsesarevich_gun_152_x2,0.875,1.045,0.95,1.26,,,,,,,,,,,,,,,,,,,,,,,,,,,,,,,,,,,,,,,
gun_5_x3_spain_cl,,127,gun_5_x3,"spain, portugal, korea",cl,tsesarevich_gun_152_x3,0.875,1.045,0.75,1.26,,,,,,,,,,,,,,,,,,,,,,,,,,,,,,,,,,,,,,,
gun_5_x4_spain_cl,,127,gun_5_x4,"spain, portugal, korea",cl,,,,,,,,,,,,,,,,,,,,,,,,,,,,,,,,,,,,,,,,,,,,
gun_6_x1_spain_cl,,152,gun_6_x1,"spain, portugal, korea",cl,,,,,,,,,,,,,,,,,,,,,,,,,,,,,,,,,,,,,,,,,,,,
gun_6_x2_spain_cl,,152,gun_6_x2,"spain, portugal, korea",cl,,,,,,,,,,,,,,,,,,,,,,,,,,,,,,,,,,,,,,,,,,,,
gun_6_x3_spain_cl,,152,gun_6_x3,"spain, portugal, korea",cl,,,,,,,,,,,,,,,,,,,,,,,,,,,,,,,,,,,,,,,,,,,,
gun_6_x4_spain_cl,,152,gun_6_x4,"spain, portugal, korea",cl,,,,,,,,,,,,,,,,,,,,,,,,,,,,,,,,,,,,,,,,,,,,
"gun_3_x1_spain_ca,bb,bc",,76,gun_3_x1,"spain, portugal, korea","ca, bb, bc",tsesarevich_gun_152_x1,0.525,0.745,1.45,1.95,,,,,,,,,,,,,,,,,,,,,,,,,,,,,,,,,,,,,,,
"gun_3_x2_spain_ca,bb,bc",,76,gun_3_x2,"spain, portugal, korea","ca, bb, bc",tsesarevich_gun_152_x2,0.525,0.745,1.08,1.95,,,,,,,,,,,,,,,,,,,,,,,,,,,,,,,,,,,,,,,
"gun_3_x3_spain_ca,bb,bc",,76,gun_3_x3,"spain, portugal, korea","ca, bb, bc",tsesarevich_gun_152_x3,0.525,0.745,0.83,1.95,,,,,,,,,,,,,,,,,,,,,,,,,,,,,,,,,,,,,,,
"gun_3_x4_spain_ca,bb,bc",,76,gun_3_x4,"spain, portugal, korea","ca, bb, bc",,,,,,,,,,,,,,,,,,,,,,,,,,,,,,,,,,,,,,,,,,,,
"gun_4_x1_spain_ca,bb,bc",,102,gun_4_x1,"spain, portugal, korea","ca, bb, bc",tsesarevich_gun_152_x1,0.75,0.87,1.7,1.5,,,,,,,,,,,,,,,,,,,,,,,,,,,,,,,,,,,,,,,
"gun_4_x2_spain_ca,bb,bc",,102,gun_4_x2,"spain, portugal, korea","ca, bb, bc",tsesarevich_gun_152_x2,0.75,0.87,1.28,1.5,,,,,,,,,,,,,,,,,,,,,,,,,,,,,,,,,,,,,,,
"gun_4_x3_spain_ca,bb,bc",,102,gun_4_x3,"spain, portugal, korea","ca, bb, bc",tsesarevich_gun_152_x3,0.75,0.87,1,1.5,,,,,,,,,,,,,,,,,,,,,,,,,,,,,,,,,,,,,,,
"gun_4_x4_spain_ca,bb,bc",,102,gun_4_x4,"spain, portugal, korea","ca, bb, bc",,,,,,,,,,,,,,,,,,,,,,,,,,,,,,,,,,,,,,,,,,,,
"gun_5_x1_spain_ca,bb,bc",,127,gun_5_x1,"spain, portugal, korea","ca, bb, bc",tsesarevich_gun_152_x1,0.875,1.045,1.25,1.26,,,,,,,,,,,,,,,,,,,,,,,,,,,,,,,,,,,,,,,
"gun_5_x2_spain_ca,bb,bc",,127,gun_5_x2,"spain, portugal, korea","ca, bb, bc",tsesarevich_gun_152_x2,0.875,1.045,0.95,1.26,,,,,,,,,,,,,,,,,,,,,,,,,,,,,,,,,,,,,,,
"gun_5_x3_spain_ca,bb,bc",,127,gun_5_x3,"spain, portugal, korea","ca, bb, bc",tsesarevich_gun_152_x3,0.875,1.045,0.75,1.26,,,,,,,,,,,,,,,,,,,,,,,,,,,,,,,,,,,,,,,
"gun_5_x4_spain_ca,bb,bc",,127,gun_5_x4,"spain, portugal, korea","ca, bb, bc",,,,,,,,,,,,,,,,,,,,,,,,,,,,,,,,,,,,,,,,,,,,
"gun_6_x1_spain_ca,bb,bc",,152,gun_6_x1,"spain, portugal, korea","ca, bb, bc",tsesarevich_gun_152_x1,1.050,1.22,1.185,1.2,,,,,,,,,,,,,,,,,,,,,,,,,,,,,,,,,,,,,,,
"gun_6_x2_spain_ca,bb,bc",,152,gun_6_x2,"spain, portugal, korea","ca, bb, bc",tsesarevich_gun_152_x2,1.050,1.22,0.86,1.2,,,,,,,,,,,,,,,,,,,,,,,,,,,,,,,,,,,,,,,
"gun_6_x3_spain_ca,bb,bc",,152,gun_6_x3,"spain, portugal, korea","ca, bb, bc",tsesarevich_gun_152_x3,1.050,1.22,0.66,1.2,,,,,,,,,,,,,,,,,,,,,,,,,,,,,,,,,,,,,,,
"gun_6_x4_spain_ca,bb,bc",,152,gun_6_x4,"spain, portugal, korea","ca, bb, bc",,,,0.6,,,,,,,,,,,,,,,,,,,,,,,,,,,,,,,,,,,,,,,,
"gun_7_x1_spain_cl,ca,bb,bc",,178,gun_7_x1,"spain, portugal, korea","cl, ca, bb, bc",tsesarevich_gun_152_x1,1.225,1.395,1.21,1.18,,,,,,,,,,,,,,,,,,,,,,,,,,,,,,,,,,,,,,,
"gun_7_x2_spain_cl,ca,bb,bc",,178,gun_7_x2,"spain, portugal, korea","cl, ca, bb, bc",tsesarevich_gun_152_x2,1.225,1.395,0.9,1.18,,,,,,,,,,,,,,,,,,,,,,,,,,,,,,,,,,,,,,,
"gun_7_x3_spain_cl,ca,bb,bc",,178,gun_7_x3,"spain, portugal, korea","cl, ca, bb, bc",tsesarevich_gun_152_x3,1.225,1.395,0.705,1.18,,,,,,,,,,,,,,,,,,,,,,,,,,,,,,,,,,,,,,,
"gun_7_x4_spain_cl,ca,bb,bc",,178,gun_7_x4,"spain, portugal, korea","cl, ca, bb, bc",,,,0.64,,,,,,,,,,,,,,,,,,,,,,,,,,,,,,,,,,,,,,,,
"gun_8_x1_spain_ca,bb,bc",,203,gun_8_x1,"spain, portugal, korea","ca, bb, bc",tsesarevich_gun_152_x1,1.4,1.57,1.17,1.14,,,,,,,,,,,,,,,,,,,,,,,,,,,,,,,,,,,,,,,
"gun_8_x2_spain_ca,bb,bc",,203,gun_8_x2,"spain, portugal, korea","ca, bb, bc",tsesarevich_gun_152_x2,1.4,1.57,0.88,1.14,,,,,,,,,,,,,,,,,,,,,,,,,,,,,,,,,,,,,,,
"gun_8_x3_spain_ca,bb,bc",,203,gun_8_x3,"spain, portugal, korea","ca, bb, bc",tsesarevich_gun_152_x3,1.4,1.57,0.69,1.14,,,,,,,,,,,,,,,,,,,,,,,,,,,,,,,,,,,,,,,
"gun_8_x4_spain_ca,bb,bc",,203,gun_8_x4,"spain, portugal, korea","ca, bb, bc",,,,,,,,,,,,,,,,,,,,,,,,,,,,,,,,,,,,,,,,,,,,
"gun_9_x1_spain_ca,bb,bc",,229,gun_9_x1,"spain, portugal, korea","ca, bb, bc",,,,,,,,,,,,,,,,,,,,,kgeorge_gun_380_x1_b,0.82,0.895,1.1,0.92,,,,,,,,,,,,,,,,,,,
"gun_9_x2_spain_ca,bb,bc",,229,gun_9_x2,"spain, portugal, korea","ca, bb, bc",,,,,,,,,,,,,,,,,,,,,kgeorge_gun_380_x2_b,0.82,0.895,0.82,0.92,,,,,,,,,,,,,,,,,,,
"gun_9_x3_spain_ca,bb,bc",,229,gun_9_x3,"spain, portugal, korea","ca, bb, bc",,,,,,,,,,,,,,,,,,,,,kgeorge_gun_380_x3_b,0.82,0.895,0.64,0.92,,,,,,,,,,,,,,,,,,,
"gun_9_x4_spain_ca,bb,bc",,229,gun_9_x4,"spain, portugal, korea","ca, bb, bc",,,,,,,,,,,,,,,,,,,,,kgeorge_gun_380_x4_b,0.82,0.895,0.58,0.92,,,,,,,,,,,,,,,,,,,
"gun_10_x1_spain_ca,bb,bc",,254,gun_10_x1,"spain, portugal, korea","ca, bb, bc",,,,,,,,,,,,,,,,,,,,,kgeorge_gun_380_x1_b,0.91,0.985,1.2,0.88,,,,,,,,,,,,,,,,,,,
"gun_10_x2_spain_ca,bb,bc",,254,gun_10_x2,"spain, portugal, korea","ca, bb, bc",,,,,,,,,,,,,,,,,,,,,kgeorge_gun_380_x2_b,0.91,0.985,0.9,0.88,,,,,,,,,,,,,,,,,,,
"gun_10_x3_spain_ca,bb,bc",,254,gun_10_x3,"spain, portugal, korea","ca, bb, bc",,,,,,,,,,,,,,,,,,,,,kgeorge_gun_380_x3_b,0.91,0.985,0.68,0.88,,,,,,,,,,,,,,,,,,,
"gun_10_x4_spain_ca,bb,bc",,254,gun_10_x4,"spain, portugal, korea","ca, bb, bc",,,,,,,,,,,,,,,,,,,,,kgeorge_gun_380_x4_b,0.91,0.985,0.63,0.88,,,,,,,,,,,,,,,,,,,
"gun_11_x1_spain_ca,bb,bc",,279,gun_11_x1,"spain, portugal, korea","ca, bb, bc",,,,,,,,,,,,,,,,,,,,,kgeorge_gun_380_x1_b,1,1.075,1.07,0.7,,,,,,,,,,,,,,,,,,,
"gun_11_x2_spain_ca,bb,bc",,279,gun_11_x2,"spain, portugal, korea","ca, bb, bc",,,,,,,,,,,,,,,,,,,,,kgeorge_gun_380_x2_b,1,1.075,0.82,0.7,,,,,,,,,,,,,,,,,,,
"gun_11_x3_spain_ca,bb,bc",,279,gun_11_x3,"spain, portugal, korea","ca, bb, bc",,,,,,,,,,,,,,,,,,,,,kgeorge_gun_380_x3_b,1,1.075,0.66,0.7,,,,,,,,,,,,,,,,,,,
"gun_11_x4_spain_ca,bb,bc",,279,gun_11_x4,"spain, portugal, korea","ca, bb, bc",,,,,,,,,,,,,,,,,,,,,kgeorge_gun_380_x4_b,1,1.075,0.61,0.7,,,,,,,,,,,,,,,,,,,
"gun_12_x1_spain_bb,bc",,305,gun_12_x1,"spain, portugal, korea","bb, bc",,,,,,,,,,,,,,,,,,,,,kgeorge_gun_380_x1_b,1.09,1.165,1.07,0.7,,,,,,,,,,,,,,,,,,,
"gun_12_x2_spain_bb,bc",,305,gun_12_x2,"spain, portugal, korea","bb, bc",,,,,,,,,,,,,,,,,,,,,kgeorge_gun_380_x2_b,1.09,1.165,0.82,0.7,,,,,,,,,,,,,,,,,,,
"gun_12_x3_spain_bb,bc",,305,gun_12_x3,"spain, portugal, korea","bb, bc",,,,,,,,,,,,,,,,,,,,,kgeorge_gun_380_x3_b,1.09,1.165,0.66,0.7,,,,,,,,,,,,,,,,,,,
"gun_12_x4_spain_bb,bc",,305,gun_12_x4,"spain, portugal, korea","bb, bc",,,,,,,,,,,,,,,,,,,,,kgeorge_gun_380_x4_b,1.09,1.165,0.61,0.7,,,,,,,,,,,,,,,,,,,
"gun_13_x1_spain_bb,bc",,330,gun_13_x1,"spain, portugal, korea","bb, bc",,,,,,,,,,,,,,,,,,,,,kgeorge_gun_380_x1_b,1.18,1.255,1.13,0.7,,,,,,,,,,,,,,,,,,,
"gun_13_x2_spain_bb,bc",,330,gun_13_x2,"spain, portugal, korea","bb, bc",,,,,,,,,,,,,,,,,,,,,kgeorge_gun_380_x2_b,1.18,1.255,0.88,0.7,,,,,,,,,,,,,,,,,,,
"gun_13_x3_spain_bb,bc",,330,gun_13_x3,"spain, portugal, korea","bb, bc",,,,,,,,,,,,,,,,,,,,,kgeorge_gun_380_x3_b,1.18,1.255,0.705,0.7,,,,,,,,,,,,,,,,,,,
"gun_13_x4_spain_bb,bc",,330,gun_13_x4,"spain, portugal, korea","bb, bc",,,,,,,,,,,,,,,,,,,,,kgeorge_gun_380_x4_b,1.18,1.255,0.65,0.7,,,,,,,,,,,,,,,,,,,
"gun_14_x1_spain_bb,bc",,356,gun_14_x1,"spain, portugal, korea","bb, bc",,,,,,,,,,,,,,,,,,,,,kgeorge_gun_380_x1_b,1.27,1.345,1.13,0.7,,,,,,,,,,,,,,,,,,,
"gun_14_x2_spain_bb,bc",,356,gun_14_x2,"spain, portugal, korea","bb, bc",,,,,,,,,,,,,,,,,,,,,kgeorge_gun_380_x2_b,1.27,1.345,0.88,0.7,,,,,,,,,,,,,,,,,,,
"gun_14_x3_spain_bb,bc",,356,gun_14_x3,"spain, portugal, korea","bb, bc",,,,,,,,,,,,,,,,,,,,,kgeorge_gun_380_x3_b,1.27,1.345,0.705,0.7,,,,,,,,,,,,,,,,,,,
"gun_14_x4_spain_bb,bc",,356,gun_14_x4,"spain, portugal, korea","bb, bc",,,,,,,,,,,,,,,,,,,,,kgeorge_gun_380_x4_b,1.27,1.345,0.66,0.7,,,,,,,,,,,,,,,,,,,
"gun_15_x1_spain_bb,bc",,381,gun_15_x1,"spain, portugal, korea","bb, bc",,,,,,,,,,,,,,,,,,,,,kgeorge_gun_380_x1_b,1.36,1.435,1.14,0.7,,,,,,,,,,,,,,,,,,,
"gun_15_x2_spain_bb,bc",,381,gun_15_x2,"spain, portugal, korea","bb, bc",,,,,,,,,,,,,,,,,,,,,kgeorge_gun_380_x2_b,1.36,1.435,0.9,0.7,,,,,,,,,,,,,,,,,,,
"gun_15_x3_spain_bb,bc",,381,gun_15_x3,"spain, portugal, korea","bb, bc",,,,,,,,,,,,,,,,,,,,,kgeorge_gun_380_x3_b,1.36,1.435,0.72,0.7,,,,,,,,,,,,,,,,,,,
"gun_15_x4_spain_bb,bc",,381,gun_15_x4,"spain, portugal, korea","bb, bc",,,,,,,,,,,,,,,,,,,,,kgeorge_gun_380_x4_b,1.36,1.435,0.675,0.7,,,,,,,,,,,,,,,,,,,
"gun_16_x1_spain_bb,bc",,406,gun_16_x1,"spain, portugal, korea","bb, bc",kgeorge_gun_380_x1_b,1.45,1.525,1.15,0.69,kgeorge_gun_380_x1_b,1.45,1.525,1.15,0.69,kgeorge_gun_380_x1_b,1.45,1.525,1.15,0.69,kgeorge_gun_380_x1_b,1.45,1.525,1.15,0.69,kgeorge_gun_380_x1_b,1.45,1.525,1.15,0.69,,,,,,,,,,,,,,,,,,,
"gun_16_x2_spain_bb,bc",,406,gun_16_x2,"spain, portugal, korea","bb, bc",kgeorge_gun_380_x2_b,1.45,1.525,0.93,0.69,kgeorge_gun_380_x2_b,1.45,1.525,0.93,0.69,kgeorge_gun_380_x2_b,1.45,1.525,0.93,0.69,kgeorge_gun_380_x2_b,1.45,1.525,0.93,0.69,kgeorge_gun_380_x2_b,1.45,1.525,0.93,0.69,,,,,,,,,,,,,,,,,,,
"gun_16_x3_spain_bb,bc",,406,gun_16_x3,"spain, portugal, korea","bb, bc",kgeorge_gun_380_x3_b,1.45,1.525,0.75,0.69,kgeorge_gun_380_x3_b,1.45,1.525,0.75,0.69,kgeorge_gun_380_x3_b,1.45,1.525,0.75,0.69,kgeorge_gun_380_x3_b,1.45,1.525,0.75,0.69,kgeorge_gun_380_x3_b,1.45,1.525,0.75,0.69,,,,,,,,,,,,,,,,,,,
"gun_16_x4_spain_bb,bc",,406,gun_16_x4,"spain, portugal, korea","bb, bc",kgeorge_gun_380_x4_b,1.45,1.525,0.68,0.69,kgeorge_gun_380_x4_b,1.45,1.525,0.68,0.69,kgeorge_gun_380_x4_b,1.45,1.525,0.68,0.69,kgeorge_gun_380_x4_b,1.45,1.525,0.68,0.69,kgeorge_gun_380_x4_b,1.45,1.525,0.68,0.69,,,,,,,,,,,,,,,,,,,
"gun_17_x1_spain_bb,bc",,432,gun_17_x1,"spain, portugal, korea","bb, bc",kgeorge_gun_380_x1_b,1.54,1.615,1.2,0.69,kgeorge_gun_380_x1_b,1.54,1.615,1.2,0.69,kgeorge_gun_380_x1_b,1.54,1.615,1.2,0.69,kgeorge_gun_380_x1_b,1.54,1.615,1.2,0.69,kgeorge_gun_380_x1_b,1.54,1.615,1.2,0.69,,,,,,,,,,,,,,,,,,,
"gun_17_x2_spain_bb,bc",,432,gun_17_x2,"spain, portugal, korea","bb, bc",kgeorge_gun_380_x2_b,1.54,1.615,0.95,0.69,kgeorge_gun_380_x2_b,1.54,1.615,0.95,0.69,kgeorge_gun_380_x2_b,1.54,1.615,0.95,0.69,kgeorge_gun_380_x2_b,1.54,1.615,0.95,0.69,kgeorge_gun_380_x2_b,1.54,1.615,0.95,0.69,,,,,,,,,,,,,,,,,,,
"gun_17_x3_spain_bb,bc",,432,gun_17_x3,"spain, portugal, korea","bb, bc",kgeorge_gun_380_x3_b,1.54,1.615,0.775,0.69,kgeorge_gun_380_x3_b,1.54,1.615,0.775,0.69,kgeorge_gun_380_x3_b,1.54,1.615,0.775,0.69,kgeorge_gun_380_x3_b,1.54,1.615,0.775,0.69,kgeorge_gun_380_x3_b,1.54,1.615,0.775,0.69,,,,,,,,,,,,,,,,,,,
"gun_17_x4_spain_bb,bc",,432,gun_17_x4,"spain, portugal, korea","bb, bc",kgeorge_gun_380_x4_b,1.54,1.615,0.71,0.69,kgeorge_gun_380_x4_b,1.54,1.615,0.71,0.69,kgeorge_gun_380_x4_b,1.54,1.615,0.71,0.69,kgeorge_gun_380_x4_b,1.54,1.615,0.71,0.69,kgeorge_gun_380_x4_b,1.54,1.615,0.71,0.69,,,,,,,,,,,,,,,,,,,
"gun_18_x1_spain_bb,bc",,457,gun_18_x1,"spain, portugal, korea","bb, bc",kgeorge_gun_380_x1_b,1.63,1.705,1.23,0.68,kgeorge_gun_380_x1_b,1.63,1.705,1.23,0.68,kgeorge_gun_380_x1_b,1.63,1.705,1.23,0.68,kgeorge_gun_380_x1_b,1.63,1.705,1.23,0.68,kgeorge_gun_380_x1_b,1.63,1.705,1.23,0.68,,,,,,,,,,,,,,,,,,,
"gun_18_x2_spain_bb,bc",,457,gun_18_x2,"spain, portugal, korea","bb, bc",kgeorge_gun_380_x2_b,1.63,1.705,0.985,0.68,kgeorge_gun_380_x2_b,1.63,1.705,0.985,0.68,kgeorge_gun_380_x2_b,1.63,1.705,0.985,0.68,kgeorge_gun_380_x2_b,1.63,1.705,0.985,0.68,kgeorge_gun_380_x2_b,1.63,1.705,0.985,0.68,,,,,,,,,,,,,,,,,,,
"gun_18_x3_spain_bb,bc",,457,gun_18_x3,"spain, portugal, korea","bb, bc",kgeorge_gun_380_x3_b,1.63,1.705,0.81,0.68,kgeorge_gun_380_x3_b,1.63,1.705,0.81,0.68,kgeorge_gun_380_x3_b,1.63,1.705,0.81,0.68,kgeorge_gun_380_x3_b,1.63,1.705,0.81,0.68,kgeorge_gun_380_x3_b,1.63,1.705,0.81,0.68,,,,,,,,,,,,,,,,,,,
"gun_18_x4_spain_bb,bc",,457,gun_18_x4,"spain, portugal, korea","bb, bc",kgeorge_gun_380_x4_b,1.63,1.705,0.735,0.68,kgeorge_gun_380_x4_b,1.63,1.705,0.735,0.68,kgeorge_gun_380_x4_b,1.63,1.705,0.735,0.68,kgeorge_gun_380_x4_b,1.63,1.705,0.735,0.68,kgeorge_gun_380_x4_b,1.63,1.705,0.735,0.68,,,,,,,,,,,,,,,,,,,
"gun_19_x1_spain_bb,bc",,483,gun_19_x1,"spain, portugal, korea","bb, bc",kgeorge_gun_380_x1_b,1.72,1.795,1.16,0.68,kgeorge_gun_380_x1_b,1.72,1.795,1.16,0.68,kgeorge_gun_380_x1_b,1.72,1.795,1.16,0.68,kgeorge_gun_380_x1_b,1.72,1.795,1.16,0.68,kgeorge_gun_380_x1_b,1.72,1.795,1.16,0.68,,,,,,,,,,,,,,,,,,,
"gun_19_x2_spain_bb,bc",,483,gun_19_x2,"spain, portugal, korea","bb, bc",kgeorge_gun_380_x2_b,1.72,1.795,0.95,0.68,kgeorge_gun_380_x2_b,1.72,1.795,0.95,0.68,kgeorge_gun_380_x2_b,1.72,1.795,0.95,0.68,kgeorge_gun_380_x2_b,1.72,1.795,0.95,0.68,kgeorge_gun_380_x2_b,1.72,1.795,0.95,0.68,,,,,,,,,,,,,,,,,,,
"gun_19_x3_spain_bb,bc",,483,gun_19_x3,"spain, portugal, korea","bb, bc",kgeorge_gun_380_x3_b,1.72,1.795,0.78,0.68,kgeorge_gun_380_x3_b,1.72,1.795,0.78,0.68,kgeorge_gun_380_x3_b,1.72,1.795,0.78,0.68,kgeorge_gun_380_x3_b,1.72,1.795,0.78,0.68,kgeorge_gun_380_x3_b,1.72,1.795,0.78,0.68,,,,,,,,,,,,,,,,,,,
"gun_19_x4_spain_bb,bc",,483,gun_19_x4,"spain, portugal, korea","bb, bc",kgeorge_gun_380_x4_b,1.72,1.795,0.725,0.68,kgeorge_gun_380_x4_b,1.72,1.795,0.725,0.68,kgeorge_gun_380_x4_b,1.72,1.795,0.725,0.68,kgeorge_gun_380_x4_b,1.72,1.795,0.725,0.68,kgeorge_gun_380_x4_b,1.72,1.795,0.725,0.68,,,,,,,,,,,,,,,,,,,
"gun_20_x1_spain_bb,bc",,508,gun_20_x1,"spain, portugal, korea","bb, bc",kgeorge_gun_380_x1_b,1.81,1.885,1.05,0.68,kgeorge_gun_380_x1_b,1.81,1.885,1.05,0.68,kgeorge_gun_380_x1_b,1.81,1.885,1.05,0.68,kgeorge_gun_380_x1_b,1.81,1.885,1.05,0.68,kgeorge_gun_380_x1_b,1.81,1.885,1.05,0.68,,,,,,,,,,,,,,,,,,,
"gun_20_x2_spain_bb,bc",,508,gun_20_x2,"spain, portugal, korea","bb, bc",kgeorge_gun_380_x2_b,1.81,1.885,0.85,0.68,kgeorge_gun_380_x2_b,1.81,1.885,0.85,0.68,kgeorge_gun_380_x2_b,1.81,1.885,0.85,0.68,kgeorge_gun_380_x2_b,1.81,1.885,0.85,0.68,kgeorge_gun_380_x2_b,1.81,1.885,0.85,0.68,,,,,,,,,,,,,,,,,,,
"gun_20_x3_spain_bb,bc",,508,gun_20_x3,"spain, portugal, korea","bb, bc",kgeorge_gun_380_x3_b,1.81,1.885,0.7,0.68,kgeorge_gun_380_x3_b,1.81,1.885,0.7,0.68,kgeorge_gun_380_x3_b,1.81,1.885,0.7,0.68,kgeorge_gun_380_x3_b,1.81,1.885,0.7,0.68,kgeorge_gun_380_x3_b,1.81,1.885,0.7,0.68,,,,,,,,,,,,,,,,,,,
"gun_20_x4_spain_bb,bc",,508,gun_20_x4,"spain, portugal, korea","bb, bc",kgeorge_gun_380_x4_b,1.81,1.885,0.65,0.68,kgeorge_gun_380_x4_b,1.81,1.885,0.65,0.68,kgeorge_gun_380_x4_b,1.81,1.885,0.65,0.68,kgeorge_gun_380_x4_b,1.81,1.885,0.65,0.68,kgeorge_gun_380_x4_b,1.81,1.885,0.65,0.68,,,,,,,,,,,,,,,,,,,
###,,,###,,,,,,,,,,,,,,,,,,,,,,,,,,,,,,,,,,,,,,,,,,,,,,
gun_2_x1_china,,51,gun_2_x1,china,,brandenburg_gun_76_x1,0.38,0.56,0.66,2.48,jap_tb_gun_76_x1,0.8,1.15,0.66,1.8,jap_tb_gun_76_x1,0.8,1.15,0.66,1.8,jap_tb_gun_76_x1,0.8,1.15,0.66,1.8,jap_tb_gun_76_x1,0.8,1.15,0.66,1.8,,,,,,,,,,,,,,,,,,,
gun_2_x2_china,,51,gun_2_x2,china,,maine_gun_152_x2,0.45,0.62,0.7,1.65,pen_gun_127_x2,0.45,0.665,0.7,1.48,dreadnought_gun_178_x2,0.34,0.5,0.7,2.38,iowa_gun_127_x2,0.5,0.72,0.7,1.8,iowa_gun_127_x2,0.5,0.72,0.7,1.8,,,,,,,,,,,,,,,,,,,
gun_2_x3_china,,51,gun_2_x3,china,,maine_gun_152_x3,0.45,0.62,0.55,1.65,pen_gun_127_x3,0.45,0.665,0.55,1.4,dreadnought_gun_178_x3,0.34,0.5,0.55,2.38,iowa_gun_127_x3,0.5,0.72,0.55,1.8,iowa_gun_127_x3,0.5,0.72,0.55,1.8,,,,,,,,,,,,,,,,,,,
gun_2_x4_china,,51,gun_2_x4,china,,,,,,,,,,,,dreadnought_gun_178_x4,0.34,0.5,0.5,2.38,iowa_gun_127_x4,0.5,0.72,0.5,1.8,iowa_gun_127_x4,0.5,0.72,0.5,1.8,,,,,,,,,,,,,,,,,,,
gun_3_x1_china_dd,,76,gun_3_x1,china,"dd, tb",dd_s_gun_d_102_x1,0.6,0.78,1,2.1,dd_s_gun_d_102_x1,0.6,0.78,1,2.1,dd_s_gun_d_102_x1,0.6,0.78,1,2.34,dd_s_gun_c_102_x1,0.57,0.75,1,2.1,dd_s_gun_b_102_x1,0.6,0.78,1,2.34,,,,,,,,,,,,,,,,,,,
gun_3_x2_china_dd,,76,gun_3_x2,china,"dd, tb",maine_gun_152_x2,0.636,0.8,1.08,1.49,pen_gun_127_x2,0.675,0.89,1.08,1.26,dreadnought_gun_178_x2,0.51,0.67,1.08,1.8,ussr_gun_100_x2,0.525,0.745,1.08,2.9,ussr_gun_100_x2,0.525,0.745,1.08,2.9,,,,,,,,,,,,,,,,,,,
gun_3_x3_china_dd,,76,gun_3_x3,china,"dd, tb",maine_gun_152_x3,0.636,0.8,0.83,1.49,pen_gun_127_x3,0.675,0.89,0.83,1.18,dreadnought_gun_178_x3,0.51,0.67,0.83,1.8,ussr_gun_100_x3,0.525,0.745,0.83,2.9,ussr_gun_100_x3,0.525,0.745,0.83,2.9,,,,,,,,,,,,,,,,,,,
gun_3_x4_china_dd,,76,gun_3_x4,china,"dd, tb",,,,,,,,,,,dreadnought_gun_178_x4,0.51,0.67,0.74,1.8,,,,,,,,,,,,,,,,,,,,,,,,,,,,,
gun_4_x1_china_dd,,102,gun_4_x1,china,"dd, tb",dd_s_gun_d_102_x1,0.8,0.98,1.1,1.72,dd_s_gun_d_102_x1,0.8,0.98,1.1,1.72,dd_s_gun_d_102_x1,0.8,0.98,1.1,1.94,dd_s_gun_c_102_x1,0.76,0.94,1.1,1.74,dd_s_gun_b_102_x1,0.8,0.98,1.1,1.94,,,,,,,,,,,,,,,,,,,
gun_4_x2_china_dd,,102,gun_4_x2,china,"dd, tb",maine_gun_152_x2,0.822,0.99,1.28,1.27,pen_gun_127_x2,0.9,1.115,1.28,1.04,dreadnought_gun_178_x2,0.68,0.84,1.28,1.48,ussr_gun_100_x2,0.75,0.87,1.28,2.23,ussr_gun_100_x2,0.75,0.87,1.28,2.23,,,,,,,,,,,,,,,,,,,
gun_4_x3_china_dd,,102,gun_4_x3,china,"dd, tb",maine_gun_152_x3,0.822,0.99,1,1.27,pen_gun_127_x3,0.9,1.115,1,0.98,dreadnought_gun_178_x3,0.68,0.84,1,1.48,ussr_gun_100_x3,0.75,0.87,1,2.23,ussr_gun_100_x3,0.75,0.87,1,2.23,,,,,,,,,,,,,,,,,,,
gun_4_x4_china_dd,,102,gun_4_x4,china,"dd, tb",,,,,,,,,,,dreadnought_gun_178_x4,0.68,0.84,0.85,1.48,,,,,,,,,,,,,,,,,,,,,,,,,,,,,
gun_5_x1_china_dd,,127,gun_5_x1,china,"dd, tb",dd_s_gun_d_102_x1,1,1.18,0.85,1.36,dd_s_gun_d_102_x1,1,1.18,0.85,1.36,dd_s_gun_c_102_x1,0.95,1.13,0.85,1.36,dd_s_gun_c_102_x1,0.95,1.13,0.85,1.36,dd_s_gun_b_102_x1,1,1.18,0.85,1.52,,,,,,,,,,,,,,,,,,,
gun_5_x2_china_dd,,127,gun_5_x2,china,"dd, tb",maine_gun_152_x2,1.008,1.15,0.95,1.01,maine_gun_152_x2,1.008,1.15,0.95,1.01,dreadnought_gun_178_x2,0.85,1.01,0.95,1.16,ussr_gun_152_x2,0.7,0.835,0.95,1.68,ussr_gun_152_x2,0.7,0.835,0.95,1.68,,,,,,,,,,,,,,,,,,,
gun_5_x3_china_dd,,127,gun_5_x3,china,"dd, tb",maine_gun_152_x3,1.008,1.15,0.75,1.01,maine_gun_152_x3,1.008,1.15,0.75,1.01,dreadnought_gun_178_x3,0.85,1.01,0.75,1.16,ussr_gun_152_x3,0.7,0.835,0.75,1.68,ussr_gun_152_x3,0.7,0.835,0.75,1.68,,,,,,,,,,,,,,,,,,,
gun_5_x4_china_dd,,127,gun_5_x4,china,"dd, tb",,,,,,,,,,,dreadnought_gun_178_x4,0.85,1.01,0.68,1.16,,,,,,,,,,,,,,,,,,,,,,,,,,,,,
gun_3_x1_china_cl,,76,gun_3_x1,china,cl,dd_s_gun_d_102_x1,0.6,0.78,1,2.1,dd_s_gun_d_102_x1,0.6,0.78,1,2.1,dd_s_gun_d_102_x1,0.6,0.78,1,2.34,atl_gun_125_x1,0.67,0.81,1.45,1.44,atl_gun_125_x1,0.67,0.81,1.45,1.44,,,,,,,,,,,,,,,,,,,
gun_3_x2_china_cl,,76,gun_3_x2,china,cl,maine_gun_152_x2,0.636,0.8,1.08,1.49,maine_gun_152_x2,0.636,0.8,1.08,1.49,dreadnought_gun_178_x2,0.51,0.67,1.08,1.8,atl_gun_125_x2,0.67,0.81,1.08,1.44,atl_gun_125_x2,0.67,0.81,1.08,1.44,,,,,,,,,,,,,,,,,,,
gun_3_x3_china_cl,,76,gun_3_x3,china,cl,maine_gun_152_x3,0.636,0.8,0.83,1.49,maine_gun_152_x3,0.636,0.8,0.83,1.49,dreadnought_gun_178_x3,0.51,0.67,0.83,1.8,atl_gun_125_x3,0.67,0.81,0.83,1.44,atl_gun_125_x3,0.67,0.81,0.83,1.44,,,,,,,,,,,,,,,,,,,
gun_3_x4_china_cl,,76,gun_3_x4,china,cl,,,,,,,,,,,dreadnought_gun_178_x4,0.51,0.67,0.74,1.8,atl_gun_125_x4,0.67,0.81,0.74,1.44,atl_gun_125_x4,0.67,0.81,0.74,1.44,,,,,,,,,,,,,,,,,,,
gun_4_x1_china_cl,,102,gun_4_x1,china,cl,dd_s_gun_d_102_x1,0.8,0.98,1.1,1.72,dd_s_gun_d_102_x1,0.8,0.98,1.1,1.72,dd_s_gun_d_102_x1,0.8,0.98,1.1,1.94,atl_gun_125_x1,0.837,0.96,1.7,1.27,atl_gun_125_x1,0.837,0.96,1.7,1.27,,,,,,,,,,,,,,,,,,,
gun_4_x2_china_cl,,102,gun_4_x2,china,cl,maine_gun_152_x2,0.822,0.99,1.28,1.27,maine_gun_152_x2,0.822,0.99,1.28,1.27,dreadnought_gun_178_x2,0.68,0.84,1.28,1.48,atl_gun_125_x2,0.837,0.96,1.28,1.27,atl_gun_125_x2,0.837,0.96,1.28,1.27,,,,,,,,,,,,,,,,,,,
gun_4_x3_china_cl,,102,gun_4_x3,china,cl,maine_gun_152_x3,0.822,0.99,1,1.27,maine_gun_152_x3,0.822,0.99,1,1.27,dreadnought_gun_178_x3,0.68,0.84,1,1.48,atl_gun_125_x3,0.837,0.96,1,1.27,atl_gun_125_x3,0.837,0.96,1,1.27,,,,,,,,,,,,,,,,,,,
gun_4_x4_china_cl,,102,gun_4_x4,china,cl,,,,,,,,,,,dreadnought_gun_178_x4,0.68,0.84,0.85,1.48,atl_gun_125_x4,0.837,0.96,0.85,1.27,atl_gun_125_x4,0.837,0.96,0.85,1.27,,,,,,,,,,,,,,,,,,,
gun_5_x1_china_cl,,127,gun_5_x1,china,cl,dd_s_gun_d_102_x1,1,1.18,0.85,1.36,dd_s_gun_d_102_x1,1,1.18,0.85,1.36,dd_s_gun_c_102_x1,0.95,1.13,0.85,1.36,atl_gun_125_x1,1,1.12,1.25,1.04,atl_gun_125_x1,1,1.12,1.25,1.04,,,,,,,,,,,,,,,,,,,
gun_5_x2_china_cl,,127,gun_5_x2,china,cl,maine_gun_152_x2,1.008,1.15,0.95,1.01,maine_gun_152_x2,1.008,1.15,0.95,1.01,dreadnought_gun_178_x2,0.85,1.01,0.95,1.16,atl_gun_125_x2,1,1.12,0.95,1.04,atl_gun_125_x2,1,1.12,0.95,1.04,,,,,,,,,,,,,,,,,,,
gun_5_x3_china_cl,,127,gun_5_x3,china,cl,maine_gun_152_x3,1.008,1.15,0.75,1.01,maine_gun_152_x3,1.008,1.15,0.75,1.01,dreadnought_gun_178_x3,0.85,1.01,0.75,1.16,atl_gun_125_x3,1,1.12,0.75,1.04,atl_gun_125_x3,1,1.12,0.75,1.04,,,,,,,,,,,,,,,,,,,
gun_5_x4_china_cl,,127,gun_5_x4,china,cl,,,,,,,,,,,dreadnought_gun_178_x4,0.85,1.01,0.68,1.16,atl_gun_125_x4,1,1.12,0.68,1.04,atl_gun_125_x4,1,1.12,0.68,1.04,,,,,,,,,,,,,,,,,,,
gun_6_x1_china_cl,,152,gun_6_x1,china,cl,dd_s_gun_c_102_x1,1.14,1.32,0.75,1.28,dd_s_gun_c_102_x1,1.14,1.32,0.75,1.28,dreadnought_gun_178_x1,1.02,1.18,1.185,1.1,atl_gun_125_x1,1.172,1.31,1.185,1.02,atl_gun_125_x1,1.172,1.31,1.185,1.02,,,,,,,,,,,,,,,,,,,
gun_6_x2_china_cl,,152,gun_6_x2,china,cl,maine_gun_152_x2,1.194,1.36,0.86,0.97,maine_gun_152_x2,1.194,1.36,0.86,0.97,dreadnought_gun_178_x2,1.02,1.18,0.86,1.1,atl_gun_125_x2,1.172,1.31,0.86,1.02,atl_gun_125_x2,1.172,1.31,0.86,1.02,,,,,,,,,,,,,,,,,,,
gun_6_x3_china_cl,,152,gun_6_x3,china,cl,maine_gun_152_x3,1.194,1.36,0.66,0.97,maine_gun_152_x3,1.194,1.36,0.66,0.97,dreadnought_gun_178_x3,1.02,1.18,0.66,1.1,atl_gun_125_x3,1.172,1.31,0.66,1.02,atl_gun_125_x3,1.172,1.31,0.66,1.02,,,,,,,,,,,,,,,,,,,
gun_6_x4_china_cl,,152,gun_6_x4,china,cl,,,,,,,,,,,dreadnought_gun_178_x4,1.02,1.18,0.6,1.1,atl_gun_125_x4,1.172,1.31,0.6,1.02,atl_gun_125_x4,1.172,1.31,0.6,1.02,,,,,,,,,,,,,,,,,,,
"gun_3_x1_china_ca,bb,bc",,76,gun_3_x1,china,"ca, bb, bc",dd_s_gun_d_102_x1,0.6,0.78,1,2.1,pen_gun_127_x1,0.675,0.89,1.45,1.26,dd_s_gun_d_102_x1,0.6,0.78,1,2.34,atl_gun_125_x1,0.67,0.81,1.45,1.44,atl_gun_125_x1,0.67,0.81,1.45,1.44,,,,,,,,,,,,,,,,,,,
"gun_3_x2_china_ca,bb,bc",,76,gun_3_x2,china,"ca, bb, bc",maine_gun_152_x2,0.636,0.8,1.08,1.49,pen_gun_127_x2,0.675,0.89,1.08,1.26,dreadnought_gun_178_x2,0.51,0.67,1.08,1.8,atl_gun_125_x2,0.67,0.81,1.08,1.44,atl_gun_125_x2,0.67,0.81,1.08,1.44,,,,,,,,,,,,,,,,,,,
"gun_3_x3_china_ca,bb,bc",,76,gun_3_x3,china,"ca, bb, bc",maine_gun_152_x3,0.636,0.8,0.83,1.49,pen_gun_127_x3,0.675,0.89,0.83,1.18,dreadnought_gun_178_x3,0.51,0.67,0.83,1.8,atl_gun_125_x3,0.67,0.81,0.83,1.44,atl_gun_125_x3,0.67,0.81,0.83,1.44,,,,,,,,,,,,,,,,,,,
"gun_3_x4_china_ca,bb,bc",,76,gun_3_x4,china,"ca, bb, bc",,,,,,,,,,,dreadnought_gun_178_x4,0.51,0.67,0.74,1.8,atl_gun_125_x4,0.67,0.81,0.74,1.44,atl_gun_125_x4,0.67,0.81,0.74,1.44,,,,,,,,,,,,,,,,,,,
"gun_4_x1_china_ca,bb,bc",,102,gun_4_x1,china,"ca, bb, bc",dd_s_gun_d_102_x1,0.8,0.98,1.1,1.72,pen_gun_127_x1,0.9,1.115,1.7,1.04,dd_s_gun_d_102_x1,0.8,0.98,1.1,1.94,atl_gun_125_x1,0.837,0.96,1.7,1.27,atl_gun_125_x1,0.837,0.96,1.7,1.27,,,,,,,,,,,,,,,,,,,
"gun_4_x2_china_ca,bb,bc",,102,gun_4_x2,china,"ca, bb, bc",maine_gun_152_x2,0.822,0.99,1.28,1.27,pen_gun_127_x2,0.9,1.115,1.28,1.04,dreadnought_gun_178_x2,0.68,0.84,1.28,1.48,atl_gun_125_x2,0.837,0.96,1.28,1.27,atl_gun_125_x2,0.837,0.96,1.28,1.27,,,,,,,,,,,,,,,,,,,
"gun_4_x3_china_ca,bb,bc",,102,gun_4_x3,china,"ca, bb, bc",maine_gun_152_x3,0.822,0.99,1,1.27,pen_gun_127_x3,0.9,1.115,1,0.98,dreadnought_gun_178_x3,0.68,0.84,1,1.48,atl_gun_125_x3,0.837,0.96,1,1.27,atl_gun_125_x3,0.837,0.96,1,1.27,,,,,,,,,,,,,,,,,,,
"gun_4_x4_china_ca,bb,bc",,102,gun_4_x4,china,"ca, bb, bc",,,,,,,,,,,dreadnought_gun_178_x4,0.68,0.84,0.85,1.48,atl_gun_125_x4,0.837,0.96,0.85,1.27,atl_gun_125_x4,0.837,0.96,0.85,1.27,,,,,,,,,,,,,,,,,,,
"gun_5_x1_china_ca,bb,bc",,127,gun_5_x1,china,"ca, bb, bc",dd_s_gun_d_102_x1,1,1.18,0.85,1.36,dd_s_gun_d_102_x1,1,1.18,0.85,1.36,dreadnought_gun_178_x1,0.85,1.01,1.25,1.16,brooklyn_gun_152_x1,0.709,0.85,1.25,1.12,brooklyn_gun_b_152_x1,0.709,0.85,1.25,1.08,,,,,,,,,,,,,,,,,,,
"gun_5_x2_china_ca,bb,bc",,127,gun_5_x2,china,"ca, bb, bc",maine_gun_152_x2,1.008,1.15,0.95,1.01,maine_gun_230_x2,0.68,0.77,0.95,1.1,dreadnought_gun_178_x2,0.85,1.01,0.95,1.16,brooklyn_gun_152_x2,0.709,0.85,0.95,1.12,brooklyn_gun_b_152_x2,0.709,0.85,0.95,1.08,,,,,,,,,,,,,,,,,,,
"gun_5_x3_china_ca,bb,bc",,127,gun_5_x3,china,"ca, bb, bc",maine_gun_152_x3,1.008,1.15,0.75,1.01,maine_gun_230_x3,0.68,0.77,0.75,1.1,dreadnought_gun_178_x3,0.85,1.01,0.75,1.16,brooklyn_gun_152_x3,0.709,0.85,0.75,1.12,brooklyn_gun_b_152_x3,0.709,0.85,0.75,1.08,,,,,,,,,,,,,,,,,,,
"gun_5_x4_china_ca,bb,bc",,127,gun_5_x4,china,"ca, bb, bc",,,,,,,,,,,dreadnought_gun_178_x4,0.85,1.01,0.68,1.16,brooklyn_gun_152_x4,0.709,0.85,0.68,1.12,brooklyn_gun_b_152_x4,0.709,0.85,0.68,1.08,,,,,,,,,,,,,,,,,,,
"gun_6_x1_china_ca,bb,bc",,152,gun_6_x1,china,"ca, bb, bc",maine_gun_254_x1,0.71,0.805,1.185,1.67,maine_gun_230_x1,0.79,0.98,1.185,1.08,dreadnought_gun_178_x1,1.02,1.18,1.185,1.1,brooklyn_gun_152_x1,0.862,1,1.185,1.06,brooklyn_gun_b_152_x1,0.862,1,1.185,1,,,,,,,,,,,,,,,,,,,
"gun_6_x2_china_ca,bb,bc",,152,gun_6_x2,china,"ca, bb, bc",maine_gun_254_x2,0.71,0.805,0.86,1.67,maine_gun_230_x2,0.79,0.98,0.86,1.08,dreadnought_gun_178_x2,1.02,1.18,0.86,1.1,brooklyn_gun_152_x2,0.862,1,0.86,1.06,brooklyn_gun_b_152_x2,0.862,1,0.86,1,,,,,,,,,,,,,,,,,,,
"gun_6_x3_china_ca,bb,bc",,152,gun_6_x3,china,"ca, bb, bc",maine_gun_254_x3,0.71,0.805,0.66,1.67,maine_gun_230_x3,0.79,0.98,0.66,1.08,dreadnought_gun_178_x3,1.02,1.18,0.66,1.1,brooklyn_gun_152_x3,0.862,1,0.66,1.06,brooklyn_gun_b_152_x3,0.862,1,0.66,1,,,,,,,,,,,,,,,,,,,
"gun_6_x4_china_ca,bb,bc",,152,gun_6_x4,china,"ca, bb, bc",,,,,,,,,,,dreadnought_gun_178_x4,1.02,1.18,0.6,1.1,brooklyn_gun_152_x4,0.862,1,0.6,1.06,brooklyn_gun_b_152_x4,0.862,1,0.6,1,,,,,,,,,,,,,,,,,,,
"gun_7_x1_china_cl,ca,bb,bc",,178,gun_7_x1,china,"cl, ca, bb, bc",maine_gun_254_x1,0.82,0.915,1.21,1.67,maine_gun_254_x1_b,0.69,0.77,1.21,1.43,ny_gun_210_x1,1.35,1.526,1.21,1.025,brooklyn_gun_152_x1,1.015,1.15,1.21,1.02,brooklyn_gun_b_152_x1,1.015,1.15,1.21,0.96,,,,,,,,,,,,,,,,,,,
"gun_7_x2_china_cl,ca,bb,bc",,178,gun_7_x2,china,"cl, ca, bb, bc",maine_gun_254_x2,0.82,0.915,0.9,1.67,maine_gun_254_x2_b,0.69,0.77,0.9,1.43,ny_gun_210_x2,1.35,1.526,0.9,1.025,brooklyn_gun_152_x2,1.015,1.15,0.9,1.02,brooklyn_gun_b_152_x2,1.015,1.15,0.9,0.96,,,,,,,,,,,,,,,,,,,
"gun_7_x3_china_cl,ca,bb,bc",,178,gun_7_x3,china,"cl, ca, bb, bc",maine_gun_254_x3,0.82,0.915,0.705,1.67,maine_gun_254_x3_b,0.69,0.77,0.705,1.43,ny_gun_210_x3,1.35,1.526,0.705,1.025,brooklyn_gun_152_x3,1.015,1.15,0.705,1.02,brooklyn_gun_b_152_x3,1.015,1.15,0.705,0.96,,,,,,,,,,,,,,,,,,,
"gun_7_x4_china_cl,ca,bb,bc",,178,gun_7_x4,china,"cl, ca, bb, bc",,,,,,,,,,,,,,0.64,,brooklyn_gun_152_x4,1.015,1.15,0.64,1.02,brooklyn_gun_b_152_x4,1.015,1.15,0.64,0.96,,,,,,,,,,,,,,,,,,,
"gun_8_x1_china_ca,bb,bc",,203,gun_8_x1,china,"ca, bb, bc",maine_gun_254_x1,0.93,1.025,1.17,1.63,maine_gun_254_x1_b,0.78,0.86,1.17,1.4,ny_gun_210_x1,1.546,1.722,1.17,0.975,brooklyn_gun_152_x1,1.168,1.31,1.17,0.98,brooklyn_gun_b_152_x1,1.168,1.31,1.17,0.94,,,,,,,,,,,,,,,,,,,
"gun_8_x2_china_ca,bb,bc",,203,gun_8_x2,china,"ca, bb, bc",maine_gun_254_x2,0.93,1.025,0.88,1.63,maine_gun_254_x2_b,0.78,0.86,0.88,1.4,ny_gun_210_x2,1.546,1.722,0.88,0.975,brooklyn_gun_152_x2,1.168,1.31,0.88,0.98,brooklyn_gun_b_152_x2,1.168,1.31,0.88,0.94,,,,,,,,,,,,,,,,,,,
"gun_8_x3_china_ca,bb,bc",,203,gun_8_x3,china,"ca, bb, bc",maine_gun_254_x3,0.93,1.025,0.69,1.63,maine_gun_254_x3_b,0.78,0.86,0.69,1.4,ny_gun_210_x3,1.546,1.722,0.69,0.975,brooklyn_gun_152_x3,1.168,1.31,0.69,0.98,brooklyn_gun_b_152_x3,1.168,1.31,0.69,0.94,,,,,,,,,,,,,,,,,,,
"gun_8_x4_china_ca,bb,bc",,203,gun_8_x4,china,"ca, bb, bc",,,,,,,,,,,,,,0.63,,brooklyn_gun_152_x4,1.168,1.31,0.63,0.98,brooklyn_gun_b_152_x4,1.168,1.31,0.63,0.94,,,,,,,,,,,,,,,,,,,
"gun_9_x1_china_ca,bb,bc",,229,gun_9_x1,china,"ca, bb, bc",maine_gun_254_x1,1.04,1.135,1.1,1.6,maine_gun_254_x1_b,0.87,0.95,1.1,1.375,dreadnought_gun_b_305_x1,0.87,0.95,1.1,1.375,ussr_gun_406_x1,0.5625,0.6235,1.1,1.28,ussr_gun_406_x1,0.5625,0.6235,1.1,1.28,,,,,,,,,,,,,,,,,,,
"gun_9_x2_china_ca,bb,bc",,229,gun_9_x2,china,"ca, bb, bc",maine_gun_254_x2,1.04,1.135,0.82,1.6,maine_gun_254_x2_b,0.87,0.95,0.82,1.375,dreadnought_gun_b_305_x2,0.87,0.95,0.82,1.375,ussr_gun_406_x2,0.5625,0.6235,0.82,1.28,ussr_gun_406_x2,0.5625,0.6235,0.82,1.28,,,,,,,,,,,,,,,,,,,
"gun_9_x3_china_ca,bb,bc",,229,gun_9_x3,china,"ca, bb, bc",maine_gun_254_x3,1.04,1.135,0.64,1.6,maine_gun_254_x3_b,0.87,0.95,0.64,1.375,dreadnought_gun_b_305_x3,0.87,0.95,0.64,1.375,ussr_gun_406_x3,0.5625,0.6235,0.64,1.28,ussr_gun_406_x3,0.5625,0.6235,0.64,1.28,,,,,,,,,,,,,,,,,,,
"gun_9_x4_china_ca,bb,bc",,229,gun_9_x4,china,"ca, bb, bc",,,,,,,,,,,dreadnought_gun_b_305_x4,0.87,0.95,0.58,1.375,ussr_gun_406_x4,0.5625,0.6235,0.58,1.28,ussr_gun_406_x4,0.5625,0.6235,0.58,1.28,,,,,,,,,,,,,,,,,,,
"gun_10_x1_china_ca,bb,bc",,254,gun_10_x1,china,"ca, bb, bc",maine_gun_254_x1,1.15,1.245,1.2,1.55,maine_gun_254_x1_b,0.96,1.04,1.2,1.35,dreadnought_gun_b_305_x1,0.96,1.04,1.2,1.35,ussr_gun_406_x1,0.625,0.686,1.2,1.24,ussr_gun_406_x1,0.625,0.686,1.2,1.24,,,,,,,,,,,,,,,,,,,
"gun_10_x2_china_ca,bb,bc",,254,gun_10_x2,china,"ca, bb, bc",maine_gun_254_x2,1.15,1.245,0.9,1.55,maine_gun_254_x2_b,0.96,1.04,0.9,1.35,dreadnought_gun_b_305_x2,0.96,1.04,0.9,1.35,ussr_gun_406_x2,0.625,0.686,0.9,1.24,ussr_gun_406_x2,0.625,0.686,0.9,1.24,,,,,,,,,,,,,,,,,,,
"gun_10_x3_china_ca,bb,bc",,254,gun_10_x3,china,"ca, bb, bc",maine_gun_254_x3,1.15,1.245,0.68,1.55,maine_gun_254_x3_b,0.96,1.04,0.68,1.35,dreadnought_gun_b_305_x3,0.96,1.04,0.68,1.35,ussr_gun_406_x3,0.625,0.686,0.68,1.24,ussr_gun_406_x3,0.625,0.686,0.68,1.24,,,,,,,,,,,,,,,,,,,
"gun_10_x4_china_ca,bb,bc",,254,gun_10_x4,china,"ca, bb, bc",,,,,,,,,,,dreadnought_gun_b_305_x4,0.96,1.04,0.63,1.35,ussr_gun_406_x4,0.625,0.686,0.63,1.24,ussr_gun_406_x4,0.625,0.686,0.63,1.24,,,,,,,,,,,,,,,,,,,
"gun_11_x1_china_ca,bb,bc",,279,gun_11_x1,china,"ca, bb, bc",maine_gun_254_x1,1.26,1.355,1.07,1.245,maine_gun_254_x1_b,1.05,1.13,1.07,1.09,dreadnought_gun_b_305_x1,1.05,1.13,1.07,1.09,ussr_gun_406_x1,0.6875,0.7485,1.07,0.98,ussr_gun_406_x1,0.6875,0.7485,1.07,0.98,,,,,,,,,,,,,,,,,,,
"gun_11_x2_china_ca,bb,bc",,279,gun_11_x2,china,"ca, bb, bc",maine_gun_254_x2,1.26,1.355,0.82,1.245,maine_gun_254_x2_b,1.05,1.13,0.82,1.09,dreadnought_gun_b_305_x2,1.05,1.13,0.82,1.09,ussr_gun_406_x2,0.6875,0.7485,0.82,0.98,ussr_gun_406_x2,0.6875,0.7485,0.82,0.98,,,,,,,,,,,,,,,,,,,
"gun_11_x3_china_ca,bb,bc",,279,gun_11_x3,china,"ca, bb, bc",maine_gun_254_x3,1.26,1.355,0.66,1.245,maine_gun_254_x3_b,1.05,1.13,0.66,1.09,dreadnought_gun_b_305_x3,1.05,1.13,0.66,1.09,ussr_gun_406_x3,0.6875,0.7485,0.66,0.98,ussr_gun_406_x3,0.6875,0.7485,0.66,0.98,,,,,,,,,,,,,,,,,,,
"gun_11_x4_china_ca,bb,bc",,279,gun_11_x4,china,"ca, bb, bc",,,,,,,,,,,dreadnought_gun_b_305_x4,1.05,1.13,0.61,1.09,ussr_gun_406_x4,0.6875,0.7485,0.61,0.98,ussr_gun_406_x4,0.6875,0.7485,0.61,0.98,,,,,,,,,,,,,,,,,,,
"gun_12_x1_china_bb,bc",,305,gun_12_x1,china,"bb, bc",maine_gun_254_x1,1.37,1.465,1.07,1.245,maine_gun_254_x1_b,1.14,1.22,1.07,1.1,dreadnought_gun_b_305_x1,1.14,1.22,1.07,1.1,ussr_gun_406_x1,0.75,0.811,1.07,0.98,ussr_gun_406_x1,0.75,0.811,1.07,0.98,,,,,,,,,,,,,,,,,,,
"gun_12_x2_china_bb,bc",,305,gun_12_x2,china,"bb, bc",maine_gun_254_x2,1.37,1.465,0.82,1.245,maine_gun_254_x2_b,1.14,1.22,0.82,1.1,dreadnought_gun_b_305_x2,1.14,1.22,0.82,1.1,ussr_gun_406_x2,0.75,0.811,0.82,0.98,ussr_gun_406_x2,0.75,0.811,0.82,0.98,,,,,,,,,,,,,,,,,,,
"gun_12_x3_china_bb,bc",,305,gun_12_x3,china,"bb, bc",maine_gun_254_x3,1.37,1.465,0.66,1.245,maine_gun_254_x3_b,1.14,1.22,0.66,1.1,dreadnought_gun_b_305_x3,1.14,1.22,0.66,1.1,ussr_gun_406_x3,0.75,0.811,0.66,0.98,ussr_gun_406_x3,0.75,0.811,0.66,0.98,,,,,,,,,,,,,,,,,,,
"gun_12_x4_china_bb,bc",,305,gun_12_x4,china,"bb, bc",,,,,,,,,,,dreadnought_gun_b_305_x4,1.14,1.22,0.61,1.1,ussr_gun_406_x4,0.75,0.811,0.61,0.98,ussr_gun_406_x4,0.75,0.811,0.61,0.98,,,,,,,,,,,,,,,,,,,
"gun_13_x1_china_bb,bc",,330,gun_13_x1,china,"bb, bc",maine_gun_254_x1_a,1.48,1.575,1.13,0.97,maine_gun_254_x1_b,1.23,1.31,1.13,1.09,dreadnought_gun_b_305_x1,1.23,1.31,1.13,1.09,ussr_gun_406_x1,0.8125,0.8735,1.13,0.98,ussr_gun_406_x1,0.8125,0.8735,1.13,0.98,,,,,,,,,,,,,,,,,,,
"gun_13_x2_china_bb,bc",,330,gun_13_x2,china,"bb, bc",maine_gun_254_x2_a,1.48,1.575,0.88,0.97,maine_gun_254_x2_b,1.23,1.31,0.88,1.09,dreadnought_gun_b_305_x2,1.23,1.31,0.88,1.09,ussr_gun_406_x2,0.8125,0.8735,0.88,0.98,ussr_gun_406_x2,0.8125,0.8735,0.88,0.98,,,,,,,,,,,,,,,,,,,
"gun_13_x3_china_bb,bc",,330,gun_13_x3,china,"bb, bc",maine_gun_254_x3_a,1.48,1.575,0.705,0.97,maine_gun_254_x3_b,1.23,1.31,0.705,1.09,dreadnought_gun_b_305_x3,1.23,1.31,0.705,1.09,ussr_gun_406_x3,0.8125,0.8735,0.705,0.98,ussr_gun_406_x3,0.8125,0.8735,0.705,0.98,,,,,,,,,,,,,,,,,,,
"gun_13_x4_china_bb,bc",,330,gun_13_x4,china,"bb, bc",,,,,,,,,,,dreadnought_gun_b_305_x4,1.23,1.31,0.65,1.09,ussr_gun_406_x4,0.8125,0.8735,0.65,0.98,ussr_gun_406_x4,0.8125,0.8735,0.65,0.98,,,,,,,,,,,,,,,,,,,
"gun_14_x1_china_bb,bc",,356,gun_14_x1,china,"bb, bc",maine_gun_254_x1_a,1.59,1.685,1.13,0.97,ny_gun_210_x1,2.722,2.898,1.13,0.72,dreadnought_gun_b_305_x1,1.32,1.4,1.13,1.09,ussr_gun_406_x1,0.875,0.936,1.13,0.98,ussr_gun_406_x1,0.875,0.936,1.13,0.98,,,,,,,,,,,,,,,,,,,
"gun_14_x2_china_bb,bc",,356,gun_14_x2,china,"bb, bc",maine_gun_254_x2_a,1.59,1.685,0.88,0.97,ny_gun_210_x2,2.722,2.898,0.88,0.72,dreadnought_gun_b_305_x2,1.32,1.4,0.88,1.09,ussr_gun_406_x2,0.875,0.936,0.88,0.98,ussr_gun_406_x2,0.875,0.936,0.88,0.98,,,,,,,,,,,,,,,,,,,
"gun_14_x3_china_bb,bc",,356,gun_14_x3,china,"bb, bc",maine_gun_254_x3_a,1.59,1.685,0.705,0.97,ny_gun_210_x3,2.722,2.898,0.705,0.72,dreadnought_gun_b_305_x3,1.32,1.4,0.705,1.09,ussr_gun_406_x3,0.875,0.936,0.705,0.98,ussr_gun_406_x3,0.875,0.936,0.705,0.98,,,,,,,,,,,,,,,,,,,
"gun_14_x4_china_bb,bc",,356,gun_14_x4,china,"bb, bc",,,,,,,,,,,dreadnought_gun_b_305_x4,1.32,1.4,0.66,1.09,ussr_gun_406_x4,0.875,0.936,0.66,0.98,ussr_gun_406_x4,0.875,0.936,0.66,0.98,,,,,,,,,,,,,,,,,,,
"gun_15_x1_china_bb,bc",,381,gun_15_x1,china,"bb, bc",maine_gun_254_x1_a,1.7,1.795,1.14,0.97,ny_gun_210_x1,2.918,3.094,1.14,0.72,dreadnought_gun_b_305_x1,1.41,1.49,1.14,1.08,ussr_gun_406_x1,0.9375,0.9985,1.14,0.97,ussr_gun_406_x1,0.9375,0.9985,1.14,0.97,,,,,,,,,,,,,,,,,,,
"gun_15_x2_china_bb,bc",,381,gun_15_x2,china,"bb, bc",maine_gun_254_x2_a,1.7,1.795,0.9,0.97,ny_gun_210_x2,2.918,3.094,0.9,0.72,dreadnought_gun_b_305_x2,1.41,1.49,0.9,1.08,ussr_gun_406_x2,0.9375,0.9985,0.9,0.97,ussr_gun_406_x2,0.9375,0.9985,0.9,0.97,,,,,,,,,,,,,,,,,,,
"gun_15_x3_china_bb,bc",,381,gun_15_x3,china,"bb, bc",maine_gun_254_x3_a,1.7,1.795,0.72,0.97,ny_gun_210_x3,2.918,3.094,0.72,0.72,dreadnought_gun_b_305_x3,1.41,1.49,0.72,1.08,ussr_gun_406_x3,0.9375,0.9985,0.72,0.97,ussr_gun_406_x3,0.9375,0.9985,0.72,0.97,,,,,,,,,,,,,,,,,,,
"gun_15_x4_china_bb,bc",,381,gun_15_x4,china,"bb, bc",,,,,,,,,,,dreadnought_gun_b_305_x4,1.41,1.49,0.675,1.08,ussr_gun_406_x4,0.9375,0.9985,0.675,0.97,ussr_gun_406_x4,0.9375,0.9985,0.675,0.97,,,,,,,,,,,,,,,,,,,
"gun_16_x1_china_bb,bc",,406,gun_16_x1,china,"bb, bc",ny_gun_210_x1,3.114,3.29,1.15,0.72,ny_gun_356_x1,1.44,1.52,1.15,0.84,dreadnought_gun_b_305_x1,1.5,1.58,1.15,1.07,ussr_gun_406_x1,1,1.061,1.15,0.97,ussr_gun_406_x1,1,1.061,1.15,0.97,,,,,,,,,,,,,,,,,,,
"gun_16_x2_china_bb,bc",,406,gun_16_x2,china,"bb, bc",ny_gun_210_x2,3.114,3.29,0.93,0.72,ny_gun_356_x2,1.44,1.52,0.93,0.84,dreadnought_gun_b_305_x2,1.5,1.58,0.93,1.07,ussr_gun_406_x2,1,1.061,0.93,0.97,ussr_gun_406_x2,1,1.061,0.93,0.97,,,,,,,,,,,,,,,,,,,
"gun_16_x3_china_bb,bc",,406,gun_16_x3,china,"bb, bc",ny_gun_210_x3,3.114,3.29,0.75,0.72,ny_gun_356_x3,1.44,1.52,0.75,0.84,dreadnought_gun_b_305_x3,1.5,1.58,0.75,1.07,ussr_gun_406_x3,1,1.061,0.75,0.97,ussr_gun_406_x3,1,1.061,0.75,0.97,,,,,,,,,,,,,,,,,,,
"gun_16_x4_china_bb,bc",,406,gun_16_x4,china,"bb, bc",,,,,,ny_gun_356_x4,1.44,1.52,0.68,0.84,dreadnought_gun_b_305_x4,1.5,1.58,0.68,1.07,ussr_gun_406_x4,1,1.061,0.68,0.97,ussr_gun_406_x4,1,1.061,0.68,0.97,,,,,,,,,,,,,,,,,,,
"gun_17_x1_china_bb,bc",,432,gun_17_x1,china,"bb, bc",ny_gun_210_x1,3.31,3.486,1.2,0.72,ny_gun_356_x1,1.53,1.61,1.2,0.84,yamato_gun_460_x1,0.765,0.805,1.2,1.11,yamato_gun_460_x1,0.765,0.805,1.2,1.11,yamato_gun_460_x1,0.765,0.805,1.2,1.11,,,,,,,,,,,,,,,,,,,
"gun_17_x2_china_bb,bc",,432,gun_17_x2,china,"bb, bc",ny_gun_210_x2,3.31,3.486,0.95,0.72,ny_gun_356_x2,1.53,1.61,0.95,0.84,yamato_gun_460_x2,0.765,0.805,0.95,1.11,yamato_gun_460_x2,0.765,0.805,0.95,1.11,yamato_gun_460_x2,0.765,0.805,0.95,1.11,,,,,,,,,,,,,,,,,,,
"gun_17_x3_china_bb,bc",,432,gun_17_x3,china,"bb, bc",ny_gun_210_x3,3.31,3.486,0.775,0.72,ny_gun_356_x3,1.53,1.61,0.775,0.84,yamato_gun_460_x3,0.765,0.805,0.775,1.11,yamato_gun_460_x3,0.765,0.805,0.775,1.11,yamato_gun_460_x3,0.765,0.805,0.775,1.11,,,,,,,,,,,,,,,,,,,
"gun_17_x4_china_bb,bc",,432,gun_17_x4,china,"bb, bc",,,,,,ny_gun_356_x4,1.53,1.61,0.71,0.84,yamato_gun_460_x4,0.765,0.805,0.71,1.11,yamato_gun_460_x4,0.765,0.805,0.71,1.11,yamato_gun_460_x4,0.765,0.805,0.71,1.11,,,,,,,,,,,,,,,,,,,
"gun_18_x1_china_bb,bc",,457,gun_18_x1,china,"bb, bc",ny_gun_210_x1,3.506,3.682,1.23,0.72,ny_gun_356_x1,1.62,1.7,1.23,0.84,yamato_gun_460_x1,0.81,0.85,1.23,1.1,yamato_gun_460_x1,0.81,0.85,1.23,1.1,yamato_gun_460_x1,0.81,0.85,1.23,1.1,,,,,,,,,,,,,,,,,,,
"gun_18_x2_china_bb,bc",,457,gun_18_x2,china,"bb, bc",ny_gun_210_x2,3.506,3.682,0.985,0.72,ny_gun_356_x2,1.62,1.7,0.985,0.84,yamato_gun_460_x2,0.81,0.85,0.985,1.1,yamato_gun_460_x2,0.81,0.85,0.985,1.1,yamato_gun_460_x2,0.81,0.85,0.985,1.1,,,,,,,,,,,,,,,,,,,
"gun_18_x3_china_bb,bc",,457,gun_18_x3,china,"bb, bc",ny_gun_210_x3,3.506,3.682,0.81,0.72,ny_gun_356_x3,1.62,1.7,0.81,0.84,yamato_gun_460_x3,0.81,0.85,0.81,1.1,yamato_gun_460_x3,0.81,0.85,0.81,1.1,yamato_gun_460_x3,0.81,0.85,0.81,1.1,,,,,,,,,,,,,,,,,,,
"gun_18_x4_china_bb,bc",,457,gun_18_x4,china,"bb, bc",,,,,,ny_gun_356_x4,1.62,1.7,0.735,0.84,yamato_gun_460_x4,0.81,0.85,0.735,1.1,yamato_gun_460_x4,0.81,0.85,0.735,1.1,yamato_gun_460_x4,0.81,0.85,0.735,1.1,,,,,,,,,,,,,,,,,,,
"gun_19_x1_china_bb,bc",,483,gun_19_x1,china,"bb, bc",ny_gun_210_x1,3.7,3.878,1.16,0.71,ny_gun_356_x1,1.71,1.79,1.16,0.84,yamato_gun_460_x1,0.855,0.895,1.16,1.1,yamato_gun_460_x1,0.855,0.895,1.16,1.1,yamato_gun_460_x1,0.855,0.895,1.16,1.1,,,,,,,,,,,,,,,,,,,
"gun_19_x2_china_bb,bc",,483,gun_19_x2,china,"bb, bc",ny_gun_210_x2,3.7,3.878,0.95,0.71,ny_gun_356_x2,1.71,1.79,0.95,0.84,yamato_gun_460_x2,0.855,0.895,0.95,1.1,yamato_gun_460_x2,0.855,0.895,0.95,1.1,yamato_gun_460_x2,0.855,0.895,0.95,1.1,,,,,,,,,,,,,,,,,,,
"gun_19_x3_china_bb,bc",,483,gun_19_x3,china,"bb, bc",ny_gun_210_x3,3.7,3.878,0.78,0.71,ny_gun_356_x3,1.71,1.79,0.78,0.84,yamato_gun_460_x3,0.855,0.895,0.78,1.1,yamato_gun_460_x3,0.855,0.895,0.78,1.1,yamato_gun_460_x3,0.855,0.895,0.78,1.1,,,,,,,,,,,,,,,,,,,
"gun_19_x4_china_bb,bc",,483,gun_19_x4,china,"bb, bc",,,,,,ny_gun_356_x4,1.71,1.79,0.725,0.84,yamato_gun_460_x4,0.855,0.895,0.725,1.1,yamato_gun_460_x4,0.855,0.895,0.725,1.1,yamato_gun_460_x4,0.855,0.895,0.725,1.1,,,,,,,,,,,,,,,,,,,
"gun_20_x1_china_bb,bc",,508,gun_20_x1,china,"bb, bc",ny_gun_210_x1,3.9,4.074,1.05,0.7,ny_gun_356_x1,1.8,1.88,1.05,0.84,yamato_gun_460_x1,0.9,0.94,1.05,1.09,yamato_gun_460_x1,0.9,0.94,1.05,1.09,yamato_gun_460_x1,0.9,0.94,1.05,1.09,,,,,,,,,,,,,,,,,,,
"gun_20_x2_china_bb,bc",,508,gun_20_x2,china,"bb, bc",ny_gun_210_x2,3.9,4.074,0.85,0.7,ny_gun_356_x2,1.8,1.88,0.85,0.84,yamato_gun_460_x2,0.9,0.94,0.85,1.09,yamato_gun_460_x2,0.9,0.94,0.85,1.09,yamato_gun_460_x2,0.9,0.94,0.85,1.09,,,,,,,,,,,,,,,,,,,
"gun_20_x3_china_bb,bc",,508,gun_20_x3,china,"bb, bc",ny_gun_210_x3,3.9,4.074,0.7,0.7,ny_gun_356_x3,1.8,1.88,0.7,0.84,yamato_gun_460_x3,0.9,0.94,0.7,1.09,yamato_gun_460_x3,0.9,0.94,0.7,1.09,yamato_gun_460_x3,0.9,0.94,0.7,1.09,,,,,,,,,,,,,,,,,,,
"gun_20_x4_china_bb,bc",,508,gun_20_x4,china,"bb, bc",,,,,,ny_gun_356_x4,1.8,1.88,0.65,0.84,yamato_gun_460_x4,0.9,0.94,0.65,1.09,yamato_gun_460_x4,0.9,0.94,0.65,1.09,yamato_gun_460_x4,0.9,0.94,0.65,1.09,,,,,,,,,,,,,,,,,,,
###,,,###,,,,,,,,,,,,,,,,,,,,,,,,,,,,,,,,,,,,,,,,,,,,,,
gun_2_x1_ottomans,,51,gun_2_x1,ottomans,,,,,,,,,,,,,,,,,iowa_gun_127_x1,0.5,0.72,0.92,1.8,iowa_gun_127_x1,0.5,0.72,0.92,1.8,,,,,,,,,,,,,,,,,,,
gun_2_x2_ottomans,,51,gun_2_x2,ottomans,,dreadnought_gun_178_x2,0.34,0.5,0.7,2.16,dreadnought_gun_178_x2,0.34,0.5,0.7,2.38,iowa_gun_127_x2,0.5,0.72,0.7,1.8,iowa_gun_127_x2,0.5,0.72,0.7,1.8,iowa_gun_127_x2,0.5,0.72,0.7,1.8,,,,,,,,,,,,,,,,,,,
gun_2_x3_ottomans,,51,gun_2_x3,ottomans,,dreadnought_gun_178_x3,0.34,0.5,0.55,2.16,dreadnought_gun_178_x3,0.34,0.5,0.55,2.38,iowa_gun_127_x3,0.5,0.72,0.55,1.8,iowa_gun_127_x3,0.5,0.72,0.55,1.8,iowa_gun_127_x3,0.5,0.72,0.55,1.8,,,,,,,,,,,,,,,,,,,
gun_2_x4_ottomans,,51,gun_2_x4,ottomans,,dreadnought_gun_178_x4,0.34,0.5,0.5,2.16,dreadnought_gun_178_x4,0.34,0.5,0.5,2.38,iowa_gun_127_x4,0.5,0.72,0.5,1.8,iowa_gun_127_x4,0.5,0.72,0.5,1.8,iowa_gun_127_x4,0.5,0.72,0.5,1.8,,,,,,,,,,,,,,,,,,,
gun_3_x1_ottomans_dd,,76,gun_3_x1,ottomans,"dd, tb",,,,,,,,,,,dd_s_gun_d_102_x1,0.6,0.78,1,2.34,dd_s_gun_d_102_x1,0.6,0.78,1,2.34,dd_s_gun_d_102_x1,0.6,0.78,1,2.34,,,,,,,,,,,,,,,,,,,
gun_3_x2_ottomans_dd,,76,gun_3_x2,ottomans,"dd, tb",dreadnought_gun_178_x2,0.51,0.67,1.08,1.8,dreadnought_gun_178_x2,0.51,0.67,1.08,2,didox_gun_cal133_x2,0.45,0.59,1.08,2.84,didox_gun_cal133_x2,0.45,0.59,1.08,2.84,didox_gun_cal133_x2,0.45,0.59,1.08,2.84,,,,,,,,,,,,,,,,,,,
gun_3_x3_ottomans_dd,,76,gun_3_x3,ottomans,"dd, tb",dreadnought_gun_178_x3,0.51,0.67,0.83,1.8,dreadnought_gun_178_x3,0.51,0.67,0.83,2,didox_gun_cal133_x3,0.45,0.59,0.83,2.84,didox_gun_cal133_x3,0.45,0.59,0.83,2.84,didox_gun_cal133_x3,0.45,0.59,0.83,2.84,,,,,,,,,,,,,,,,,,,
gun_3_x4_ottomans_dd,,76,gun_3_x4,ottomans,"dd, tb",dreadnought_gun_178_x4,0.51,0.67,0.74,1.8,dreadnought_gun_178_x4,0.51,0.67,0.74,2,didox_gun_cal133_x4,0.45,0.59,0.74,2.84,didox_gun_cal133_x4,0.45,0.59,0.74,2.84,didox_gun_cal133_x4,0.45,0.59,0.74,2.84,,,,,,,,,,,,,,,,,,,
gun_4_x1_ottomans_dd,,102,gun_4_x1,ottomans,"dd, tb",,,,,,,,,,,dd_s_gun_d_102_x1,0.8,0.98,1.1,1.94,dd_s_gun_d_102_x1,0.8,0.98,1.1,1.94,dd_s_gun_d_102_x1,0.8,0.98,1.1,1.94,,,,,,,,,,,,,,,,,,,
gun_4_x2_ottomans_dd,,102,gun_4_x2,ottomans,"dd, tb",dreadnought_gun_178_x2,0.68,0.84,1.28,1.48,dreadnought_gun_178_x2,0.68,0.84,1.28,1.65,dido_gun_cal133_x2,0.6,0.74,1.28,2.34,dido_gun_cal133_x2,0.6,0.74,1.28,2.34,dido_gun_cal133_x2,0.6,0.74,1.28,2.34,,,,,,,,,,,,,,,,,,,
gun_4_x3_ottomans_dd,,102,gun_4_x3,ottomans,"dd, tb",dreadnought_gun_178_x3,0.68,0.84,1,1.48,dreadnought_gun_178_x3,0.68,0.84,1,1.65,dido_gun_cal133_x3,0.6,0.74,1,2.34,dido_gun_cal133_x3,0.6,0.74,1,2.34,dido_gun_cal133_x3,0.6,0.74,1,2.34,,,,,,,,,,,,,,,,,,,
gun_4_x4_ottomans_dd,,102,gun_4_x4,ottomans,"dd, tb",dreadnought_gun_178_x4,0.68,0.84,0.85,1.48,dreadnought_gun_178_x4,0.68,0.84,0.85,1.65,dido_gun_cal133_x4,0.6,0.74,0.85,2.34,dido_gun_cal133_x4,0.6,0.74,0.85,2.34,dido_gun_cal133_x4,0.6,0.74,0.85,2.34,,,,,,,,,,,,,,,,,,,
gun_5_x1_ottomans_dd,,127,gun_5_x1,ottomans,"dd, tb",,,,,,,,,,,dido_gun_cal133_x1,0.75,0.89,1.25,1.82,dido_gun_cal133_x1,0.75,0.89,1.25,1.82,dido_gun_cal133_x1,0.75,0.89,1.25,1.82,,,,,,,,,,,,,,,,,,,
gun_5_x2_ottomans_dd,,127,gun_5_x2,ottomans,"dd, tb",dreadnought_gun_178_x2,0.85,1.01,0.95,1.16,dreadnought_gun_178_x2,0.85,1.01,0.95,1.3,dido_gun_cal133_x2,0.75,0.89,0.95,1.82,dido_gun_cal133_x2,0.75,0.89,0.95,1.82,dido_gun_cal133_x2,0.75,0.89,0.95,1.82,,,,,,,,,,,,,,,,,,,
gun_5_x3_ottomans_dd,,127,gun_5_x3,ottomans,"dd, tb",dreadnought_gun_178_x3,0.85,1.01,0.75,1.16,dreadnought_gun_178_x3,0.85,1.01,0.75,1.3,dido_gun_cal133_x3,0.75,0.89,0.75,1.82,dido_gun_cal133_x3,0.75,0.89,0.75,1.82,dido_gun_cal133_x3,0.75,0.89,0.75,1.82,,,,,,,,,,,,,,,,,,,
gun_5_x4_ottomans_dd,,127,gun_5_x4,ottomans,"dd, tb",dreadnought_gun_178_x4,0.85,1.01,0.68,1.16,dreadnought_gun_178_x4,0.85,1.01,0.68,1.3,dido_gun_cal133_x4,0.75,0.89,0.68,1.82,dido_gun_cal133_x4,0.75,0.89,0.68,1.82,dido_gun_cal133_x4,0.75,0.89,0.68,1.82,,,,,,,,,,,,,,,,,,,
gun_3_x1_ottomans_cl,,76,gun_3_x1,ottomans,cl,,,,,,,,,,,dd_s_gun_d_102_x1,0.6,0.78,1,2.34,dd_s_gun_d_102_x1,0.6,0.78,1,2.34,dd_s_gun_d_102_x1,0.6,0.78,1,2.34,,,,,,,,,,,,,,,,,,,
gun_3_x2_ottomans_cl,,76,gun_3_x2,ottomans,cl,dreadnought_gun_178_x2,0.51,0.67,1.08,1.8,dreadnought_gun_178_x2,0.51,0.67,1.08,2,didox_gun_cal133_x2,0.45,0.59,1.08,2.84,didox_gun_cal133_x2,0.45,0.59,1.08,2.84,didox_gun_cal133_x2,0.45,0.59,1.08,2.84,,,,,,,,,,,,,,,,,,,
gun_3_x3_ottomans_cl,,76,gun_3_x3,ottomans,cl,dreadnought_gun_178_x3,0.51,0.67,0.83,1.8,dreadnought_gun_178_x3,0.51,0.67,0.83,2,didox_gun_cal133_x3,0.45,0.59,0.83,2.84,didox_gun_cal133_x3,0.45,0.59,0.83,2.84,didox_gun_cal133_x3,0.45,0.59,0.83,2.84,,,,,,,,,,,,,,,,,,,
gun_3_x4_ottomans_cl,,76,gun_3_x4,ottomans,cl,dreadnought_gun_178_x4,0.51,0.67,0.74,1.8,dreadnought_gun_178_x4,0.51,0.67,0.74,2,didox_gun_cal133_x4,0.45,0.59,0.74,2.84,didox_gun_cal133_x4,0.45,0.59,0.74,2.84,didox_gun_cal133_x4,0.45,0.59,0.74,2.84,,,,,,,,,,,,,,,,,,,
gun_4_x1_ottomans_cl,,102,gun_4_x1,ottomans,cl,,,,,,,,,,,dd_s_gun_d_102_x1,0.8,0.98,1.1,1.94,dd_s_gun_d_102_x1,0.8,0.98,1.1,1.94,dd_s_gun_d_102_x1,0.8,0.98,1.1,1.94,,,,,,,,,,,,,,,,,,,
gun_4_x2_ottomans_cl,,102,gun_4_x2,ottomans,cl,dreadnought_gun_178_x2,0.68,0.84,1.28,1.48,dreadnought_gun_178_x2,0.68,0.84,1.28,1.65,dido_gun_cal133_x2,0.6,0.74,1.28,2.34,dido_gun_cal133_x2,0.6,0.74,1.28,2.34,dido_gun_cal133_x2,0.6,0.74,1.28,2.34,,,,,,,,,,,,,,,,,,,
gun_4_x3_ottomans_cl,,102,gun_4_x3,ottomans,cl,dreadnought_gun_178_x3,0.68,0.84,1,1.48,dreadnought_gun_178_x3,0.68,0.84,1,1.65,dido_gun_cal133_x3,0.6,0.74,1,2.34,dido_gun_cal133_x3,0.6,0.74,1,2.34,dido_gun_cal133_x3,0.6,0.74,1,2.34,,,,,,,,,,,,,,,,,,,
gun_4_x4_ottomans_cl,,102,gun_4_x4,ottomans,cl,dreadnought_gun_178_x4,0.68,0.84,0.85,1.48,dreadnought_gun_178_x4,0.68,0.84,0.85,1.65,dido_gun_cal133_x4,0.6,0.74,0.85,2.34,dido_gun_cal133_x4,0.6,0.74,0.85,2.34,dido_gun_cal133_x4,0.6,0.74,0.85,2.34,,,,,,,,,,,,,,,,,,,
gun_5_x1_ottomans_cl,,127,gun_5_x1,ottomans,cl,,,,,,,,,,,dido_gun_cal133_x1,0.75,0.89,1.25,1.82,dido_gun_cal133_x1,0.75,0.89,1.25,1.82,dido_gun_cal133_x1,0.75,0.89,1.25,1.82,,,,,,,,,,,,,,,,,,,
gun_5_x2_ottomans_cl,,127,gun_5_x2,ottomans,cl,dreadnought_gun_178_x2,0.85,1.01,0.95,1.16,dreadnought_gun_178_x2,0.85,1.01,0.95,1.3,dido_gun_cal133_x2,0.75,0.89,0.95,1.82,dido_gun_cal133_x2,0.75,0.89,0.95,1.82,dido_gun_cal133_x2,0.75,0.89,0.95,1.82,,,,,,,,,,,,,,,,,,,
gun_5_x3_ottomans_cl,,127,gun_5_x3,ottomans,cl,dreadnought_gun_178_x3,0.85,1.01,0.75,1.16,dreadnought_gun_178_x3,0.85,1.01,0.75,1.3,dido_gun_cal133_x3,0.75,0.89,0.75,1.82,dido_gun_cal133_x3,0.75,0.89,0.75,1.82,dido_gun_cal133_x3,0.75,0.89,0.75,1.82,,,,,,,,,,,,,,,,,,,
gun_5_x4_ottomans_cl,,127,gun_5_x4,ottomans,cl,dreadnought_gun_178_x4,0.85,1.01,0.68,1.16,dreadnought_gun_178_x4,0.85,1.01,0.68,1.3,dido_gun_cal133_x4,0.75,0.89,0.68,1.82,dido_gun_cal133_x4,0.75,0.89,0.68,1.82,dido_gun_cal133_x4,0.75,0.89,0.68,1.82,,,,,,,,,,,,,,,,,,,
gun_6_x1_ottomans_cl,,152,gun_6_x1,ottomans,cl,,,,,,,,,,,warrior_gun_228_x1,0.9,1.04,1.185,1.04,bismarck_gun_150_x1,0.85,0.92,1.185,1.78,bismarck_gun_150_x1,0.85,0.92,1.185,1.78,,,,,,,,,,,,,,,,,,,
gun_6_x2_ottomans_cl,,152,gun_6_x2,ottomans,cl,dreadnought_gun_178_x3,1.02,1.18,0.66,1.1,dreadnought_gun_178_x2,1.02,1.18,0.86,1.22,warrior_gun_228_x2,0.9,1.04,0.86,1.04,bismarck_gun_150_x2,0.85,0.92,0.86,1.78,bismarck_gun_150_x2,0.85,0.92,0.86,1.78,,,,,,,,,,,,,,,,,,,
gun_6_x3_ottomans_cl,,152,gun_6_x3,ottomans,cl,dreadnought_gun_178_x4,1.02,1.18,0.6,1.1,dreadnought_gun_178_x3,1.02,1.18,0.66,1.22,warrior_gun_228_x3,0.9,1.04,0.66,1.04,bismarck_gun_150_x3,0.85,0.92,0.66,1.78,bismarck_gun_150_x3,0.85,0.92,0.66,1.78,,,,,,,,,,,,,,,,,,,
gun_6_x4_ottomans_cl,,152,gun_6_x4,ottomans,cl,dreadnought_gun_178_x1,1.19,1.35,1.21,1.08,dreadnought_gun_178_x4,1.02,1.18,0.6,1.22,warrior_gun_228_x4,0.9,1.04,0.6,1.04,bismarck_gun_150_x4,0.85,0.92,0.6,1.78,bismarck_gun_150_x4,0.85,0.92,0.6,1.78,,,,,,,,,,,,,,,,,,,
"gun_3_x1_ottomans_ca,bb,bc",,76,gun_3_x1,ottomans,"ca, bb, bc",,,,,,,,,,,dd_s_gun_d_102_x1,0.6,0.78,1,2.34,dd_s_gun_d_102_x1,0.6,0.78,1,2.34,dd_s_gun_d_102_x1,0.6,0.78,1,2.34,,,,,,,,,,,,,,,,,,,
"gun_3_x2_ottomans_ca,bb,bc",,76,gun_3_x2,ottomans,"ca, bb, bc",dreadnought_gun_178_x2,0.51,0.67,1.08,1.8,dreadnought_gun_178_x2,0.51,0.67,1.08,2,didox_gun_cal133_x2,0.45,0.59,1.08,2.84,didox_gun_cal133_x2,0.45,0.59,1.08,2.84,didox_gun_cal133_x2,0.45,0.59,1.08,2.84,,,,,,,,,,,,,,,,,,,
"gun_3_x3_ottomans_ca,bb,bc",,76,gun_3_x3,ottomans,"ca, bb, bc",dreadnought_gun_178_x3,0.51,0.67,0.83,1.8,dreadnought_gun_178_x3,0.51,0.67,0.83,2,didox_gun_cal133_x3,0.45,0.59,0.83,2.84,didox_gun_cal133_x3,0.45,0.59,0.83,2.84,didox_gun_cal133_x3,0.45,0.59,0.83,2.84,,,,,,,,,,,,,,,,,,,
"gun_3_x4_ottomans_ca,bb,bc",,76,gun_3_x4,ottomans,"ca, bb, bc",dreadnought_gun_178_x4,0.51,0.67,0.74,1.8,dreadnought_gun_178_x4,0.51,0.67,0.74,2,didox_gun_cal133_x4,0.45,0.59,0.74,2.84,didox_gun_cal133_x4,0.45,0.59,0.74,2.84,didox_gun_cal133_x4,0.45,0.59,0.74,2.84,,,,,,,,,,,,,,,,,,,
"gun_4_x1_ottomans_ca,bb,bc",,102,gun_4_x1,ottomans,"ca, bb, bc",,,,,,,,,,,dd_s_gun_d_102_x1,0.8,0.98,1.1,1.94,dd_s_gun_d_102_x1,0.8,0.98,1.1,1.94,dd_s_gun_d_102_x1,0.8,0.98,1.1,1.94,,,,,,,,,,,,,,,,,,,
"gun_4_x2_ottomans_ca,bb,bc",,102,gun_4_x2,ottomans,"ca, bb, bc",dreadnought_gun_178_x2,0.68,0.84,1.28,1.48,dreadnought_gun_178_x2,0.68,0.84,1.28,1.65,dido_gun_cal133_x2,0.6,0.74,1.28,2.34,dido_gun_cal133_x2,0.6,0.74,1.28,2.34,dido_gun_cal133_x2,0.6,0.74,1.28,2.34,,,,,,,,,,,,,,,,,,,
"gun_4_x3_ottomans_ca,bb,bc",,102,gun_4_x3,ottomans,"ca, bb, bc",dreadnought_gun_178_x3,0.68,0.84,1,1.48,dreadnought_gun_178_x3,0.68,0.84,1,1.65,dido_gun_cal133_x3,0.6,0.74,1,2.34,dido_gun_cal133_x3,0.6,0.74,1,2.34,dido_gun_cal133_x3,0.6,0.74,1,2.34,,,,,,,,,,,,,,,,,,,
"gun_4_x4_ottomans_ca,bb,bc",,102,gun_4_x4,ottomans,"ca, bb, bc",dreadnought_gun_178_x4,0.68,0.84,0.85,1.48,dreadnought_gun_178_x4,0.68,0.84,0.85,1.65,dido_gun_cal133_x4,0.6,0.74,0.85,2.34,dido_gun_cal133_x4,0.6,0.74,0.85,2.34,dido_gun_cal133_x4,0.6,0.74,0.85,2.34,,,,,,,,,,,,,,,,,,,
"gun_5_x1_ottomans_ca,bb,bc",,127,gun_5_x1,ottomans,"ca, bb, bc",,,,,,,,,,,dido_gun_cal133_x1,0.75,0.89,1.25,1.82,dido_gun_cal133_x1,0.75,0.89,1.25,1.82,dido_gun_cal133_x1,0.75,0.89,1.25,1.82,,,,,,,,,,,,,,,,,,,
"gun_5_x2_ottomans_ca,bb,bc",,127,gun_5_x2,ottomans,"ca, bb, bc",dreadnought_gun_178_x2,0.85,1.01,0.95,1.16,dreadnought_gun_178_x2,0.85,1.01,0.95,1.3,dido_gun_cal133_x2,0.75,0.89,0.95,1.82,dido_gun_cal133_x2,0.75,0.89,0.95,1.82,dido_gun_cal133_x2,0.75,0.89,0.95,1.82,,,,,,,,,,,,,,,,,,,
"gun_5_x3_ottomans_ca,bb,bc",,127,gun_5_x3,ottomans,"ca, bb, bc",dreadnought_gun_178_x3,0.85,1.01,0.75,1.16,dreadnought_gun_178_x3,0.85,1.01,0.75,1.3,dido_gun_cal133_x3,0.75,0.89,0.75,1.82,dido_gun_cal133_x3,0.75,0.89,0.75,1.82,dido_gun_cal133_x3,0.75,0.89,0.75,1.82,,,,,,,,,,,,,,,,,,,
"gun_5_x4_ottomans_ca,bb,bc",,127,gun_5_x4,ottomans,"ca, bb, bc",dreadnought_gun_178_x4,0.85,1.01,0.68,1.16,dreadnought_gun_178_x4,0.85,1.01,0.68,1.3,dido_gun_cal133_x4,0.75,0.89,0.68,1.82,dido_gun_cal133_x4,0.75,0.89,0.68,1.82,dido_gun_cal133_x4,0.75,0.89,0.68,1.82,,,,,,,,,,,,,,,,,,,
"gun_6_x1_ottomans_ca,bb,bc",,152,gun_6_x1,ottomans,"ca, bb, bc",friedrich_gun_228_x1,0.615,0.715,1.185,1.6,,,,,,warrior_gun_228_x1,0.9,1.04,1.185,1.04,bismarck_gun_150_x1,0.85,0.92,1.185,1.78,bismarck_gun_150_x1,0.85,0.92,1.185,1.78,,,,,,,,,,,,,,,,,,,
"gun_6_x2_ottomans_ca,bb,bc",,152,gun_6_x2,ottomans,"ca, bb, bc",friedrich_gun_228_x2,0.615,0.715,0.86,1.6,dreadnought_gun_178_x2,1.02,1.18,0.86,1.22,warrior_gun_228_x2,0.9,1.04,0.86,1.04,bismarck_gun_150_x2,0.85,0.92,0.86,1.78,bismarck_gun_150_x2,0.85,0.92,0.86,1.78,,,,,,,,,,,,,,,,,,,
"gun_6_x3_ottomans_ca,bb,bc",,152,gun_6_x3,ottomans,"ca, bb, bc",friedrich_gun_228_x3,0.615,0.715,0.66,1.6,dreadnought_gun_178_x3,1.02,1.18,0.66,1.22,warrior_gun_228_x3,0.9,1.04,0.66,1.04,bismarck_gun_150_x3,0.85,0.92,0.66,1.78,bismarck_gun_150_x3,0.85,0.92,0.66,1.78,,,,,,,,,,,,,,,,,,,
"gun_6_x4_ottomans_ca,bb,bc",,152,gun_6_x4,ottomans,"ca, bb, bc",,,,,,dreadnought_gun_178_x4,1.02,1.18,0.6,1.22,warrior_gun_228_x4,0.9,1.04,0.6,1.04,bismarck_gun_150_x4,0.85,0.92,0.6,1.78,bismarck_gun_150_x4,0.85,0.92,0.6,1.78,,,,,,,,,,,,,,,,,,,
"gun_7_x1_ottomans_cl,ca,bb,bc",,178,gun_7_x1,ottomans,"cl, ca, bb, bc",friedrich_gun_228_x1,0.7175,0.8175,1.21,1.56,vdt_gun_200_x1,0.8225,0.93,1.21,1.4,warrior_gun_228_x1,1.05,1.19,1.21,1.02,bismarck_gun_150_x1,0.975,1.05,1.21,1.74,bismarck_gun_150_x1,0.975,1.05,1.21,1.74,,,,,,,,,,,,,,,,,,,
"gun_7_x2_ottomans_cl,ca,bb,bc",,178,gun_7_x2,ottomans,"cl, ca, bb, bc",friedrich_gun_228_x2,0.7175,0.8175,0.9,1.56,vdt_gun_200_x2,0.8225,0.93,0.9,1.4,warrior_gun_228_x2,1.05,1.19,0.9,1.02,bismarck_gun_150_x2,0.975,1.05,0.9,1.74,bismarck_gun_150_x2,0.975,1.05,0.9,1.74,,,,,,,,,,,,,,,,,,,
"gun_7_x3_ottomans_cl,ca,bb,bc",,178,gun_7_x3,ottomans,"cl, ca, bb, bc",friedrich_gun_228_x3,0.7175,0.8175,0.705,1.56,,,,0.705,,warrior_gun_228_x3,1.05,1.19,0.705,1.02,bismarck_gun_150_x3,0.975,1.05,0.705,1.74,bismarck_gun_150_x3,0.975,1.05,0.705,1.74,,,,,,,,,,,,,,,,,,,
"gun_7_x4_ottomans_cl,ca,bb,bc",,178,gun_7_x4,ottomans,"cl, ca, bb, bc",,,,,,,,,0.64,,warrior_gun_228_x4,1.05,1.19,0.64,1.02,bismarck_gun_150_x4,0.975,1.05,0.64,1.74,bismarck_gun_150_x4,0.975,1.05,0.64,1.74,,,,,,,,,,,,,,,,,,,
"gun_8_x1_ottomans_ca,bb,bc",,203,gun_8_x1,ottomans,"ca, bb, bc",friedrich_gun_228_x1,0.82,0.92,1.17,1.52,vdt_gun_200_x1,0.94,1.04,1.17,1.36,warrior_gun_228_x1,1.2,1.34,1.17,1,bismarck_gun_150_x1,1.1,1.15,1.17,1.72,bismarck_gun_150_x1,1.1,1.15,1.17,1.72,,,,,,,,,,,,,,,,,,,
"gun_8_x2_ottomans_ca,bb,bc",,203,gun_8_x2,ottomans,"ca, bb, bc",friedrich_gun_228_x2,0.82,0.92,0.88,1.52,vdt_gun_200_x2,0.94,1.04,0.88,1.36,warrior_gun_228_x2,1.2,1.34,0.88,1,bismarck_gun_150_x2,1.1,1.15,0.88,1.72,bismarck_gun_150_x2,1.1,1.15,0.88,1.72,,,,,,,,,,,,,,,,,,,
"gun_8_x3_ottomans_ca,bb,bc",,203,gun_8_x3,ottomans,"ca, bb, bc",friedrich_gun_228_x3,0.82,0.92,0.69,1.52,,,,,,warrior_gun_228_x3,1.2,1.34,0.69,1,bismarck_gun_150_x3,1.1,1.15,0.69,1.72,bismarck_gun_150_x3,1.1,1.15,0.69,1.72,,,,,,,,,,,,,,,,,,,
"gun_8_x4_ottomans_ca,bb,bc",,203,gun_8_x4,ottomans,"ca, bb, bc",,,,,,,,,,,warrior_gun_228_x4,1.2,1.34,0.63,1,bismarck_gun_150_x4,1.1,1.15,0.63,1.72,bismarck_gun_150_x4,1.1,1.15,0.63,1.72,,,,,,,,,,,,,,,,,,,
"gun_9_x1_ottomans_ca,bb,bc",,229,gun_9_x1,ottomans,"ca, bb, bc",friedrich_gun_228_x1,0.9225,1.0225,1.1,1.46,vdt_gun_280_x1,0.9225,1.0225,1.1,1.1,vdt_gun_280_x1,0.9225,1.0225,1.1,1.1,spee_gun_280_x1_a,0.945,1.045,1.1,1.24,spee_gun_280_x1_a,0.945,1.045,1.1,1.3,,,,,,,,,,,,,,,,,,,
"gun_9_x2_ottomans_ca,bb,bc",,229,gun_9_x2,ottomans,"ca, bb, bc",friedrich_gun_228_x2,0.9225,1.0225,0.82,1.46,vdt_gun_280_x2,0.9225,1.0225,0.82,1.1,vdt_gun_280_x2,0.9225,1.0225,0.82,1.1,spee_gun_280_x2_a,0.945,1.045,0.82,1.24,spee_gun_280_x2_a,0.945,1.045,0.82,1.3,,,,,,,,,,,,,,,,,,,
"gun_9_x3_ottomans_ca,bb,bc",,229,gun_9_x3,ottomans,"ca, bb, bc",friedrich_gun_228_x3,0.9225,1.0225,0.64,1.46,vdt_gun_280_x3,0.9225,1.0225,0.64,1.1,vdt_gun_280_x3,0.9225,1.0225,0.64,1.1,spee_gun_280_x3_a,0.945,1.045,0.64,1.24,spee_gun_280_x3_a,0.945,1.045,0.64,1.3,,,,,,,,,,,,,,,,,,,
"gun_9_x4_ottomans_ca,bb,bc",,229,gun_9_x4,ottomans,"ca, bb, bc",,,,,,vdt_gun_280_x4,0.9225,1.0225,0.58,1.1,vdt_gun_280_x4,0.9225,1.0225,0.58,1.1,spee_gun_280_x4_a,0.945,1.045,0.58,1.24,spee_gun_280_x4_a,0.945,1.045,0.58,1.3,,,,,,,,,,,,,,,,,,,
"gun_10_x1_ottomans_ca,bb,bc",,254,gun_10_x1,ottomans,"ca, bb, bc",friedrich_gun_228_x1,1.025,1.125,1.2,1.425,vdt_gun_280_x1,1.025,1.125,1.2,1.06,vdt_gun_280_x1,1.025,1.125,1.2,1.06,spee_gun_280_x1_a,1.05,1.15,1.2,1.2,spee_gun_280_x1_a,1.05,1.15,1.2,1.26,,,,,,,,,,,,,,,,,,,
"gun_10_x2_ottomans_ca,bb,bc",,254,gun_10_x2,ottomans,"ca, bb, bc",friedrich_gun_228_x2,1.025,1.125,0.9,1.425,vdt_gun_280_x2,1.025,1.125,0.9,1.06,vdt_gun_280_x2,1.025,1.125,0.9,1.06,spee_gun_280_x2_a,1.05,1.15,0.9,1.2,spee_gun_280_x2_a,1.05,1.15,0.9,1.26,,,,,,,,,,,,,,,,,,,
"gun_10_x3_ottomans_ca,bb,bc",,254,gun_10_x3,ottomans,"ca, bb, bc",friedrich_gun_228_x3,1.025,1.125,0.68,1.425,vdt_gun_280_x3,1.025,1.125,0.68,1.06,vdt_gun_280_x3,1.025,1.125,0.68,1.06,spee_gun_280_x3_a,1.05,1.15,0.68,1.2,spee_gun_280_x3_a,1.05,1.15,0.68,1.26,,,,,,,,,,,,,,,,,,,
"gun_10_x4_ottomans_ca,bb,bc",,254,gun_10_x4,ottomans,"ca, bb, bc",,,,,,vdt_gun_280_x4,1.025,1.125,0.63,1.06,vdt_gun_280_x4,1.025,1.125,0.63,1.06,spee_gun_280_x4_a,1.05,1.15,0.63,1.2,spee_gun_280_x4_a,1.05,1.15,0.63,1.26,,,,,,,,,,,,,,,,,,,
"gun_11_x1_ottomans_ca,bb,bc",,279,gun_11_x1,ottomans,"ca, bb, bc",brandenburg_gun_279_x1,0.99,1.07,1.07,1.18,vdt_gun_280_x1,1.1275,1.2275,1.07,0.86,vdt_gun_280_x1,1.1275,1.2275,1.07,0.86,spee_gun_280_x1_a,1.155,1.255,1.07,0.96,spee_gun_280_x1_a,1.155,1.255,1.07,1,,,,,,,,,,,,,,,,,,,
"gun_11_x2_ottomans_ca,bb,bc",,279,gun_11_x2,ottomans,"ca, bb, bc",brandenburg_gun_279_x2,0.99,1.07,0.82,1.18,vdt_gun_280_x2,1.1275,1.2275,0.82,0.86,vdt_gun_280_x2,1.1275,1.2275,0.82,0.86,spee_gun_280_x2_a,1.155,1.255,0.82,0.96,spee_gun_280_x2_a,1.155,1.255,0.82,1,,,,,,,,,,,,,,,,,,,
"gun_11_x3_ottomans_ca,bb,bc",,279,gun_11_x3,ottomans,"ca, bb, bc",brandenburg_gun_279_x3,0.99,1.07,0.66,0.66,vdt_gun_280_x3,1.1275,1.2275,0.66,0.86,vdt_gun_280_x3,1.1275,1.2275,0.66,0.86,spee_gun_280_x3_a,1.155,1.255,0.66,0.96,spee_gun_280_x3_a,1.155,1.255,0.66,1,,,,,,,,,,,,,,,,,,,
"gun_11_x4_ottomans_ca,bb,bc",,279,gun_11_x4,ottomans,"ca, bb, bc",,,,,,vdt_gun_280_x4,1.1275,1.2275,0.61,0.86,vdt_gun_280_x4,1.1275,1.2275,0.61,0.86,spee_gun_280_x4_a,1.155,1.255,0.61,0.96,spee_gun_280_x4_a,1.155,1.255,0.61,1,,,,,,,,,,,,,,,,,,,
"gun_12_x1_ottomans_bb,bc",,305,gun_12_x1,ottomans,"bb, bc",friedrich_gun_305_x1,1.08,1.16,1.07,0.975,vdt_gun_280_x1,1.23,1.33,1.07,0.85,vdt_gun_280_x1,1.23,1.33,1.07,0.85,spee_gun_280_x1_a,1.26,1.36,1.07,0.96,spee_gun_280_x1_a,1.26,1.36,1.07,1,,,,,,,,,,,,,,,,,,,
"gun_12_x2_ottomans_bb,bc",,305,gun_12_x2,ottomans,"bb, bc",friedrich_gun_305_x2,1.08,1.16,0.82,0.975,vdt_gun_280_x2,1.23,1.33,0.82,0.85,vdt_gun_280_x2,1.23,1.33,0.82,0.85,spee_gun_280_x2_a,1.26,1.36,0.82,0.96,spee_gun_280_x2_a,1.26,1.36,0.82,1,,,,,,,,,,,,,,,,,,,
"gun_12_x3_ottomans_bb,bc",,305,gun_12_x3,ottomans,"bb, bc",friedrich_gun_305_x3,1.08,1.16,0.66,0.975,vdt_gun_280_x3,1.23,1.33,0.66,0.85,vdt_gun_280_x3,1.23,1.33,0.66,0.85,spee_gun_280_x3_a,1.26,1.36,0.66,0.96,spee_gun_280_x3_a,1.26,1.36,0.66,1,,,,,,,,,,,,,,,,,,,
"gun_12_x4_ottomans_bb,bc",,305,gun_12_x4,ottomans,"bb, bc",,,,,,vdt_gun_280_x4,1.23,1.33,0.61,0.85,vdt_gun_280_x4,1.23,1.33,0.61,0.85,spee_gun_280_x4_a,1.26,1.36,0.61,0.96,spee_gun_280_x4_a,1.26,1.36,0.61,1,,,,,,,,,,,,,,,,,,,
"gun_13_x1_ottomans_bb,bc",,330,gun_13_x1,ottomans,"bb, bc",friedrich_gun_305_x1,1.17,1.25,1.13,0.97,vdt_gun_280_x1,1.3325,1.4325,1.13,0.84,vdt_gun_280_x1,1.3325,1.4325,1.13,0.84,spee_gun_280_x1_a,1.365,1.465,1.13,0.96,spee_gun_280_x1_a,1.365,1.465,1.13,1,,,,,,,,,,,,,,,,,,,
"gun_13_x2_ottomans_bb,bc",,330,gun_13_x2,ottomans,"bb, bc",friedrich_gun_305_x2,1.17,1.25,0.88,0.97,vdt_gun_280_x2,1.3325,1.4325,0.88,0.84,vdt_gun_280_x2,1.3325,1.4325,0.88,0.84,spee_gun_280_x2_a,1.365,1.465,0.88,0.96,spee_gun_280_x2_a,1.365,1.465,0.88,1,,,,,,,,,,,,,,,,,,,
"gun_13_x3_ottomans_bb,bc",,330,gun_13_x3,ottomans,"bb, bc",friedrich_gun_305_x3,1.17,1.25,0.705,0.97,vdt_gun_280_x3,1.3325,1.4325,0.705,0.84,vdt_gun_280_x3,1.3325,1.4325,0.705,0.84,spee_gun_280_x3_a,1.365,1.465,0.705,0.96,spee_gun_280_x3_a,1.365,1.465,0.705,1,,,,,,,,,,,,,,,,,,,
"gun_13_x4_ottomans_bb,bc",,330,gun_13_x4,ottomans,"bb, bc",,,,,,vdt_gun_280_x4,1.3325,1.4325,0.65,0.84,vdt_gun_280_x4,1.3325,1.4325,0.65,0.84,spee_gun_280_x4_a,1.365,1.465,0.65,0.96,spee_gun_280_x4_a,1.365,1.465,0.65,1,,,,,,,,,,,,,,,,,,,
"gun_14_x1_ottomans_bb,bc",,356,gun_14_x1,ottomans,"bb, bc",vdt_gun_280_x1,1.435,1.535,1.13,0.84,vdt_gun_280_x1,1.435,1.535,1.13,0.84,vdt_gun_280_x1,1.435,1.535,1.13,0.84,spee_gun_280_x1_a,1.47,1.57,1.13,0.96,spee_gun_280_x1_a,1.47,1.57,1.13,0.98,,,,,,,,,,,,,,,,,,,
"gun_14_x2_ottomans_bb,bc",,356,gun_14_x2,ottomans,"bb, bc",vdt_gun_280_x2,1.435,1.535,0.88,0.84,vdt_gun_280_x2,1.435,1.535,0.88,0.84,vdt_gun_280_x2,1.435,1.535,0.88,0.84,spee_gun_280_x2_a,1.47,1.57,0.88,0.96,spee_gun_280_x2_a,1.47,1.57,0.88,0.98,,,,,,,,,,,,,,,,,,,
"gun_14_x3_ottomans_bb,bc",,356,gun_14_x3,ottomans,"bb, bc",vdt_gun_280_x3,1.435,1.535,0.705,0.84,vdt_gun_280_x3,1.435,1.535,0.705,0.84,vdt_gun_280_x3,1.435,1.535,0.705,0.84,spee_gun_280_x3_a,1.47,1.57,0.705,0.96,spee_gun_280_x3_a,1.47,1.57,0.705,0.98,,,,,,,,,,,,,,,,,,,
"gun_14_x4_ottomans_bb,bc",,356,gun_14_x4,ottomans,"bb, bc",vdt_gun_280_x4,1.435,1.535,0.66,0.84,vdt_gun_280_x4,1.435,1.535,0.66,0.84,vdt_gun_280_x4,1.435,1.535,0.66,0.84,spee_gun_280_x4_a,1.47,1.57,0.66,0.96,spee_gun_280_x4_a,1.47,1.57,0.66,0.98,,,,,,,,,,,,,,,,,,,
"gun_15_x1_ottomans_bb,bc",,381,gun_15_x1,ottomans,"bb, bc",vdt_gun_280_x1,1.5375,1.6375,1.14,0.84,vdt_gun_280_x1,1.5375,1.6375,1.14,0.84,vdt_gun_280_x1,1.5375,1.6375,1.14,0.84,spee_gun_280_x1_a,1.575,1.675,1.14,0.94,spee_gun_280_x1_a,1.575,1.675,1.14,0.98,,,,,,,,,,,,,,,,,,,
"gun_15_x2_ottomans_bb,bc",,381,gun_15_x2,ottomans,"bb, bc",vdt_gun_280_x2,1.5375,1.6375,0.9,0.84,vdt_gun_280_x2,1.5375,1.6375,0.9,0.84,vdt_gun_280_x2,1.5375,1.6375,0.9,0.84,spee_gun_280_x2_a,1.575,1.675,0.9,0.94,spee_gun_280_x2_a,1.575,1.675,0.9,0.98,,,,,,,,,,,,,,,,,,,
"gun_15_x3_ottomans_bb,bc",,381,gun_15_x3,ottomans,"bb, bc",vdt_gun_280_x3,1.5375,1.6375,0.72,0.84,vdt_gun_280_x3,1.5375,1.6375,0.72,0.84,vdt_gun_280_x3,1.5375,1.6375,0.72,0.84,spee_gun_280_x3_a,1.575,1.675,0.72,0.94,spee_gun_280_x3_a,1.575,1.675,0.72,0.98,,,,,,,,,,,,,,,,,,,
"gun_15_x4_ottomans_bb,bc",,381,gun_15_x4,ottomans,"bb, bc",vdt_gun_280_x4,1.5375,1.6375,0.675,0.84,vdt_gun_280_x4,1.5375,1.6375,0.675,0.84,vdt_gun_280_x4,1.5375,1.6375,0.675,0.84,spee_gun_280_x4_a,1.575,1.675,0.675,0.94,spee_gun_280_x4_a,1.575,1.675,0.675,0.98,,,,,,,,,,,,,,,,,,,
"gun_16_x1_ottomans_bb,bc",,406,gun_16_x1,ottomans,"bb, bc",vdt_gun_280_x1,1.64,1.74,1.15,0.84,vdt_gun_280_x1,1.64,1.74,1.15,0.84,spee_gun_280_x1_a,1.68,1.78,1.15,0.98,spee_gun_280_x1_a,1.68,1.78,1.15,0.98,spee_gun_280_x1_a,1.68,1.78,1.15,0.98,,,,,,,,,,,,,,,,,,,
"gun_16_x2_ottomans_bb,bc",,406,gun_16_x2,ottomans,"bb, bc",vdt_gun_280_x2,1.64,1.74,0.93,0.84,vdt_gun_280_x2,1.64,1.74,0.93,0.84,spee_gun_280_x2_a,1.68,1.78,0.93,0.98,spee_gun_280_x2_a,1.68,1.78,0.93,0.98,spee_gun_280_x2_a,1.68,1.78,0.93,0.98,,,,,,,,,,,,,,,,,,,
"gun_16_x3_ottomans_bb,bc",,406,gun_16_x3,ottomans,"bb, bc",vdt_gun_280_x3,1.64,1.74,0.75,0.84,vdt_gun_280_x3,1.64,1.74,0.75,0.84,spee_gun_280_x3_a,1.68,1.78,0.75,0.98,spee_gun_280_x3_a,1.68,1.78,0.75,0.98,spee_gun_280_x3_a,1.68,1.78,0.75,0.98,,,,,,,,,,,,,,,,,,,
"gun_16_x4_ottomans_bb,bc",,406,gun_16_x4,ottomans,"bb, bc",vdt_gun_280_x4,1.64,1.74,0.68,0.84,vdt_gun_280_x4,1.64,1.74,0.68,0.84,spee_gun_280_x4_a,1.68,1.78,0.68,0.98,spee_gun_280_x4_a,1.68,1.78,0.68,0.98,spee_gun_280_x4_a,1.68,1.78,0.68,0.98,,,,,,,,,,,,,,,,,,,
"gun_17_x1_ottomans_bb,bc",,432,gun_17_x1,ottomans,"bb, bc",spee_gun_280_x1_a,1.785,1.885,1.2,0.94,spee_gun_280_x1_a,1.785,1.885,1.2,0.94,spee_gun_280_x1_a,1.785,1.885,1.2,0.98,spee_gun_280_x1_a,1.785,1.885,1.2,0.98,spee_gun_280_x1_a,1.785,1.885,1.2,0.98,,,,,,,,,,,,,,,,,,,
"gun_17_x2_ottomans_bb,bc",,432,gun_17_x2,ottomans,"bb, bc",spee_gun_280_x2_a,1.785,1.885,0.95,0.94,spee_gun_280_x2_a,1.785,1.885,0.95,0.94,spee_gun_280_x2_a,1.785,1.885,0.95,0.98,spee_gun_280_x2_a,1.785,1.885,0.95,0.98,spee_gun_280_x2_a,1.785,1.885,0.95,0.98,,,,,,,,,,,,,,,,,,,
"gun_17_x3_ottomans_bb,bc",,432,gun_17_x3,ottomans,"bb, bc",spee_gun_280_x3_a,1.785,1.885,0.775,0.94,spee_gun_280_x3_a,1.785,1.885,0.775,0.94,spee_gun_280_x3_a,1.785,1.885,0.775,0.98,spee_gun_280_x3_a,1.785,1.885,0.775,0.98,spee_gun_280_x3_a,1.785,1.885,0.775,0.98,,,,,,,,,,,,,,,,,,,
"gun_17_x4_ottomans_bb,bc",,432,gun_17_x4,ottomans,"bb, bc",spee_gun_280_x4_a,1.785,1.885,0.71,0.94,spee_gun_280_x4_a,1.785,1.885,0.71,0.94,spee_gun_280_x4_a,1.785,1.885,0.71,0.98,spee_gun_280_x4_a,1.785,1.885,0.71,0.98,spee_gun_280_x4_a,1.785,1.885,0.71,0.98,,,,,,,,,,,,,,,,,,,
"gun_18_x1_ottomans_bb,bc",,457,gun_18_x1,ottomans,"bb, bc",spee_gun_280_x1_a,1.89,1.99,1.23,0.94,spee_gun_280_x1_a,1.89,1.99,1.23,0.94,spee_gun_280_x1_a,1.89,1.99,1.23,0.97,spee_gun_280_x1_a,1.89,1.99,1.23,0.97,spee_gun_280_x1_a,1.89,1.99,1.23,0.97,,,,,,,,,,,,,,,,,,,
"gun_18_x2_ottomans_bb,bc",,457,gun_18_x2,ottomans,"bb, bc",spee_gun_280_x2_a,1.89,1.99,0.985,0.94,spee_gun_280_x2_a,1.89,1.99,0.985,0.94,spee_gun_280_x2_a,1.89,1.99,0.985,0.97,spee_gun_280_x2_a,1.89,1.99,0.985,0.97,spee_gun_280_x2_a,1.89,1.99,0.985,0.97,,,,,,,,,,,,,,,,,,,
"gun_18_x3_ottomans_bb,bc",,457,gun_18_x3,ottomans,"bb, bc",spee_gun_280_x3_a,1.89,1.99,0.81,0.94,spee_gun_280_x3_a,1.89,1.99,0.81,0.94,spee_gun_280_x3_a,1.89,1.99,0.81,0.97,spee_gun_280_x3_a,1.89,1.99,0.81,0.97,spee_gun_280_x3_a,1.89,1.99,0.81,0.97,,,,,,,,,,,,,,,,,,,
"gun_18_x4_ottomans_bb,bc",,457,gun_18_x4,ottomans,"bb, bc",spee_gun_280_x4_a,1.89,1.99,0.735,0.94,spee_gun_280_x4_a,1.89,1.99,0.735,0.94,spee_gun_280_x4_a,1.89,1.99,0.735,0.97,spee_gun_280_x4_a,1.89,1.99,0.735,0.97,spee_gun_280_x4_a,1.89,1.99,0.735,0.97,,,,,,,,,,,,,,,,,,,
"gun_19_x1_ottomans_bb,bc",,483,gun_19_x1,ottomans,"bb, bc",spee_gun_280_x1_a,1.995,2.095,1.16,0.93,spee_gun_280_x1_a,1.995,2.095,1.16,0.93,spee_gun_280_x1_a,1.995,2.095,1.16,0.97,spee_gun_280_x1_a,1.995,2.095,1.16,0.97,spee_gun_280_x1_a,1.995,2.095,1.16,0.97,,,,,,,,,,,,,,,,,,,
"gun_19_x2_ottomans_bb,bc",,483,gun_19_x2,ottomans,"bb, bc",spee_gun_280_x2_a,1.995,2.095,0.95,0.93,spee_gun_280_x2_a,1.995,2.095,0.95,0.93,spee_gun_280_x2_a,1.995,2.095,0.95,0.97,spee_gun_280_x2_a,1.995,2.095,0.95,0.97,spee_gun_280_x2_a,1.995,2.095,0.95,0.97,,,,,,,,,,,,,,,,,,,
"gun_19_x3_ottomans_bb,bc",,483,gun_19_x3,ottomans,"bb, bc",spee_gun_280_x3_a,1.995,2.095,0.78,0.93,spee_gun_280_x3_a,1.995,2.095,0.78,0.93,spee_gun_280_x3_a,1.995,2.095,0.78,0.97,spee_gun_280_x3_a,1.995,2.095,0.78,0.97,spee_gun_280_x3_a,1.995,2.095,0.78,0.97,,,,,,,,,,,,,,,,,,,
"gun_19_x4_ottomans_bb,bc",,483,gun_19_x4,ottomans,"bb, bc",spee_gun_280_x4_a,1.995,2.095,0.725,0.93,spee_gun_280_x4_a,1.995,2.095,0.725,0.93,spee_gun_280_x4_a,1.995,2.095,0.725,0.97,spee_gun_280_x4_a,1.995,2.095,0.725,0.97,spee_gun_280_x4_a,1.995,2.095,0.725,0.97,,,,,,,,,,,,,,,,,,,
"gun_20_x1_ottomans_bb,bc",,508,gun_20_x1,ottomans,"bb, bc",spee_gun_280_x1_a,2.1,2.2,1.05,0.92,spee_gun_280_x1_a,2.1,2.2,1.05,0.92,spee_gun_280_x1_a,2.1,2.2,1.05,0.96,spee_gun_280_x1_a,2.1,2.2,1.05,0.96,spee_gun_280_x1_a,2.1,2.2,1.05,0.96,,,,,,,,,,,,,,,,,,,
"gun_20_x2_ottomans_bb,bc",,508,gun_20_x2,ottomans,"bb, bc",spee_gun_280_x2_a,2.1,2.2,0.85,0.92,spee_gun_280_x2_a,2.1,2.2,0.85,0.92,spee_gun_280_x2_a,2.1,2.2,0.85,0.96,spee_gun_280_x2_a,2.1,2.2,0.85,0.96,spee_gun_280_x2_a,2.1,2.2,0.85,0.96,,,,,,,,,,,,,,,,,,,
"gun_20_x3_ottomans_bb,bc",,508,gun_20_x3,ottomans,"bb, bc",spee_gun_280_x3_a,2.1,2.2,0.7,0.92,spee_gun_280_x3_a,2.1,2.2,0.7,0.92,spee_gun_280_x3_a,2.1,2.2,0.7,0.96,spee_gun_280_x3_a,2.1,2.2,0.7,0.96,spee_gun_280_x3_a,2.1,2.2,0.7,0.96,,,,,,,,,,,,,,,,,,,
"gun_20_x4_ottomans_bb,bc",,508,gun_20_x4,ottomans,"bb, bc",spee_gun_280_x4_a,2.1,2.2,0.65,0.92,spee_gun_280_x4_a,2.1,2.2,0.65,0.92,spee_gun_280_x4_a,2.1,2.2,0.65,0.96,spee_gun_280_x4_a,2.1,2.2,0.65,0.96,spee_gun_280_x4_a,2.1,2.2,0.65,0.96,,,,,,,,,,,,,,,,,,,
###,,,###,,,,,,,,,,,,,,,,,,,,,,,,,,,,,,,,,,,,,,,,,,,,,,
gun_2_x1_brazil,,51,gun_2_x1,"brazil, chile, argentina",,,,,,,,,,,,,,,,,,,,,,,,,,,,,,,,,,,,,,,,,,,,,
gun_2_x2_brazil,,51,gun_2_x2,"brazil, chile, argentina",,,,,,,,,,,,,,,,,,,,,,,,,,,,,,,,,,,,,,,,,,,,,
gun_2_x3_brazil,,51,gun_2_x3,"brazil, chile, argentina",,,,,,,,,,,,,,,,,,,,,,,,,,,,,,,,,,,,,,,,,,,,,
gun_2_x4_brazil,,51,gun_2_x4,"brazil, chile, argentina",,,,,,,,,,,,,,,,,,,,,,,,,,,,,,,,,,,,,,,,,,,,,
gun_3_x1_brazil_dd,,76,gun_3_x1,"brazil, chile, argentina","dd, tb",,,,,,,,,,,,,,,,,,,,,,,,,,,,,,,,,,,,,,,,,,,,
gun_3_x2_brazil_dd,,76,gun_3_x2,"brazil, chile, argentina","dd, tb",,,,,,,,,,,,,,,,,,,,,,,,,,,,,,,,,,,,,,,,,,,,
gun_3_x3_brazil_dd,,76,gun_3_x3,"brazil, chile, argentina","dd, tb",,,,,,,,,,,,,,,,,,,,,,,,,,,,,,,,,,,,,,,,,,,,
gun_3_x4_brazil_dd,,76,gun_3_x4,"brazil, chile, argentina","dd, tb",,,,,,,,,,,,,,,,,,,,,,,,,,,,,,,,,,,,,,,,,,,,
gun_4_x1_brazil_dd,,102,gun_4_x1,"brazil, chile, argentina","dd, tb",,,,,,,,,,,,,,,,,,,,,,,,,,,,,,,,,,,,,,,,,,,,
gun_4_x2_brazil_dd,,102,gun_4_x2,"brazil, chile, argentina","dd, tb",,,,,,,,,,,,,,,,,,,,,,,,,,,,,,,,,,,,,,,,,,,,
gun_4_x3_brazil_dd,,102,gun_4_x3,"brazil, chile, argentina","dd, tb",,,,,,,,,,,,,,,,,,,,,,,,,,,,,,,,,,,,,,,,,,,,
gun_4_x4_brazil_dd,,102,gun_4_x4,"brazil, chile, argentina","dd, tb",,,,,,,,,,,,,,,,,,,,,,,,,,,,,,,,,,,,,,,,,,,,
gun_5_x1_brazil_dd,,127,gun_5_x1,"brazil, chile, argentina","dd, tb",,,,,,,,,,,,,,,,,,,,,,,,,,,,,,,,,,,,,,,,,,,,
gun_5_x2_brazil_dd,,127,gun_5_x2,"brazil, chile, argentina","dd, tb",,,,,,,,,,,,,,,,,,,,,,,,,,,,,,,,,,,,,,,,,,,,
gun_5_x3_brazil_dd,,127,gun_5_x3,"brazil, chile, argentina","dd, tb",,,,,,,,,,,,,,,,,,,,,,,,,,,,,,,,,,,,,,,,,,,,
gun_5_x4_brazil_dd,,127,gun_5_x4,"brazil, chile, argentina","dd, tb",,,,,,,,,,,,,,,,,,,,,,,,,,,,,,,,,,,,,,,,,,,,
gun_3_x1_brazil_cl,,76,gun_3_x1,"brazil, chile, argentina",cl,,,,,,,,,,,,,,,,moga_gun_127_x1,0.9,1.17,1.45,1.28,moga_gun_127_x1,0.9,1.17,1.45,1.28,,,,,,,,,,,,,,,,,,,
gun_3_x2_brazil_cl,,76,gun_3_x2,"brazil, chile, argentina",cl,tsesarevich_gun_152_x2,0.525,0.745,1.08,1.95,dreadnought_gun_178_x2,0.51,0.67,1.08,1.8,dreadnought_gun_178_x2,0.51,0.67,1.08,2,moga_gun_127_x2,0.9,1.17,1.08,1.28,moga_gun_127_x2,0.9,1.17,1.08,1.28,,,,,,,,,,,,,,,,,,,
gun_3_x3_brazil_cl,,76,gun_3_x3,"brazil, chile, argentina",cl,tsesarevich_gun_152_x3,0.525,0.745,0.83,1.95,dreadnought_gun_178_x3,0.51,0.67,0.83,1.8,dreadnought_gun_178_x3,0.51,0.67,0.83,2,moga_gun_127_x3,0.9,1.17,0.83,1.28,moga_gun_127_x3,0.9,1.17,0.83,1.28,,,,,,,,,,,,,,,,,,,
gun_3_x4_brazil_cl,,76,gun_3_x4,"brazil, chile, argentina",cl,,,,,,dreadnought_gun_178_x4,0.51,0.67,0.74,1.8,dreadnought_gun_178_x4,0.51,0.67,0.74,2,,,,,,,,,,,,,,,,,,,,,,,,,,,,,
gun_4_x1_brazil_cl,,102,gun_4_x1,"brazil, chile, argentina",cl,,,,,,,,,,,,,,,,moga_gun_127_x1,1.2,1.47,1.7,1.06,moga_gun_127_x1,1.2,1.47,1.7,1.06,,,,,,,,,,,,,,,,,,,
gun_4_x2_brazil_cl,,102,gun_4_x2,"brazil, chile, argentina",cl,tsesarevich_gun_152_x2,0.75,0.87,1.28,1.5,dreadnought_gun_178_x2,0.68,0.84,1.28,1.48,dreadnought_gun_178_x2,0.68,0.84,1.28,1.65,moga_gun_127_x2,1.2,1.47,1.28,1.06,moga_gun_127_x2,1.2,1.47,1.28,1.06,,,,,,,,,,,,,,,,,,,
gun_4_x3_brazil_cl,,102,gun_4_x3,"brazil, chile, argentina",cl,tsesarevich_gun_152_x3,0.75,0.87,1,1.5,dreadnought_gun_178_x3,0.68,0.84,1,1.48,dreadnought_gun_178_x3,0.68,0.84,1,1.65,moga_gun_127_x3,1.2,1.47,1,1.06,moga_gun_127_x3,1.2,1.47,1,1.06,,,,,,,,,,,,,,,,,,,
gun_4_x4_brazil_cl,,102,gun_4_x4,"brazil, chile, argentina",cl,,,,,,dreadnought_gun_178_x4,0.68,0.84,0.85,1.48,dreadnought_gun_178_x4,0.68,0.84,0.85,1.65,,,,,,,,,,,,,,,,,,,,,,,,,,,,,
gun_5_x1_brazil_cl,,127,gun_5_x1,"brazil, chile, argentina",cl,,,,,,,,,,,,,,,,akizuki_gun_127_x1,0.7,0.83,1.25,1.96,akizuki_gun_127_x1,0.7,0.83,1.25,1.96,,,,,,,,,,,,,,,,,,,
gun_5_x2_brazil_cl,,127,gun_5_x2,"brazil, chile, argentina",cl,tsesarevich_gun_152_x2,0.875,1.045,0.95,1.26,dreadnought_gun_178_x2,0.85,1.01,0.95,1.16,dreadnought_gun_178_x2,0.85,1.01,0.95,1.3,akizuki_gun_127_x2,0.7,0.83,0.95,1.96,akizuki_gun_127_x2,0.7,0.83,0.95,1.96,,,,,,,,,,,,,,,,,,,
gun_5_x3_brazil_cl,,127,gun_5_x3,"brazil, chile, argentina",cl,tsesarevich_gun_152_x3,0.875,1.045,0.75,1.26,dreadnought_gun_178_x3,0.85,1.01,0.75,1.16,dreadnought_gun_178_x3,0.85,1.01,0.75,1.3,akizuki_gun_127_x3,0.7,0.83,0.75,1.96,akizuki_gun_127_x3,0.7,0.83,0.75,1.96,,,,,,,,,,,,,,,,,,,
gun_5_x4_brazil_cl,,127,gun_5_x4,"brazil, chile, argentina",cl,,,,,,dreadnought_gun_178_x4,0.85,1.01,0.68,1.16,dreadnought_gun_178_x4,0.85,1.01,0.68,1.3,,,,,,,,,,,,,,,,,,,,,,,,,,,,,
gun_6_x1_brazil_cl,,152,gun_6_x1,"brazil, chile, argentina",cl,,,,,,,,,,,warrior_gun_228_x1,0.9,1.04,1.185,1.04,british_adv_cruiser_152_gun_x1,0.85,0.92,1.185,1.33,british_adv_cruiser_152_gun_x1,0.85,0.92,1.185,1.33,,,,,,,,,,,,,,,,,,,
gun_6_x2_brazil_cl,,152,gun_6_x2,"brazil, chile, argentina",cl,tsesarevich_gun_152_x2,1.050,1.22,0.86,1.2,dreadnought_gun_178_x2,1.02,1.18,0.86,1.1,warrior_gun_228_x2,0.9,1.04,0.86,1.04,british_adv_cruiser_152_gun_x2,0.85,0.92,0.86,1.33,british_adv_cruiser_152_gun_x2,0.85,0.92,0.86,1.33,,,,,,,,,,,,,,,,,,,
gun_6_x3_brazil_cl,,152,gun_6_x3,"brazil, chile, argentina",cl,tsesarevich_gun_152_x3,1.050,1.22,0.66,1.2,dreadnought_gun_178_x3,1.02,1.18,0.66,1.1,warrior_gun_228_x3,0.9,1.04,0.66,1.04,british_adv_cruiser_152_gun_x3,0.85,0.92,0.66,1.33,british_adv_cruiser_152_gun_x3,0.85,0.92,0.66,1.33,,,,,,,,,,,,,,,,,,,
gun_6_x4_brazil_cl,,152,gun_6_x4,"brazil, chile, argentina",cl,,,,,,dreadnought_gun_178_x4,1.02,1.18,0.6,1.1,warrior_gun_228_x4,0.9,1.04,0.6,1.04,british_adv_cruiser_152_gun_x4,0.85,0.92,0.6,1.33,british_adv_cruiser_152_gun_x4,0.85,0.92,0.6,1.33,,,,,,,,,,,,,,,,,,,
"gun_3_x1_brazil_ca,bb,bc",,76,gun_3_x1,"brazil, chile, argentina","ca, bb, bc",tsesarevich_gun_152_x1,0.525,0.745,1.45,1.95,dreadnought_gun_178_x1,0.51,0.67,1.45,1.8,dreadnought_gun_178_x1,0.51,0.67,1.45,2,moga_gun_127_x1,0.9,1.17,1.45,1.28,moga_gun_127_x1,0.9,1.17,1.45,1.28,,,,,,,,,,,,,,,,,,,
"gun_3_x2_brazil_ca,bb,bc",,76,gun_3_x2,"brazil, chile, argentina","ca, bb, bc",tsesarevich_gun_152_x2,0.525,0.745,1.08,1.95,dreadnought_gun_178_x2,0.51,0.67,1.08,1.8,dreadnought_gun_178_x2,0.51,0.67,1.08,2,moga_gun_127_x2,0.9,1.17,1.08,1.28,moga_gun_127_x2,0.9,1.17,1.08,1.28,,,,,,,,,,,,,,,,,,,
"gun_3_x3_brazil_ca,bb,bc",,76,gun_3_x3,"brazil, chile, argentina","ca, bb, bc",tsesarevich_gun_152_x3,0.525,0.745,0.83,1.95,dreadnought_gun_178_x3,0.51,0.67,0.83,1.8,dreadnought_gun_178_x3,0.51,0.67,0.83,2,moga_gun_127_x3,0.9,1.17,0.83,1.28,moga_gun_127_x3,0.9,1.17,0.83,1.28,,,,,,,,,,,,,,,,,,,
"gun_3_x4_brazil_ca,bb,bc",,76,gun_3_x4,"brazil, chile, argentina","ca, bb, bc",,,,,,dreadnought_gun_178_x4,0.51,0.67,0.74,1.8,dreadnought_gun_178_x4,0.51,0.67,0.74,2,,,,,,,,,,,,,,,,,,,,,,,,,,,,,
"gun_4_x1_brazil_ca,bb,bc",,102,gun_4_x1,"brazil, chile, argentina","ca, bb, bc",tsesarevich_gun_152_x1,0.75,0.87,1.7,1.5,dreadnought_gun_178_x1,0.68,0.84,1.7,1.48,dreadnought_gun_178_x1,0.68,0.84,1.7,1.65,moga_gun_127_x1,1.2,1.47,1.7,1.06,moga_gun_127_x1,1.2,1.47,1.7,1.06,,,,,,,,,,,,,,,,,,,
"gun_4_x2_brazil_ca,bb,bc",,102,gun_4_x2,"brazil, chile, argentina","ca, bb, bc",tsesarevich_gun_152_x2,0.75,0.87,1.28,1.5,dreadnought_gun_178_x2,0.68,0.84,1.28,1.48,dreadnought_gun_178_x2,0.68,0.84,1.28,1.65,moga_gun_127_x2,1.2,1.47,1.28,1.06,moga_gun_127_x2,1.2,1.47,1.28,1.06,,,,,,,,,,,,,,,,,,,
"gun_4_x3_brazil_ca,bb,bc",,102,gun_4_x3,"brazil, chile, argentina","ca, bb, bc",tsesarevich_gun_152_x3,0.75,0.87,1,1.5,dreadnought_gun_178_x3,0.68,0.84,1,1.48,dreadnought_gun_178_x3,0.68,0.84,1,1.65,moga_gun_127_x3,1.2,1.47,1,1.06,moga_gun_127_x3,1.2,1.47,1,1.06,,,,,,,,,,,,,,,,,,,
"gun_4_x4_brazil_ca,bb,bc",,102,gun_4_x4,"brazil, chile, argentina","ca, bb, bc",,,,,,dreadnought_gun_178_x4,0.68,0.84,0.85,1.48,dreadnought_gun_178_x4,0.68,0.84,0.85,1.65,,,,,,,,,,,,,,,,,,,,,,,,,,,,,
"gun_5_x1_brazil_ca,bb,bc",,127,gun_5_x1,"brazil, chile, argentina","ca, bb, bc",tsesarevich_gun_152_x1,0.875,1.045,1.25,1.26,dreadnought_gun_178_x1,0.85,1.01,1.25,1.16,dreadnought_gun_178_x1,0.85,1.01,1.25,1.3,akizuki_gun_127_x1,0.7,0.83,1.25,1.96,akizuki_gun_127_x1,0.7,0.83,1.25,1.96,,,,,,,,,,,,,,,,,,,
"gun_5_x2_brazil_ca,bb,bc",,127,gun_5_x2,"brazil, chile, argentina","ca, bb, bc",tsesarevich_gun_152_x2,0.875,1.045,0.95,1.26,dreadnought_gun_178_x2,0.85,1.01,0.95,1.16,dreadnought_gun_178_x2,0.85,1.01,0.95,1.3,akizuki_gun_127_x2,0.7,0.83,0.95,1.96,akizuki_gun_127_x2,0.7,0.83,0.95,1.96,,,,,,,,,,,,,,,,,,,
"gun_5_x3_brazil_ca,bb,bc",,127,gun_5_x3,"brazil, chile, argentina","ca, bb, bc",tsesarevich_gun_152_x3,0.875,1.045,0.75,1.26,dreadnought_gun_178_x3,0.85,1.01,0.75,1.16,dreadnought_gun_178_x3,0.85,1.01,0.75,1.3,akizuki_gun_127_x3,0.7,0.83,0.75,1.96,akizuki_gun_127_x3,0.7,0.83,0.75,1.96,,,,,,,,,,,,,,,,,,,
"gun_5_x4_brazil_ca,bb,bc",,127,gun_5_x4,"brazil, chile, argentina","ca, bb, bc",,,,,,dreadnought_gun_178_x4,0.85,1.01,0.68,1.16,dreadnought_gun_178_x4,0.85,1.01,0.68,1.3,,,,,,,,,,,,,,,,,,,,,,,,,,,,,
"gun_6_x1_brazil_ca,bb,bc",,152,gun_6_x1,"brazil, chile, argentina","ca, bb, bc",tsesarevich_gun_152_x1,1.050,1.22,1.185,1.2,dreadnought_gun_178_x1,1.02,1.18,1.185,1.1,warrior_gun_228_x1,0.9,1.04,1.185,1.04,british_adv_cruiser_152_gun_x1,0.85,0.92,1.185,1.33,british_adv_cruiser_152_gun_x1,0.85,0.92,1.185,1.33,,,,,,,,,,,,,,,,,,,
"gun_6_x2_brazil_ca,bb,bc",,152,gun_6_x2,"brazil, chile, argentina","ca, bb, bc",tsesarevich_gun_152_x2,1.050,1.22,0.86,1.2,dreadnought_gun_178_x2,1.02,1.18,0.86,1.1,warrior_gun_228_x2,0.9,1.04,0.86,1.04,british_adv_cruiser_152_gun_x2,0.85,0.92,0.86,1.33,british_adv_cruiser_152_gun_x2,0.85,0.92,0.86,1.33,,,,,,,,,,,,,,,,,,,
"gun_6_x3_brazil_ca,bb,bc",,152,gun_6_x3,"brazil, chile, argentina","ca, bb, bc",tsesarevich_gun_152_x3,1.050,1.22,0.66,1.2,dreadnought_gun_178_x3,1.02,1.18,0.66,1.1,warrior_gun_228_x3,0.9,1.04,0.66,1.04,british_adv_cruiser_152_gun_x3,0.85,0.92,0.66,1.33,british_adv_cruiser_152_gun_x3,0.85,0.92,0.66,1.33,,,,,,,,,,,,,,,,,,,
"gun_6_x4_brazil_ca,bb,bc",,152,gun_6_x4,"brazil, chile, argentina","ca, bb, bc",,,,,,dreadnought_gun_178_x4,1.02,1.18,0.6,1.1,warrior_gun_228_x4,0.9,1.04,0.6,1.04,british_adv_cruiser_152_gun_x4,0.85,0.92,0.6,1.33,british_adv_cruiser_152_gun_x4,0.85,0.92,0.6,1.33,,,,,,,,,,,,,,,,,,,
"gun_7_x1_brazil_cl,ca,bb,bc",,178,gun_7_x1,"brazil, chile, argentina","cl, ca, bb, bc",tsesarevich_gun_152_x1,1.225,1.395,1.21,1.18,agamemnon_gun_b_228_x1,1.05,1.19,1.21,1.36,warrior_gun_228_x1,1.05,1.19,1.21,1.02,british_adv_cruiser_152_gun_x1,0.975,1.05,1.21,1.33,british_adv_cruiser_152_gun_x1,0.975,1.05,1.21,1.33,,,,,,,,,,,,,,,,,,,
"gun_7_x2_brazil_cl,ca,bb,bc",,178,gun_7_x2,"brazil, chile, argentina","cl, ca, bb, bc",tsesarevich_gun_152_x2,1.225,1.395,0.9,1.18,agamemnon_gun_b_228_x2,1.05,1.19,0.9,1.36,warrior_gun_228_x2,1.05,1.19,0.9,1.02,british_adv_cruiser_152_gun_x2,0.975,1.05,0.9,1.33,british_adv_cruiser_152_gun_x2,0.975,1.05,0.9,1.33,,,,,,,,,,,,,,,,,,,
"gun_7_x3_brazil_cl,ca,bb,bc",,178,gun_7_x3,"brazil, chile, argentina","cl, ca, bb, bc",tsesarevich_gun_152_x3,1.225,1.395,0.705,1.18,agamemnon_gun_b_228_x3,1.05,1.19,0.705,1.64,warrior_gun_228_x3,1.05,1.19,0.705,1.02,british_adv_cruiser_152_gun_x3,0.975,1.05,0.705,1.33,british_adv_cruiser_152_gun_x3,0.975,1.05,0.705,1.33,,,,,,,,,,,,,,,,,,,
"gun_7_x4_brazil_cl,ca,bb,bc",,178,gun_7_x4,"brazil, chile, argentina","cl, ca, bb, bc",,,,,,agamemnon_gun_b_228_x4,1.05,1.19,0.64,1.64,warrior_gun_228_x4,1.05,1.19,0.64,1.02,british_adv_cruiser_152_gun_x4,0.975,1.05,0.64,1.33,british_adv_cruiser_152_gun_x4,0.975,1.05,0.64,1.33,,,,,,,,,,,,,,,,,,,
"gun_8_x1_brazil_ca,bb,bc",,203,gun_8_x1,"brazil, chile, argentina","ca, bb, bc",friedrich_gun_228_x1,0.82,0.92,1.17,1.52,agamemnon_gun_b_228_x1,1.2,1.34,1.17,1.32,warrior_gun_228_x1,1.2,1.34,1.17,1,kgeorge_gun_a_380_x1,0.73,0.805,1.17,0.94,kgeorge_gun_380_x1_c,0.73,0.805,1.17,0.94,,,,,,,,,,,,,,,,,,,
"gun_8_x2_brazil_ca,bb,bc",,203,gun_8_x2,"brazil, chile, argentina","ca, bb, bc",friedrich_gun_228_x2,0.82,0.92,0.88,1.52,agamemnon_gun_b_228_x2,1.2,1.34,0.88,1.32,warrior_gun_228_x2,1.2,1.34,0.88,1,kgeorge_gun_a_380_x2,0.73,0.805,0.88,0.94,kgeorge_gun_380_x2_c,0.73,0.805,0.88,0.94,,,,,,,,,,,,,,,,,,,
"gun_8_x3_brazil_ca,bb,bc",,203,gun_8_x3,"brazil, chile, argentina","ca, bb, bc",friedrich_gun_228_x3,0.82,0.92,0.69,1.52,agamemnon_gun_b_228_x3,1.2,1.34,0.69,1.6,warrior_gun_228_x3,1.2,1.34,0.69,1,kgeorge_gun_a_380_x3,0.73,0.805,0.69,0.94,kgeorge_gun_380_x3_c,0.73,0.805,0.69,0.94,,,,,,,,,,,,,,,,,,,
"gun_8_x4_brazil_ca,bb,bc",,203,gun_8_x4,"brazil, chile, argentina","ca, bb, bc",,,,,,agamemnon_gun_b_228_x4,1.2,1.34,0.63,1.6,warrior_gun_228_x4,1.2,1.34,0.63,1,kgeorge_gun_a_380_x4,0.73,0.805,0.63,0.94,kgeorge_gun_380_x4_c,0.73,0.805,0.63,0.94,,,,,,,,,,,,,,,,,,,
"gun_9_x1_brazil_ca,bb,bc",,229,gun_9_x1,"brazil, chile, argentina","ca, bb, bc",friedrich_gun_228_x1,0.9225,1.0225,1.1,1.46,agamemnon_gun_b_228_x1,1.35,1.49,1.1,1.28,warrior_gun_228_x1,1.35,1.49,1.1,0.96,kgeorge_gun_a_380_x1,0.82,0.895,1.1,0.92,kgeorge_gun_380_x1_c,0.82,0.895,1.1,0.92,,,,,,,,,,,,,,,,,,,
"gun_9_x2_brazil_ca,bb,bc",,229,gun_9_x2,"brazil, chile, argentina","ca, bb, bc",friedrich_gun_228_x2,0.9225,1.0225,0.82,1.46,agamemnon_gun_b_228_x2,1.35,1.49,0.82,1.28,warrior_gun_228_x2,1.35,1.49,0.82,0.96,kgeorge_gun_a_380_x2,0.82,0.895,0.82,0.92,kgeorge_gun_380_x2_c,0.82,0.895,0.82,0.92,,,,,,,,,,,,,,,,,,,
"gun_9_x3_brazil_ca,bb,bc",,229,gun_9_x3,"brazil, chile, argentina","ca, bb, bc",friedrich_gun_228_x3,0.9225,1.0225,0.64,1.46,agamemnon_gun_b_228_x3,1.35,1.49,0.64,1.56,warrior_gun_228_x3,1.35,1.49,0.64,0.96,kgeorge_gun_a_380_x3,0.82,0.895,0.64,0.92,kgeorge_gun_380_x3_c,0.82,0.895,0.64,0.92,,,,,,,,,,,,,,,,,,,
"gun_9_x4_brazil_ca,bb,bc",,229,gun_9_x4,"brazil, chile, argentina","ca, bb, bc",,,,,,agamemnon_gun_b_228_x4,1.35,1.49,0.58,1.56,warrior_gun_228_x4,1.35,1.49,0.58,0.96,kgeorge_gun_a_380_x4,0.82,0.895,0.58,0.92,kgeorge_gun_380_x4_c,0.82,0.895,0.58,0.92,,,,,,,,,,,,,,,,,,,
"gun_10_x1_brazil_ca,bb,bc",,254,gun_10_x1,"brazil, chile, argentina","ca, bb, bc",friedrich_gun_228_x1,1.025,1.125,1.2,1.425,agamemnon_gun_305_x1,1.3,1.47,1.2,1,agamemnon_gun_305_x1,1.3,1.47,1.2,1,kgeorge_gun_a_380_x1,0.91,0.985,1.2,0.88,kgeorge_gun_380_x1_c,0.91,0.985,1.2,0.88,,,,,,,,,,,,,,,,,,,
"gun_10_x2_brazil_ca,bb,bc",,254,gun_10_x2,"brazil, chile, argentina","ca, bb, bc",friedrich_gun_228_x2,1.025,1.125,0.9,1.425,agamemnon_gun_305_x2,1.3,1.47,0.9,1,agamemnon_gun_305_x2,1.3,1.47,0.9,1,kgeorge_gun_a_380_x2,0.91,0.985,0.9,0.88,kgeorge_gun_380_x2_c,0.91,0.985,0.9,0.88,,,,,,,,,,,,,,,,,,,
"gun_10_x3_brazil_ca,bb,bc",,254,gun_10_x3,"brazil, chile, argentina","ca, bb, bc",friedrich_gun_228_x3,1.025,1.125,0.68,1.425,agamemnon_gun_305_x3,1.3,1.47,0.68,1,agamemnon_gun_305_x3,1.3,1.47,0.68,1,kgeorge_gun_a_380_x3,0.91,0.985,0.68,0.88,kgeorge_gun_380_x3_c,0.91,0.985,0.68,0.88,,,,,,,,,,,,,,,,,,,
"gun_10_x4_brazil_ca,bb,bc",,254,gun_10_x4,"brazil, chile, argentina","ca, bb, bc",,,,,,agamemnon_gun_305_x4,1.3,1.47,0.63,1,agamemnon_gun_305_x4,1.3,1.47,0.63,1,kgeorge_gun_a_380_x4,0.91,0.985,0.63,0.88,kgeorge_gun_380_x4_c,0.91,0.985,0.63,0.88,,,,,,,,,,,,,,,,,,,
"gun_11_x1_brazil_ca,bb,bc",,279,gun_11_x1,"brazil, chile, argentina","ca, bb, bc",tsesarevich_gun_305_x1,1.1,1.19,1.07,0.84,agamemnon_gun_305_x1,1.475,1.495,1.07,0.78,agamemnon_gun_305_x1,1.475,1.495,1.07,0.78,kgeorge_gun_a_380_x1,1,1.075,1.07,0.7,kgeorge_gun_380_x1_c,1,1.075,1.07,0.7,,,,,,,,,,,,,,,,,,,
"gun_11_x2_brazil_ca,bb,bc",,279,gun_11_x2,"brazil, chile, argentina","ca, bb, bc",tsesarevich_gun_305_x2,1.1,1.19,0.82,0.84,agamemnon_gun_305_x2,1.475,1.495,0.82,0.78,agamemnon_gun_305_x2,1.475,1.495,0.82,0.78,kgeorge_gun_a_380_x2,1,1.075,0.82,0.7,kgeorge_gun_380_x2_c,1,1.075,0.82,0.7,,,,,,,,,,,,,,,,,,,
"gun_11_x3_brazil_ca,bb,bc",,279,gun_11_x3,"brazil, chile, argentina","ca, bb, bc",tsesarevich_gun_305_x3,1.1,1.19,0.66,0.84,agamemnon_gun_305_x3,1.475,1.495,0.66,0.78,agamemnon_gun_305_x3,1.475,1.495,0.66,0.78,kgeorge_gun_a_380_x3,1,1.075,0.66,0.7,kgeorge_gun_380_x3_c,1,1.075,0.66,0.7,,,,,,,,,,,,,,,,,,,
"gun_11_x4_brazil_ca,bb,bc",,279,gun_11_x4,"brazil, chile, argentina","ca, bb, bc",,,,,,agamemnon_gun_305_x4,1.475,1.495,0.61,0.78,agamemnon_gun_305_x4,1.475,1.495,0.61,0.78,kgeorge_gun_a_380_x4,1,1.075,0.61,0.7,kgeorge_gun_380_x4_c,1,1.075,0.61,0.7,,,,,,,,,,,,,,,,,,,
"gun_12_x1_brazil_bb,bc",,305,gun_12_x1,"brazil, chile, argentina","bb, bc",tsesarevich_gun_305_x1,1.2,1.29,1.07,0.84,agamemnon_gun_305_x1,1.5,1.62,1.07,0.82,agamemnon_gun_305_x1,1.5,1.62,1.07,0.82,kgeorge_gun_380_x1,1.09,1.165,1.07,0.7,kgeorge_gun_380_x1_c,1.09,1.165,1.07,0.7,,,,,,,,,,,,,,,,,,,
"gun_12_x2_brazil_bb,bc",,305,gun_12_x2,"brazil, chile, argentina","bb, bc",tsesarevich_gun_305_x2,1.2,1.29,0.82,0.84,agamemnon_gun_305_x2,1.5,1.62,0.82,0.82,agamemnon_gun_305_x2,1.5,1.62,0.82,0.82,kgeorge_gun_380_x2,1.09,1.165,0.82,0.7,kgeorge_gun_380_x2_c,1.09,1.165,0.82,0.7,,,,,,,,,,,,,,,,,,,
"gun_12_x3_brazil_bb,bc",,305,gun_12_x3,"brazil, chile, argentina","bb, bc",tsesarevich_gun_305_x3,1.2,1.29,0.66,0.84,agamemnon_gun_305_x3,1.5,1.62,0.66,0.82,agamemnon_gun_305_x3,1.5,1.62,0.66,0.82,kgeorge_gun_380_x3,1.09,1.165,0.66,0.7,kgeorge_gun_380_x3_c,1.09,1.165,0.66,0.7,,,,,,,,,,,,,,,,,,,
"gun_12_x4_brazil_bb,bc",,305,gun_12_x4,"brazil, chile, argentina","bb, bc",,,,,,agamemnon_gun_305_x4,1.5,1.62,0.61,0.82,agamemnon_gun_305_x4,1.5,1.62,0.61,0.82,kgeorge_gun_380_x4,1.09,1.165,0.61,0.7,kgeorge_gun_380_x4_c,1.09,1.165,0.61,0.7,,,,,,,,,,,,,,,,,,,
"gun_13_x1_brazil_bb,bc",,330,gun_13_x1,"brazil, chile, argentina","bb, bc",tsesarevich_gun_305_x1,1.3,1.39,1.13,0.84,agamemnon_gun_305_x1,1.625,1.745,1.13,0.82,agamemnon_gun_305_x1,1.625,1.745,1.13,0.82,kgeorge_gun_380_x1,1.18,1.255,1.13,0.7,kgeorge_gun_380_x1_c,1.18,1.255,1.13,0.7,,,,,,,,,,,,,,,,,,,
"gun_13_x2_brazil_bb,bc",,330,gun_13_x2,"brazil, chile, argentina","bb, bc",tsesarevich_gun_305_x2,1.3,1.39,0.88,0.84,agamemnon_gun_305_x2,1.625,1.745,0.88,0.82,agamemnon_gun_305_x2,1.625,1.745,0.88,0.82,kgeorge_gun_380_x2,1.18,1.255,0.88,0.7,kgeorge_gun_380_x2_c,1.18,1.255,0.88,0.7,,,,,,,,,,,,,,,,,,,
"gun_13_x3_brazil_bb,bc",,330,gun_13_x3,"brazil, chile, argentina","bb, bc",tsesarevich_gun_305_x3,1.3,1.39,0.705,0.84,agamemnon_gun_305_x3,1.625,1.745,0.705,0.82,agamemnon_gun_305_x3,1.625,1.745,0.705,0.82,kgeorge_gun_380_x3,1.18,1.255,0.705,0.7,kgeorge_gun_380_x3_c,1.18,1.255,0.705,0.7,,,,,,,,,,,,,,,,,,,
"gun_13_x4_brazil_bb,bc",,330,gun_13_x4,"brazil, chile, argentina","bb, bc",,,,,,agamemnon_gun_305_x4,1.625,1.745,0.65,0.82,agamemnon_gun_305_x4,1.625,1.745,0.65,0.82,kgeorge_gun_380_x4,1.18,1.255,0.65,0.7,kgeorge_gun_380_x4_c,1.18,1.255,0.65,0.7,,,,,,,,,,,,,,,,,,,
"gun_14_x1_brazil_bb,bc",,356,gun_14_x1,"brazil, chile, argentina","bb, bc",agamemnon_gun_305_x1,1.75,1.87,1.13,0.82,agamemnon_gun_305_x1,1.75,1.87,1.13,0.82,agamemnon_gun_305_x1,1.75,1.87,1.13,0.82,kgeorge_gun_380_x1,1.27,1.345,1.13,0.7,kgeorge_gun_380_x1_c,1.27,1.345,1.13,0.7,,,,,,,,,,,,,,,,,,,
"gun_14_x2_brazil_bb,bc",,356,gun_14_x2,"brazil, chile, argentina","bb, bc",agamemnon_gun_305_x2,1.75,1.87,0.88,0.82,agamemnon_gun_305_x2,1.75,1.87,0.88,0.82,agamemnon_gun_305_x2,1.75,1.87,0.88,0.82,kgeorge_gun_380_x2,1.27,1.345,0.88,0.7,kgeorge_gun_380_x2_c,1.27,1.345,0.88,0.7,,,,,,,,,,,,,,,,,,,
"gun_14_x3_brazil_bb,bc",,356,gun_14_x3,"brazil, chile, argentina","bb, bc",agamemnon_gun_305_x3,1.75,1.87,0.705,0.82,agamemnon_gun_305_x3,1.75,1.87,0.705,0.82,agamemnon_gun_305_x3,1.75,1.87,0.705,0.82,kgeorge_gun_380_x3,1.27,1.345,0.705,0.7,kgeorge_gun_380_x3_c,1.27,1.345,0.705,0.7,,,,,,,,,,,,,,,,,,,
"gun_14_x4_brazil_bb,bc",,356,gun_14_x4,"brazil, chile, argentina","bb, bc",agamemnon_gun_305_x4,1.75,1.87,0.66,0.82,agamemnon_gun_305_x4,1.75,1.87,0.66,0.82,agamemnon_gun_305_x4,1.75,1.87,0.66,0.82,kgeorge_gun_380_x4,1.27,1.345,0.66,0.7,kgeorge_gun_380_x4_c,1.27,1.345,0.66,0.7,,,,,,,,,,,,,,,,,,,
"gun_15_x1_brazil_bb,bc",,381,gun_15_x1,"brazil, chile, argentina","bb, bc",agamemnon_gun_305_x1,1.875,1.995,1.14,0.81,agamemnon_gun_305_x1,1.875,1.995,1.14,0.81,fus_gun_356_x1_a,1.35,1.43,1.14,0.94,kgeorge_gun_380_x1,1.36,1.435,1.14,0.7,kgeorge_gun_380_x1_c,1.36,1.435,1.14,0.7,,,,,,,,,,,,,,,,,,,
"gun_15_x2_brazil_bb,bc",,381,gun_15_x2,"brazil, chile, argentina","bb, bc",agamemnon_gun_305_x2,1.875,1.995,0.9,0.81,agamemnon_gun_305_x2,1.875,1.995,0.9,0.81,fus_gun_356_x2_a,1.35,1.43,0.9,0.94,kgeorge_gun_380_x2,1.36,1.435,0.9,0.7,kgeorge_gun_380_x2_c,1.36,1.435,0.9,0.7,,,,,,,,,,,,,,,,,,,
"gun_15_x3_brazil_bb,bc",,381,gun_15_x3,"brazil, chile, argentina","bb, bc",agamemnon_gun_305_x3,1.875,1.995,0.72,0.81,agamemnon_gun_305_x3,1.875,1.995,0.72,0.81,fus_gun_356_x3_a,1.35,1.43,0.72,0.94,kgeorge_gun_380_x3,1.36,1.435,0.72,0.7,kgeorge_gun_380_x3_c,1.36,1.435,0.72,0.7,,,,,,,,,,,,,,,,,,,
"gun_15_x4_brazil_bb,bc",,381,gun_15_x4,"brazil, chile, argentina","bb, bc",agamemnon_gun_305_x4,1.875,1.995,0.675,0.81,agamemnon_gun_305_x4,1.875,1.995,0.675,0.81,fus_gun_356_x4_a,1.35,1.43,0.675,0.94,kgeorge_gun_380_x4,1.36,1.435,0.675,0.7,kgeorge_gun_380_x4_c,1.36,1.435,0.675,0.7,,,,,,,,,,,,,,,,,,,
"gun_16_x1_brazil_bb,bc",,406,gun_16_x1,"brazil, chile, argentina","bb, bc",agamemnon_gun_305_x1,2,2.12,1.15,0.81,agamemnon_gun_305_x1,2,2.12,1.15,0.81,fus_gun_356_x1_a,1.44,1.52,1.15,0.94,kgeorge_gun_380_x1,1.45,1.525,1.15,0.69,kgeorge_gun_380_x1_c,1.45,1.525,1.15,0.69,,,,,,,,,,,,,,,,,,,
"gun_16_x2_brazil_bb,bc",,406,gun_16_x2,"brazil, chile, argentina","bb, bc",agamemnon_gun_305_x2,2,2.12,0.93,0.81,agamemnon_gun_305_x2,2,2.12,0.93,0.81,fus_gun_356_x2_a,1.44,1.52,0.93,0.94,kgeorge_gun_380_x2,1.45,1.525,0.93,0.69,kgeorge_gun_380_x2_c,1.45,1.525,0.93,0.69,,,,,,,,,,,,,,,,,,,
"gun_16_x3_brazil_bb,bc",,406,gun_16_x3,"brazil, chile, argentina","bb, bc",agamemnon_gun_305_x3,2,2.12,0.75,0.81,agamemnon_gun_305_x3,2,2.12,0.75,0.81,fus_gun_356_x3_a,1.44,1.52,0.75,0.94,kgeorge_gun_380_x3,1.45,1.525,0.75,0.69,kgeorge_gun_380_x3_c,1.45,1.525,0.75,0.69,,,,,,,,,,,,,,,,,,,
"gun_16_x4_brazil_bb,bc",,406,gun_16_x4,"brazil, chile, argentina","bb, bc",agamemnon_gun_305_x4,2,2.12,0.68,0.81,agamemnon_gun_305_x4,2,2.12,0.68,0.81,fus_gun_356_x4_a,1.44,1.52,0.68,0.94,kgeorge_gun_380_x4,1.45,1.525,0.68,0.69,kgeorge_gun_380_x4_c,1.45,1.525,0.68,0.69,,,,,,,,,,,,,,,,,,,
"gun_17_x1_brazil_bb,bc",,432,gun_17_x1,"brazil, chile, argentina","bb, bc",fus_gun_356_x1_a,1.53,1.61,1.2,0.94,kgeorge_gun_380_x1,1.54,1.615,1.2,0.69,kgeorge_gun_380_x1,1.54,1.615,1.2,0.69,kgeorge_gun_380_x1,1.54,1.615,1.2,0.69,kgeorge_gun_380_x1_c,1.54,1.615,1.2,0.69,,,,,,,,,,,,,,,,,,,
"gun_17_x2_brazil_bb,bc",,432,gun_17_x2,"brazil, chile, argentina","bb, bc",fus_gun_356_x2_a,1.53,1.61,0.95,0.94,kgeorge_gun_380_x2,1.54,1.615,0.95,0.69,kgeorge_gun_380_x2,1.54,1.615,0.95,0.69,kgeorge_gun_380_x2,1.54,1.615,0.95,0.69,kgeorge_gun_380_x2_c,1.54,1.615,0.95,0.69,,,,,,,,,,,,,,,,,,,
"gun_17_x3_brazil_bb,bc",,432,gun_17_x3,"brazil, chile, argentina","bb, bc",fus_gun_356_x3_a,1.53,1.61,0.775,0.94,kgeorge_gun_380_x3,1.54,1.615,0.775,0.69,kgeorge_gun_380_x3,1.54,1.615,0.775,0.69,kgeorge_gun_380_x3,1.54,1.615,0.775,0.69,kgeorge_gun_380_x3_c,1.54,1.615,0.775,0.69,,,,,,,,,,,,,,,,,,,
"gun_17_x4_brazil_bb,bc",,432,gun_17_x4,"brazil, chile, argentina","bb, bc",fus_gun_356_x4_a,1.53,1.61,0.71,0.94,kgeorge_gun_380_x4,1.54,1.615,0.71,0.69,kgeorge_gun_380_x4,1.54,1.615,0.71,0.69,kgeorge_gun_380_x4,1.54,1.615,0.71,0.69,kgeorge_gun_380_x4_c,1.54,1.615,0.71,0.69,,,,,,,,,,,,,,,,,,,
"gun_18_x1_brazil_bb,bc",,457,gun_18_x1,"brazil, chile, argentina","bb, bc",fus_gun_356_x1_a,1.62,1.7,1.23,0.94,kgeorge_gun_380_x1,1.63,1.705,1.23,0.68,kgeorge_gun_380_x1,1.63,1.705,1.23,0.68,kgeorge_gun_380_x1,1.63,1.705,1.23,0.68,kgeorge_gun_380_x1_c,1.63,1.705,1.23,0.68,,,,,,,,,,,,,,,,,,,
"gun_18_x2_brazil_bb,bc",,457,gun_18_x2,"brazil, chile, argentina","bb, bc",fus_gun_356_x2_a,1.62,1.7,0.985,0.94,kgeorge_gun_380_x2,1.63,1.705,0.985,0.68,kgeorge_gun_380_x2,1.63,1.705,0.985,0.68,kgeorge_gun_380_x2,1.63,1.705,0.985,0.68,kgeorge_gun_380_x2_c,1.63,1.705,0.985,0.68,,,,,,,,,,,,,,,,,,,
"gun_18_x3_brazil_bb,bc",,457,gun_18_x3,"brazil, chile, argentina","bb, bc",fus_gun_356_x3_a,1.62,1.7,0.81,0.94,kgeorge_gun_380_x3,1.63,1.705,0.81,0.68,kgeorge_gun_380_x3,1.63,1.705,0.81,0.68,kgeorge_gun_380_x3,1.63,1.705,0.81,0.68,kgeorge_gun_380_x3_c,1.63,1.705,0.81,0.68,,,,,,,,,,,,,,,,,,,
"gun_18_x4_brazil_bb,bc",,457,gun_18_x4,"brazil, chile, argentina","bb, bc",fus_gun_356_x4_a,1.62,1.7,0.735,0.94,kgeorge_gun_380_x4,1.63,1.705,0.735,0.68,kgeorge_gun_380_x4,1.63,1.705,0.735,0.68,kgeorge_gun_380_x4,1.63,1.705,0.735,0.68,kgeorge_gun_380_x4_c,1.63,1.705,0.735,0.68,,,,,,,,,,,,,,,,,,,
"gun_19_x1_brazil_bb,bc",,483,gun_19_x1,"brazil, chile, argentina","bb, bc",fus_gun_356_x1_a,1.71,1.79,1.16,0.94,kgeorge_gun_380_x1,1.72,1.795,1.16,0.68,kgeorge_gun_380_x1,1.72,1.795,1.16,0.68,kgeorge_gun_380_x1,1.72,1.795,1.16,0.68,kgeorge_gun_380_x1_c,1.72,1.795,1.16,0.68,,,,,,,,,,,,,,,,,,,
"gun_19_x2_brazil_bb,bc",,483,gun_19_x2,"brazil, chile, argentina","bb, bc",fus_gun_356_x2_a,1.71,1.79,0.95,0.94,kgeorge_gun_380_x2,1.72,1.795,0.95,0.68,kgeorge_gun_380_x2,1.72,1.795,0.95,0.68,kgeorge_gun_380_x2,1.72,1.795,0.95,0.68,kgeorge_gun_380_x2_c,1.72,1.795,0.95,0.68,,,,,,,,,,,,,,,,,,,
"gun_19_x3_brazil_bb,bc",,483,gun_19_x3,"brazil, chile, argentina","bb, bc",fus_gun_356_x3_a,1.71,1.79,0.78,0.94,kgeorge_gun_380_x3,1.72,1.795,0.78,0.68,kgeorge_gun_380_x3,1.72,1.795,0.78,0.68,kgeorge_gun_380_x3,1.72,1.795,0.78,0.68,kgeorge_gun_380_x3_c,1.72,1.795,0.78,0.68,,,,,,,,,,,,,,,,,,,
"gun_19_x4_brazil_bb,bc",,483,gun_19_x4,"brazil, chile, argentina","bb, bc",fus_gun_356_x4_a,1.71,1.79,0.725,0.94,kgeorge_gun_380_x4,1.72,1.795,0.725,0.68,kgeorge_gun_380_x4,1.72,1.795,0.725,0.68,kgeorge_gun_380_x4,1.72,1.795,0.725,0.68,kgeorge_gun_380_x4_c,1.72,1.795,0.725,0.68,,,,,,,,,,,,,,,,,,,
"gun_20_x1_brazil_bb,bc",,508,gun_20_x1,"brazil, chile, argentina","bb, bc",fus_gun_356_x1_a,1.8,1.88,1.05,0.93,kgeorge_gun_380_x1,1.81,1.885,1.05,0.68,kgeorge_gun_380_x1,1.81,1.885,1.05,0.68,kgeorge_gun_380_x1,1.81,1.885,1.05,0.68,kgeorge_gun_380_x1_c,1.81,1.885,1.05,0.68,,,,,,,,,,,,,,,,,,,
"gun_20_x2_brazil_bb,bc",,508,gun_20_x2,"brazil, chile, argentina","bb, bc",fus_gun_356_x2_a,1.8,1.88,0.85,0.93,kgeorge_gun_380_x2,1.81,1.885,0.85,0.68,kgeorge_gun_380_x2,1.81,1.885,0.85,0.68,kgeorge_gun_380_x2,1.81,1.885,0.85,0.68,kgeorge_gun_380_x2_c,1.81,1.885,0.85,0.68,,,,,,,,,,,,,,,,,,,
"gun_20_x3_brazil_bb,bc",,508,gun_20_x3,"brazil, chile, argentina","bb, bc",fus_gun_356_x3_a,1.8,1.88,0.7,0.93,kgeorge_gun_380_x3,1.81,1.885,0.7,0.68,kgeorge_gun_380_x3,1.81,1.885,0.7,0.68,kgeorge_gun_380_x3,1.81,1.885,0.7,0.68,kgeorge_gun_380_x3_c,1.81,1.885,0.7,0.68,,,,,,,,,,,,,,,,,,,
"gun_20_x4_brazil_bb,bc",,508,gun_20_x4,"brazil, chile, argentina","bb, bc",fus_gun_356_x4_a,1.8,1.88,0.65,0.93,kgeorge_gun_380_x4,1.81,1.885,0.65,0.68,kgeorge_gun_380_x4,1.81,1.885,0.65,0.68,kgeorge_gun_380_x4,1.81,1.885,0.65,0.68,kgeorge_gun_380_x4_c,1.81,1.885,0.65,0.68,,,,,,,,,,,,,,,,,,,
###,,,###,,,,,,,,,,,,,,,,,,,,,,,,,,,,,,,,,,,,,,,,,,,,,,
gun_2_x1_greece,,51,gun_2_x1,greece,,,,,,,,,,,,,,,,,,,,,,,,,,,,,,,,,,,,,,,,,,,,,
gun_2_x2_greece,,51,gun_2_x2,greece,,,,,,,,,,,,,,,,,,,,,,,,,,,,,,,,,,,,,,,,,,,,,
gun_2_x3_greece,,51,gun_2_x3,greece,,,,,,,,,,,,,,,,,,,,,,,,,,,,,,,,,,,,,,,,,,,,,
gun_2_x4_greece,,51,gun_2_x4,greece,,,,,,,,,,,,,,,,,,,,,,,,,,,,,,,,,,,,,,,,,,,,,
gun_3_x1_greece_dd,,76,gun_3_x1,greece,"dd, tb",,,,,,,,,,,,,,,,,,,,,,,,,,,,,,,,,,,,,,,,,,,,
gun_3_x2_greece_dd,,76,gun_3_x2,greece,"dd, tb",,,,,,,,,,,,,,,,,,,,,,,,,,,,,,,,,,,,,,,,,,,,
gun_3_x3_greece_dd,,76,gun_3_x3,greece,"dd, tb",,,,,,,,,,,,,,,,,,,,,,,,,,,,,,,,,,,,,,,,,,,,
gun_3_x4_greece_dd,,76,gun_3_x4,greece,"dd, tb",,,,,,,,,,,,,,,,,,,,,,,,,,,,,,,,,,,,,,,,,,,,
gun_4_x1_greece_dd,,102,gun_4_x1,greece,"dd, tb",,,,,,,,,,,,,,,,,,,,,,,,,,,,,,,,,,,,,,,,,,,,
gun_4_x2_greece_dd,,102,gun_4_x2,greece,"dd, tb",,,,,,,,,,,,,,,,,,,,,,,,,,,,,,,,,,,,,,,,,,,,
gun_4_x3_greece_dd,,102,gun_4_x3,greece,"dd, tb",,,,,,,,,,,,,,,,,,,,,,,,,,,,,,,,,,,,,,,,,,,,
gun_4_x4_greece_dd,,102,gun_4_x4,greece,"dd, tb",,,,,,,,,,,,,,,,,,,,,,,,,,,,,,,,,,,,,,,,,,,,
gun_5_x1_greece_dd,,127,gun_5_x1,greece,"dd, tb",,,,,,,,,,,,,,,,,,,,,,,,,,,,,,,,,,,,,,,,,,,,
gun_5_x2_greece_dd,,127,gun_5_x2,greece,"dd, tb",,,,,,,,,,,,,,,,,,,,,,,,,,,,,,,,,,,,,,,,,,,,
gun_5_x3_greece_dd,,127,gun_5_x3,greece,"dd, tb",,,,,,,,,,,,,,,,,,,,,,,,,,,,,,,,,,,,,,,,,,,,
gun_5_x4_greece_dd,,127,gun_5_x4,greece,"dd, tb",,,,,,,,,,,,,,,,,,,,,,,,,,,,,,,,,,,,,,,,,,,,
gun_3_x1_greece_cl,,76,gun_3_x1,greece,cl,,,,,,,,,,,hood_gun_140_x1,0.6,0.78,1.45,1.76,bismarck_gun_105_x1,0.6,0.79,1.45,2.3,bismarck_gun_105_x1,0.6,0.79,1.45,2.3,,,,,,,,,,,,,,,,,,,
gun_3_x2_greece_cl,,76,gun_3_x2,greece,cl,tsesarevich_gun_152_x2,0.525,0.745,1.08,1.95,didox_gun_cal133_x2,0.45,0.59,1.08,2.84,hood_gun_140_x2,0.6,0.78,1.08,1.76,bismarck_gun_105_x2,0.6,0.79,1.08,2.3,bismarck_gun_105_x2,0.6,0.79,1.08,2.3,,,,,,,,,,,,,,,,,,,
gun_3_x3_greece_cl,,76,gun_3_x3,greece,cl,tsesarevich_gun_152_x3,0.525,0.745,0.83,1.95,didox_gun_cal133_x3,0.45,0.59,0.83,2.84,hood_gun_140_x3,0.6,0.78,0.83,1.76,bismarck_gun_105_x3,0.6,0.79,0.83,2.3,bismarck_gun_105_x3,0.6,0.79,0.83,2.3,,,,,,,,,,,,,,,,,,,
gun_3_x4_greece_cl,,76,gun_3_x4,greece,cl,,,,,,didox_gun_cal133_x4,0.45,0.59,0.74,2.84,,,,0.74,,bismarck_gun_105_x4,0.6,0.79,0.74,2.3,bismarck_gun_105_x4,0.6,0.79,0.74,2.3,,,,,,,,,,,,,,,,,,,
gun_4_x1_greece_cl,,102,gun_4_x1,greece,cl,,,,,,,,,,,hood_gun_140_x1,0.8,0.98,1.7,1.46,bismarck_gun_105_x1,0.8,0.99,1.7,1.9,bismarck_gun_105_x1,0.8,0.99,1.7,1.9,,,,,,,,,,,,,,,,,,,
gun_4_x2_greece_cl,,102,gun_4_x2,greece,cl,tsesarevich_gun_152_x2,0.75,0.87,1.28,1.5,didox_gun_cal133_x2,0.6,0.74,1.28,2.34,hood_gun_140_x2,0.8,0.98,1.28,1.46,bismarck_gun_105_x2,0.8,0.99,1.28,1.9,bismarck_gun_105_x2,0.8,0.99,1.28,1.9,,,,,,,,,,,,,,,,,,,
gun_4_x3_greece_cl,,102,gun_4_x3,greece,cl,tsesarevich_gun_152_x3,0.75,0.87,1,1.5,didox_gun_cal133_x3,0.6,0.74,1,2.34,hood_gun_140_x3,0.8,0.98,1,1.46,bismarck_gun_105_x3,0.8,0.99,1,1.9,bismarck_gun_105_x3,0.8,0.99,1,1.9,,,,,,,,,,,,,,,,,,,
gun_4_x4_greece_cl,,102,gun_4_x4,greece,cl,,,,,,didox_gun_cal133_x4,0.6,0.74,0.85,2.34,,,,0.85,,bismarck_gun_105_x4,0.8,0.99,0.85,1.9,bismarck_gun_105_x4,0.8,0.99,0.85,1.9,,,,,,,,,,,,,,,,,,,
gun_5_x1_greece_cl,,127,gun_5_x1,greece,cl,,,,,,,,,,,hood_gun_140_x1,1,1.18,1.25,1.14,bismarck_gun_105_x1,1,1.19,1.25,1.5,bismarck_gun_105_x1,1,1.19,1.25,1.5,,,,,,,,,,,,,,,,,,,
gun_5_x2_greece_cl,,127,gun_5_x2,greece,cl,tsesarevich_gun_152_x2,0.875,1.045,0.95,1.26,didox_gun_cal133_x2,0.75,0.89,0.95,1.82,hood_gun_140_x2,1,1.18,0.95,1.14,bismarck_gun_105_x2,1,1.19,0.95,1.5,bismarck_gun_105_x2,1,1.19,0.95,1.5,,,,,,,,,,,,,,,,,,,
gun_5_x3_greece_cl,,127,gun_5_x3,greece,cl,tsesarevich_gun_152_x3,0.875,1.045,0.75,1.26,didox_gun_cal133_x3,0.75,0.89,0.75,1.82,hood_gun_140_x3,1,1.18,0.75,1.14,bismarck_gun_105_x3,1,1.19,0.75,1.5,bismarck_gun_105_x3,1,1.19,0.75,1.5,,,,,,,,,,,,,,,,,,,
gun_5_x4_greece_cl,,127,gun_5_x4,greece,cl,,,,,,didox_gun_cal133_x4,0.75,0.89,0.68,1.82,,,,0.68,,bismarck_gun_105_x4,1,1.19,0.68,1.5,bismarck_gun_105_x4,1,1.19,0.68,1.5,,,,,,,,,,,,,,,,,,,
gun_6_x1_greece_cl,,152,gun_6_x1,greece,cl,,,,,,,,,,,ussr_gun_152_x1,0.84,0.975,1.185,1.6,moga_gun_200_x1,0.63,0.73,1.185,2.08,moga_gun_200_x1,0.63,0.73,1.185,2.08,,,,,,,,,,,,,,,,,,,
gun_6_x2_greece_cl,,152,gun_6_x2,greece,cl,tsesarevich_gun_152_x2,1.050,1.22,0.86,1.2,didox_gun_cal133_x2,0.9,1.04,0.86,1.72,ussr_gun_152_x2,0.84,0.975,0.86,1.6,moga_gun_200_x2,0.63,0.73,0.86,2.08,moga_gun_200_x2,0.63,0.73,0.86,2.08,,,,,,,,,,,,,,,,,,,
gun_6_x3_greece_cl,,152,gun_6_x3,greece,cl,tsesarevich_gun_152_x3,1.050,1.22,0.66,1.2,didox_gun_cal133_x3,0.9,1.04,0.66,1.72,ussr_gun_152_x3,0.84,0.975,0.66,1.6,moga_gun_200_x3,0.63,0.73,0.66,2.08,moga_gun_200_x3,0.63,0.73,0.66,2.08,,,,,,,,,,,,,,,,,,,
gun_6_x4_greece_cl,,152,gun_6_x4,greece,cl,,,,,,didox_gun_cal133_x4,0.9,1.04,0.6,1.72,,,,,,moga_gun_200_x4,0.63,0.73,0.6,2.08,moga_gun_200_x4,0.63,0.73,0.6,2.08,,,,,,,,,,,,,,,,,,,
"gun_3_x1_greece_ca,bb,bc",,76,gun_3_x1,greece,"ca, bb, bc",tsesarevich_gun_152_x1,0.525,0.745,1.45,1.95,dido_gun_cal200_x1,0.33,0.41,1.45,2.14,dreadnought_gun_178_x1,0.51,0.67,1.45,2,bismarck_gun_150_x1,0.475,0.55,1.45,2.575,bismarck_gun_b_150_x1,0.475,0.55,1.45,2.575,,,,,,,,,,,,,,,,,,,
"gun_3_x2_greece_ca,bb,bc",,76,gun_3_x2,greece,"ca, bb, bc",tsesarevich_gun_152_x2,0.525,0.745,1.08,1.95,dido_gun_cal200_x2,0.33,0.41,1.08,2.14,dreadnought_gun_178_x2,0.51,0.67,1.08,2,bismarck_gun_150_x2,0.475,0.55,1.08,2.575,bismarck_gun_b_150_x2,0.475,0.55,1.08,2.575,,,,,,,,,,,,,,,,,,,
"gun_3_x3_greece_ca,bb,bc",,76,gun_3_x3,greece,"ca, bb, bc",tsesarevich_gun_152_x3,0.525,0.745,0.83,1.95,dido_gun_cal200_x3,0.33,0.41,0.83,2.14,dreadnought_gun_178_x3,0.51,0.67,0.83,2,bismarck_gun_150_x3,0.475,0.55,0.83,2.575,bismarck_gun_b_150_x3,0.475,0.55,0.83,2.575,,,,,,,,,,,,,,,,,,,
"gun_3_x4_greece_ca,bb,bc",,76,gun_3_x4,greece,"ca, bb, bc",,,,,,dido_gun_cal200_x4,0.33,0.41,0.74,2.14,dreadnought_gun_178_x4,0.51,0.67,0.74,2,bismarck_gun_150_x4,0.475,0.55,0.74,2.575,bismarck_gun_b_150_x4,0.475,0.55,0.74,2.575,,,,,,,,,,,,,,,,,,,
"gun_4_x1_greece_ca,bb,bc",,102,gun_4_x1,greece,"ca, bb, bc",tsesarevich_gun_152_x1,0.75,0.87,1.7,1.5,dido_gun_cal200_x1,0.42,0.5,1.7,1.84,dreadnought_gun_178_x1,0.68,0.84,1.7,1.65,bismarck_gun_150_x1,0.6,0.7,1.7,2.23,bismarck_gun_b_150_x1,0.6,0.7,1.7,2.23,,,,,,,,,,,,,,,,,,,
"gun_4_x2_greece_ca,bb,bc",,102,gun_4_x2,greece,"ca, bb, bc",tsesarevich_gun_152_x2,0.75,0.87,1.28,1.5,dido_gun_cal200_x2,0.42,0.5,1.28,1.84,dreadnought_gun_178_x2,0.68,0.84,1.28,1.65,bismarck_gun_150_x2,0.6,0.7,1.28,2.23,bismarck_gun_b_150_x2,0.6,0.7,1.28,2.23,,,,,,,,,,,,,,,,,,,
"gun_4_x3_greece_ca,bb,bc",,102,gun_4_x3,greece,"ca, bb, bc",tsesarevich_gun_152_x3,0.75,0.87,1,1.5,dido_gun_cal200_x3,0.42,0.5,1,1.84,dreadnought_gun_178_x3,0.68,0.84,1,1.65,bismarck_gun_150_x3,0.6,0.7,1,2.23,bismarck_gun_b_150_x3,0.6,0.7,1,2.23,,,,,,,,,,,,,,,,,,,
"gun_4_x4_greece_ca,bb,bc",,102,gun_4_x4,greece,"ca, bb, bc",,,,,,dido_gun_cal200_x4,0.42,0.5,0.85,1.84,dreadnought_gun_178_x4,0.68,0.84,0.85,1.65,bismarck_gun_150_x4,0.6,0.7,0.85,2.23,bismarck_gun_b_150_x4,0.6,0.7,0.85,2.23,,,,,,,,,,,,,,,,,,,
"gun_5_x1_greece_ca,bb,bc",,127,gun_5_x1,greece,"ca, bb, bc",tsesarevich_gun_152_x1,0.875,1.045,1.25,1.26,dido_gun_cal200_x1,0.51,0.59,1.25,1.5,dreadnought_gun_178_x1,0.85,1.01,1.25,1.3,bismarck_gun_150_x1,0.725,0.8,1.25,1.855,bismarck_gun_b_150_x1,0.725,0.8,1.25,1.855,,,,,,,,,,,,,,,,,,,
"gun_5_x2_greece_ca,bb,bc",,127,gun_5_x2,greece,"ca, bb, bc",tsesarevich_gun_152_x2,0.875,1.045,0.95,1.26,dido_gun_cal200_x2,0.51,0.59,0.95,1.5,dreadnought_gun_178_x2,0.85,1.01,0.95,1.3,bismarck_gun_150_x2,0.725,0.8,0.95,1.855,bismarck_gun_b_150_x2,0.725,0.8,0.95,1.855,,,,,,,,,,,,,,,,,,,
"gun_5_x3_greece_ca,bb,bc",,127,gun_5_x3,greece,"ca, bb, bc",tsesarevich_gun_152_x3,0.875,1.045,0.75,1.26,dido_gun_cal200_x3,0.51,0.59,0.75,1.5,dreadnought_gun_178_x3,0.85,1.01,0.75,1.3,bismarck_gun_150_x3,0.725,0.8,0.75,1.855,bismarck_gun_b_150_x3,0.725,0.8,0.75,1.855,,,,,,,,,,,,,,,,,,,
"gun_5_x4_greece_ca,bb,bc",,127,gun_5_x4,greece,"ca, bb, bc",,,,,,dido_gun_cal200_x4,0.51,0.59,0.68,1.5,dreadnought_gun_178_x4,0.85,1.01,0.68,1.3,bismarck_gun_150_x4,0.725,0.8,0.68,1.855,bismarck_gun_b_150_x4,0.725,0.8,0.68,1.855,,,,,,,,,,,,,,,,,,,
"gun_6_x1_greece_ca,bb,bc",,152,gun_6_x1,greece,"ca, bb, bc",tsesarevich_gun_152_x1,1.050,1.22,1.185,1.2,agamemnon_gun_b_228_x1,0.9,1.04,1.185,1.38,warrior_gun_228_x1,0.9,1.04,1.185,1.04,nelson_gun_152_x1,0.96,1.11,1.185,1.3,mont_gun_152_x1,1.050,1.22,1.185,1.28,,,,,,,,,,,,,,,,,,,
"gun_6_x2_greece_ca,bb,bc",,152,gun_6_x2,greece,"ca, bb, bc",tsesarevich_gun_152_x2,1.050,1.22,0.86,1.2,agamemnon_gun_b_228_x2,0.9,1.04,0.86,1.38,warrior_gun_228_x2,0.9,1.04,0.86,1.04,nelson_gun_152_x2,0.96,1.11,0.86,1.3,mont_gun_152_x2,1.050,1.22,0.86,1.28,,,,,,,,,,,,,,,,,,,
"gun_6_x3_greece_ca,bb,bc",,152,gun_6_x3,greece,"ca, bb, bc",tsesarevich_gun_152_x3,1.050,1.22,0.66,1.2,agamemnon_gun_b_228_x3,0.9,1.04,0.66,1.7,warrior_gun_228_x3,0.9,1.04,0.66,1.04,nelson_gun_152_x3,0.96,1.11,0.66,1.3,mont_gun_152_x3,1.050,1.22,0.66,1.28,,,,,,,,,,,,,,,,,,,
"gun_6_x4_greece_ca,bb,bc",,152,gun_6_x4,greece,"ca, bb, bc",,,,,,agamemnon_gun_b_228_x4,0.9,1.04,0.6,1.7,warrior_gun_228_x4,0.9,1.04,0.6,1.04,nelson_gun_152_x4,0.96,1.11,0.6,1.54,mont_gun_152_x4,1.050,1.22,0.6,1.28,,,,,,,,,,,,,,,,,,,
"gun_7_x1_greece_cl,ca,bb,bc",,178,gun_7_x1,greece,"cl, ca, bb, bc",tsesarevich_gun_152_x1,1.225,1.395,1.21,1.18,agamemnon_gun_b_228_x1,1.05,1.19,1.21,1.36,warrior_gun_228_x1,1.05,1.19,1.21,1.02,nelson_gun_152_x1,1.12,1.27,1.21,1.28,mont_gun_152_x1,1.225,1.395,1.21,1.24,,,,,,,,,,,,,,,,,,,
"gun_7_x2_greece_cl,ca,bb,bc",,178,gun_7_x2,greece,"cl, ca, bb, bc",tsesarevich_gun_152_x2,1.225,1.395,0.9,1.18,agamemnon_gun_b_228_x2,1.05,1.19,0.9,1.36,warrior_gun_228_x2,1.05,1.19,0.9,1.02,nelson_gun_152_x2,1.12,1.27,0.9,1.28,mont_gun_152_x2,1.225,1.395,0.9,1.24,,,,,,,,,,,,,,,,,,,
"gun_7_x3_greece_cl,ca,bb,bc",,178,gun_7_x3,greece,"cl, ca, bb, bc",tsesarevich_gun_152_x3,1.225,1.395,0.705,1.18,agamemnon_gun_b_228_x3,1.05,1.19,0.705,1.64,warrior_gun_228_x3,1.05,1.19,0.705,1.02,nelson_gun_152_x3,1.12,1.27,0.705,1.28,mont_gun_152_x3,1.225,1.395,0.705,1.24,,,,,,,,,,,,,,,,,,,
"gun_7_x4_greece_cl,ca,bb,bc",,178,gun_7_x4,greece,"cl, ca, bb, bc",,,,,,agamemnon_gun_b_228_x4,1.05,1.19,0.64,1.64,warrior_gun_228_x4,1.05,1.19,0.64,1.02,nelson_gun_152_x4,1.12,1.27,0.64,1.5,mont_gun_152_x4,1.225,1.395,0.64,1.24,,,,,,,,,,,,,,,,,,,
"gun_8_x1_greece_ca,bb,bc",,203,gun_8_x1,greece,"ca, bb, bc",friedrich_gun_228_x1,0.82,0.92,1.17,1.52,ny_gun_210_x1,1.546,1.722,1.17,0.975,vdt_gun_280_x1,0.82,0.92,1.17,1.14,nelson_gun_152_x1,1.28,1.43,1.17,1.24,mont_gun_152_x1,1.4,1.57,1.17,1.2,,,,,,,,,,,,,,,,,,,
"gun_8_x2_greece_ca,bb,bc",,203,gun_8_x2,greece,"ca, bb, bc",friedrich_gun_228_x2,0.82,0.92,0.88,1.52,ny_gun_210_x2,1.546,1.722,0.88,0.975,vdt_gun_280_x2,0.82,0.92,0.88,1.14,nelson_gun_152_x2,1.28,1.43,0.88,1.24,mont_gun_152_x2,1.4,1.57,0.88,1.2,,,,,,,,,,,,,,,,,,,
"gun_8_x3_greece_ca,bb,bc",,203,gun_8_x3,greece,"ca, bb, bc",friedrich_gun_228_x3,0.82,0.92,0.69,1.52,ny_gun_210_x3,1.546,1.722,0.69,0.975,vdt_gun_280_x3,0.82,0.92,0.69,1.14,nelson_gun_152_x3,1.28,1.43,0.69,1.24,mont_gun_152_x3,1.4,1.57,0.69,1.2,,,,,,,,,,,,,,,,,,,
"gun_8_x4_greece_ca,bb,bc",,203,gun_8_x4,greece,"ca, bb, bc",,,,,,,,,0.63,,vdt_gun_280_x4,0.82,0.92,0.63,1.14,nelson_gun_152_x4,1.28,1.43,0.63,1.46,mont_gun_152_x4,1.4,1.57,0.63,1.2,,,,,,,,,,,,,,,,,,,
"gun_9_x1_greece_ca,bb,bc",,229,gun_9_x1,greece,"ca, bb, bc",friedrich_gun_228_x1,0.9225,1.0225,1.1,1.46,ny_gun_210_x1,1.742,1.918,1.1,0.95,vdt_gun_280_x1,0.9225,1.0225,1.1,1.1,nelson_gun_152_x1,1.44,1.59,1.1,1.2,mont_gun_152_x1,1.575,1.745,1.1,1.18,,,,,,,,,,,,,,,,,,,
"gun_9_x2_greece_ca,bb,bc",,229,gun_9_x2,greece,"ca, bb, bc",friedrich_gun_228_x2,0.9225,1.0225,0.82,1.46,ny_gun_210_x2,1.742,1.918,0.82,0.95,vdt_gun_280_x2,0.9225,1.0225,0.82,1.1,nelson_gun_152_x2,1.44,1.59,0.82,1.2,mont_gun_152_x2,1.575,1.745,0.82,1.18,,,,,,,,,,,,,,,,,,,
"gun_9_x3_greece_ca,bb,bc",,229,gun_9_x3,greece,"ca, bb, bc",friedrich_gun_228_x3,0.9225,1.0225,0.64,1.46,ny_gun_210_x3,1.742,1.918,0.64,0.95,vdt_gun_280_x3,0.9225,1.0225,0.64,1.1,nelson_gun_152_x3,1.44,1.59,0.64,1.2,mont_gun_152_x3,1.575,1.745,0.64,1.18,,,,,,,,,,,,,,,,,,,
"gun_9_x4_greece_ca,bb,bc",,229,gun_9_x4,greece,"ca, bb, bc",,,,,,,,,0.58,,vdt_gun_280_x4,0.9225,1.0225,0.58,1.1,nelson_gun_152_x4,1.44,1.59,0.58,1.42,mont_gun_152_x4,1.575,1.745,0.58,1.18,,,,,,,,,,,,,,,,,,,
"gun_10_x1_greece_ca,bb,bc",,254,gun_10_x1,greece,"ca, bb, bc",friedrich_gun_228_x1,1.025,1.125,1.2,1.425,ny_gun_210_x1,1.938,2.114,1.2,0.925,vdt_gun_280_x1,1.025,1.125,1.2,1.06,dreadnought_gun_c_305_x1,0.96,1.04,1.2,1.28,bismarck_gun_380_x1,0.9,0.98,1.2,0.96,,,,,,,,,,,,,,,,,,,
"gun_10_x2_greece_ca,bb,bc",,254,gun_10_x2,greece,"ca, bb, bc",friedrich_gun_228_x2,1.025,1.125,0.9,1.425,ny_gun_210_x2,1.938,2.114,0.9,0.925,vdt_gun_280_x2,1.025,1.125,0.9,1.06,dreadnought_gun_c_305_x2,0.96,1.04,0.9,1.28,bismarck_gun_380_x2,0.9,0.98,0.9,0.96,,,,,,,,,,,,,,,,,,,
"gun_10_x3_greece_ca,bb,bc",,254,gun_10_x3,greece,"ca, bb, bc",friedrich_gun_228_x3,1.025,1.125,0.68,1.425,ny_gun_210_x3,1.938,2.114,0.68,0.925,vdt_gun_280_x3,1.025,1.125,0.68,1.06,dreadnought_gun_c_305_x3,0.96,1.04,0.68,1.28,bismarck_gun_380_x3,0.9,0.98,0.68,0.96,,,,,,,,,,,,,,,,,,,
"gun_10_x4_greece_ca,bb,bc",,254,gun_10_x4,greece,"ca, bb, bc",,,,,,,,,,,vdt_gun_280_x4,1.025,1.125,0.63,1.06,dreadnought_gun_c_305_x4,0.96,1.04,0.63,1.28,bismarck_gun_380_x4,0.9,0.98,0.63,0.96,,,,,,,,,,,,,,,,,,,
"gun_11_x1_greece_ca,bb,bc",,279,gun_11_x1,greece,"ca, bb, bc",tsesarevich_gun_305_x1,1.1,1.19,1.07,0.84,dant_gun_245_x1,1.32,1.43,1.07,0.73,dreadnought_gun_b_305_x1,1.05,1.13,1.07,1.09,dreadnought_gun_c_305_x1,1.05,1.13,1.07,1.02,bismarck_gun_380_x1,0.99,1.07,1.07,0.76,,,,,,,,,,,,,,,,,,,
"gun_11_x2_greece_ca,bb,bc",,279,gun_11_x2,greece,"ca, bb, bc",tsesarevich_gun_305_x2,1.1,1.19,0.82,0.84,dant_gun_245_x2,1.32,1.43,0.82,0.73,dreadnought_gun_b_305_x2,1.05,1.13,0.82,1.09,dreadnought_gun_c_305_x2,1.05,1.13,0.82,1.02,bismarck_gun_380_x2,0.99,1.07,0.82,0.76,,,,,,,,,,,,,,,,,,,
"gun_11_x3_greece_ca,bb,bc",,279,gun_11_x3,greece,"ca, bb, bc",tsesarevich_gun_305_x3,1.1,1.19,0.66,0.84,dant_gun_245_x3,1.32,1.43,0.66,0.73,dreadnought_gun_b_305_x3,1.05,1.13,0.66,1.09,dreadnought_gun_c_305_x3,1.05,1.13,0.66,1.02,bismarck_gun_380_x3,0.99,1.07,0.66,0.76,,,,,,,,,,,,,,,,,,,
"gun_11_x4_greece_ca,bb,bc",,279,gun_11_x4,greece,"ca, bb, bc",,,,,,dant_gun_245_x4,1.32,1.43,0.61,0.73,dreadnought_gun_b_305_x4,1.05,1.13,0.61,1.09,dreadnought_gun_c_305_x4,1.05,1.13,0.61,1.02,bismarck_gun_380_x4,0.99,1.07,0.61,0.76,,,,,,,,,,,,,,,,,,,
"gun_12_x1_greece_bb,bc",,305,gun_12_x1,greece,"bb, bc",tsesarevich_gun_305_x1,1.2,1.29,1.07,0.84,dant_gun_245_x1,1.44,1.55,1.07,0.73,dreadnought_gun_b_305_x1,1.14,1.22,1.07,1.1,dreadnought_gun_c_305_x1,1.14,1.22,1.07,1.02,bismarck_gun_380_x1,1.08,1.16,1.07,0.76,,,,,,,,,,,,,,,,,,,
"gun_12_x2_greece_bb,bc",,305,gun_12_x2,greece,"bb, bc",tsesarevich_gun_305_x2,1.2,1.29,0.82,0.84,dant_gun_245_x2,1.44,1.55,0.82,0.73,dreadnought_gun_b_305_x2,1.14,1.22,0.82,1.1,dreadnought_gun_c_305_x2,1.14,1.22,0.82,1.02,bismarck_gun_380_x2,1.08,1.16,0.82,0.76,,,,,,,,,,,,,,,,,,,
"gun_12_x3_greece_bb,bc",,305,gun_12_x3,greece,"bb, bc",tsesarevich_gun_305_x3,1.2,1.29,0.66,0.84,dant_gun_245_x3,1.44,1.55,0.66,0.73,dreadnought_gun_b_305_x3,1.14,1.22,0.66,1.1,dreadnought_gun_c_305_x3,1.14,1.22,0.66,1.02,bismarck_gun_380_x3,1.08,1.16,0.66,0.76,,,,,,,,,,,,,,,,,,,
"gun_12_x4_greece_bb,bc",,305,gun_12_x4,greece,"bb, bc",,,,,,dant_gun_245_x4,1.44,1.55,0.61,0.73,dreadnought_gun_b_305_x4,1.14,1.22,0.61,1.1,dreadnought_gun_c_305_x4,1.14,1.22,0.61,1.02,bismarck_gun_380_x4,1.08,1.16,0.61,0.76,,,,,,,,,,,,,,,,,,,
"gun_13_x1_greece_bb,bc",,330,gun_13_x1,greece,"bb, bc",tsesarevich_gun_305_x1,1.3,1.39,1.13,0.84,dant_gun_245_x1,1.56,1.67,1.13,0.72,dreadnought_gun_b_305_x1,1.23,1.31,1.13,1.09,dreadnought_gun_c_305_x1,1.23,1.31,1.13,1.02,bismarck_gun_380_x1,1.17,1.25,1.13,0.76,,,,,,,,,,,,,,,,,,,
"gun_13_x2_greece_bb,bc",,330,gun_13_x2,greece,"bb, bc",tsesarevich_gun_305_x2,1.3,1.39,0.88,0.84,dant_gun_245_x2,1.56,1.67,0.88,0.72,dreadnought_gun_b_305_x2,1.23,1.31,0.88,1.09,dreadnought_gun_c_305_x2,1.23,1.31,0.88,1.02,bismarck_gun_380_x2,1.17,1.25,0.88,0.76,,,,,,,,,,,,,,,,,,,
"gun_13_x3_greece_bb,bc",,330,gun_13_x3,greece,"bb, bc",tsesarevich_gun_305_x3,1.3,1.39,0.705,0.84,dant_gun_245_x3,1.56,1.67,0.705,0.72,dreadnought_gun_b_305_x3,1.23,1.31,0.705,1.09,dreadnought_gun_c_305_x3,1.23,1.31,0.705,1.02,bismarck_gun_380_x3,1.17,1.25,0.705,0.76,,,,,,,,,,,,,,,,,,,
"gun_13_x4_greece_bb,bc",,330,gun_13_x4,greece,"bb, bc",,,,,,dant_gun_245_x4,1.56,1.67,0.65,0.72,dreadnought_gun_b_305_x4,1.23,1.31,0.65,1.09,dreadnought_gun_c_305_x4,1.23,1.31,0.65,1.02,bismarck_gun_380_x4,1.17,1.25,0.65,0.76,,,,,,,,,,,,,,,,,,,
"gun_14_x1_greece_bb,bc",,356,gun_14_x1,greece,"bb, bc",dante_gun_305_x1,1.26,1.345,1.13,0.73,dant_gun_245_x1,1.68,1.79,1.13,0.72,dreadnought_gun_b_305_x1,1.32,1.4,1.13,1.09,dreadnought_gun_c_305_x1,1.32,1.4,1.13,1.02,bismarck_gun_380_x1,1.26,1.34,1.13,0.75,,,,,,,,,,,,,,,,,,,
"gun_14_x2_greece_bb,bc",,356,gun_14_x2,greece,"bb, bc",dante_gun_305_x2,1.26,1.345,0.88,0.73,dant_gun_245_x2,1.68,1.79,0.88,0.72,dreadnought_gun_b_305_x2,1.32,1.4,0.88,1.09,dreadnought_gun_c_305_x2,1.32,1.4,0.88,1.02,bismarck_gun_380_x2,1.26,1.34,0.88,0.75,,,,,,,,,,,,,,,,,,,
"gun_14_x3_greece_bb,bc",,356,gun_14_x3,greece,"bb, bc",,,,0.705,,dant_gun_245_x3,1.68,1.79,0.705,0.72,dreadnought_gun_b_305_x3,1.32,1.4,0.705,1.09,dreadnought_gun_c_305_x3,1.32,1.4,0.705,1.02,bismarck_gun_380_x3,1.26,1.34,0.705,0.75,,,,,,,,,,,,,,,,,,,
"gun_14_x4_greece_bb,bc",,356,gun_14_x4,greece,"bb, bc",,,,0.66,,dant_gun_245_x4,1.68,1.79,0.66,0.72,dreadnought_gun_b_305_x4,1.32,1.4,0.66,1.09,dreadnought_gun_c_305_x4,1.32,1.4,0.66,1.02,bismarck_gun_380_x4,1.26,1.34,0.66,0.75,,,,,,,,,,,,,,,,,,,
"gun_15_x1_greece_bb,bc",,381,gun_15_x1,greece,"bb, bc",dante_gun_305_x1,1.35,1.435,1.14,0.72,dant_gun_245_x1,1.8,1.91,1.14,0.72,dreadnought_gun_c_305_x1,1.41,1.49,1.14,1.02,iowa_gun_406_x1,0.84,0.89,1.14,,iowa_gun_406_x1,0.84,0.89,1.14,,,,,,,,,,,,,,,,,,,,
"gun_15_x2_greece_bb,bc",,381,gun_15_x2,greece,"bb, bc",dante_gun_305_x2,1.35,1.435,0.9,0.72,dant_gun_245_x2,1.8,1.91,0.9,0.72,dreadnought_gun_c_305_x2,1.41,1.49,0.9,1.02,iowa_gun_406_x2,0.84,0.89,0.9,,iowa_gun_406_x2,0.84,0.89,0.9,,,,,,,,,,,,,,,,,,,,
"gun_15_x3_greece_bb,bc",,381,gun_15_x3,greece,"bb, bc",,,,0.72,,dant_gun_245_x3,1.8,1.91,0.72,0.72,dreadnought_gun_c_305_x3,1.41,1.49,0.72,1.02,iowa_gun_406_x3,0.84,0.89,0.72,,iowa_gun_406_x3,0.84,0.89,0.72,,,,,,,,,,,,,,,,,,,,
"gun_15_x4_greece_bb,bc",,381,gun_15_x4,greece,"bb, bc",,,,0.675,,dant_gun_245_x4,1.8,1.91,0.675,0.72,dreadnought_gun_c_305_x4,1.41,1.49,0.675,1.02,iowa_gun_406_x4,0.84,0.89,0.675,,iowa_gun_406_x4,0.84,0.89,0.675,,,,,,,,,,,,,,,,,,,,
"gun_16_x1_greece_bb,bc",,406,gun_16_x1,greece,"bb, bc",dante_gun_305_x1,1.44,1.525,1.15,0.72,dant_gun_245_x1,1.92,2.03,1.15,0.71,dreadnought_gun_c_305_x1,1.5,1.58,1.15,1.02,iowa_gun_406_x1,0.895,0.945,1.15,,iowa_gun_406_x1,0.895,0.945,1.15,,,,,,,,,,,,,,,,,,,,
"gun_16_x2_greece_bb,bc",,406,gun_16_x2,greece,"bb, bc",dante_gun_305_x2,1.44,1.525,0.93,0.72,dant_gun_245_x2,1.92,2.03,0.93,0.71,dreadnought_gun_c_305_x2,1.5,1.58,0.93,1.02,iowa_gun_406_x2,0.895,0.945,0.93,,iowa_gun_406_x2,0.895,0.945,0.93,,,,,,,,,,,,,,,,,,,,
"gun_16_x3_greece_bb,bc",,406,gun_16_x3,greece,"bb, bc",,,,,,dant_gun_245_x3,1.92,2.03,0.75,0.71,dreadnought_gun_c_305_x3,1.5,1.58,0.75,1.02,iowa_gun_406_x3,0.895,0.945,0.75,,iowa_gun_406_x3,0.895,0.945,0.75,,,,,,,,,,,,,,,,,,,,
"gun_16_x4_greece_bb,bc",,406,gun_16_x4,greece,"bb, bc",,,,,,dant_gun_245_x4,1.92,2.03,0.68,0.71,dreadnought_gun_c_305_x4,1.5,1.58,0.68,1.02,iowa_gun_406_x4,0.895,0.945,0.68,,iowa_gun_406_x4,0.895,0.945,0.68,,,,,,,,,,,,,,,,,,,,
"gun_17_x1_greece_bb,bc",,432,gun_17_x1,greece,"bb, bc",dant_gun_245_x1,2.04,2.15,1.2,0.71,dreadnought_gun_c_305_x1,1.59,1.67,1.2,1.02,dreadnought_gun_c_305_x1,1.59,1.67,1.2,1.02,iowa_gun_406_x1,0.95,1,1.2,,iowa_gun_406_x1,0.95,1,1.2,,,,,,,,,,,,,,,,,,,,
"gun_17_x2_greece_bb,bc",,432,gun_17_x2,greece,"bb, bc",dant_gun_245_x2,2.04,2.15,0.95,0.71,dreadnought_gun_c_305_x2,1.59,1.67,0.95,1.02,dreadnought_gun_c_305_x2,1.59,1.67,0.95,1.02,iowa_gun_406_x2,0.95,1,0.95,,iowa_gun_406_x2,0.95,1,0.95,,,,,,,,,,,,,,,,,,,,
"gun_17_x3_greece_bb,bc",,432,gun_17_x3,greece,"bb, bc",dant_gun_245_x3,2.04,2.15,0.775,0.71,dreadnought_gun_c_305_x3,1.59,1.67,0.775,1.02,dreadnought_gun_c_305_x3,1.59,1.67,0.775,1.02,iowa_gun_406_x3,0.95,1,0.775,,iowa_gun_406_x3,0.95,1,0.775,,,,,,,,,,,,,,,,,,,,
"gun_17_x4_greece_bb,bc",,432,gun_17_x4,greece,"bb, bc",dant_gun_245_x4,2.04,2.15,0.71,0.71,dreadnought_gun_c_305_x4,1.59,1.67,0.71,1.02,dreadnought_gun_c_305_x4,1.59,1.67,0.71,1.02,iowa_gun_406_x4,0.95,1,0.71,,iowa_gun_406_x4,0.95,1,0.71,,,,,,,,,,,,,,,,,,,,
"gun_18_x1_greece_bb,bc",,457,gun_18_x1,greece,"bb, bc",dant_gun_245_x1,2.16,2.27,1.23,0.71,dreadnought_gun_c_305_x1,1.68,1.76,1.23,1.02,richelieu_gun_380_x1,1.44,1.515,1.23,0.72,richelieu_gun_380_x1,1.44,1.515,1.23,0.8,iowa_gun_406_x1,1.005,1.055,1.23,,,,,,,,,,,,,,,,,,,,
"gun_18_x2_greece_bb,bc",,457,gun_18_x2,greece,"bb, bc",dant_gun_245_x2,2.16,2.27,0.985,0.71,dreadnought_gun_c_305_x2,1.68,1.76,0.985,1.02,richelieu_gun_380_x2,1.44,1.515,0.985,0.72,richelieu_gun_380_x2,1.44,1.515,0.985,0.8,iowa_gun_406_x2,1.005,1.055,0.985,,,,,,,,,,,,,,,,,,,,
"gun_18_x3_greece_bb,bc",,457,gun_18_x3,greece,"bb, bc",dant_gun_245_x3,2.16,2.27,0.81,0.71,dreadnought_gun_c_305_x3,1.68,1.76,0.81,1.02,richelieu_gun_380_x3,1.44,1.515,0.81,0.72,richelieu_gun_380_x3,1.44,1.515,0.81,0.8,iowa_gun_406_x3,1.005,1.055,0.81,,,,,,,,,,,,,,,,,,,,
"gun_18_x4_greece_bb,bc",,457,gun_18_x4,greece,"bb, bc",dant_gun_245_x4,2.16,2.27,0.735,0.71,dreadnought_gun_c_305_x4,1.68,1.76,0.735,1.02,richelieu_gun_380_x4,1.44,1.515,0.735,0.72,richelieu_gun_380_x4,1.44,1.515,0.735,0.8,iowa_gun_406_x4,1.005,1.055,0.735,,,,,,,,,,,,,,,,,,,,
"gun_19_x1_greece_bb,bc",,483,gun_19_x1,greece,"bb, bc",dant_gun_245_x1,2.28,2.39,1.16,0.7,dreadnought_gun_c_305_x1,1.77,1.85,1.16,1,richelieu_gun_380_x1,1.52,1.595,1.16,0.72,richelieu_gun_380_x1,1.52,1.595,1.16,0.79,iowa_gun_406_x1,1.06,1.11,1.16,0.98,,,,,,,,,,,,,,,,,,,
"gun_19_x2_greece_bb,bc",,483,gun_19_x2,greece,"bb, bc",dant_gun_245_x2,2.28,2.39,0.95,0.7,dreadnought_gun_c_305_x2,1.77,1.85,0.95,1,richelieu_gun_380_x2,1.52,1.595,0.95,0.72,richelieu_gun_380_x2,1.52,1.595,0.95,0.79,iowa_gun_406_x2,1.06,1.11,0.95,0.98,,,,,,,,,,,,,,,,,,,
"gun_19_x3_greece_bb,bc",,483,gun_19_x3,greece,"bb, bc",dant_gun_245_x3,2.28,2.39,0.78,0.7,dreadnought_gun_c_305_x3,1.77,1.85,0.78,1,richelieu_gun_380_x3,1.52,1.595,0.78,0.72,richelieu_gun_380_x3,1.52,1.595,0.78,0.79,iowa_gun_406_x3,1.06,1.11,0.78,0.98,,,,,,,,,,,,,,,,,,,
"gun_19_x4_greece_bb,bc",,483,gun_19_x4,greece,"bb, bc",dant_gun_245_x4,2.28,2.39,0.725,0.7,dreadnought_gun_c_305_x4,1.77,1.85,0.725,1,richelieu_gun_380_x4,1.52,1.595,0.725,0.72,richelieu_gun_380_x4,1.52,1.595,0.725,0.79,iowa_gun_406_x4,1.06,1.11,0.725,0.98,,,,,,,,,,,,,,,,,,,
"gun_20_x1_greece_bb,bc",,508,gun_20_x1,greece,"bb, bc",dant_gun_245_x1,2.4,2.51,1.05,0.7,dreadnought_gun_c_305_x1,1.86,1.94,1.05,1,richelieu_gun_380_x1,1.6,1.675,1.05,0.71,richelieu_gun_380_x1,1.6,1.675,1.05,0.79,iowa_gun_406_x1,1.115,1.165,1.05,0.98,,,,,,,,,,,,,,,,,,,
"gun_20_x2_greece_bb,bc",,508,gun_20_x2,greece,"bb, bc",dant_gun_245_x2,2.4,2.51,0.85,0.7,dreadnought_gun_c_305_x2,1.86,1.94,0.85,1,richelieu_gun_380_x2,1.6,1.675,0.85,0.71,richelieu_gun_380_x2,1.6,1.675,0.85,0.79,iowa_gun_406_x2,1.115,1.165,0.85,0.98,,,,,,,,,,,,,,,,,,,
"gun_20_x3_greece_bb,bc",,508,gun_20_x3,greece,"bb, bc",dant_gun_245_x3,2.4,2.51,0.7,0.7,dreadnought_gun_c_305_x3,1.86,1.94,0.7,1,richelieu_gun_380_x3,1.6,1.675,0.7,0.71,richelieu_gun_380_x3,1.6,1.675,0.7,0.79,iowa_gun_406_x3,1.115,1.165,0.7,0.98,,,,,,,,,,,,,,,,,,,
"gun_20_x4_greece_bb,bc",,508,gun_20_x4,greece,"bb, bc",dant_gun_245_x4,2.4,2.51,0.65,0.7,dreadnought_gun_c_305_x4,1.86,1.94,0.65,1,richelieu_gun_380_x4,1.6,1.675,0.65,0.71,richelieu_gun_380_x4,1.6,1.675,0.65,0.79,iowa_gun_406_x4,1.115,1.165,0.65,0.98,,,,,,,,,,,,,,,,,,,
###,,,###,,,,,,,,,,,,,,,,,,,,,,,,,,,,,,,,,,,,,,,,,,,,,,
gun_2_x1_scandinavia,,51,gun_2_x1,scandinavia,,,,,,,,,,,,,,,,,,,,,,,,,,,,,,,,,,,,,,,,,,,,,
gun_2_x2_scandinavia,,51,gun_2_x2,scandinavia,,,,,,,,,,,,,,,,,,,,,,,,,,,,,,,,,,,,,,,,,,,,,
gun_2_x3_scandinavia,,51,gun_2_x3,scandinavia,,,,,,,,,,,,,,,,,,,,,,,,,,,,,,,,,,,,,,,,,,,,,
gun_2_x4_scandinavia,,51,gun_2_x4,scandinavia,,,,,,,,,,,,,,,,,,,,,,,,,,,,,,,,,,,,,,,,,,,,,
gun_3_x1_scandinavia_dd,,76,gun_3_x1,scandinavia,"dd, tb",,,,,,,,,,,,,,,,,,,,,,,,,,,,,,,,,,,,,,,,,,,,
gun_3_x2_scandinavia_dd,,76,gun_3_x2,scandinavia,"dd, tb",,,,,,,,,,,,,,,,,,,,,,,,,,,,,,,,,,,,,,,,,,,,
gun_3_x3_scandinavia_dd,,76,gun_3_x3,scandinavia,"dd, tb",,,,,,,,,,,,,,,,,,,,,,,,,,,,,,,,,,,,,,,,,,,,
gun_3_x4_scandinavia_dd,,76,gun_3_x4,scandinavia,"dd, tb",,,,,,,,,,,,,,,,,,,,,,,,,,,,,,,,,,,,,,,,,,,,
gun_4_x1_scandinavia_dd,,102,gun_4_x1,scandinavia,"dd, tb",,,,,,,,,,,,,,,,,,,,,,,,,,,,,,,,,,,,,,,,,,,,
gun_4_x2_scandinavia_dd,,102,gun_4_x2,scandinavia,"dd, tb",,,,,,,,,,,,,,,,,,,,,,,,,,,,,,,,,,,,,,,,,,,,
gun_4_x3_scandinavia_dd,,102,gun_4_x3,scandinavia,"dd, tb",,,,,,,,,,,,,,,,,,,,,,,,,,,,,,,,,,,,,,,,,,,,
gun_4_x4_scandinavia_dd,,102,gun_4_x4,scandinavia,"dd, tb",,,,,,,,,,,,,,,,,,,,,,,,,,,,,,,,,,,,,,,,,,,,
gun_5_x1_scandinavia_dd,,127,gun_5_x1,scandinavia,"dd, tb",,,,,,,,,,,,,,,,,,,,,,,,,,,,,,,,,,,,,,,,,,,,
gun_5_x2_scandinavia_dd,,127,gun_5_x2,scandinavia,"dd, tb",,,,,,,,,,,,,,,,,,,,,,,,,,,,,,,,,,,,,,,,,,,,
gun_5_x3_scandinavia_dd,,127,gun_5_x3,scandinavia,"dd, tb",,,,,,,,,,,,,,,,,,,,,,,,,,,,,,,,,,,,,,,,,,,,
gun_5_x4_scandinavia_dd,,127,gun_5_x4,scandinavia,"dd, tb",,,,,,,,,,,,,,,,,,,,,,,,,,,,,,,,,,,,,,,,,,,,
gun_3_x1_scandinavia_cl,,76,gun_3_x1,scandinavia,cl,,,,,,,,,,,hood_gun_140_x1,0.6,0.78,1.45,1.76,bismarck_gun_105_x1,0.6,0.79,1.45,2.3,bismarck_gun_105_x1,0.6,0.79,1.45,2.3,,,,,,,,,,,,,,,,,,,
gun_3_x2_scandinavia_cl,,76,gun_3_x2,scandinavia,cl,tsesarevich_gun_152_x2,0.525,0.745,1.08,1.95,didox_gun_cal133_x2,0.45,0.59,1.08,2.84,hood_gun_140_x2,0.6,0.78,1.08,1.76,bismarck_gun_105_x2,0.6,0.79,1.08,2.3,bismarck_gun_105_x2,0.6,0.79,1.08,2.3,,,,,,,,,,,,,,,,,,,
gun_3_x3_scandinavia_cl,,76,gun_3_x3,scandinavia,cl,tsesarevich_gun_152_x3,0.525,0.745,0.83,1.95,didox_gun_cal133_x3,0.45,0.59,0.83,2.84,hood_gun_140_x3,0.6,0.78,0.83,1.76,bismarck_gun_105_x3,0.6,0.79,0.83,2.3,bismarck_gun_105_x3,0.6,0.79,0.83,2.3,,,,,,,,,,,,,,,,,,,
gun_3_x4_scandinavia_cl,,76,gun_3_x4,scandinavia,cl,,,,,,didox_gun_cal133_x4,0.45,0.59,0.74,2.84,,,,0.74,,bismarck_gun_105_x4,0.6,0.79,0.74,2.3,bismarck_gun_105_x4,0.6,0.79,0.74,2.3,,,,,,,,,,,,,,,,,,,
gun_4_x1_scandinavia_cl,,102,gun_4_x1,scandinavia,cl,,,,,,,,,,,hood_gun_140_x1,0.8,0.98,1.7,1.46,bismarck_gun_105_x1,0.8,0.99,1.7,1.9,bismarck_gun_105_x1,0.8,0.99,1.7,1.9,,,,,,,,,,,,,,,,,,,
gun_4_x2_scandinavia_cl,,102,gun_4_x2,scandinavia,cl,tsesarevich_gun_152_x2,0.75,0.87,1.28,1.5,didox_gun_cal133_x2,0.6,0.74,1.28,2.34,hood_gun_140_x2,0.8,0.98,1.28,1.46,bismarck_gun_105_x2,0.8,0.99,1.28,1.9,bismarck_gun_105_x2,0.8,0.99,1.28,1.9,,,,,,,,,,,,,,,,,,,
gun_4_x3_scandinavia_cl,,102,gun_4_x3,scandinavia,cl,tsesarevich_gun_152_x3,0.75,0.87,1,1.5,didox_gun_cal133_x3,0.6,0.74,1,2.34,hood_gun_140_x3,0.8,0.98,1,1.46,bismarck_gun_105_x3,0.8,0.99,1,1.9,bismarck_gun_105_x3,0.8,0.99,1,1.9,,,,,,,,,,,,,,,,,,,
gun_4_x4_scandinavia_cl,,102,gun_4_x4,scandinavia,cl,,,,,,didox_gun_cal133_x4,0.6,0.74,0.85,2.34,,,,0.85,,bismarck_gun_105_x4,0.8,0.99,0.85,1.9,bismarck_gun_105_x4,0.8,0.99,0.85,1.9,,,,,,,,,,,,,,,,,,,
gun_5_x1_scandinavia_cl,,127,gun_5_x1,scandinavia,cl,,,,,,,,,,,hood_gun_140_x1,1,1.18,1.25,1.14,bismarck_gun_105_x1,1,1.19,1.25,1.5,bismarck_gun_105_x1,1,1.19,1.25,1.5,,,,,,,,,,,,,,,,,,,
gun_5_x2_scandinavia_cl,,127,gun_5_x2,scandinavia,cl,tsesarevich_gun_152_x2,0.875,1.045,0.95,1.26,didox_gun_cal133_x2,0.75,0.89,0.95,1.82,hood_gun_140_x2,1,1.18,0.95,1.14,bismarck_gun_105_x2,1,1.19,0.95,1.5,bismarck_gun_105_x2,1,1.19,0.95,1.5,,,,,,,,,,,,,,,,,,,
gun_5_x3_scandinavia_cl,,127,gun_5_x3,scandinavia,cl,tsesarevich_gun_152_x3,0.875,1.045,0.75,1.26,didox_gun_cal133_x3,0.75,0.89,0.75,1.82,hood_gun_140_x3,1,1.18,0.75,1.14,bismarck_gun_105_x3,1,1.19,0.75,1.5,bismarck_gun_105_x3,1,1.19,0.75,1.5,,,,,,,,,,,,,,,,,,,
gun_5_x4_scandinavia_cl,,127,gun_5_x4,scandinavia,cl,,,,,,didox_gun_cal133_x4,0.75,0.89,0.68,1.82,,,,0.68,,bismarck_gun_105_x4,1,1.19,0.68,1.5,bismarck_gun_105_x4,1,1.19,0.68,1.5,,,,,,,,,,,,,,,,,,,
gun_6_x1_scandinavia_cl,,152,gun_6_x1,scandinavia,cl,,,,,,,,,,,ussr_gun_152_x1,0.84,0.975,1.185,1.6,moga_gun_200_x1,0.63,0.73,1.185,2.08,moga_gun_200_x1,0.63,0.73,1.185,2.08,,,,,,,,,,,,,,,,,,,
gun_6_x2_scandinavia_cl,,152,gun_6_x2,scandinavia,cl,tsesarevich_gun_152_x2,1.050,1.22,0.86,1.2,didox_gun_cal133_x2,0.9,1.04,0.86,1.72,ussr_gun_152_x2,0.84,0.975,0.86,1.6,moga_gun_200_x2,0.63,0.73,0.86,2.08,moga_gun_200_x2,0.63,0.73,0.86,2.08,,,,,,,,,,,,,,,,,,,
gun_6_x3_scandinavia_cl,,152,gun_6_x3,scandinavia,cl,tsesarevich_gun_152_x3,1.050,1.22,0.66,1.2,didox_gun_cal133_x3,0.9,1.04,0.66,1.72,ussr_gun_152_x3,0.84,0.975,0.66,1.6,moga_gun_200_x3,0.63,0.73,0.66,2.08,moga_gun_200_x3,0.63,0.73,0.66,2.08,,,,,,,,,,,,,,,,,,,
gun_6_x4_scandinavia_cl,,152,gun_6_x4,scandinavia,cl,,,,,,didox_gun_cal133_x4,0.9,1.04,0.6,1.72,,,,,,moga_gun_200_x4,0.63,0.73,0.6,2.08,moga_gun_200_x4,0.63,0.73,0.6,2.08,,,,,,,,,,,,,,,,,,,
"gun_3_x1_scandinavia_ca,bb,bc",,76,gun_3_x1,scandinavia,"ca, bb, bc",tsesarevich_gun_152_x1,0.525,0.745,1.45,1.95,dido_gun_cal200_x1,0.33,0.41,1.45,2.14,dreadnought_gun_178_x1,0.51,0.67,1.45,2,bismarck_gun_150_x1,0.475,0.55,1.45,2.575,bismarck_gun_b_150_x1,0.475,0.55,1.45,2.575,,,,,,,,,,,,,,,,,,,
"gun_3_x2_scandinavia_ca,bb,bc",,76,gun_3_x2,scandinavia,"ca, bb, bc",tsesarevich_gun_152_x2,0.525,0.745,1.08,1.95,dido_gun_cal200_x2,0.33,0.41,1.08,2.14,dreadnought_gun_178_x2,0.51,0.67,1.08,2,bismarck_gun_150_x2,0.475,0.55,1.08,2.575,bismarck_gun_b_150_x2,0.475,0.55,1.08,2.575,,,,,,,,,,,,,,,,,,,
"gun_3_x3_scandinavia_ca,bb,bc",,76,gun_3_x3,scandinavia,"ca, bb, bc",tsesarevich_gun_152_x3,0.525,0.745,0.83,1.95,dido_gun_cal200_x3,0.33,0.41,0.83,2.14,dreadnought_gun_178_x3,0.51,0.67,0.83,2,bismarck_gun_150_x3,0.475,0.55,0.83,2.575,bismarck_gun_b_150_x3,0.475,0.55,0.83,2.575,,,,,,,,,,,,,,,,,,,
"gun_3_x4_scandinavia_ca,bb,bc",,76,gun_3_x4,scandinavia,"ca, bb, bc",,,,,,dido_gun_cal200_x4,0.33,0.41,0.74,2.14,dreadnought_gun_178_x4,0.51,0.67,0.74,2,bismarck_gun_150_x4,0.475,0.55,0.74,2.575,bismarck_gun_b_150_x4,0.475,0.55,0.74,2.575,,,,,,,,,,,,,,,,,,,
"gun_4_x1_scandinavia_ca,bb,bc",,102,gun_4_x1,scandinavia,"ca, bb, bc",tsesarevich_gun_152_x1,0.75,0.87,1.7,1.5,dido_gun_cal200_x1,0.42,0.5,1.7,1.84,dreadnought_gun_178_x1,0.68,0.84,1.7,1.65,bismarck_gun_150_x1,0.6,0.7,1.7,2.23,bismarck_gun_b_150_x1,0.6,0.7,1.7,2.23,,,,,,,,,,,,,,,,,,,
"gun_4_x2_scandinavia_ca,bb,bc",,102,gun_4_x2,scandinavia,"ca, bb, bc",tsesarevich_gun_152_x2,0.75,0.87,1.28,1.5,dido_gun_cal200_x2,0.42,0.5,1.28,1.84,dreadnought_gun_178_x2,0.68,0.84,1.28,1.65,bismarck_gun_150_x2,0.6,0.7,1.28,2.23,bismarck_gun_b_150_x2,0.6,0.7,1.28,2.23,,,,,,,,,,,,,,,,,,,
"gun_4_x3_scandinavia_ca,bb,bc",,102,gun_4_x3,scandinavia,"ca, bb, bc",tsesarevich_gun_152_x3,0.75,0.87,1,1.5,dido_gun_cal200_x3,0.42,0.5,1,1.84,dreadnought_gun_178_x3,0.68,0.84,1,1.65,bismarck_gun_150_x3,0.6,0.7,1,2.23,bismarck_gun_b_150_x3,0.6,0.7,1,2.23,,,,,,,,,,,,,,,,,,,
"gun_4_x4_scandinavia_ca,bb,bc",,102,gun_4_x4,scandinavia,"ca, bb, bc",,,,,,dido_gun_cal200_x4,0.42,0.5,0.85,1.84,dreadnought_gun_178_x4,0.68,0.84,0.85,1.65,bismarck_gun_150_x4,0.6,0.7,0.85,2.23,bismarck_gun_b_150_x4,0.6,0.7,0.85,2.23,,,,,,,,,,,,,,,,,,,
"gun_5_x1_scandinavia_ca,bb,bc",,127,gun_5_x1,scandinavia,"ca, bb, bc",tsesarevich_gun_152_x1,0.875,1.045,1.25,1.26,dido_gun_cal200_x1,0.51,0.59,1.25,1.5,dreadnought_gun_178_x1,0.85,1.01,1.25,1.3,bismarck_gun_150_x1,0.725,0.8,1.25,1.855,bismarck_gun_b_150_x1,0.725,0.8,1.25,1.855,,,,,,,,,,,,,,,,,,,
"gun_5_x2_scandinavia_ca,bb,bc",,127,gun_5_x2,scandinavia,"ca, bb, bc",tsesarevich_gun_152_x2,0.875,1.045,0.95,1.26,dido_gun_cal200_x2,0.51,0.59,0.95,1.5,dreadnought_gun_178_x2,0.85,1.01,0.95,1.3,bismarck_gun_150_x2,0.725,0.8,0.95,1.855,bismarck_gun_b_150_x2,0.725,0.8,0.95,1.855,,,,,,,,,,,,,,,,,,,
"gun_5_x3_scandinavia_ca,bb,bc",,127,gun_5_x3,scandinavia,"ca, bb, bc",tsesarevich_gun_152_x3,0.875,1.045,0.75,1.26,dido_gun_cal200_x3,0.51,0.59,0.75,1.5,dreadnought_gun_178_x3,0.85,1.01,0.75,1.3,bismarck_gun_150_x3,0.725,0.8,0.75,1.855,bismarck_gun_b_150_x3,0.725,0.8,0.75,1.855,,,,,,,,,,,,,,,,,,,
"gun_5_x4_scandinavia_ca,bb,bc",,127,gun_5_x4,scandinavia,"ca, bb, bc",,,,,,dido_gun_cal200_x4,0.51,0.59,0.68,1.5,dreadnought_gun_178_x4,0.85,1.01,0.68,1.3,bismarck_gun_150_x4,0.725,0.8,0.68,1.855,bismarck_gun_b_150_x4,0.725,0.8,0.68,1.855,,,,,,,,,,,,,,,,,,,
"gun_6_x1_scandinavia_ca,bb,bc",,152,gun_6_x1,scandinavia,"ca, bb, bc",tsesarevich_gun_152_x1,1.050,1.22,1.185,1.2,agamemnon_gun_b_228_x1,0.9,1.04,1.185,1.38,warrior_gun_228_x1,0.9,1.04,1.185,1.04,nelson_gun_152_x1,0.96,1.11,1.185,1.3,mont_gun_152_x1,1.050,1.22,1.185,1.28,,,,,,,,,,,,,,,,,,,
"gun_6_x2_scandinavia_ca,bb,bc",,152,gun_6_x2,scandinavia,"ca, bb, bc",tsesarevich_gun_152_x2,1.050,1.22,0.86,1.2,agamemnon_gun_b_228_x2,0.9,1.04,0.86,1.38,warrior_gun_228_x2,0.9,1.04,0.86,1.04,nelson_gun_152_x2,0.96,1.11,0.86,1.3,mont_gun_152_x2,1.050,1.22,0.86,1.28,,,,,,,,,,,,,,,,,,,
"gun_6_x3_scandinavia_ca,bb,bc",,152,gun_6_x3,scandinavia,"ca, bb, bc",tsesarevich_gun_152_x3,1.050,1.22,0.66,1.2,agamemnon_gun_b_228_x3,0.9,1.04,0.66,1.7,warrior_gun_228_x3,0.9,1.04,0.66,1.04,nelson_gun_152_x3,0.96,1.11,0.66,1.3,mont_gun_152_x3,1.050,1.22,0.66,1.28,,,,,,,,,,,,,,,,,,,
"gun_6_x4_scandinavia_ca,bb,bc",,152,gun_6_x4,scandinavia,"ca, bb, bc",,,,,,agamemnon_gun_b_228_x4,0.9,1.04,0.6,1.7,warrior_gun_228_x4,0.9,1.04,0.6,1.04,nelson_gun_152_x4,0.96,1.11,0.6,1.54,mont_gun_152_x4,1.050,1.22,0.6,1.28,,,,,,,,,,,,,,,,,,,
"gun_7_x1_scandinavia_cl,ca,bb,bc",,178,gun_7_x1,scandinavia,"cl, ca, bb, bc",tsesarevich_gun_152_x1,1.225,1.395,1.21,1.18,agamemnon_gun_b_228_x1,1.05,1.19,1.21,1.36,warrior_gun_228_x1,1.05,1.19,1.21,1.02,nelson_gun_152_x1,1.12,1.27,1.21,1.28,mont_gun_152_x1,1.225,1.395,1.21,1.24,,,,,,,,,,,,,,,,,,,
"gun_7_x2_scandinavia_cl,ca,bb,bc",,178,gun_7_x2,scandinavia,"cl, ca, bb, bc",tsesarevich_gun_152_x2,1.225,1.395,0.9,1.18,agamemnon_gun_b_228_x2,1.05,1.19,0.9,1.36,warrior_gun_228_x2,1.05,1.19,0.9,1.02,nelson_gun_152_x2,1.12,1.27,0.9,1.28,mont_gun_152_x2,1.225,1.395,0.9,1.24,,,,,,,,,,,,,,,,,,,
"gun_7_x3_scandinavia_cl,ca,bb,bc",,178,gun_7_x3,scandinavia,"cl, ca, bb, bc",tsesarevich_gun_152_x3,1.225,1.395,0.705,1.18,agamemnon_gun_b_228_x3,1.05,1.19,0.705,1.64,warrior_gun_228_x3,1.05,1.19,0.705,1.02,nelson_gun_152_x3,1.12,1.27,0.705,1.28,mont_gun_152_x3,1.225,1.395,0.705,1.24,,,,,,,,,,,,,,,,,,,
"gun_7_x4_scandinavia_cl,ca,bb,bc",,178,gun_7_x4,scandinavia,"cl, ca, bb, bc",,,,,,agamemnon_gun_b_228_x4,1.05,1.19,0.64,1.64,warrior_gun_228_x4,1.05,1.19,0.64,1.02,nelson_gun_152_x4,1.12,1.27,0.64,1.5,mont_gun_152_x4,1.225,1.395,0.64,1.24,,,,,,,,,,,,,,,,,,,
"gun_8_x1_scandinavia_ca,bb,bc",,203,gun_8_x1,scandinavia,"ca, bb, bc",friedrich_gun_228_x1,0.82,0.92,1.17,1.52,ny_gun_210_x1,1.546,1.722,1.17,0.975,vdt_gun_280_x1,0.82,0.92,1.17,1.14,nelson_gun_152_x1,1.28,1.43,1.17,1.24,mont_gun_152_x1,1.4,1.57,1.17,1.2,,,,,,,,,,,,,,,,,,,
"gun_8_x2_scandinavia_ca,bb,bc",,203,gun_8_x2,scandinavia,"ca, bb, bc",friedrich_gun_228_x2,0.82,0.92,0.88,1.52,ny_gun_210_x2,1.546,1.722,0.88,0.975,vdt_gun_280_x2,0.82,0.92,0.88,1.14,nelson_gun_152_x2,1.28,1.43,0.88,1.24,mont_gun_152_x2,1.4,1.57,0.88,1.2,,,,,,,,,,,,,,,,,,,
"gun_8_x3_scandinavia_ca,bb,bc",,203,gun_8_x3,scandinavia,"ca, bb, bc",friedrich_gun_228_x3,0.82,0.92,0.69,1.52,ny_gun_210_x3,1.546,1.722,0.69,0.975,vdt_gun_280_x3,0.82,0.92,0.69,1.14,nelson_gun_152_x3,1.28,1.43,0.69,1.24,mont_gun_152_x3,1.4,1.57,0.69,1.2,,,,,,,,,,,,,,,,,,,
"gun_8_x4_scandinavia_ca,bb,bc",,203,gun_8_x4,scandinavia,"ca, bb, bc",,,,,,,,,0.63,,vdt_gun_280_x4,0.82,0.92,0.63,1.14,nelson_gun_152_x4,1.28,1.43,0.63,1.46,mont_gun_152_x4,1.4,1.57,0.63,1.2,,,,,,,,,,,,,,,,,,,
"gun_9_x1_scandinavia_ca,bb,bc",,229,gun_9_x1,scandinavia,"ca, bb, bc",friedrich_gun_228_x1,0.9225,1.0225,1.1,1.46,ny_gun_210_x1,1.742,1.918,1.1,0.95,vdt_gun_280_x1,0.9225,1.0225,1.1,1.1,nelson_gun_152_x1,1.44,1.59,1.1,1.2,mont_gun_152_x1,1.575,1.745,1.1,1.18,,,,,,,,,,,,,,,,,,,
"gun_9_x2_scandinavia_ca,bb,bc",,229,gun_9_x2,scandinavia,"ca, bb, bc",friedrich_gun_228_x2,0.9225,1.0225,0.82,1.46,ny_gun_210_x2,1.742,1.918,0.82,0.95,vdt_gun_280_x2,0.9225,1.0225,0.82,1.1,nelson_gun_152_x2,1.44,1.59,0.82,1.2,mont_gun_152_x2,1.575,1.745,0.82,1.18,,,,,,,,,,,,,,,,,,,
"gun_9_x3_scandinavia_ca,bb,bc",,229,gun_9_x3,scandinavia,"ca, bb, bc",friedrich_gun_228_x3,0.9225,1.0225,0.64,1.46,ny_gun_210_x3,1.742,1.918,0.64,0.95,vdt_gun_280_x3,0.9225,1.0225,0.64,1.1,nelson_gun_152_x3,1.44,1.59,0.64,1.2,mont_gun_152_x3,1.575,1.745,0.64,1.18,,,,,,,,,,,,,,,,,,,
"gun_9_x4_scandinavia_ca,bb,bc",,229,gun_9_x4,scandinavia,"ca, bb, bc",,,,,,,,,0.58,,vdt_gun_280_x4,0.9225,1.0225,0.58,1.1,nelson_gun_152_x4,1.44,1.59,0.58,1.42,mont_gun_152_x4,1.575,1.745,0.58,1.18,,,,,,,,,,,,,,,,,,,
"gun_10_x1_scandinavia_ca,bb,bc",,254,gun_10_x1,scandinavia,"ca, bb, bc",friedrich_gun_228_x1,1.025,1.125,1.2,1.425,ny_gun_210_x1,1.938,2.114,1.2,0.925,vdt_gun_280_x1,1.025,1.125,1.2,1.06,dreadnought_gun_c_305_x1,0.96,1.04,1.2,1.28,bismarck_gun_380_x1,0.9,0.98,1.2,0.96,,,,,,,,,,,,,,,,,,,
"gun_10_x2_scandinavia_ca,bb,bc",,254,gun_10_x2,scandinavia,"ca, bb, bc",friedrich_gun_228_x2,1.025,1.125,0.9,1.425,ny_gun_210_x2,1.938,2.114,0.9,0.925,vdt_gun_280_x2,1.025,1.125,0.9,1.06,dreadnought_gun_c_305_x2,0.96,1.04,0.9,1.28,bismarck_gun_380_x2,0.9,0.98,0.9,0.96,,,,,,,,,,,,,,,,,,,
"gun_10_x3_scandinavia_ca,bb,bc",,254,gun_10_x3,scandinavia,"ca, bb, bc",friedrich_gun_228_x3,1.025,1.125,0.68,1.425,ny_gun_210_x3,1.938,2.114,0.68,0.925,vdt_gun_280_x3,1.025,1.125,0.68,1.06,dreadnought_gun_c_305_x3,0.96,1.04,0.68,1.28,bismarck_gun_380_x3,0.9,0.98,0.68,0.96,,,,,,,,,,,,,,,,,,,
"gun_10_x4_scandinavia_ca,bb,bc",,254,gun_10_x4,scandinavia,"ca, bb, bc",,,,,,,,,,,vdt_gun_280_x4,1.025,1.125,0.63,1.06,dreadnought_gun_c_305_x4,0.96,1.04,0.63,1.28,bismarck_gun_380_x4,0.9,0.98,0.63,0.96,,,,,,,,,,,,,,,,,,,
"gun_11_x1_scandinavia_ca,bb,bc",,279,gun_11_x1,scandinavia,"ca, bb, bc",tsesarevich_gun_305_x1,1.1,1.19,1.07,0.84,dant_gun_245_x1,1.32,1.43,1.07,0.73,dreadnought_gun_b_305_x1,1.05,1.13,1.07,1.09,dreadnought_gun_c_305_x1,1.05,1.13,1.07,1.02,bismarck_gun_380_x1,0.99,1.07,1.07,0.76,,,,,,,,,,,,,,,,,,,
"gun_11_x2_scandinavia_ca,bb,bc",,279,gun_11_x2,scandinavia,"ca, bb, bc",tsesarevich_gun_305_x2,1.1,1.19,0.82,0.84,dant_gun_245_x2,1.32,1.43,0.82,0.73,dreadnought_gun_b_305_x2,1.05,1.13,0.82,1.09,dreadnought_gun_c_305_x2,1.05,1.13,0.82,1.02,bismarck_gun_380_x2,0.99,1.07,0.82,0.76,,,,,,,,,,,,,,,,,,,
"gun_11_x3_scandinavia_ca,bb,bc",,279,gun_11_x3,scandinavia,"ca, bb, bc",tsesarevich_gun_305_x3,1.1,1.19,0.66,0.84,dant_gun_245_x3,1.32,1.43,0.66,0.73,dreadnought_gun_b_305_x3,1.05,1.13,0.66,1.09,dreadnought_gun_c_305_x3,1.05,1.13,0.66,1.02,bismarck_gun_380_x3,0.99,1.07,0.66,0.76,,,,,,,,,,,,,,,,,,,
"gun_11_x4_scandinavia_ca,bb,bc",,279,gun_11_x4,scandinavia,"ca, bb, bc",,,,,,dant_gun_245_x4,1.32,1.43,0.61,0.73,dreadnought_gun_b_305_x4,1.05,1.13,0.61,1.09,dreadnought_gun_c_305_x4,1.05,1.13,0.61,1.02,bismarck_gun_380_x4,0.99,1.07,0.61,0.76,,,,,,,,,,,,,,,,,,,
"gun_12_x1_scandinavia_bb,bc",,305,gun_12_x1,scandinavia,"bb, bc",tsesarevich_gun_305_x1,1.2,1.29,1.07,0.84,dant_gun_245_x1,1.44,1.55,1.07,0.73,dreadnought_gun_b_305_x1,1.14,1.22,1.07,1.1,dreadnought_gun_c_305_x1,1.14,1.22,1.07,1.02,bismarck_gun_380_x1,1.08,1.16,1.07,0.76,,,,,,,,,,,,,,,,,,,
"gun_12_x2_scandinavia_bb,bc",,305,gun_12_x2,scandinavia,"bb, bc",tsesarevich_gun_305_x2,1.2,1.29,0.82,0.84,dant_gun_245_x2,1.44,1.55,0.82,0.73,dreadnought_gun_b_305_x2,1.14,1.22,0.82,1.1,dreadnought_gun_c_305_x2,1.14,1.22,0.82,1.02,bismarck_gun_380_x2,1.08,1.16,0.82,0.76,,,,,,,,,,,,,,,,,,,
"gun_12_x3_scandinavia_bb,bc",,305,gun_12_x3,scandinavia,"bb, bc",tsesarevich_gun_305_x3,1.2,1.29,0.66,0.84,dant_gun_245_x3,1.44,1.55,0.66,0.73,dreadnought_gun_b_305_x3,1.14,1.22,0.66,1.1,dreadnought_gun_c_305_x3,1.14,1.22,0.66,1.02,bismarck_gun_380_x3,1.08,1.16,0.66,0.76,,,,,,,,,,,,,,,,,,,
"gun_12_x4_scandinavia_bb,bc",,305,gun_12_x4,scandinavia,"bb, bc",,,,,,dant_gun_245_x4,1.44,1.55,0.61,0.73,dreadnought_gun_b_305_x4,1.14,1.22,0.61,1.1,dreadnought_gun_c_305_x4,1.14,1.22,0.61,1.02,bismarck_gun_380_x4,1.08,1.16,0.61,0.76,,,,,,,,,,,,,,,,,,,
"gun_13_x1_scandinavia_bb,bc",,330,gun_13_x1,scandinavia,"bb, bc",tsesarevich_gun_305_x1,1.3,1.39,1.13,0.84,dant_gun_245_x1,1.56,1.67,1.13,0.72,dreadnought_gun_b_305_x1,1.23,1.31,1.13,1.09,dreadnought_gun_c_305_x1,1.23,1.31,1.13,1.02,bismarck_gun_380_x1,1.17,1.25,1.13,0.76,,,,,,,,,,,,,,,,,,,
"gun_13_x2_scandinavia_bb,bc",,330,gun_13_x2,scandinavia,"bb, bc",tsesarevich_gun_305_x2,1.3,1.39,0.88,0.84,dant_gun_245_x2,1.56,1.67,0.88,0.72,dreadnought_gun_b_305_x2,1.23,1.31,0.88,1.09,dreadnought_gun_c_305_x2,1.23,1.31,0.88,1.02,bismarck_gun_380_x2,1.17,1.25,0.88,0.76,,,,,,,,,,,,,,,,,,,
"gun_13_x3_scandinavia_bb,bc",,330,gun_13_x3,scandinavia,"bb, bc",tsesarevich_gun_305_x3,1.3,1.39,0.705,0.84,dant_gun_245_x3,1.56,1.67,0.705,0.72,dreadnought_gun_b_305_x3,1.23,1.31,0.705,1.09,dreadnought_gun_c_305_x3,1.23,1.31,0.705,1.02,bismarck_gun_380_x3,1.17,1.25,0.705,0.76,,,,,,,,,,,,,,,,,,,
"gun_13_x4_scandinavia_bb,bc",,330,gun_13_x4,scandinavia,"bb, bc",,,,,,dant_gun_245_x4,1.56,1.67,0.65,0.72,dreadnought_gun_b_305_x4,1.23,1.31,0.65,1.09,dreadnought_gun_c_305_x4,1.23,1.31,0.65,1.02,bismarck_gun_380_x4,1.17,1.25,0.65,0.76,,,,,,,,,,,,,,,,,,,
"gun_14_x1_scandinavia_bb,bc",,356,gun_14_x1,scandinavia,"bb, bc",dante_gun_305_x1,1.26,1.345,1.13,0.73,dant_gun_245_x1,1.68,1.79,1.13,0.72,dreadnought_gun_b_305_x1,1.32,1.4,1.13,1.09,dreadnought_gun_c_305_x1,1.32,1.4,1.13,1.02,bismarck_gun_380_x1,1.26,1.34,1.13,0.75,,,,,,,,,,,,,,,,,,,
"gun_14_x2_scandinavia_bb,bc",,356,gun_14_x2,scandinavia,"bb, bc",dante_gun_305_x2,1.26,1.345,0.88,0.73,dant_gun_245_x2,1.68,1.79,0.88,0.72,dreadnought_gun_b_305_x2,1.32,1.4,0.88,1.09,dreadnought_gun_c_305_x2,1.32,1.4,0.88,1.02,bismarck_gun_380_x2,1.26,1.34,0.88,0.75,,,,,,,,,,,,,,,,,,,
"gun_14_x3_scandinavia_bb,bc",,356,gun_14_x3,scandinavia,"bb, bc",,,,0.705,,dant_gun_245_x3,1.68,1.79,0.705,0.72,dreadnought_gun_b_305_x3,1.32,1.4,0.705,1.09,dreadnought_gun_c_305_x3,1.32,1.4,0.705,1.02,bismarck_gun_380_x3,1.26,1.34,0.705,0.75,,,,,,,,,,,,,,,,,,,
"gun_14_x4_scandinavia_bb,bc",,356,gun_14_x4,scandinavia,"bb, bc",,,,0.66,,dant_gun_245_x4,1.68,1.79,0.66,0.72,dreadnought_gun_b_305_x4,1.32,1.4,0.66,1.09,dreadnought_gun_c_305_x4,1.32,1.4,0.66,1.02,bismarck_gun_380_x4,1.26,1.34,0.66,0.75,,,,,,,,,,,,,,,,,,,
"gun_15_x1_scandinavia_bb,bc",,381,gun_15_x1,scandinavia,"bb, bc",dante_gun_305_x1,1.35,1.435,1.14,0.72,dant_gun_245_x1,1.8,1.91,1.14,0.72,dreadnought_gun_c_305_x1,1.41,1.49,1.14,1.02,iowa_gun_406_x1,0.84,0.89,1.14,,iowa_gun_406_x1,0.84,0.89,1.14,,,,,,,,,,,,,,,,,,,,
"gun_15_x2_scandinavia_bb,bc",,381,gun_15_x2,scandinavia,"bb, bc",dante_gun_305_x2,1.35,1.435,0.9,0.72,dant_gun_245_x2,1.8,1.91,0.9,0.72,dreadnought_gun_c_305_x2,1.41,1.49,0.9,1.02,iowa_gun_406_x2,0.84,0.89,0.9,,iowa_gun_406_x2,0.84,0.89,0.9,,,,,,,,,,,,,,,,,,,,
"gun_15_x3_scandinavia_bb,bc",,381,gun_15_x3,scandinavia,"bb, bc",,,,0.72,,dant_gun_245_x3,1.8,1.91,0.72,0.72,dreadnought_gun_c_305_x3,1.41,1.49,0.72,1.02,iowa_gun_406_x3,0.84,0.89,0.72,,iowa_gun_406_x3,0.84,0.89,0.72,,,,,,,,,,,,,,,,,,,,
"gun_15_x4_scandinavia_bb,bc",,381,gun_15_x4,scandinavia,"bb, bc",,,,0.675,,dant_gun_245_x4,1.8,1.91,0.675,0.72,dreadnought_gun_c_305_x4,1.41,1.49,0.675,1.02,iowa_gun_406_x4,0.84,0.89,0.675,,iowa_gun_406_x4,0.84,0.89,0.675,,,,,,,,,,,,,,,,,,,,
"gun_16_x1_scandinavia_bb,bc",,406,gun_16_x1,scandinavia,"bb, bc",dante_gun_305_x1,1.44,1.525,1.15,0.72,dant_gun_245_x1,1.92,2.03,1.15,0.71,dreadnought_gun_c_305_x1,1.5,1.58,1.15,1.02,iowa_gun_406_x1,0.895,0.945,1.15,,iowa_gun_406_x1,0.895,0.945,1.15,,,,,,,,,,,,,,,,,,,,
"gun_16_x2_scandinavia_bb,bc",,406,gun_16_x2,scandinavia,"bb, bc",dante_gun_305_x2,1.44,1.525,0.93,0.72,dant_gun_245_x2,1.92,2.03,0.93,0.71,dreadnought_gun_c_305_x2,1.5,1.58,0.93,1.02,iowa_gun_406_x2,0.895,0.945,0.93,,iowa_gun_406_x2,0.895,0.945,0.93,,,,,,,,,,,,,,,,,,,,
"gun_16_x3_scandinavia_bb,bc",,406,gun_16_x3,scandinavia,"bb, bc",,,,,,dant_gun_245_x3,1.92,2.03,0.75,0.71,dreadnought_gun_c_305_x3,1.5,1.58,0.75,1.02,iowa_gun_406_x3,0.895,0.945,0.75,,iowa_gun_406_x3,0.895,0.945,0.75,,,,,,,,,,,,,,,,,,,,
"gun_16_x4_scandinavia_bb,bc",,406,gun_16_x4,scandinavia,"bb, bc",,,,,,dant_gun_245_x4,1.92,2.03,0.68,0.71,dreadnought_gun_c_305_x4,1.5,1.58,0.68,1.02,iowa_gun_406_x4,0.895,0.945,0.68,,iowa_gun_406_x4,0.895,0.945,0.68,,,,,,,,,,,,,,,,,,,,
"gun_17_x1_scandinavia_bb,bc",,432,gun_17_x1,scandinavia,"bb, bc",dant_gun_245_x1,2.04,2.15,1.2,0.71,dreadnought_gun_c_305_x1,1.59,1.67,1.2,1.02,dreadnought_gun_c_305_x1,1.59,1.67,1.2,1.02,iowa_gun_406_x1,0.95,1,1.2,,iowa_gun_406_x1,0.95,1,1.2,,,,,,,,,,,,,,,,,,,,
"gun_17_x2_scandinavia_bb,bc",,432,gun_17_x2,scandinavia,"bb, bc",dant_gun_245_x2,2.04,2.15,0.95,0.71,dreadnought_gun_c_305_x2,1.59,1.67,0.95,1.02,dreadnought_gun_c_305_x2,1.59,1.67,0.95,1.02,iowa_gun_406_x2,0.95,1,0.95,,iowa_gun_406_x2,0.95,1,0.95,,,,,,,,,,,,,,,,,,,,
"gun_17_x3_scandinavia_bb,bc",,432,gun_17_x3,scandinavia,"bb, bc",dant_gun_245_x3,2.04,2.15,0.775,0.71,dreadnought_gun_c_305_x3,1.59,1.67,0.775,1.02,dreadnought_gun_c_305_x3,1.59,1.67,0.775,1.02,iowa_gun_406_x3,0.95,1,0.775,,iowa_gun_406_x3,0.95,1,0.775,,,,,,,,,,,,,,,,,,,,
"gun_17_x4_scandinavia_bb,bc",,432,gun_17_x4,scandinavia,"bb, bc",dant_gun_245_x4,2.04,2.15,0.71,0.71,dreadnought_gun_c_305_x4,1.59,1.67,0.71,1.02,dreadnought_gun_c_305_x4,1.59,1.67,0.71,1.02,iowa_gun_406_x4,0.95,1,0.71,,iowa_gun_406_x4,0.95,1,0.71,,,,,,,,,,,,,,,,,,,,
"gun_18_x1_scandinavia_bb,bc",,457,gun_18_x1,scandinavia,"bb, bc",dant_gun_245_x1,2.16,2.27,1.23,0.71,dreadnought_gun_c_305_x1,1.68,1.76,1.23,1.02,richelieu_gun_380_x1,1.44,1.515,1.23,0.72,richelieu_gun_380_x1,1.44,1.515,1.23,0.8,iowa_gun_406_x1,1.005,1.055,1.23,,,,,,,,,,,,,,,,,,,,
"gun_18_x2_scandinavia_bb,bc",,457,gun_18_x2,scandinavia,"bb, bc",dant_gun_245_x2,2.16,2.27,0.985,0.71,dreadnought_gun_c_305_x2,1.68,1.76,0.985,1.02,richelieu_gun_380_x2,1.44,1.515,0.985,0.72,richelieu_gun_380_x2,1.44,1.515,0.985,0.8,iowa_gun_406_x2,1.005,1.055,0.985,,,,,,,,,,,,,,,,,,,,
"gun_18_x3_scandinavia_bb,bc",,457,gun_18_x3,scandinavia,"bb, bc",dant_gun_245_x3,2.16,2.27,0.81,0.71,dreadnought_gun_c_305_x3,1.68,1.76,0.81,1.02,richelieu_gun_380_x3,1.44,1.515,0.81,0.72,richelieu_gun_380_x3,1.44,1.515,0.81,0.8,iowa_gun_406_x3,1.005,1.055,0.81,,,,,,,,,,,,,,,,,,,,
"gun_18_x4_scandinavia_bb,bc",,457,gun_18_x4,scandinavia,"bb, bc",dant_gun_245_x4,2.16,2.27,0.735,0.71,dreadnought_gun_c_305_x4,1.68,1.76,0.735,1.02,richelieu_gun_380_x4,1.44,1.515,0.735,0.72,richelieu_gun_380_x4,1.44,1.515,0.735,0.8,iowa_gun_406_x4,1.005,1.055,0.735,,,,,,,,,,,,,,,,,,,,
"gun_19_x1_scandinavia_bb,bc",,483,gun_19_x1,scandinavia,"bb, bc",dant_gun_245_x1,2.28,2.39,1.16,0.7,dreadnought_gun_c_305_x1,1.77,1.85,1.16,1,richelieu_gun_380_x1,1.52,1.595,1.16,0.72,richelieu_gun_380_x1,1.52,1.595,1.16,0.79,iowa_gun_406_x1,1.06,1.11,1.16,0.98,,,,,,,,,,,,,,,,,,,
"gun_19_x2_scandinavia_bb,bc",,483,gun_19_x2,scandinavia,"bb, bc",dant_gun_245_x2,2.28,2.39,0.95,0.7,dreadnought_gun_c_305_x2,1.77,1.85,0.95,1,richelieu_gun_380_x2,1.52,1.595,0.95,0.72,richelieu_gun_380_x2,1.52,1.595,0.95,0.79,iowa_gun_406_x2,1.06,1.11,0.95,0.98,,,,,,,,,,,,,,,,,,,
"gun_19_x3_scandinavia_bb,bc",,483,gun_19_x3,scandinavia,"bb, bc",dant_gun_245_x3,2.28,2.39,0.78,0.7,dreadnought_gun_c_305_x3,1.77,1.85,0.78,1,richelieu_gun_380_x3,1.52,1.595,0.78,0.72,richelieu_gun_380_x3,1.52,1.595,0.78,0.79,iowa_gun_406_x3,1.06,1.11,0.78,0.98,,,,,,,,,,,,,,,,,,,
"gun_19_x4_scandinavia_bb,bc",,483,gun_19_x4,scandinavia,"bb, bc",dant_gun_245_x4,2.28,2.39,0.725,0.7,dreadnought_gun_c_305_x4,1.77,1.85,0.725,1,richelieu_gun_380_x4,1.52,1.595,0.725,0.72,richelieu_gun_380_x4,1.52,1.595,0.725,0.79,iowa_gun_406_x4,1.06,1.11,0.725,0.98,,,,,,,,,,,,,,,,,,,
"gun_20_x1_scandinavia_bb,bc",,508,gun_20_x1,scandinavia,"bb, bc",dant_gun_245_x1,2.4,2.51,1.05,0.7,dreadnought_gun_c_305_x1,1.86,1.94,1.05,1,richelieu_gun_380_x1,1.6,1.675,1.05,0.71,richelieu_gun_380_x1,1.6,1.675,1.05,0.79,iowa_gun_406_x1,1.115,1.165,1.05,0.98,,,,,,,,,,,,,,,,,,,
"gun_20_x2_scandinavia_bb,bc",,508,gun_20_x2,scandinavia,"bb, bc",dant_gun_245_x2,2.4,2.51,0.85,0.7,dreadnought_gun_c_305_x2,1.86,1.94,0.85,1,richelieu_gun_380_x2,1.6,1.675,0.85,0.71,richelieu_gun_380_x2,1.6,1.675,0.85,0.79,iowa_gun_406_x2,1.115,1.165,0.85,0.98,,,,,,,,,,,,,,,,,,,
"gun_20_x3_scandinavia_bb,bc",,508,gun_20_x3,scandinavia,"bb, bc",dant_gun_245_x3,2.4,2.51,0.7,0.7,dreadnought_gun_c_305_x3,1.86,1.94,0.7,1,richelieu_gun_380_x3,1.6,1.675,0.7,0.71,richelieu_gun_380_x3,1.6,1.675,0.7,0.79,iowa_gun_406_x3,1.115,1.165,0.7,0.98,,,,,,,,,,,,,,,,,,,
"gun_20_x4_scandinavia_bb,bc",,508,gun_20_x4,scandinavia,"bb, bc",dant_gun_245_x4,2.4,2.51,0.65,0.7,dreadnought_gun_c_305_x4,1.86,1.94,0.65,1,richelieu_gun_380_x4,1.6,1.675,0.65,0.71,richelieu_gun_380_x4,1.6,1.675,0.65,0.79,iowa_gun_406_x4,1.115,1.165,0.65,0.98,,,,,,,,,,,,,,,,,,,
