#HalfBakedOne Ship Names List       Version 1.00        Feb 22 2026        GREAT GAME,,,,,,,,,,
#Huge shoutout to Discord user MDHansen for their help debugging this file!,,,,,,,,,,
#id,enabled / disabled,"ship's ui name ($ - class, % - number, & - year)",country name,ship's type name,use this name till year,,,,,
@name,enabled,nameUi,country,shipType,tillYear,#suggested,#problems,#infoLink,#textBackup,#nameBackup
default,1,,,,-1,,,,,
##,,,country/type,bb,bc,ca,cl,dd,tb,ss
##,,,austria,47,39,44,47,22,29,1
##,,,britain,90,50,65,200,508,119,23
##,,,france,59,41,68,67,125,47,191
##,,,germany,57,36,43,53,1,1,1
##,,,italy,147,53,64,77,76,47,189
##,,,japan,82,47,58,60,195,46,1
##,,,russia,63,36,45,51,151,48,64
##,,,spain,181,149,64,101,124,88,5
##,,,usa,53,45,53,97,755,202,15
##,,,china,115,115,44,89,110,1,1
##,,,scandinavia,,,,,,,
##,,,australia,,,,,,,
##,,,netherlands,,,,,,,
##,,,ottoman,,,,,,,
##,,,brazil,,,,,,,
##,,,mexico,,,,,,,
##,,,canada,,,,,,,
##,,,greece,,,,,,,
##,,,,,,,,,,
###,,,special,,,,,,,
##1,,$ D-%,austria,dd,,name / number,"wrong, same name as TB (T-%)?, as use names in list from list, until run out of names",https://en.wikipedia.org/wiki/Category:World_War_I_torpedo_boats_of_Austria-Hungary,"Design gets a random name. All subordinate ships receive Τ-# nbr. Example: ""NAME T-10"".",$ T-%
##2,,$ T-%,austria,tb,,name / number,"wrong, use names from list, until run out of names, or some have numbers",https://en.wikipedia.org/wiki/List_of_ships_of_the_Austro-Hungarian_Navy,"Design gets a random name. All subordinate ships receive Τ-# nbr. Example: ""NAME T-10"".",$ T-%
3,,U-%,austria,ss,,number / number,"good: U-2 (U2- U-3 U-4), U-5 (U5 U-6 U-7) mixure",https://en.wikipedia.org/wiki/List_of_Austro-Hungarian_U-boats,"No name, just prefix. Example: ""U-10"".",U-%
4,0,names,britain,dd,,names,dd: ok,https://en.wikipedia.org/wiki/List_of_destroyer_classes_of_the_Royal_Navy,,
5,0,names,britain,tb,,names,tb: wrong?,https://en.wikipedia.org/wiki/List_of_torpedo_boat_classes_of_the_Royal_Navy,,
6,,$ E-%,britain,ss,,letter / letter+number,ss wrong (different letters for class),https://en.wikipedia.org/wiki/List_of_submarine_classes_of_the_Royal_Navy,"No name, just prefix. Example: E-10"".",E-%
7,0,names $ D-%,france,dd,,names,"wrong, use names?",https://en.wikipedia.org/wiki/List_of_destroyers_of_France,"Design gets a random name. All subordinate ships receive Τ-# nbr. Example: ""NAME T-10"".",$ T-%
8,,$ T-%,france,tb,,name / number,no info?,?,"Design gets a random name. All subordinate ships receive Τ-# nbr. Example: ""NAME T-10"".",$ T-%
9,,Q-%,france,ss,,names,"wrong, use names, plus (Q%) postfix",https://en.wikipedia.org/wiki/List_of_submarines_of_France,"Design gets a random name. All subordinate ships receive Q-# nbr. Example: ""NAME Q-10"".",$ Q-%
10,,V-%,germany,dd,,letter / letter+number,"wrong, varius prefix, plus restarting number",https://en.wikipedia.org/wiki/German_ocean-going_torpedo_boats_and_destroyers_of_World_War_I,"No name, just prefix. Example: ""Z10"".",Z-%
11,,S-%,germany,tb,,letter / letter+number,"wrong, different prefixes",https://en.wikipedia.org/wiki/German_ocean-going_torpedo_boats_and_destroyers_of_World_War_I,"Design gets name ""Type-#Year"". All subordinate ships receive T-# nbr. Example: ""Type-1928 T10"".",Type-& T-%
12,,U-%,germany,ss,,number / number,"ok global number, as austria-ss",https://en.wikipedia.org/wiki/List_of_U-boats_of_Germany,"No name, just prefix. Example: ""U-10"".",U-%
13,0,names,italy,dd,,names,dd: ok (names),https://en.wikipedia.org/wiki/List_of_destroyers_of_Italy,,
14,0,names $ TA-%,italy,tb,,names,tb: few info,?,"Design gets a random name. All subordinate ships receive TA-# nbr. Example: ""NAME TA-10"".",$ TA-%
15,, T-%,italy,ss,,,ss: few info,https://en.wikipedia.org/wiki/Category:World_War_I_submarines_of_Italy,"Design gets a random name. All subordinate ships receive F-# nbr. Example: ""NAME F-10"".",$ T-%
16,0,names,japan,dd,,names,,,,
17,0,names,japan,tb,,names,,,,
18,0,disabled Ha-%,japan,ss,1910,number / number,"wrong, dont have class prefix",https://en.wikipedia.org/wiki/Submarines_of_the_Imperial_Japanese_Navy,"Design gets a random name. All subordinate ships receive Ha-# nbr. Example: ""NAME Ha-10"".",$ Ha-%
19,0,disabled Ro-%,japan,ss,1925,number / number,"wrong, dont have class prefix",https://en.wikipedia.org/wiki/Submarines_of_the_Imperial_Japanese_Navy,"Design gets a random name. All subordinate ships receive Ro-# nbr. Example: ""NAME Ro-10"".",$ Ro-%
20,,I-%,japan,ss,,number / number,"wrong, dont have class prefix",https://en.wikipedia.org/wiki/Submarines_of_the_Imperial_Japanese_Navy,"Design gets a random name. All subordinate ships receive I-# nbr. Example: ""NAME I-10"".",$ I-%
21,0,names,russia,dd,,names,names/number contradiction,https://en.wikipedia.org/wiki/List_of_destroyers_of_the_Imperial_Russian_Navy,,
22,0,names $ TK-%,russia,tb,,names,names/number contradiction,https://en.wikipedia.org/wiki/List_of_destroyers_of_the_Imperial_Russian_Navy,"Design gets a random name. All subordinate ships receive ΤK-# nbr. Example: ""NAME TK-10"".",$ TK-%
23,0,names $ M-%,russia,ss,1905,names,names/number contradiction,https://en.wikipedia.org/wiki/Category:World_War_I_submarines_of_Russia,"Design gets a random name. All subordinate ships receive M-# nbr. Example: ""NAME M-10"".",$ M-%
24,0,names $ S-%,russia,ss,1920,names,names/number contradiction,https://en.wikipedia.org/wiki/Category:World_War_I_submarines_of_Russia,"Design gets a random name. All subordinate ships receive S-# nbr. Example: ""NAME S-10"".",$ S-%
25,,Π-%,russia,ss,,names,names/number contradiction,https://en.wikipedia.org/wiki/Category:World_War_I_submarines_of_Russia,"Design gets a random name. All subordinate ships receive B-# nbr. Example: ""NAME B-10"".",$ Π-%
26,0,names $ D-%,spain,dd,,names,"wrong: contradiction, use names?",https://en.wikipedia.org/wiki/List_of_retired_Spanish_Navy_ships#Destroyers,"Design gets a random name. All subordinate ships receive D-# nbr. Example: ""NAME D-10"".",$ D-%
27,0,names $ T-%,spain,tb,,names,"names for class, number for fleet ship?",https://en.wikipedia.org/wiki/List_of_retired_Spanish_Navy_ships#Torpedo_boats,"Design gets a random name. All subordinate ships receive Τ-# nbr. Example: ""NAME T-10"".",$ T-%
28,,S-%,spain,ss,,letter / letter+number,,,,$ S-%
29,0,A-%,spain,ss,1905,unused,"wrong, A/B/C is class name",https://en.wikipedia.org/wiki/List_of_submarines_of_the_Spanish_Navy,"No name, just prefix. Example: A-10"".",A-%
30,0,B-%,spain,ss,1920,unused,"wrong, A/B/C is class name",https://en.wikipedia.org/wiki/List_of_submarines_of_the_Spanish_Navy,"No name, just prefix. Example: ""B-10"".",B-%
31,0,C-%,spain,ss,,unused,"wrong, A/B/C is class name",https://en.wikipedia.org/wiki/List_of_submarines_of_the_Spanish_Navy,"No name, just prefix.  Example: C-10"".",C-%
32,0,names,usa,dd,,names,"dd: wrong, name for class, name+(DD-N) for fleet;",https://en.wikipedia.org/wiki/Category:World_War_I_destroyers_of_the_United_States,,
33,0,names $ TB-%,usa,tb,,names,"tb: wrong, name for class, name+(TB-N) for fleet",https://en.wikipedia.org/wiki/List_of_torpedo_boats_of_the_United_States_Navy,"Design gets a random name. All subordinate ships receive ΤΒ-# nbr. Example: ""NAME TB-10"".",$ TB-%
34,,SS-%,usa,ss,,letter / letter+number,"wrong, class name is letter, fleet name is X-N (local) (SS-N (global))",https://en.wikipedia.org/wiki/Category:World_War_I_submarines_of_the_United_States,"Design gets a random name. All subordinate ships receive SS-# nbr. Example: ""NAME SS-10"".",$ SS-%
##35,,Y-%,china,tb,,,,,,$ Y-%
36,,Ch-%,china,ss,,,,,,$ Ch-%
##,,,###,,,,,,,
38,,Monarch,austria,bb,,,,,,
39,,Wien,austria,bb,,,,,,
40,,Budapest,austria,bb,,,,,,
41,,Kronprinzessin Erzherzogin Stephanie,austria,bb,,,,,,
42,,Kronprinz Erzherzog Rudolf,austria,bb,,,,,,
43,,Habsburg,austria,bb,,,,,,
44,,Árpád,austria,bb,,,,,,
45,,Babenberg,austria,bb,,,,,,
46,,Erzherzog Karl,austria,bb,,,,,,
47,,Erzherzog Friedrich,austria,bb,,,,,,
48,,Erzherzog Ferdinand Max,austria,bb,,,,,,
49,,Erzherzog Franz Ferdinand,austria,bb,,,,,,
50,,Radetzky,austria,bb,,,,,,
51,,Zrínyi,austria,bb,,,,,,
52,,Viribus Unitis,austria,bb,,,,,,
53,,Tegetthoff,austria,bb,,,,,,
54,,Prinz Eugen,austria,bb,,,,,,
55,,Szent István,austria,bb,,,,,,
56,,Monarch,austria,bb,,,,,,
57,,Luitpold,austria,bb,,,,,,
58,,Heinrich,austria,bb,,,,,,
59,,Adalbert,austria,bb,,,,,,
60,,Ernst,austria,bb,,,,,,
61,,Richardis,austria,bb,,,,,,
62,,Würzburg,austria,bb,,,,,,
63,,Niederalteich,austria,bb,,,,,,
64,,Bohemia,austria,bb,,,,,,
65,,Süpplingenburg,austria,bb,,,,,,
66,,Siegreiche,austria,bb,,,,,,
67,,Starke,austria,bb,,,,,,
68,,Erlauchte,austria,bb,,,,,,
69,,Schöne,austria,bb,,,,,,
70,,Heilige,austria,bb,,,,,,
71,,Freigiebige,austria,bb,,,,,,
72,,Jasomirgott,austria,bb,,,,,,
73,,Tugendhafte,austria,bb,,,,,,
74,,Glorreiche,austria,bb,,,,,,
75,,Streitbare,austria,bb,,,,,,
76,,Rudolf,austria,bb,,,,,,
77,,Albert,austria,bb,,,,,,
78,,Frederick,austria,bb,,,,,,
79,,Otto,austria,bb,,,,,,
80,,Ladislaus,austria,bb,,,,,,
81,,Sigismund,austria,bb,,,,,,
82,,Maximilian,austria,bb,,,,,,
83,,Francis,austria,bb,,,,,,
84,,Karl,austria,bb,,,,,,
85,,Drache,austria,bc,,,,,,
86,,Salamander,austria,bc,,,,,,
87,,Kaiser Max,austria,bc,,,,,,
88,,Juan de Austria,austria,bc,,,,,,
89,,Erzherzog Ferdinand Max,austria,bc,,,,,,
90,,Lissa,austria,bc,,,,,,
91,,Kaiser,austria,bc,,,,,,
92,,Custoza,austria,bc,,,,,,
93,,Erzherzog Albrecht,austria,bc,,,,,,
94,,Kronprinz Erzherzog Rudolf,austria,bc,,,,,,
95,,Kronprinzessin Erzherzogin Stephanie,austria,bc,,,,,,
96,,Jupiter,austria,bc,,,,,,
97,,Gorzkowski,austria,bc,,,,,,
98,,Messagiere,austria,bc,,,,,,
99,,Achilles,austria,bc,,,,,,
100,,Taurus,austria,bc,,,,,,
101,,Vulcan,austria,bc,,,,,,
102,,Santa Lucia,austria,bc,,,,,,
103,,Volta,austria,bc,,,,,,
104,,Kaiserin Elisabeth,austria,bc,,,,,,
105,,Adria,austria,bc,,,,,,
106,,Donau,austria,bc,,,,,,
107,,Novara,austria,bc,,,,,,
108,,Schwarzenberg,austria,bc,,,,,,
109,,Laudon,austria,bc,,,,,,
110,,Erzherzog Friedrich,austria,bc,,,,,,
111,,Dandolo,austria,bc,,,,,,
112,,Saida,austria,bc,,,,,,
113,,Minerva,austria,bc,,,,,,
114,,Pylades,austria,bc,,,,,,
115,,Pola,austria,bc,,,,,,
116,,Montecuccoli,austria,bc,,,,,,
117,,Hussar,austria,bc,,,,,,
118,,Arthemisia,austria,bc,,,,,,
119,,Arethusa,austria,bc,,,,,,
120,,Dromedar,austria,bc,,,,,,
121,,Bravo,austria,bc,,,,,,
122,,Fido,austria,bc,,,,,,
123,,Camaeleon,austria,bc,,,,,,
124,,Zara,austria,ca,,,,,,
125,,Spalato,austria,ca,,,,,,
126,,Sebenico,austria,ca,,,,,,
127,,Lussin,austria,ca,,,,,,
128,,Panther,austria,ca,,,,,,
129,,Leopard,austria,ca,,,,,,
130,,Tiger,austria,ca,,,,,,
131,,Kaiser Franz Joseph I,austria,ca,,,,,,
132,,Kaiserin Elisabeth,austria,ca,,,,,,
133,,Kaiserin und Königin Maria Theresia,austria,ca,,,,,,
134,,Kaiser Karl VI,austria,ca,,,,,,
135,,Sankt Georg,austria,ca,,,,,,
136,,Helgoland,austria,ca,,,,,,
137,,Budapest,austria,ca,,,,,,
138,,Debrecen,austria,ca,,,,,,
139,,Tyrol,austria,ca,,,,,,
140,,Styria,austria,ca,,,,,,
141,,Vorarlberg,austria,ca,,,,,,
142,,Carinthia,austria,ca,,,,,,
143,,Szeged,austria,ca,,,,,,
144,,Miskolc,austria,ca,,,,,,
145,,Graz,austria,ca,,,,,,
146,,Linz,austria,ca,,,,,,
147,,Salzburg,austria,ca,,,,,,
148,,Innsbruck,austria,ca,,,,,,
149,,Klagenfurt,austria,ca,,,,,,
150,,Villach,austria,ca,,,,,,
151,,Wels,austria,ca,,,,,,
152,,Sankt Pölten,austria,ca,,,,,,
153,,Dornbirn,austria,ca,,,,,,
154,,Wiener Neustadt,austria,ca,,,,,,
155,,Steyr,austria,ca,,,,,,
156,,Feldkirch,austria,ca,,,,,,
157,,Bregenz,austria,ca,,,,,,
158,,Leonding,austria,ca,,,,,,
159,,Klosterneuburg,austria,ca,,,,,,
160,,Wolfsberg,austria,ca,,,,,,
161,,Leoben,austria,ca,,,,,,
162,,Krems,austria,ca,,,,,,
163,,Traun,austria,ca,,,,,,
164,,Amstetten,austria,ca,,,,,,
165,,Lustenau,austria,ca,,,,,,
166,,Kapfenberg,austria,ca,,,,,,
167,,Mödling,austria,ca,,,,,,
168,,Zenta,austria,cl,,,,,,
169,,Aspern,austria,cl,,,,,,
170,,Szigetvár,austria,cl,,,,,,
171,,Admiral Spaun,austria,cl,,,,,,
172,,Pola,austria,cl,,,,,,
173,,Teodo,austria,cl,,,,,,
174,,Meteor,austria,cl,,,,,,
175,,Blitz,austria,cl,,,,,,
176,,Komet,austria,cl,,,,,,
177,,Planet,austria,cl,,,,,,
178,,Trabant,austria,cl,,,,,,
179,,Satellit,austria,cl,,,,,,
180,,Magnet,austria,cl,,,,,,
181,,Fogas,austria,cl,,,,,,
182,,Wels,austria,cl,,,,,,
183,,Stöhr,austria,cl,,,,,,
184,,Fasana,austria,cl,,,,,,
185,,Gamma,austria,cl,,,,,,
186,,Zrínyi,austria,cl,,,,,,
187,,Aurora,austria,cl,,,,,,
188,,Frundsberg,austria,cl,,,,,,
189,,Maros,austria,cl,,,,,,
190,,Leitha,austria,cl,,,,,,
191,,Körös,austria,cl,,,,,,
192,,Szamos,austria,cl,,,,,,
193,,Temes,austria,cl,,,,,,
194,,Bodrog,austria,cl,,,,,,
195,,Enns,austria,cl,,,,,,
196,,Sava,austria,cl,,,,,,
197,,Bosna,austria,cl,,,,,,
198,,Hallein,austria,cl,,,,,,
199,,Kufstein,austria,cl,,,,,,
200,,Traiskirchen,austria,cl,,,,,,
201,,Schwechat,austria,cl,,,,,,
202,,Stockerau,austria,cl,,,,,,
203,,Saalfelden,austria,cl,,,,,,
204,,Ansfelden,austria,cl,,,,,,
205,,Tulln,austria,cl,,,,,,
206,,Hohenems,austria,cl,,,,,,
207,,Ternitz,austria,cl,,,,,,
208,,Bludenz,austria,cl,,,,,,
209,,Korneuburg,austria,cl,,,,,,
210,,Vöcklabruck,austria,cl,,,,,,
211,,Bad Vöslau,austria,cl,,,,,,
212,,Götzis,austria,cl,,,,,,
213,,Sankt Johann,austria,cl,,,,,,
214,,Sankt Andrä,austria,cl,,,,,,
215,,Csikos,austria,dd,,,,,,
216,,Dinara,austria,dd,,,,,,
217,,Huszar,austria,dd,,,,,,
218,,Pandur,austria,dd,,,,,,
219,,Reka,austria,dd,,,,,,
220,,Scharfschütze,austria,dd,,,,,,
221,,Streiter,austria,dd,,,,,,
222,,Turul,austria,dd,,,,,,
223,,Ulan,austria,dd,,,,,,
224,,Uskoke,austria,dd,,,,,,
225,,Velebit,austria,dd,,,,,,
226,,Warasdiner,austria,dd,,,,,,
227,,Wildfang,austria,dd,,,,,,
228,,Balaton,austria,dd,,,,,,
229,,Csepel,austria,dd,,,,,,
230,,Lika,austria,dd,,,,,,
231,,Orjen,austria,dd,,,,,,
232,,Tátra,austria,dd,,,,,,
233,,Triglav,austria,dd,,,,,,
234,,Dukla,austria,dd,,,,,,
235,,Uzsok,austria,dd,,,,,,
236,,Python,austria,tb,,,,,,
237,,Kigyo,austria,tb,,,,,,
238,,Boa,austria,tb,,,,,,
239,,Cobra,austria,tb,,,,,,
240,,Kaiman,austria,tb,,,,,,
241,,Anaconda,austria,tb,,,,,,
242,,Alligator,austria,tb,,,,,,
243,,Krokodil,austria,tb,,,,,,
244,,Wal,austria,tb,,,,,,
245,,Seehund,austria,tb,,,,,,
246,,Delphin,austria,tb,,,,,,
247,,Narwal,austria,tb,,,,,,
248,,Hai,austria,tb,,,,,,
249,,Möwe,austria,tb,,,,,,
250,,Schwalbe,austria,tb,,,,,,
251,,Pinguin,austria,tb,,,,,,
252,,Drache,austria,tb,,,,,,
253,,Greif,austria,tb,,,,,,
254,,Triton,austria,tb,,,,,,
255,,Hydra,austria,tb,,,,,,
256,,Skorpion,austria,tb,,,,,,
257,,Phönix,austria,tb,,,,,,
258,,Krake,austria,tb,,,,,,
259,,Polyp,austria,tb,,,,,,
260,,Echse,austria,tb,,,,,,
261,,Molch,austria,tb,,,,,,
262,,Kormoran,austria,tb,,,,,,
263,,Alk,austria,tb,,,,,,
##,,,###,,,,,,,
265,,Royal Sovereign,britain,bb,,,,,,
266,,Empress of India,britain,bb,,,,,,
267,,Repulse,britain,bb,,,,,,
268,,Ramillies,britain,bb,,,,,,
269,,Resolution,britain,bb,,,,,,
270,,Revenge,britain,bb,,,,,,
271,,Redoubtable,britain,bb,,,,,,
272,,Royal Oak,britain,bb,,,,,,
273,,Hood,britain,bb,,,,,,
274,,Centurion,britain,bb,,,,,,
275,,Barfleur,britain,bb,,,,,,
276,,Renown,britain,bb,,,,,,
277,,Magnificent,britain,bb,,,,,,
278,,Majestic,britain,bb,,,,,,
279,,Prince George,britain,bb,,,,,,
280,,Victorious,britain,bb,,,,,,
281,,Jupiter,britain,bb,,,,,,
282,,Mars,britain,bb,,,,,,
283,,Hannibal,britain,bb,,,,,,
284,,Caesar,britain,bb,,,,,,
285,,Illustrious,britain,bb,,,,,,
286,,Canopus,britain,bb,,,,,,
287,,Goliath,britain,bb,,,,,,
288,,Albion,britain,bb,,,,,,
289,,Ocean,britain,bb,,,,,,
290,,Glory,britain,bb,,,,,,
291,,Vengeance,britain,bb,,,,,,
292,,Formidable,britain,bb,,,,,,
293,,Irresistible,britain,bb,,,,,,
294,,Implacable,britain,bb,,,,,,
295,,London,britain,bb,,,,,,
296,,Bulwark,britain,bb,,,,,,
297,,Venerable,britain,bb,,,,,,
298,,Queen,britain,bb,,,,,,
299,,Prince of Wales,britain,bb,,,,,,
300,,Russell,britain,bb,,,,,,
301,,Albemarle,britain,bb,,,,,,
302,,Montagu,britain,bb,,,,,,
303,,Duncan,britain,bb,,,,,,
304,,Cornwallis,britain,bb,,,,,,
305,,Exmouth,britain,bb,,,,,,
306,,King Edward VII,britain,bb,,,,,,
307,,Commonwealth,britain,bb,,,,,,
308,,Dominion,britain,bb,,,,,,
309,,Hindustan,britain,bb,,,,,,
310,,New Zealand,britain,bb,,,,,,
311,,Zealandia,britain,bb,,,,,,
312,,Britannia,britain,bb,,,,,,
313,,Africa,britain,bb,,,,,,
314,,Hibernia,britain,bb,,,,,,
315,,Swiftsure,britain,bb,,,,,,
316,,Triumph,britain,bb,,,,,,
317,,Lord Nelson,britain,bb,,,,,,
318,,Agamemnon,britain,bb,,,,,,
319,,Dreadnought,britain,bb,,,,,,
320,,Bellerophon,britain,bb,,,,,,
321,,Superb,britain,bb,,,,,,
322,,Temeraire,britain,bb,,,,,,
323,,St. Vincent,britain,bb,,,,,,
324,,Collingwood,britain,bb,,,,,,
325,,Vanguard,britain,bb,,,,,,
326,,Neptune,britain,bb,,,,,,
327,,Colossus,britain,bb,,,,,,
328,,Hercules,britain,bb,,,,,,
329,,Orion,britain,bb,,,,,,
330,,Monarch,britain,bb,,,,,,
331,,Conqueror,britain,bb,,,,,,
332,,Thunderer,britain,bb,,,,,,
333,,King George V,britain,bb,,,,,,
334,,Audacious,britain,bb,,,,,,
335,,Ajax,britain,bb,,,,,,
336,,Iron Duke,britain,bb,,,,,,
337,,Marlborough,britain,bb,,,,,,
338,,Benbow,britain,bb,,,,,,
339,,Emperor of India,britain,bb,,,,,,
340,,Agincourt,britain,bb,,,,,,
341,,Erin,britain,bb,,,,,,
342,,Canada,britain,bb,,,,,,
343,,Eagle,britain,bb,,,,,,
344,,Queen Elizabeth,britain,bb,,,,,,
345,,Warspite,britain,bb,,,,,,
346,,Barham,britain,bb,,,,,,
347,,Valiant,britain,bb,,,,,,
348,,Malaya,britain,bb,,,,,,
349,,Nelson,britain,bb,,,,,,
350,,Rodney,britain,bb,,,,,,
351,,Duke of York,britain,bb,,,,,,
352,,Anson,britain,bb,,,,,,
353,,Howe,britain,bb,,,,,,
354,,Lion,britain,bb,,,,,,
355,,Munro,britain,bb,,,,,,
358,,Rocket,britain,bc,,,,,,
359,,Slayed Duke,britain,bb,,,,,,
356,,MD Hansen,britain,bb,,,,,,
357,,Sepharin,britain,bb,,,,,,
360,,Hajas,britain,bb,,,,,,
8493,,Yumasai,britain,bb,,,,,,
8494,,Pronto,britain,bb,,,,,,
361,,Invincible,britain,bb,,,,,,
362,,Inflexible,britain,bc,,,,,,
363,,Indomitable,britain,bc,,,,,,
364,,Indefatigable,britain,bc,,,,,,
365,,New Zealand,britain,bc,,,,,,
366,,Lion,britain,bc,,,,,,
367,,Princess Royal,britain,bc,,,,,,
368,,Queen Mary,britain,bc,,,,,,
369,,Tiger,britain,bc,,,,,,
370,,Renown,britain,bc,,,,,,
371,,Repulse,britain,bc,,,,,,
372,,Courageous,britain,bc,,,,,,
373,,Glorious,britain,bc,,,,,,
374,,Furious,britain,bc,,,,,,
375,,Incomparable,britain,bc,,,,,,
376,,Hood,britain,bc,,,,,,
377,,Anson,britain,bc,,,,,,
378,,Howe,britain,bc,,,,,,
379,,Rodney,britain,bc,,,,,,
380,,Warrior,britain,bc,,,,,,
381,,Black Prince,britain,bc,,,,,,
382,,Defence,britain,bc,,,,,,
383,,Resistance,britain,bc,,,,,,
384,,Hector,britain,bc,,,,,,
385,,Valiant,britain,bc,,,,,,
386,,Achilles,britain,bc,,,,,,
387,,Minotaur,britain,bc,,,,,,
388,,Agincourt,britain,bc,,,,,,
389,,Northumberland,britain,bc,,,,,,
390,,Prince Consort,britain,bc,,,,,,
391,,Caledonia,britain,bc,,,,,,
392,,Ocean,britain,bc,,,,,,
393,,Royal Oak,britain,bc,,,,,,
394,,Royal Alfred,britain,bc,,,,,,
395,,Enterprise,britain,bc,,,,,,
396,,Favorite,britain,bc,,,,,,
397,,Zealous,britain,bc,,,,,,
398,,Lord Clyde,britain,bc,,,,,,
399,,Lord Warden,britain,bc,,,,,,
400,,Pallas,britain,bc,,,,,,
401,,Bellerophon,britain,bc,,,,,,
402,,Penelope,britain,bc,,,,,,
403,,Hercules,britain,bc,,,,,,
404,,Monarch,britain,bc,,,,,,
405,,Audacious,britain,bc,,,,,,
406,,Devastation,britain,bc,,,,,,
407,,Thunderer,britain,bc,,,,,,
408,,Superb,britain,bc,,,,,,
409,,Trafalgar,britain,bc,,,,,,
410,,Colossus,britain,bc,,,,,,
411,,Shannon,britain,ca,,,,,,
412,,Nelson,britain,ca,,,,,,
413,,Imperieuse,britain,ca,,,,,,
414,,Warspite,britain,ca,,,,,,
415,,Orlando,britain,ca,,,,,,
416,,Australia,britain,ca,,,,,,
417,,Undaunted,britain,ca,,,,,,
418,,Narcissus,britain,ca,,,,,,
419,,Galatea,britain,ca,,,,,,
420,,Immortalite,britain,ca,,,,,,
421,,Aurora,britain,ca,,,,,,
422,,Blake,britain,ca,,,,,,
423,,Blenheim,britain,ca,,,,,,
424,,Edgar,britain,ca,,,,,,
425,,Hawke,britain,ca,,,,,,
426,,Endymion,britain,ca,,,,,,
427,,Royal Arthur,britain,ca,,,,,,
428,,Gibraltar,britain,ca,,,,,,
429,,Grafton,britain,ca,,,,,,
430,,St George,britain,ca,,,,,,
431,,Theseus,britain,ca,,,,,,
432,,Crescent,britain,ca,,,,,,
433,,Powerful,britain,ca,,,,,,
434,,Terrible,britain,ca,,,,,,
435,,Diadem,britain,ca,,,,,,
436,,Niobe,britain,ca,,,,,,
437,,Europa,britain,ca,,,,,,
438,,Andromeda,britain,ca,,,,,,
439,,Amphitrite,britain,ca,,,,,,
440,,Argonaut,britain,ca,,,,,,
441,,Ariadne,britain,ca,,,,,,
442,,Spartiate,britain,ca,,,,,,
443,,Cressy,britain,ca,,,,,,
444,,Sutlej,britain,ca,,,,,,
445,,Aboukir,britain,ca,,,,,,
446,,Hogue,britain,ca,,,,,,
447,,Bacchante,britain,ca,,,,,,
448,,Euryalus,britain,ca,,,,,,
449,,Drake,britain,ca,,,,,,
450,,Good Hope,britain,ca,,,,,,
451,,King Alfred,britain,ca,,,,,,
452,,Leviathan,britain,ca,,,,,,
453,,Monmouth,britain,ca,,,,,,
454,,Bedford,britain,ca,,,,,,
455,,Essex,britain,ca,,,,,,
456,,Kent,britain,ca,,,,,,
457,,Berwick,britain,ca,,,,,,
458,,Cornwall,britain,ca,,,,,,
459,,Cumberland,britain,ca,,,,,,
460,,Donegal,britain,ca,,,,,,
461,,Lancaster,britain,ca,,,,,,
462,,Suffolk,britain,ca,,,,,,
463,,Devonshire,britain,ca,,,,,,
464,,Hampshire,britain,ca,,,,,,
465,,Carnarvon,britain,ca,,,,,,
466,,Antrim,britain,ca,,,,,,
467,,Roxburgh,britain,ca,,,,,,
468,,Argyll,britain,ca,,,,,,
469,,Duke of Edinburgh,britain,ca,,,,,,
470,,Black Prince,britain,ca,,,,,,
471,,Warrior,britain,ca,,,,,,
472,,Cochrane,britain,ca,,,,,,
473,,Achilles,britain,ca,,,,,,
474,,Natal,britain,ca,,,,,,
475,,Minotaur,britain,ca,,,,,,
476,,Iris,britain,cl,,,,,,
477,,Mercury,britain,cl,,,,,,
478,,Comus,britain,cl,,,,,,
479,,Curacoa,britain,cl,,,,,,
480,,Champion,britain,cl,,,,,,
481,,Cleopatra,britain,cl,,,,,,
482,,Carysfort,britain,cl,,,,,,
483,,Conquest,britain,cl,,,,,,
484,,Constance,britain,cl,,,,,,
485,,Canada,britain,cl,,,,,,
486,,Cordelia,britain,cl,,,,,,
487,,Leander,britain,cl,,,,,,
488,,Arethusa,britain,cl,,,,,,
489,,Phaeton,britain,cl,,,,,,
490,,Amphion,britain,cl,,,,,,
491,,Calypso,britain,cl,,,,,,
492,,Calliope,britain,cl,,,,,,
493,,Surprise,britain,cl,,,,,,
494,,Alacrity,britain,cl,,,,,,
495,,Mersey,britain,cl,,,,,,
496,,Severn,britain,cl,,,,,,
497,,Thames,britain,cl,,,,,,
498,,Forth,britain,cl,,,,,,
499,,Scout,britain,cl,,,,,,
500,,Fearless,britain,cl,,,,,,
501,,Archer,britain,cl,,,,,,
502,,Mohawk,britain,cl,,,,,,
503,,Brisk,britain,cl,,,,,,
504,,Porpoise,britain,cl,,,,,,
505,,Cossack,britain,cl,,,,,,
506,,Tartar,britain,cl,,,,,,
507,,Serpent,britain,cl,,,,,,
508,,Racoon,britain,cl,,,,,,
509,,Marathon,britain,cl,,,,,,
510,,Magicienne,britain,cl,,,,,,
511,,Medea,britain,cl,,,,,,
512,,Medusa,britain,cl,,,,,,
513,,Melpomene,britain,cl,,,,,,
514,,Barracouta,britain,cl,,,,,,
515,,Barrosa,britain,cl,,,,,,
516,,Blanche,britain,cl,,,,,,
517,,Blonde,britain,cl,,,,,,
518,,Barham,britain,cl,,,,,,
519,,Bellona,britain,cl,,,,,,
520,,Pandora,britain,cl,,,,,,
521,,Psyche,britain,cl,,,,,,
522,,Phoenix,britain,cl,,,,,,
523,,Pelorus,britain,cl,,,,,,
524,,Persian,britain,cl,,,,,,
525,,Pallas,britain,cl,,,,,,
526,,Phoebe,britain,cl,,,,,,
527,,Pearl,britain,cl,,,,,,
528,,Philomel,britain,cl,,,,,,
529,,Apollo,britain,cl,,,,,,
530,,Latona,britain,cl,,,,,,
531,,Melampus,britain,cl,,,,,,
532,,Andromache,britain,cl,,,,,,
533,,Sirius,britain,cl,,,,,,
534,,Terpsichore,britain,cl,,,,,,
535,,Naiad,britain,cl,,,,,,
536,,Pique,britain,cl,,,,,,
537,,Thetis,britain,cl,,,,,,
538,,Sybille,britain,cl,,,,,,
539,,Tribune,britain,cl,,,,,,
540,,Spartan,britain,cl,,,,,,
541,,Defiance,britain,cl,,,,,,
542,,Indefatigable,britain,cl,,,,,,
543,,Rainbow,britain,cl,,,,,,
544,,Sappho,britain,cl,,,,,,
545,,Intrepid,britain,cl,,,,,,
546,,Brilliant,britain,cl,,,,,,
547,,Retribution,britain,cl,,,,,,
548,,Scylla,britain,cl,,,,,,
549,,Aeolus,britain,cl,,,,,,
550,,Iphigenia,britain,cl,,,,,,
551,,Astraea,britain,cl,,,,,,
552,,Bonaventure,britain,cl,,,,,,
553,,Cambrian,britain,cl,,,,,,
554,,Charybdis,britain,cl,,,,,,
555,,Fox,britain,cl,,,,,,
556,,Hermione,britain,cl,,,,,,
557,,Flora,britain,cl,,,,,,
558,,Indus,britain,cl,,,,,,
559,,Forte,britain,cl,,,,,,
560,,Eclipse,britain,cl,,,,,,
561,,Talbot,britain,cl,,,,,,
562,,Venus,britain,cl,,,,,,
563,,Minerva,britain,cl,,,,,,
564,,Juno,britain,cl,,,,,,
565,,Diana,britain,cl,,,,,,
566,,Doris,britain,cl,,,,,,
567,,Dido,britain,cl,,,,,,
568,,Isis,britain,cl,,,,,,
569,,Arrogant,britain,cl,,,,,,
570,,Furious,britain,cl,,,,,,
571,,Gladiator,britain,cl,,,,,,
572,,Vindictive,britain,cl,,,,,,
573,,Proserpine,britain,cl,,,,,,
574,,Pactolus,britain,cl,,,,,,
575,,Pegasus,britain,cl,,,,,,
576,,Perseus,britain,cl,,,,,,
577,,Pomone,britain,cl,,,,,,
578,,Pyramus,britain,cl,,,,,,
579,,Prometheus,britain,cl,,,,,,
580,,Pioneer,britain,cl,,,,,,
581,,Highflyer,britain,cl,,,,,,
582,,Hermes,britain,cl,,,,,,
583,,Hyacinth,britain,cl,,,,,,
584,,Challenger,britain,cl,,,,,,
585,,Encounter,britain,cl,,,,,,
586,,Penguin,britain,cl,,,,,,
587,,Topaze,britain,cl,,,,,,
588,,Amethyst,britain,cl,,,,,,
589,,Diamond,britain,cl,,,,,,
590,,Sapphire,britain,cl,,,,,,
591,,Sentinel,britain,cl,,,,,,
592,,Skirmisher,britain,cl,,,,,,
593,,Adventure,britain,cl,,,,,,
594,,Attentive,britain,cl,,,,,,
595,,Forward,britain,cl,,,,,,
596,,Foresight,britain,cl,,,,,,
597,,Pathfinder,britain,cl,,,,,,
598,,Patrol,britain,cl,,,,,,
599,,Boadicea,britain,cl,,,,,,
600,,Active,britain,cl,,,,,,
601,,Town,britain,cl,,,,,,
602,,Bristol,britain,cl,,,,,,
603,,Glasgow,britain,cl,,,,,,
604,,Gloucester,britain,cl,,,,,,
605,,Liverpool,britain,cl,,,,,,
606,,Newcastle,britain,cl,,,,,,
607,,Weymouth,britain,cl,,,,,,
608,,Dartmouth,britain,cl,,,,,,
609,,Falmouth,britain,cl,,,,,,
610,,Yarmouth,britain,cl,,,,,,
611,,Chatham,britain,cl,,,,,,
612,,Dublin,britain,cl,,,,,,
613,,Southampton,britain,cl,,,,,,
614,,Brisbane,britain,cl,,,,,,
615,,Melbourne,britain,cl,,,,,,
616,,Sydney,britain,cl,,,,,,
617,,Birmingham,britain,cl,,,,,,
618,,Lowestoft,britain,cl,,,,,,
619,,Nottingham,britain,cl,,,,,,
620,,Adelaide,britain,cl,,,,,,
621,,Birkenhead,britain,cl,,,,,,
622,,Chester,britain,cl,,,,,,
623,,Aurora,britain,cl,,,,,,
624,,Galatea,britain,cl,,,,,,
625,,Inconstant,britain,cl,,,,,,
626,,Penelope,britain,cl,,,,,,
627,,Royalist,britain,cl,,,,,,
628,,Undaunted,britain,cl,,,,,,
629,,Caroline,britain,cl,,,,,,
630,,Canterbury,britain,cl,,,,,,
631,,Castor,britain,cl,,,,,,
632,,Centaur,britain,cl,,,,,,
633,,Concord,britain,cl,,,,,,
634,,Caledon,britain,cl,,,,,,
635,,Cassandra,britain,cl,,,,,,
636,,Caradoc,britain,cl,,,,,,
637,,Ceres,britain,cl,,,,,,
638,,Cardiff,britain,cl,,,,,,
639,,Coventry,britain,cl,,,,,,
640,,Curlew,britain,cl,,,,,,
641,,Carlisle,britain,cl,,,,,,
642,,Cairo,britain,cl,,,,,,
643,,Calcutta,britain,cl,,,,,,
644,,Capetown,britain,cl,,,,,,
645,,Colombo,britain,cl,,,,,,
646,,Danae,britain,cl,,,,,,
647,,Dauntless,britain,cl,,,,,,
648,,Dragon,britain,cl,,,,,,
649,,Delhi,britain,cl,,,,,,
650,,Dunedin,britain,cl,,,,,,
651,,Durban,britain,cl,,,,,,
652,,Despatch,britain,cl,,,,,,
653,,Diomede,britain,cl,,,,,,
654,,Emerald,britain,cl,,,,,,
655,,Enterprise,britain,cl,,,,,,
656,,Achilles,britain,cl,,,,,,
657,,Ajax,britain,cl,,,,,,
658,,Neptune,britain,cl,,,,,,
659,,Orion,britain,cl,,,,,,
660,,Perth,britain,cl,,,,,,
661,,Hobart,britain,cl,,,,,,
662,,Town,britain,cl,,,,,,
663,,Sheffield,britain,cl,,,,,,
664,,Manchester,britain,cl,,,,,,
665,,Edinburgh,britain,cl,,,,,,
666,,Belfast,britain,cl,,,,,,
667,,Euryalus,britain,cl,,,,,,
668,,Argonaut,britain,cl,,,,,,
669,,Black Prince,britain,cl,,,,,,
670,,Diadem,britain,cl,,,,,,
671,,Crown Colony,britain,cl,,,,,,
672,,Newfoundland,britain,cl,,,,,,
673,,Superb,britain,cl,,,,,,
674,,Lion,britain,cl,,,,,,
675,,Blake,britain,cl,,,,,,
676,,Derwent,britain,dd,,,,,,
677,,Eden,britain,dd,,,,,,
678,,Waveney,britain,dd,,,,,,
679,,Boyne,britain,dd,,,,,,
680,,Doon,britain,dd,,,,,,
681,,Kale,britain,dd,,,,,,
682,,Palmer,britain,dd,,,,,,
683,,Erne,britain,dd,,,,,,
684,,Ettrick,britain,dd,,,,,,
685,,Exe,britain,dd,,,,,,
686,,Cherwell,britain,dd,,,,,,
687,,Dee,britain,dd,,,,,,
688,,Rother,britain,dd,,,,,,
689,,Swale,britain,dd,,,,,,
690,,Ure,britain,dd,,,,,,
691,,Wear,britain,dd,,,,,,
692,,Yarrow,britain,dd,,,,,,
693,,Ribble,britain,dd,,,,,,
694,,Teviot,britain,dd,,,,,,
695,,Usk,britain,dd,,,,,,
696,,Welland,britain,dd,,,,,,
697,,Gala,britain,dd,,,,,,
698,,Garry,britain,dd,,,,,,
699,,Laird,britain,dd,,,,,,
700,,Foyle,britain,dd,,,,,,
701,,Itchen,britain,dd,,,,,,
702,,Arun,britain,dd,,,,,,
703,,Blackwater,britain,dd,,,,,,
704,,Liffey,britain,dd,,,,,,
705,,Moy,britain,dd,,,,,,
706,,Ouse,britain,dd,,,,,,
707,,Stour,britain,dd,,,,,,
708,,Test,britain,dd,,,,,,
709,,Kennet,britain,dd,,,,,,
710,,Jed,britain,dd,,,,,,
711,,Chelmer,britain,dd,,,,,,
712,,Colne,britain,dd,,,,,,
713,,Ness,britain,dd,,,,,,
714,,Nith,britain,dd,,,,,,
715,,Cricket,britain,dd,,,,,,
716,,Dragonfly,britain,dd,,,,,,
717,,Firefly,britain,dd,,,,,,
718,,Sandfly,britain,dd,,,,,,
719,,Spider,britain,dd,,,,,,
720,,Gadfly,britain,dd,,,,,,
721,,Glowworm,britain,dd,,,,,,
722,,Gnat,britain,dd,,,,,,
723,,Grasshopper,britain,dd,,,,,,
724,,Greenfly,britain,dd,,,,,,
725,,Mayfly,britain,dd,,,,,,
726,,Moth,britain,dd,,,,,,
727,,Afridi,britain,dd,,,,,,
728,,Cossack,britain,dd,,,,,,
729,,Ghurka,britain,dd,,,,,,
730,,Mohawk,britain,dd,,,,,,
731,,Tartar,britain,dd,,,,,,
732,,Amazon,britain,dd,,,,,,
733,,Saracen,britain,dd,,,,,,
734,,Crusader,britain,dd,,,,,,
735,,Maori,britain,dd,,,,,,
736,,Nubian,britain,dd,,,,,,
737,,Viking,britain,dd,,,,,,
738,,Harper,britain,dd,,,,,,
739,,Zulu,britain,dd,,,,,,
740,,Basilisk,britain,dd,,,,,,
741,,Beagle,britain,dd,,,,,,
742,,Bulldog,britain,dd,,,,,,
743,,Foxhound,britain,dd,,,,,,
744,,Mosquito,britain,dd,,,,,,
745,,Nautilus,britain,dd,,,,,,
746,,Rattlesnake,britain,dd,,,,,,
747,,Savage,britain,dd,,,,,,
748,,Scorpion,britain,dd,,,,,,
749,,Wolverine,britain,dd,,,,,,
750,,Acorn,britain,dd,,,,,,
751,,Alarm,britain,dd,,,,,,
752,,Brisk,britain,dd,,,,,,
753,,Cameleon,britain,dd,,,,,,
754,,Comet,britain,dd,,,,,,
755,,Fury,britain,dd,,,,,,
756,,Goldfinch,britain,dd,,,,,,
757,,Hope,britain,dd,,,,,,
758,,Larne,britain,dd,,,,,,
759,,Lyra,britain,dd,,,,,,
760,,Martin,britain,dd,,,,,,
761,,Minstrel,britain,dd,,,,,,
762,,Nemesis,britain,dd,,,,,,
763,,Nereide,britain,dd,,,,,,
764,,Nymphe,britain,dd,,,,,,
765,,Redpole,britain,dd,,,,,,
766,,Rifleman,britain,dd,,,,,,
767,,Ruby,britain,dd,,,,,,
768,,Sheldrake,britain,dd,,,,,,
769,,Staunch,britain,dd,,,,,,
770,,Acheron,britain,dd,,,,,,
771,,Archer,britain,dd,,,,,,
772,,Ariel,britain,dd,,,,,,
773,,Attack,britain,dd,,,,,,
774,,Badger,britain,dd,,,,,,
775,,Beaver,britain,dd,,,,,,
776,,Defender,britain,dd,,,,,,
777,,Druid,britain,dd,,,,,,
778,,Ferret,britain,dd,,,,,,
779,,Forester,britain,dd,,,,,,
780,,Goshawk,britain,dd,,,,,,
781,,Hind,britain,dd,,,,,,
782,,Hornet,britain,dd,,,,,,
783,,Hydra,britain,dd,,,,,,
784,,Jackal,britain,dd,,,,,,
785,,Lapwing,britain,dd,,,,,,
786,,Lizard,britain,dd,,,,,,
787,,Phoenix,britain,dd,,,,,,
788,,Tigress,britain,dd,,,,,,
789,,Firedrake,britain,dd,,,,,,
790,,Lurcher,britain,dd,,,,,,
791,,Oak,britain,dd,,,,,,
792,,Parramatta,britain,dd,,,,,,
793,,Yarra,britain,dd,,,,,,
794,,Warrego,britain,dd,,,,,,
795,,Huon,britain,dd,,,,,,
796,,Swan,britain,dd,,,,,,
797,,Torrens,britain,dd,,,,,,
798,,Acasta,britain,dd,,,,,,
799,,Achates,britain,dd,,,,,,
800,,Ambuscade,britain,dd,,,,,,
801,,Christopher,britain,dd,,,,,,
802,,Cockatrice,britain,dd,,,,,,
803,,Contest,britain,dd,,,,,,
804,,Lynx,britain,dd,,,,,,
805,,Midge,britain,dd,,,,,,
806,,Owl,britain,dd,,,,,,
807,,Shark,britain,dd,,,,,,
808,,Sparrowhawk,britain,dd,,,,,,
809,,Spitfire,britain,dd,,,,,,
810,,Ardent,britain,dd,,,,,,
811,,Fortune,britain,dd,,,,,,
812,,Garland,britain,dd,,,,,,
813,,Hardy,britain,dd,,,,,,
814,,Paragon,britain,dd,,,,,,
815,,Porpoise,britain,dd,,,,,,
816,,Unity,britain,dd,,,,,,
817,,Victor,britain,dd,,,,,,
818,,Swift,britain,dd,,,,,,
819,,Laertes,britain,dd,,,,,,
820,,Laforey,britain,dd,,,,,,
821,,Lance,britain,dd,,,,,,
822,,Landrail,britain,dd,,,,,,
823,,Lark,britain,dd,,,,,,
824,,Lassoo,britain,dd,,,,,,
825,,Laurel,britain,dd,,,,,,
826,,Laverock,britain,dd,,,,,,
827,,Lawford,britain,dd,,,,,,
828,,Legion,britain,dd,,,,,,
829,,Lennox,britain,dd,,,,,,
830,,Leonidas,britain,dd,,,,,,
831,,Liberty,britain,dd,,,,,,
832,,Linnet,britain,dd,,,,,,
833,,Llewellyn,britain,dd,,,,,,
834,,Lochinvar,britain,dd,,,,,,
835,,Lookout,britain,dd,,,,,,
836,,Louis,britain,dd,,,,,,
837,,Loyal,britain,dd,,,,,,
838,,Lucifer,britain,dd,,,,,,
839,,Lydiard,britain,dd,,,,,,
840,,Lysander,britain,dd,,,,,,
841,,Arno,britain,dd,,,,,,
842,,Murray,britain,dd,,,,,,
843,,Myngs,britain,dd,,,,,,
844,,Matchless,britain,dd,,,,,,
845,,Milne,britain,dd,,,,,,
846,,Morris,britain,dd,,,,,,
847,,Moorsom,britain,dd,,,,,,
848,,Mons,britain,dd,,,,,,
849,,Marne,britain,dd,,,,,,
850,,Michael,britain,dd,,,,,,
851,,Milbrook,britain,dd,,,,,,
852,,Minion,britain,dd,,,,,,
853,,Munster,britain,dd,,,,,,
854,,Mystic,britain,dd,,,,,,
855,,Maenad,britain,dd,,,,,,
856,,Magic,britain,dd,,,,,,
857,,Moresby,britain,dd,,,,,,
858,,Mandate,britain,dd,,,,,,
859,,Manners,britain,dd,,,,,,
860,,Marmion,britain,dd,,,,,,
861,,Martial,britain,dd,,,,,,
862,,Mary Rose,britain,dd,,,,,,
863,,Menace,britain,dd,,,,,,
864,,Mameluke,britain,dd,,,,,,
865,,Marvel,britain,dd,,,,,,
866,,Mindful,britain,dd,,,,,,
867,,Mischief,britain,dd,,,,,,
868,,Nonsuch,britain,dd,,,,,,
869,,Negro,britain,dd,,,,,,
870,,Nepean,britain,dd,,,,,,
871,,Nereus,britain,dd,,,,,,
872,,Nessus,britain,dd,,,,,,
873,,Nestor,britain,dd,,,,,,
874,,Noble,britain,dd,,,,,,
875,,Nomad,britain,dd,,,,,,
876,,Nizam,britain,dd,,,,,,
877,,Nonpareil,britain,dd,,,,,,
878,,Norman,britain,dd,,,,,,
879,,Northesk,britain,dd,,,,,,
880,,North Star,britain,dd,,,,,,
881,,Nugent,britain,dd,,,,,,
882,,Obedient,britain,dd,,,,,,
883,,Obdurate,britain,dd,,,,,,
884,,Onslaught,britain,dd,,,,,,
885,,Onslow,britain,dd,,,,,,
886,,Opal,britain,dd,,,,,,
887,,Ophelia,britain,dd,,,,,,
888,,Opportune,britain,dd,,,,,,
889,,Oracle,britain,dd,,,,,,
890,,Orestes,britain,dd,,,,,,
891,,Orford,britain,dd,,,,,,
892,,Orpheus,britain,dd,,,,,,
893,,Octavia,britain,dd,,,,,,
894,,Ossory,britain,dd,,,,,,
895,,Napier,britain,dd,,,,,,
896,,Narborough,britain,dd,,,,,,
897,,Narwhal,britain,dd,,,,,,
898,,Nicator,britain,dd,,,,,,
899,,Orcadia,britain,dd,,,,,,
900,,Oriana,britain,dd,,,,,,
901,,Paladin,britain,dd,,,,,,
902,,Parthian,britain,dd,,,,,,
903,,Norseman,britain,dd,,,,,,
904,,Oberon,britain,dd,,,,,,
905,,Observer,britain,dd,,,,,,
906,,Offa,britain,dd,,,,,,
907,,Oriole,britain,dd,,,,,,
908,,Osiris,britain,dd,,,,,,
909,,Partridge,britain,dd,,,,,,
910,,Pasley,britain,dd,,,,,,
911,,Medina,britain,dd,,,,,,
912,,Medway,britain,dd,,,,,,
913,,Pelican,britain,dd,,,,,,
914,,Pellew,britain,dd,,,,,,
915,,Penn,britain,dd,,,,,,
916,,Peregrine,britain,dd,,,,,,
917,,Petard,britain,dd,,,,,,
918,,Peyton,britain,dd,,,,,,
919,,Pheasant,britain,dd,,,,,,
920,,Phoebe,britain,dd,,,,,,
921,,Pigeon,britain,dd,,,,,,
922,,Plover,britain,dd,,,,,,
923,,Plucky,britain,dd,,,,,,
924,,Portia,britain,dd,,,,,,
925,,Prince,britain,dd,,,,,,
926,,Pylades,britain,dd,,,,,,
927,,Mentor,britain,dd,,,,,,
928,,Mansfield,britain,dd,,,,,,
929,,Miranda,britain,dd,,,,,,
930,,Minos,britain,dd,,,,,,
931,,Manley,britain,dd,,,,,,
932,,Moon,britain,dd,,,,,,
933,,Morning Star,britain,dd,,,,,,
934,,Mounsey,britain,dd,,,,,,
935,,Musketeer,britain,dd,,,,,,
936,,Nerissa,britain,dd,,,,,,
937,,Relentless,britain,dd,,,,,,
938,,Rival,britain,dd,,,,,,
939,,Meteor,britain,dd,,,,,,
940,,Mastiff,britain,dd,,,,,,
941,,Patrician,britain,dd,,,,,,
942,,Patriot,britain,dd,,,,,,
943,,Rapid,britain,dd,,,,,,
944,,Talisman,britain,dd,,,,,,
945,,Termagant,britain,dd,,,,,,
946,,Trident,britain,dd,,,,,,
947,,Turbulent,britain,dd,,,,,,
948,,Faulknor,britain,dd,,,,,,
949,,Kempenfelt,britain,dd,,,,,,
950,,Nimrod,britain,dd,,,,,,
951,,Abdiel,britain,dd,,,,,,
952,,Gabriel,britain,dd,,,,,,
953,,Ithuriel,britain,dd,,,,,,
954,,Parker,britain,dd,,,,,,
955,,Grenville,britain,dd,,,,,,
956,,Hoste,britain,dd,,,,,,
957,,Seymour,britain,dd,,,,,,
958,,Saumarez,britain,dd,,,,,,
959,,Anzac,britain,dd,,,,,,
960,,Radstock,britain,dd,,,,,,
961,,Raider,britain,dd,,,,,,
962,,Romola,britain,dd,,,,,,
963,,Rowena,britain,dd,,,,,,
964,,Restless,britain,dd,,,,,,
965,,Rigorous,britain,dd,,,,,,
966,,Rocket,britain,dd,,,,,,
967,,Rob Roy,britain,dd,,,,,,
968,,Redgauntlet,britain,dd,,,,,,
969,,Redoubt,britain,dd,,,,,,
970,,Recruit,britain,dd,,,,,,
971,,Sable,britain,dd,,,,,,
972,,Setter,britain,dd,,,,,,
973,,Salmon,britain,dd,,,,,,
974,,Sylph,britain,dd,,,,,,
975,,Sarpedon,britain,dd,,,,,,
976,,Sorceress,britain,dd,,,,,,
977,,Sturgeon,britain,dd,,,,,,
978,,Sceptre,britain,dd,,,,,,
979,,Satyr,britain,dd,,,,,,
980,,Sharpshooter,britain,dd,,,,,,
981,,Simoom,britain,dd,,,,,,
982,,Skate,britain,dd,,,,,,
983,,Skilful,britain,dd,,,,,,
984,,Springbok,britain,dd,,,,,,
985,,Starfish,britain,dd,,,,,,
986,,Stork,britain,dd,,,,,,
987,,Tancred,britain,dd,,,,,,
988,,Tarpon,britain,dd,,,,,,
989,,Telemachus,britain,dd,,,,,,
990,,Tempest,britain,dd,,,,,,
991,,Tenacious,britain,dd,,,,,,
992,,Tetrarch,britain,dd,,,,,,
993,,Thisbe,britain,dd,,,,,,
994,,Thruster,britain,dd,,,,,,
995,,Tormentor,britain,dd,,,,,,
996,,Tornado,britain,dd,,,,,,
997,,Torrent,britain,dd,,,,,,
998,,Torrid,britain,dd,,,,,,
999,,Trenchant,britain,dd,,,,,,
1000,,Tristram,britain,dd,,,,,,
1001,,Tirade,britain,dd,,,,,,
1002,,Tower,britain,dd,,,,,,
1003,,Ulster,britain,dd,,,,,,
1004,,Ulysses,britain,dd,,,,,,
1005,,Umpire,britain,dd,,,,,,
1006,,Undine,britain,dd,,,,,,
1007,,Urchin,britain,dd,,,,,,
1008,,Ursa,britain,dd,,,,,,
1009,,Ursula,britain,dd,,,,,,
1010,,Rosalind,britain,dd,,,,,,
1011,,Radiant,britain,dd,,,,,,
1012,,Retriever,britain,dd,,,,,,
1013,,Taurus,britain,dd,,,,,,
1014,,Teazer,britain,dd,,,,,,
1015,,Sabrina,britain,dd,,,,,,
1016,,Strongbow,britain,dd,,,,,,
1017,,Surprise,britain,dd,,,,,,
1018,,Sybille,britain,dd,,,,,,
1019,,Truculent,britain,dd,,,,,,
1020,,Tyrant,britain,dd,,,,,,
1021,,Ulleswater,britain,dd,,,,,,
1022,,Scimitar,britain,dd,,,,,,
1023,,Scotsman,britain,dd,,,,,,
1024,,Scout,britain,dd,,,,,,
1025,,Senator,britain,dd,,,,,,
1026,,Sepoy,britain,dd,,,,,,
1027,,Seraph,britain,dd,,,,,,
1028,,Shamrock,britain,dd,,,,,,
1029,,Shikari,britain,dd,,,,,,
1030,,Success,britain,dd,,,,,,
1031,,Sikh,britain,dd,,,,,,
1032,,Sirdar,britain,dd,,,,,,
1033,,Somme,britain,dd,,,,,,
1034,,Steadfast,britain,dd,,,,,,
1035,,Sterling,britain,dd,,,,,,
1036,,Swallow,britain,dd,,,,,,
1037,,Swordsman,britain,dd,,,,,,
1038,,Sabre,britain,dd,,,,,,
1039,,Saladin,britain,dd,,,,,,
1040,,Splendid,britain,dd,,,,,,
1041,,Tribune,britain,dd,,,,,,
1042,,Trinidad,britain,dd,,,,,,
1043,,Tactician,britain,dd,,,,,,
1044,,Tara,britain,dd,,,,,,
1045,,Tasmania,britain,dd,,,,,,
1046,,Tattoo,britain,dd,,,,,,
1047,,Scythe,britain,dd,,,,,,
1048,,Seabear,britain,dd,,,,,,
1049,,Seafire,britain,dd,,,,,,
1050,,Searcher,britain,dd,,,,,,
1051,,Seawolf,britain,dd,,,,,,
1052,,Serapis,britain,dd,,,,,,
1053,,Serene,britain,dd,,,,,,
1054,,Sesame,britain,dd,,,,,,
1055,,Spear,britain,dd,,,,,,
1056,,Spindrift,britain,dd,,,,,,
1057,,Tenedos,britain,dd,,,,,,
1058,,Thanet,britain,dd,,,,,,
1059,,Thracian,britain,dd,,,,,,
1060,,Stonehenge,britain,dd,,,,,,
1061,,Stormcloud,britain,dd,,,,,,
1062,,Strenuous,britain,dd,,,,,,
1063,,Stronghold,britain,dd,,,,,,
1064,,Sturdy,britain,dd,,,,,,
1065,,Sardonyx,britain,dd,,,,,,
1066,,Saturn,britain,dd,,,,,,
1067,,Sycamore,britain,dd,,,,,,
1068,,Sportive,britain,dd,,,,,,
1069,,Stalwart,britain,dd,,,,,,
1070,,Tilbury,britain,dd,,,,,,
1071,,Tintagel,britain,dd,,,,,,
1072,,Trojan,britain,dd,,,,,,
1073,,Truant,britain,dd,,,,,,
1074,,Trusty,britain,dd,,,,,,
1075,,Speedy,britain,dd,,,,,,
1076,,Tobago,britain,dd,,,,,,
1077,,Torbay,britain,dd,,,,,,
1078,,Toreador,britain,dd,,,,,,
1079,,Tourmaline,britain,dd,,,,,,
1080,,Torch,britain,dd,,,,,,
1081,,Tomahawk,britain,dd,,,,,,
1082,,Tryphon,britain,dd,,,,,,
1083,,Tumult,britain,dd,,,,,,
1084,,Turquoise,britain,dd,,,,,,
1085,,Tuscan,britain,dd,,,,,,
1086,,Tyrian,britain,dd,,,,,,
1087,,Vancouver,britain,dd,,,,,,
1088,,Vanessa,britain,dd,,,,,,
1089,,Vanity,britain,dd,,,,,,
1090,,Vanoc,britain,dd,,,,,,
1091,,Vanquisher,britain,dd,,,,,,
1092,,Vectis,britain,dd,,,,,,
1093,,Vega,britain,dd,,,,,,
1094,,Vehement,britain,dd,,,,,,
1095,,Velox,britain,dd,,,,,,
1096,,Vendetta,britain,dd,,,,,,
1097,,Venetia,britain,dd,,,,,,
1098,,Venturous,britain,dd,,,,,,
1099,,Verdun,britain,dd,,,,,,
1100,,Versatile,britain,dd,,,,,,
1101,,Verulam,britain,dd,,,,,,
1102,,Vesper,britain,dd,,,,,,
1103,,Vidette,britain,dd,,,,,,
1104,,Vimiera,britain,dd,,,,,,
1105,,Violent,britain,dd,,,,,,
1106,,Vittoria,britain,dd,,,,,,
1107,,Vivacious,britain,dd,,,,,,
1108,,Vivien,britain,dd,,,,,,
1109,,Vortigern,britain,dd,,,,,,
1110,,Voyager,britain,dd,,,,,,
1111,,Wakeful,britain,dd,,,,,,
1112,,Walker,britain,dd,,,,,,
1113,,Walpole,britain,dd,,,,,,
1114,,Walrus,britain,dd,,,,,,
1115,,Warwick,britain,dd,,,,,,
1116,,Watchman,britain,dd,,,,,,
1117,,Waterhen,britain,dd,,,,,,
1118,,Wessex,britain,dd,,,,,,
1119,,Westcott,britain,dd,,,,,,
1120,,Westminster,britain,dd,,,,,,
1121,,Whirlwind,britain,dd,,,,,,
1122,,Whitley,britain,dd,,,,,,
1123,,Winchelsea,britain,dd,,,,,,
1124,,Winchester,britain,dd,,,,,,
1125,,Windsor,britain,dd,,,,,,
1126,,Wolfhound,britain,dd,,,,,,
1127,,Wrestler,britain,dd,,,,,,
1128,,Wryneck,britain,dd,,,,,,
1129,,Wayfarer,britain,dd,,,,,,
1130,,Woodpecker,britain,dd,,,,,,
1131,,Viceroy,britain,dd,,,,,,
1132,,Viscount,britain,dd,,,,,,
1133,,Wolsey,britain,dd,,,,,,
1134,,Woolston,britain,dd,,,,,,
1135,,Wishart,britain,dd,,,,,,
1136,,Witch,britain,dd,,,,,,
1137,,Vansittart,britain,dd,,,,,,
1138,,Vantage,britain,dd,,,,,,
1139,,Venomous,britain,dd,,,,,,
1140,,Verity,britain,dd,,,,,,
1141,,Volunteer,britain,dd,,,,,,
1142,,Votary,britain,dd,,,,,,
1143,,Wanderer,britain,dd,,,,,,
1144,,Warren,britain,dd,,,,,,
1145,,Welfare,britain,dd,,,,,,
1146,,Whitehall,britain,dd,,,,,,
1147,,Whitehead,britain,dd,,,,,,
1148,,Wren,britain,dd,,,,,,
1149,,Wye,britain,dd,,,,,,
1150,,Vashon,britain,dd,,,,,,
1151,,Vengeful,britain,dd,,,,,,
1152,,Veteran,britain,dd,,,,,,
1153,,Vigo,britain,dd,,,,,,
1154,,Vigorous,britain,dd,,,,,,
1155,,Virulent,britain,dd,,,,,,
1156,,Volage,britain,dd,,,,,,
1157,,Volcano,britain,dd,,,,,,
1158,,Wager,britain,dd,,,,,,
1159,,Wake,britain,dd,,,,,,
1160,,Waldegrave,britain,dd,,,,,,
1161,,Walton,britain,dd,,,,,,
1162,,Whitaker,britain,dd,,,,,,
1163,,Watson,britain,dd,,,,,,
1164,,Wave,britain,dd,,,,,,
1165,,Weazel,britain,dd,,,,,,
1166,,White Bear,britain,dd,,,,,,
1167,,Wellesley,britain,dd,,,,,,
1168,,Wheeler,britain,dd,,,,,,
1169,,Whip,britain,dd,,,,,,
1170,,Whippet,britain,dd,,,,,,
1171,,Whelp,britain,dd,,,,,,
1172,,Whitshed,britain,dd,,,,,,
1173,,Willoughby,britain,dd,,,,,,
1174,,Winter,britain,dd,,,,,,
1175,,Witherington,britain,dd,,,,,,
1176,,Wivern,britain,dd,,,,,,
1177,,Worcester,britain,dd,,,,,,
1178,,Wrangler,britain,dd,,,,,,
1179,,Werewolf,britain,dd,,,,,,
1180,,Westphal,britain,dd,,,,,,
1181,,Yeoman,britain,dd,,,,,,
1182,,Zealous,britain,dd,,,,,,
1183,,Zebra,britain,dd,,,,,,
1184,,Zodiac,britain,dd,,,,,,
1185,,Daring,britain,tb,,,,,,
1186,,Decoy,britain,tb,,,,,,
1187,,Hornet,britain,tb,,,,,,
1188,,Havock,britain,tb,,,,,,
1189,,Ferret,britain,tb,,,,,,
1190,,Lynx,britain,tb,,,,,,
1191,,Ardent,britain,tb,,,,,,
1192,,Boxer,britain,tb,,,,,,
1193,,Bruizer,britain,tb,,,,,,
1194,,Charger,britain,tb,,,,,,
1195,,Dasher,britain,tb,,,,,,
1196,,Hasty,britain,tb,,,,,,
1197,,Banshee,britain,tb,,,,,,
1198,,Contest,britain,tb,,,,,,
1199,,Dragon,britain,tb,,,,,,
1200,,Conflict,britain,tb,,,,,,
1201,,Teazer,britain,tb,,,,,,
1202,,Wizard,britain,tb,,,,,,
1203,,Fervent,britain,tb,,,,,,
1204,,Zephyr,britain,tb,,,,,,
1205,,Handy,britain,tb,,,,,,
1206,,Hart,britain,tb,,,,,,
1207,,Hunter,britain,tb,,,,,,
1208,,Hardy,britain,tb,,,,,,
1209,,Haughty,britain,tb,,,,,,
1210,,Janus,britain,tb,,,,,,
1211,,Lightning,britain,tb,,,,,,
1212,,Porcupine,britain,tb,,,,,,
1213,,Sunfish,britain,tb,,,,,,
1214,,Opposum,britain,tb,,,,,,
1215,,Ranger,britain,tb,,,,,,
1216,,Rocket,britain,tb,,,,,,
1217,,Shark,britain,tb,,,,,,
1218,,Surly,britain,tb,,,,,,
1219,,Salmon,britain,tb,,,,,,
1220,,Snapper,britain,tb,,,,,,
1221,,Sturgeon,britain,tb,,,,,,
1222,,Starfish,britain,tb,,,,,,
1223,,Skate,britain,tb,,,,,,
1224,,Swordfish,britain,tb,,,,,,
1225,,Spitfire,britain,tb,,,,,,
1226,,Zebra,britain,tb,,,,,,
1227,,Quail,britain,tb,,,,,,
1228,,Sparrowhawk,britain,tb,,,,,,
1229,,Thrasher,britain,tb,,,,,,
1230,,Virago,britain,tb,,,,,,
1231,,Earnest,britain,tb,,,,,,
1232,,Griffon,britain,tb,,,,,,
1233,,Locust,britain,tb,,,,,,
1234,,Panther,britain,tb,,,,,,
1235,,Seal,britain,tb,,,,,,
1236,,Wolf,britain,tb,,,,,,
1237,,Express,britain,tb,,,,,,
1238,,Orwell,britain,tb,,,,,,
1239,,Lively,britain,tb,,,,,,
1240,,Sprightly,britain,tb,,,,,,
1241,,Success,britain,tb,,,,,,
1242,,Palmers,britain,tb,,,,,,
1243,,Spiteful,britain,tb,,,,,,
1244,,Peterel,britain,tb,,,,,,
1245,,Myrmidon,britain,tb,,,,,,
1246,,Syren,britain,tb,,,,,,
1247,,Kangaroo,britain,tb,,,,,,
1248,,Arab,britain,tb,,,,,,
1249,,Cobra,britain,tb,,,,,,
1250,,Albacore,britain,tb,,,,,,
1251,,Bonetta,britain,tb,,,,,,
1252,,Star,britain,tb,,,,,,
1253,,Whiting,britain,tb,,,,,,
1254,,Bat,britain,tb,,,,,,
1255,,Chamois,britain,tb,,,,,,
1256,,Crane,britain,tb,,,,,,
1257,,Flying Fish,britain,tb,,,,,,
1258,,Fawn,britain,tb,,,,,,
1259,,Flirt,britain,tb,,,,,,
1260,,Bullfinch,britain,tb,,,,,,
1261,,Dove,britain,tb,,,,,,
1262,,Violet,britain,tb,,,,,,
1263,,Sylvia,britain,tb,,,,,,
1264,,Lee,britain,tb,,,,,,
1265,,Avon,britain,tb,,,,,,
1266,,Bittern,britain,tb,,,,,,
1267,,Otter,britain,tb,,,,,,
1268,,Leopard,britain,tb,,,,,,
1269,,Vixen,britain,tb,,,,,,
1270,,Brazen,britain,tb,,,,,,
1271,,Electra,britain,tb,,,,,,
1272,,Recruit,britain,tb,,,,,,
1273,,Vulture,britain,tb,,,,,,
1274,,Kestrel,britain,tb,,,,,,
1275,,Mermaid,britain,tb,,,,,,
1276,,Harper,britain,tb,,,,,,
1277,,Cheerful,britain,tb,,,,,,
1278,,Greyhound,britain,tb,,,,,,
1279,,Racehorse,britain,tb,,,,,,
1280,,Roebuck,britain,tb,,,,,,
1281,,Gipsy,britain,tb,,,,,,
1282,,Fairy,britain,tb,,,,,,
1283,,Osprey,britain,tb,,,,,,
1284,,Leven,britain,tb,,,,,,
1285,,Falcon,britain,tb,,,,,,
1286,,Ostrich,britain,tb,,,,,,
1287,,Thorn,britain,tb,,,,,,
1288,,Tiger,britain,tb,,,,,,
1289,,Vigilant,britain,tb,,,,,,
1290,,Thornycroft,britain,tb,,,,,,
1291,,Albatross,britain,tb,,,,,,
1292,,Viper,britain,tb,,,,,,
1293,,Velox,britain,tb,,,,,,
1294,,Python,britain,tb,,,,,,
1295,,Desperate,britain,tb,,,,,,
1296,,Fame,britain,tb,,,,,,
1297,,Foam,britain,tb,,,,,,
1298,,Mallard,britain,tb,,,,,,
1299,,Angler,britain,tb,,,,,,
1300,,Ariel,britain,tb,,,,,,
1301,,Coquette,britain,tb,,,,,,
1302,,Cygnet,britain,tb,,,,,,
1303,,Cynthia,britain,tb,,,,,,
1304,,Stag,britain,tb,,,,,,
1305,,Holland,britain,ss,,,,,,
1306,,A,britain,ss,,,,,,
1307,,B,britain,ss,,,,,,
1308,,C,britain,ss,,,,,,
1309,,D,britain,ss,,,,,,
1310,,E,britain,ss,,,,,,
1311,,F,britain,ss,,,,,,
1312,,S,britain,ss,,,,,,
1313,,V,britain,ss,,,,,,
1314,,W,britain,ss,,,,,,
1315,,G,britain,ss,,,,,,
1316,,H,britain,ss,,,,,,
1317,,J,britain,ss,,,,,,
1318,,L,britain,ss,,,,,,
1319,,M,britain,ss,,,,,,
1320,,Nautilus,britain,ss,,,,,,
1321,,R,britain,ss,,,,,,
1322,,X,britain,ss,,,,,,
1323,,Odin,britain,ss,,,,,,
1324,,Rainbow,britain,ss,,,,,,
1325,,Thames,britain,ss,,,,,,
1326,,Grampus,britain,ss,,,,,,
##,,,###,,,,,,,
1328,,Brennus,france,bb,,,,,,
1329,,Charles Martel,france,bb,,,,,,
1330,,Carnot,france,bb,,,,,,
1331,,Jauréguiberry,france,bb,,,,,,
1332,,Masséna,france,bb,,,,,,
1333,,Bouvet,france,bb,,,,,,
1334,,Charlemagne,france,bb,,,,,,
1335,,Saint Louis,france,bb,,,,,,
1336,,Gaulois,france,bb,,,,,,
1337,,Iéna,france,bb,,,,,,
1338,,Suffren,france,bb,,,,,,
1339,,République,france,bb,,,,,,
1340,,Patrie,france,bb,,,,,,
1341,,Liberté,france,bb,,,,,,
1342,,Justice,france,bb,,,,,,
1343,,Vérité,france,bb,,,,,,
1344,,Démocratie,france,bb,,,,,,
1345,,Danton,france,bb,,,,,,
1346,,Voltaire,france,bb,,,,,,
1347,,Diderot,france,bb,,,,,,
1348,,Condorcet,france,bb,,,,,,
1349,,Mirabeau,france,bb,,,,,,
1350,,Vergniaud,france,bb,,,,,,
1351,,Jean Bart,france,bb,,,,,,
1352,,Océan,france,bb,,,,,,
1353,,Courbet,france,bb,,,,,,
1354,,Paris,france,bb,,,,,,
1355,,France,france,bb,,,,,,
1356,,Bretagne,france,bb,,,,,,
1357,,Provence,france,bb,,,,,,
1358,,Lorraine,france,bb,,,,,,
1359,,Normandie,france,bb,,,,,,
1360,,Gascogne,france,bb,,,,,,
1361,,Flandre,france,bb,,,,,,
1362,,Languedoc,france,bb,,,,,,
1363,,Béarn,france,bb,,,,,,
1364,,Lyon,france,bb,,,,,,
1365,,Duquesne,france,bb,,,,,,
1366,,Lille,france,bb,,,,,,
1367,,Tourville,france,bb,,,,,,
1368,,Gloire,france,bb,,,,,,
1369,,Invincible,france,bb,,,,,,
1370,,Couronne,france,bb,,,,,,
1371,,Magenta,france,bb,,,,,,
1372,,Solférino,france,bb,,,,,,
1373,,Héroïne,france,bb,,,,,,
1374,,Gauloise,france,bb,,,,,,
1375,,Savoie,france,bb,,,,,,
1376,,Magnanime,france,bb,,,,,,
1377,,Surveillante,france,bb,,,,,,
1378,,Valeureuse,france,bb,,,,,,
1379,,Revanche,france,bb,,,,,,
1380,,Guyenne,france,bb,,,,,,
1381,,Belliqueuse,france,bb,,,,,,
1382,,Indomptable,france,bb,,,,,,
1383,,Requin,france,bb,,,,,,
1384,,Terrible,france,bb,,,,,,
1385,,Vercingetorix,france,bb,,,,,,
1386,,Richelieu,france,bb,,,,,,
1387,,Dunkerque,france,bc,,,,,,
1388,,Strasbourg,france,bc,,,,,,
1389,,Richelieu,france,bc,,,,,,
1390,,Jean Bart,france,bc,,,,,,
1391,,Clemenceau,france,bc,,,,,,
1392,,Gascogne,france,bc,,,,,,
1393,,Alsace,france,bc,,,,,,
1394,,Alma,france,bc,,,,,,
1395,,Armide,france,bc,,,,,,
1396,,Atalante,france,bc,,,,,,
1397,,Jeanne d'Arc,france,bc,,,,,,
1398,,Montcalm,france,bc,,,,,,
1399,,Reine Blanche,france,bc,,,,,,
1400,,Thétis,france,bc,,,,,,
1401,,La Galissonnière,france,bc,,,,,,
1402,,Triomphante,france,bc,,,,,,
1403,,Victorieuse,france,bc,,,,,,
1404,,Saint Louis,france,bc,,,,,,
1405,,Fortune,france,bc,,,,,,
1406,,Vierge,france,bc,,,,,,
1407,,Espérance de Dieu,france,bc,,,,,,
1408,,Grand Saint Louis,france,bc,,,,,,
1409,,Neptune,france,bc,,,,,,
1410,,Saint Charles,france,bc,,,,,,
1411,,Cygne,france,bc,,,,,,
1412,,Madeleine de Brest,france,bc,,,,,,
1413,,Marguerite du Ponant,france,bc,,,,,,
1414,,Navire-du-Roi,france,bc,,,,,,
1415,,Couronne,france,bc,,,,,,
1416,,Faucon,france,bc,,,,,,
1417,,Triomphe,france,bc,,,,,,
1418,,Victoire,france,bc,,,,,,
1419,,Almirante,france,bc,,,,,,
1420,,Triton,france,bc,,,,,,
1421,,Levrette,france,bc,,,,,,
1422,,Tigre,france,bc,,,,,,
1423,,Dantzig,france,bc,,,,,,
1424,,Soleil,france,bc,,,,,,
1425,,Saint Thomas d'Aquin,france,bc,,,,,,
1426,,Gloire,france,bc,,,,,,
1427,,Grand Anglais,france,bc,,,,,,
1428,,Dupuy de Lôme,france,ca,,,,,,
1429,,Amiral Charner,france,ca,,,,,,
1430,,Bruix,france,ca,,,,,,
1431,,Chanzy,france,ca,,,,,,
1432,,Latouche-Tréville,france,ca,,,,,,
1433,,Pothuau,france,ca,,,,,,
1434,,Gueydon,france,ca,,,,,,
1435,,Montcalm,france,ca,,,,,,
1436,,Dupetit-Thouars,france,ca,,,,,,
1437,,Dupleix,france,ca,,,,,,
1438,,Desaix,france,ca,,,,,,
1439,,Kléber,france,ca,,,,,,
1440,,Marie Jean,france,ca,,,,,,
1441,,Gloire,france,ca,,,,,,
1442,,Marseillaise,france,ca,,,,,,
1443,,Sully,france,ca,,,,,,
1444,,Condé,france,ca,,,,,,
1445,,Amiral Aube,france,ca,,,,,,
1446,,Léon Gambetta,france,ca,,,,,,
1447,,Jules Ferry,france,ca,,,,,,
1448,,Victor Hugo,france,ca,,,,,,
1449,,Jules Michelet,france,ca,,,,,,
1450,,Ernest Renan,france,ca,,,,,,
1451,,Waldeck-Rousseau,france,ca,,,,,,
1452,,Edgar Quinet,france,ca,,,,,,
1453,,Metz,france,ca,,,,,,
1454,,Colmar,france,ca,,,,,,
1455,,Strasbourg,france,ca,,,,,,
1456,,Thionville,france,ca,,,,,,
1457,,Dévastation,france,ca,,,,,,
1458,,Congrève,france,ca,,,,,,
1459,,Foudroyante,france,ca,,,,,,
1460,,Lave,france,ca,,,,,,
1461,,Tonnante,france,ca,,,,,,
1462,,Paixhans,france,ca,,,,,,
1463,,Palestro,france,ca,,,,,,
1464,,Peiho,france,ca,,,,,,
1465,,Saïgon,france,ca,,,,,,
1466,,Arrogante,france,ca,,,,,,
1467,,Implacable,france,ca,,,,,,
1468,,Opiniâtre,france,ca,,,,,,
1469,,Embuscade,france,ca,,,,,,
1470,,Imprenable,france,ca,,,,,,
1471,,Protectrice,france,ca,,,,,,
1472,,Refuge,france,ca,,,,,,
1473,,Rochambeau,france,ca,,,,,,
1474,,Taureau,france,ca,,,,,,
1475,,Cerbère,france,ca,,,,,,
1476,,Bélier,france,ca,,,,,,
1477,,Bouledogue,france,ca,,,,,,
1478,,Tigre,france,ca,,,,,,
1479,,Tonnerre,france,ca,,,,,,
1480,,Fulminant,france,ca,,,,,,
1481,,Furieux,france,ca,,,,,,
1482,,Tempête,france,ca,,,,,,
1483,,Vengeur,france,ca,,,,,,
1484,,Tonnant,france,ca,,,,,,
1485,,Caïman,france,ca,,,,,,
1486,,Amiral-Tréhouart,france,ca,,,,,,
1487,,Bouvines,france,ca,,,,,,
1488,,Valmy,france,ca,,,,,,
1489,,Jemmapes,france,ca,,,,,,
1490,,Henri IV,france,ca,,,,,,
1491,,Duquesne,france,ca,,,,,,
1492,,Tourville,france,ca,,,,,,
1493,,Suffren,france,ca,,,,,,
1494,,Colbert,france,ca,,,,,,
1495,,Foch,france,ca,,,,,,
1496,,Algérie,france,ca,,,,,,
1497,,Sfax,france,cl,,,,,,
1498,,Tage,france,cl,,,,,,
1499,,Amiral Cécille,france,cl,,,,,,
1500,,Davout,france,cl,,,,,,
1501,,Suchet,france,cl,,,,,,
1502,,Forbin,france,cl,,,,,,
1503,,Coetlogon,france,cl,,,,,,
1504,,Surcouf,france,cl,,,,,,
1505,,Troude,france,cl,,,,,,
1506,,Cosmao,france,cl,,,,,,
1507,,Lalande,france,cl,,,,,,
1508,,Linois,france,cl,,,,,,
1509,,Galilée,france,cl,,,,,,
1510,,Lavoisier,france,cl,,,,,,
1511,,Châteaurenault,france,cl,,,,,,
1512,,Alger,france,cl,,,,,,
1513,,Jean Bart,france,cl,,,,,,
1514,,Isly,france,cl,,,,,,
1515,,Friant,france,cl,,,,,,
1516,,Chasseloup Laubat,france,cl,,,,,,
1517,,Bugeaud,france,cl,,,,,,
1518,,Descartes,france,cl,,,,,,
1519,,Pascal,france,cl,,,,,,
1520,,D'Assas,france,cl,,,,,,
1521,,Du Chayla,france,cl,,,,,,
1522,,Cassard,france,cl,,,,,,
1523,,Catinat,france,cl,,,,,,
1524,,Protet,france,cl,,,,,,
1525,,D'Entrecasteaux,france,cl,,,,,,
1526,,Guichen,france,cl,,,,,,
1527,,D'Estrées,france,cl,,,,,,
1528,,Infernet,france,cl,,,,,,
1529,,Jurien de la Gravière,france,cl,,,,,,
1530,,La Motte-Picquet,france,cl,,,,,,
1531,,Mulhouse,france,cl,,,,,,
1532,,Duguay-Trouin,france,cl,,,,,,
1533,,Primauguet,france,cl,,,,,,
1534,,Pluton,france,cl,,,,,,
1535,,Émile Bertin,france,cl,,,,,,
1536,,La Galissonnière,france,cl,,,,,,
1537,,Jean de Vienne,france,cl,,,,,,
1538,,Marseillaise,france,cl,,,,,,
1539,,Montcalm,france,cl,,,,,,
1540,,Georges Leygues,france,cl,,,,,,
1541,,De Grasse,france,cl,,,,,,
1542,,Colbert,france,cl,,,,,,
1543,,Circé,france,cl,,,,,,
1544,,Dupleix,france,cl,,,,,,
1545,,Armorique,france,cl,,,,,,
1546,,Talisman,france,cl,,,,,,
1547,,Flore,france,cl,,,,,,
1548,,Hirondelle,france,cl,,,,,,
1549,,Duquesne,france,cl,,,,,,
1550,,Tourville,france,cl,,,,,,
1551,,Lapérouse,france,cl,,,,,,
1552,,D'Estaing,france,cl,,,,,,
1553,,Nielly,france,cl,,,,,,
1554,,Villars,france,cl,,,,,,
1555,,Forfait,france,cl,,,,,,
1556,,Magon,france,cl,,,,,,
1557,,Roland,france,cl,,,,,,
1558,,Iphigénie,france,cl,,,,,,
1559,,Naïade,france,cl,,,,,,
1560,,Aréthuse,france,cl,,,,,,
1561,,Dubourdieu,france,cl,,,,,,
1562,,Milan,france,cl,,,,,,
1563,,Belliqueuse,france,cl,,,,,,
1564,,Branlebas,france,dd,,,,,,
1565,,Étendard,france,dd,,,,,,
1566,,Fanfare,france,dd,,,,,,
1567,,Fanion,france,dd,,,,,,
1568,,Gabion,france,dd,,,,,,
1569,,Glaive,france,dd,,,,,,
1570,,Oriflamme,france,dd,,,,,,
1571,,Poignard,france,dd,,,,,,
1572,,Sabretache,france,dd,,,,,,
1573,,Sape,france,dd,,,,,,
1574,,Aspirant Herber,france,dd,,,,,,
1575,,Carabinier,france,dd,,,,,,
1576,,Enseigne Henry,france,dd,,,,,,
1577,,Hussard,france,dd,,,,,,
1578,,Lansquenet,france,dd,,,,,,
1579,,Mameluck,france,dd,,,,,,
1580,,Spahi,france,dd,,,,,,
1581,,Voltigeur,france,dd,,,,,,
1582,,Tirailleur,france,dd,,,,,,
1583,,Chasseur,france,dd,,,,,,
1584,,Actée,france,dd,,,,,,
1585,,Cavalier,france,dd,,,,,,
1586,,Fantassin,france,dd,,,,,,
1587,,Janissaire,france,dd,,,,,,
1588,,Bouclier,france,dd,,,,,,
1589,,Boutefeu,france,dd,,,,,,
1590,,Capitaine Mehl,france,dd,,,,,,
1591,,Casque,france,dd,,,,,,
1592,,Cimeterre,france,dd,,,,,,
1593,,Commandant Bory,france,dd,,,,,,
1594,,Commandant Rivière,france,dd,,,,,,
1595,,Dague,france,dd,,,,,,
1596,,Dehorter,france,dd,,,,,,
1597,,Faulx,france,dd,,,,,,
1598,,Fourche,france,dd,,,,,,
1599,,Francis Garnier,france,dd,,,,,,
1600,,Bisson,france,dd,,,,,,
1601,,Renaudin,france,dd,,,,,,
1602,,Commandant Lucas,france,dd,,,,,,
1603,,Protet,france,dd,,,,,,
1604,,Mangini,france,dd,,,,,,
1605,,Magon,france,dd,,,,,,
1606,,Opiniâtre,france,dd,,,,,,
1607,,Aventurier,france,dd,,,,,,
1608,,Téméraire,france,dd,,,,,,
1609,,Intrépide,france,dd,,,,,,
1610,,Enseigne Roux,france,dd,,,,,,
1611,,Mécanicien Principal Lestin,france,dd,,,,,,
1612,,Enseigne Gabolde,france,dd,,,,,,
1613,,Algérien,france,dd,,,,,,
1614,,Annamite,france,dd,,,,,,
1615,,Arabe,france,dd,,,,,,
1616,,Bambara,france,dd,,,,,,
1617,,Hova,france,dd,,,,,,
1618,,Kabyle,france,dd,,,,,,
1619,,Marocain,france,dd,,,,,,
1620,,Sakalave,france,dd,,,,,,
1621,,Sénégalais,france,dd,,,,,,
1622,,Somali,france,dd,,,,,,
1623,,Tonkinois,france,dd,,,,,,
1624,,Touareg,france,dd,,,,,,
1625,,Chacal,france,dd,,,,,,
1626,,Jaguar,france,dd,,,,,,
1627,,Léopard,france,dd,,,,,,
1628,,Lynx,france,dd,,,,,,
1629,,Panthère,france,dd,,,,,,
1630,,Tigre,france,dd,,,,,,
1631,,Bison,france,dd,,,,,,
1632,,Guépard,france,dd,,,,,,
1633,,Lion,france,dd,,,,,,
1634,,Valmy,france,dd,,,,,,
1635,,Verdun,france,dd,,,,,,
1636,,Vauban,france,dd,,,,,,
1637,,Aigle,france,dd,,,,,,
1638,,Vautour,france,dd,,,,,,
1639,,Albatros,france,dd,,,,,,
1640,,Gerfaut,france,dd,,,,,,
1641,,Milan,france,dd,,,,,,
1642,,Épervier,france,dd,,,,,,
1643,,Cassard,france,dd,,,,,,
1644,,Le Chevalier Paul,france,dd,,,,,,
1645,,Kersaint,france,dd,,,,,,
1646,,Maillé Brézé,france,dd,,,,,,
1647,,Tartu,france,dd,,,,,,
1648,,Vauquelin,france,dd,,,,,,
1649,,Fantasque,france,dd,,,,,,
1650,,Le Malin,france,dd,,,,,,
1651,,Terrible,france,dd,,,,,,
1652,,L'Indomptable,france,dd,,,,,,
1653,,L'Audacieux,france,dd,,,,,,
1654,,Triomphant,france,dd,,,,,,
1655,,Mogador,france,dd,,,,,,
1656,,Volta,france,dd,,,,,,
1657,,Bourrasque,france,dd,,,,,,
1658,,Cyclone,france,dd,,,,,,
1659,,Mistral,france,dd,,,,,,
1660,,Orage,france,dd,,,,,,
1661,,Ouragan,france,dd,,,,,,
1662,,Simoun,france,dd,,,,,,
1663,,Sirocco,france,dd,,,,,,
1664,,Tempête,france,dd,,,,,,
1665,,Tornade,france,dd,,,,,,
1666,,Tramontane,france,dd,,,,,,
1667,,Trombe,france,dd,,,,,,
1668,,Typhon,france,dd,,,,,,
1669,,L'Adroit,france,dd,,,,,,
1670,,Basque,france,dd,,,,,,
1671,,Bordelais,france,dd,,,,,,
1672,,Boulonnais,france,dd,,,,,,
1673,,Brestois,france,dd,,,,,,
1674,,Forbin,france,dd,,,,,,
1675,,Frondeur,france,dd,,,,,,
1676,,L'Alcyon,france,dd,,,,,,
1677,,La Palme,france,dd,,,,,,
1678,,La Railleuse,france,dd,,,,,,
1679,,Le Fortuné,france,dd,,,,,,
1680,,Le Mars,france,dd,,,,,,
1681,,Foudroyant,france,dd,,,,,,
1682,,Fougueux,france,dd,,,,,,
1683,,Le Hardi,france,dd,,,,,,
1684,,Fleuret,france,dd,,,,,,
1685,,Épée,france,dd,,,,,,
1686,,Mameluk,france,dd,,,,,,
1687,,Le Flibustier,france,dd,,,,,,
1688,,Siroco,france,dd,,,,,,
1689,,Durandal,france,tb,,,,,,
1690,,Hallebarde,france,tb,,,,,,
1691,,Fauconneau,france,tb,,,,,,
1692,,Espingole,france,tb,,,,,,
1693,,Framée,france,tb,,,,,,
1694,,Yatagan,france,tb,,,,,,
1695,,Pique,france,tb,,,,,,
1696,,Épée,france,tb,,,,,,
1697,,Rochefortais,france,tb,,,,,,
1698,,Pertuisane,france,tb,,,,,,
1699,,Escopette,france,tb,,,,,,
1700,,Flamberge,france,tb,,,,,,
1701,,Rapière,france,tb,,,,,,
1702,,Arbalète,france,tb,,,,,,
1703,,Arc,france,tb,,,,,,
1704,,Arquebuse,france,tb,,,,,,
1705,,Baliste,france,tb,,,,,,
1706,,Bélier,france,tb,,,,,,
1707,,Bombarde,france,tb,,,,,,
1708,,Carabine,france,tb,,,,,,
1709,,Catapulte,france,tb,,,,,,
1710,,Dard,france,tb,,,,,,
1711,,Épieu,france,tb,,,,,,
1712,,Francisque,france,tb,,,,,,
1713,,Fronde,france,tb,,,,,,
1714,,Harpon,france,tb,,,,,,
1715,,Javeline,france,tb,,,,,,
1716,,Mousquet,france,tb,,,,,,
1717,,Mousqueton,france,tb,,,,,,
1718,,Pistolet,france,tb,,,,,,
1719,,Sabre,france,tb,,,,,,
1720,,Sagaie,france,tb,,,,,,
1721,,Sarbacane,france,tb,,,,,,
1722,,Carquois,france,tb,,,,,,
1723,,Claymore,france,tb,,,,,,
1724,,Cognée,france,tb,,,,,,
1725,,Coutelas,france,tb,,,,,,
1726,,Fleuret,france,tb,,,,,,
1727,,Hache,france,tb,,,,,,
1728,,Massue,france,tb,,,,,,
1729,,Mortier,france,tb,,,,,,
1730,,Obusier,france,tb,,,,,,
1731,,Pierrer,france,tb,,,,,,
1732,,Stylet,france,tb,,,,,,
1733,,Trident,france,tb,,,,,,
1734,,Tromblon,france,tb,,,,,,
1735,,Plongeur,france,ss,,,,,,
1736,,Gymnote,france,ss,,,,,,
1737,,Gustave Zédé,france,ss,,,,,,
1738,,Morse,france,ss,,,,,,
1739,,Narval,france,ss,,,,,,
1740,,Sirène,france,ss,,,,,,
1741,,Triton,france,ss,,,,,,
1742,,Farfadet,france,ss,,,,,,
1743,,Korrigan,france,ss,,,,,,
1744,,Gnôme,france,ss,,,,,,
1745,,Lutin,france,ss,,,,,,
1746,,Français,france,ss,,,,,,
1747,,Algérien,france,ss,,,,,,
1748,,Espadon,france,ss,,,,,,
1749,,Silure,france,ss,,,,,,
1750,,Naïade,france,ss,,,,,,
1751,,Protée,france,ss,,,,,,
1752,,Perle,france,ss,,,,,,
1753,,Esturgeon,france,ss,,,,,,
1754,,Bonite,france,ss,,,,,,
1755,,Thon,france,ss,,,,,,
1756,,Souffleur,france,ss,,,,,,
1757,,Dorade,france,ss,,,,,,
1758,,Lynx,france,ss,,,,,,
1759,,Ludion,france,ss,,,,,,
1760,,Loutre,france,ss,,,,,,
1761,,Castor,france,ss,,,,,,
1762,,Phoque,france,ss,,,,,,
1763,,Otarie,france,ss,,,,,,
1764,,Méduse,france,ss,,,,,,
1765,,Oursin,france,ss,,,,,,
1766,,Grondin,france,ss,,,,,,
1767,,Anguille,france,ss,,,,,,
1768,,Alose,france,ss,,,,,,
1769,,Truite,france,ss,,,,,,
1770,,Dauphin,france,ss,,,,,,
1771,,Tarasque,france,ss,,,,,,
1772,,Aigrette,france,ss,,,,,,
1773,,Cigogne,france,ss,,,,,,
1774,,Argonaute,france,ss,,,,,,
1775,,Topaze,france,ss,,,,,,
1776,,Émeraude,france,ss,,,,,,
1777,,Opale,france,ss,,,,,,
1778,,Rubis,france,ss,,,,,,
1779,,Saphir,france,ss,,,,,,
1780,,Turquoise,france,ss,,,,,,
1781,,Circé,france,ss,,,,,,
1782,,Calypso,france,ss,,,,,,
1783,,Guèpe,france,ss,,,,,,
1784,,Pluviôse,france,ss,,,,,,
1785,,Ventôse,france,ss,,,,,,
1786,,Germinal,france,ss,,,,,,
1787,,Floréal,france,ss,,,,,,
1788,,Priarial,france,ss,,,,,,
1789,,Messidor,france,ss,,,,,,
1790,,Thermidor,france,ss,,,,,,
1791,,Fructidor,france,ss,,,,,,
1792,,Vendémiaire,france,ss,,,,,,
1793,,Papin,france,ss,,,,,,
1794,,Fresnel,france,ss,,,,,,
1795,,Berthelot,france,ss,,,,,,
1796,,Monge,france,ss,,,,,,
1797,,Ampère,france,ss,,,,,,
1798,,Gay-Lussac,france,ss,,,,,,
1799,,Watt,france,ss,,,,,,
1800,,Cugnot,france,ss,,,,,,
1801,,Giffard,france,ss,,,,,,
1802,,Archimède,france,ss,,,,,,
1803,,Charles Brun,france,ss,,,,,,
1804,,Mariotte,france,ss,,,,,,
1805,,Brumaire,france,ss,,,,,,
1806,,Frimaire,france,ss,,,,,,
1807,,Nivôse,france,ss,,,,,,
1808,,Foucault,france,ss,,,,,,
1809,,Euler,france,ss,,,,,,
1810,,Franklin,france,ss,,,,,,
1811,,Faraday,france,ss,,,,,,
1812,,Volta,france,ss,,,,,,
1813,,Newton,france,ss,,,,,,
1814,,Montgolfier,france,ss,,,,,,
1815,,Bernouilli,france,ss,,,,,,
1816,,Joule,france,ss,,,,,,
1817,,Coulomb,france,ss,,,,,,
1818,,Arago,france,ss,,,,,,
1819,,Curie,france,ss,,,,,,
1820,,Le Verrier,france,ss,,,,,,
1821,,Amiral Bourgois,france,ss,,,,,,
1822,,Clorinde,france,ss,,,,,,
1823,,Cornélie,france,ss,,,,,,
1824,,Néréide,france,ss,,,,,,
1825,,Amphitrite,france,ss,,,,,,
1826,,Astrée,france,ss,,,,,,
1827,,Artémis,france,ss,,,,,,
1828,,Aréthuse,france,ss,,,,,,
1829,,Atalante,france,ss,,,,,,
1830,,Amarante,france,ss,,,,,,
1831,,Ariane,france,ss,,,,,,
1832,,Andromaque,france,ss,,,,,,
1833,,Bellone,france,ss,,,,,,
1834,,Hermione,france,ss,,,,,,
1835,,Gorgone,france,ss,,,,,,
1836,,Dupuy de Lôme,france,ss,,,,,,
1837,,Sané,france,ss,,,,,,
1838,,Diane,france,ss,,,,,,
1839,,Daphné,france,ss,,,,,,
1840,,Armide,france,ss,,,,,,
1841,,Antigone,france,ss,,,,,,
1842,,Amazone,france,ss,,,,,,
1843,,Joessel,france,ss,,,,,,
1844,,Fulton,france,ss,,,,,,
1845,,Lagrange,france,ss,,,,,,
1846,,Regnault,france,ss,,,,,,
1847,,Romazotti,france,ss,,,,,,
1848,,Jean-Autric,france,ss,,,,,,
1849,,Léon Mignot,france,ss,,,,,,
1850,,Pierre Marast,france,ss,,,,,,
1851,,Jean Roulier,france,ss,,,,,,
1852,,Victor Reveille,france,ss,,,,,,
1853,,René Audry,france,ss,,,,,,
1854,,Helbronn,france,ss,,,,,,
1855,,Roland Morillot,france,ss,,,,,,
1856,,Trinité-Schillemans,france,ss,,,,,,
1857,,Carissan,france,ss,,,,,,
1858,,Jean Corre,france,ss,,,,,,
1859,,O'Byrne,france,ss,,,,,,
1860,,Henri Fournier,france,ss,,,,,,
1861,,Louis Dupetit-Thouars,france,ss,,,,,,
1862,,Maurice Callot,france,ss,,,,,,
1863,,Pierre Chailley,france,ss,,,,,,
1864,,Galatée,france,ss,,,,,,
1865,,Ondine,france,ss,,,,,,
1866,,Danaé,france,ss,,,,,,
1867,,Eurydicé,france,ss,,,,,,
1868,,Nymphe,france,ss,,,,,,
1869,,Doris,france,ss,,,,,,
1870,,Thétis,france,ss,,,,,,
1871,,Sultane,france,ss,,,,,,
1872,,Vestale,france,ss,,,,,,
1873,,Orion,france,ss,,,,,,
1874,,Antiope,france,ss,,,,,,
1875,,Méduse,france,ss,,,,,,
1876,,Oréade,france,ss,,,,,,
1877,,Orphée,france,ss,,,,,,
1878,,La Psyché,france,ss,,,,,,
1879,,La Sibylle,france,ss,,,,,,
1880,,Requin,france,ss,,,,,,
1881,,Caïman,france,ss,,,,,,
1882,,Marsouin,france,ss,,,,,,
1883,,Diamant,france,ss,,,,,,
1884,,Nautilus,france,ss,,,,,,
1885,,Redoutable,france,ss,,,,,,
1886,,Vengeur,france,ss,,,,,,
1887,,Achéron,france,ss,,,,,,
1888,,Achille,france,ss,,,,,,
1889,,Actéon,france,ss,,,,,,
1890,,Agosta,france,ss,,,,,,
1891,,Ajax,france,ss,,,,,,
1892,,Argo,france,ss,,,,,,
1893,,Bévéziers,france,ss,,,,,,
1894,,Casabianca,france,ss,,,,,,
1895,,Le Centaure,france,ss,,,,,,
1896,,Le Conquérant,france,ss,,,,,,
1897,,L'Espoir,france,ss,,,,,,
1898,,Le Héros,france,ss,,,,,,
1899,,Le Glorieux,france,ss,,,,,,
1900,,Ouessant,france,ss,,,,,,
1901,,Pascal,france,ss,,,,,,
1902,,Pasteur,france,ss,,,,,,
1903,,Pégase,france,ss,,,,,,
1904,,Persée,france,ss,,,,,,
1905,,Phénix,france,ss,,,,,,
1906,,Henri Poincare,france,ss,,,,,,
1907,,Poncelet,france,ss,,,,,,
1908,,Prométhée,france,ss,,,,,,
1909,,Sfax,france,ss,,,,,,
1910,,Sidi-Ferruch,france,ss,,,,,,
1911,,Le Tonnant,france,ss,,,,,,
1912,,Surcouf,france,ss,,,,,,
1913,,Junon,france,ss,,,,,,
1914,,Céres,france,ss,,,,,,
1915,,Iris,france,ss,,,,,,
1916,,Minerve,france,ss,,,,,,
1917,,Pallas,france,ss,,,,,,
1918,,Vénus,france,ss,,,,,,
1919,,Africaine,france,ss,,,,,,
1920,,Andromède,france,ss,,,,,,
1921,,Aurore,france,ss,,,,,,
1922,,Créole,france,ss,,,,,,
1923,,Favorite,france,ss,,,,,,
1924,,Morillot,france,ss,,,,,,
##,,,###,,,,,,,
1926,,Brandenburg,germany,bb,,,,,,
1927,,Kurfürst Friedrich Wilhelm,germany,bb,,,,,,
1928,,Weissenburg,germany,bb,,,,,,
1929,,Wörth,germany,bb,,,,,,
1930,,Kaiser Friedrich III,germany,bb,,,,,,
1931,,Kaiser Wilhelm II,germany,bb,,,,,,
1932,,Kaiser Wilhelm der Grosse,germany,bb,,,,,,
1933,,Kaiser Karl der Grosse,germany,bb,,,,,,
1934,,Kaiser Barbarossa,germany,bb,,,,,,
1935,,Wittelsbach,germany,bb,,,,,,
1936,,Wettin,germany,bb,,,,,,
1937,,Zähringen,germany,bb,,,,,,
1938,,Schwaben,germany,bb,,,,,,
1939,,Mecklenburg,germany,bb,,,,,,
1940,,Braunschweig,germany,bb,,,,,,
1941,,Elsass,germany,bb,,,,,,
1942,,Hessen,germany,bb,,,,,,
1943,,Preussen,germany,bb,,,,,,
1944,,Lothringen,germany,bb,,,,,,
1945,,Deutschland,germany,bb,,,,,,
1946,,Hannover,germany,bb,,,,,,
1947,,Pommern,germany,bb,,,,,,
1948,,Schlesien,germany,bb,,,,,,
1949,,Schleswig-Holstein,germany,bb,,,,,,
1950,,Nassau,germany,bb,,,,,,
1951,,Westfalen,germany,bb,,,,,,
1952,,Rheinland,germany,bb,,,,,,
1953,,Posen,germany,bb,,,,,,
1954,,Helgoland,germany,bb,,,,,,
1955,,Ostfriesland,germany,bb,,,,,,
1956,,Thüringen,germany,bb,,,,,,
1957,,Oldenburg,germany,bb,,,,,,
1958,,Kaiser,germany,bb,,,,,,
1959,,Friedrich der Grosse,germany,bb,,,,,,
1960,,Kaiserin,germany,bb,,,,,,
1961,,Prinzregent Luitpold,germany,bb,,,,,,
1962,,König Albert,germany,bb,,,,,,
1963,,König,germany,bb,,,,,,
1964,,Grosser Kurfürst,germany,bb,,,,,,
1965,,Markgraf,germany,bb,,,,,,
1966,,Kronprinz,germany,bb,,,,,,
1967,,Bayern,germany,bb,,,,,,
1968,,Baden,germany,bb,,,,,,
1969,,Württemberg,germany,bb,,,,,,
1970,,Sachsen,germany,bb,,,,,,
1971,,Scharnhorst,germany,bb,,,,,,
1972,,Gneisenau,germany,bb,,,,,,
1973,,Bismarck,germany,bb,,,,,,
1974,,Tirpitz,germany,bb,,,,,,
1975,,Siegfried,germany,bb,,,,,,
1976,,Beowulf,germany,bb,,,,,,
1977,,Frithjof,germany,bb,,,,,,
1978,,Heimdall,germany,bb,,,,,,
1979,,Hildebrand,germany,bb,,,,,,
1980,,Hagen,germany,bb,,,,,,
1981,,Odin,germany,bb,,,,,,
1982,,Ägir,germany,bb,,,,,,
1983,,Hans von Koester,germany,bc,,,,,,
1984,,Prince Heinrich von Preußen,germany,bc,,,,,,
1985,,Alfred von Tirpitz,germany,bc,,,,,,
1986,,Henning von Holtzendorff,germany,bc,,,,,,
1987,,Von der Tann,germany,bc,,,,,,
1988,,Moltke,germany,bc,,,,,,
1989,,Goeben,germany,bc,,,,,,
1990,,Seydlitz,germany,bc,,,,,,
1991,,Derfflinger,germany,bc,,,,,,
1992,,Lützow,germany,bc,,,,,,
1993,,Hindenburg,germany,bc,,,,,,
1994,,Mackensen,germany,bc,,,,,,
1995,,Graf Spee,germany,bc,,,,,,
1996,,Prinz Eitel Friedrich,germany,bc,,,,,,
1997,,Fürst Bismarck,germany,bc,,,,,,
1998,,Yorck,germany,bc,,,,,,
1999,,Gneisenau,germany,bc,,,,,,
2000,,Scharnhorst,germany,bc,,,,,,
2001,,Preußen,germany,bc,,,,,,
2002,,Königsberg,germany,bc,,,,,,
2003,,Arminius,germany,bc,,,,,,
2004,,Prinz Adalbert,germany,bc,,,,,,
2005,,Friedrich Carl,germany,bc,,,,,,
2006,,Kronprinz,germany,bc,,,,,,
2007,,König Wilhelm,germany,bc,,,,,,
2008,,Hansa,germany,bc,,,,,,
2009,,Grosser Kurfürst,germany,bc,,,,,,
2010,,Friedrich der Grosse,germany,bc,,,,,,
2011,,Sachsen,germany,bc,,,,,,
2012,,Bayern,germany,bc,,,,,,
2013,,Württemberg,germany,bc,,,,,,
2014,,Baden,germany,bc,,,,,,
2015,,Oldenburg,germany,bc,,,,,,
2016,,Hessen,germany,bc,,,,,,
2017,,Ostmark,germany,bc,,,,,,
2018,,Wuppertal,germany,bc,,,,,,
2019,,Star,germany,bc,,,,,,
2020,,Leipzig,germany,bc,,,,,,
2021,,Lauenburg,germany,bc,,,,,,
2022,,Mars,germany,bc,,,,,,
2023,,Prince Adalbert,germany,bc,,,,,,
2024,,Max von der Goltz,germany,bc,,,,,,
2025,,Eduard von Knorr,germany,bc,,,,,,
2026,,Friedrich von Hollmann,germany,bc,,,,,,
2027,,Guido Karcher,germany,bc,,,,,,
2028,,August von Thomsen,germany,bc,,,,,,
2029,,Otto von Diederichs,germany,bc,,,,,,
2030,,Fürst Bismarck,germany,ca,,,,,,
2031,,Prinz Heinrich,germany,ca,,,,,,
2032,,Prinz Adalbert,germany,ca,,,,,,
2033,,Friedrich Carl,germany,ca,,,,,,
2034,,Roon,germany,ca,,,,,,
2035,,Yorck,germany,ca,,,,,,
2036,,Scharnhorst,germany,ca,,,,,,
2037,,Gneisenau,germany,ca,,,,,,
2038,,Blücher,germany,ca,,,,,,
2039,,Lützow,germany,ca,,,,,,
2040,,Admiral Scheer,germany,ca,,,,,,
2041,,Admiral Graf Spee,germany,ca,,,,,,
2042,,Admiral Hipper,germany,ca,,,,,,
2043,,Prinz Eugen,germany,ca,,,,,,
2044,,Seydlitz,germany,ca,,,,,,
2045,,Victoria Louise,germany,ca,,,,,,
2046,,Irene,germany,ca,,,,,,
2047,,Prinzess Wilhelm,germany,ca,,,,,,
2048,,Kaiserin Augusta,germany,ca,,,,,,
2049,,Hertha,germany,ca,,,,,,
2050,,Freya,germany,ca,,,,,,
2051,,Vineta,germany,ca,,,,,,
2052,,Hansa,germany,ca,,,,,,
2053,,Deutschland,germany,ca,,,,,,
2054,,Atlantis,germany,ca,,,,,,
2055,,Coronel,germany,ca,,,,,,
2056,,Komet,germany,ca,,,,,,
2057,,Kormoran,germany,ca,,,,,,
2058,,Michel,germany,ca,,,,,,
2059,,Orion,germany,ca,,,,,,
2060,,Stier,germany,ca,,,,,,
2061,,Thor,germany,ca,,,,,,
2062,,Widder,germany,ca,,,,,,
2063,,Bavaria,germany,ca,,,,,,
2064,,Mecklenburg,germany,ca,,,,,,
2065,,Rhineland,germany,ca,,,,,,
2066,,Saxony,germany,ca,,,,,,
2067,,Thuringia,germany,ca,,,,,,
2068,,Baden,germany,ca,,,,,,
2069,,Limburg,germany,ca,,,,,,
2070,,Lippe,germany,ca,,,,,,
2071,,Dessau,germany,ca,,,,,,
2072,,Sachsen,germany,ca,,,,,,
2073,,Schwalbe,germany,cl,,,,,,
2074,,Sperber,germany,cl,,,,,,
2075,,Bussard,germany,cl,,,,,,
2076,,Falke,germany,cl,,,,,,
2077,,Seeadler,germany,cl,,,,,,
2078,,Condor,germany,cl,,,,,,
2079,,Cormoran,germany,cl,,,,,,
2080,,Geier,germany,cl,,,,,,
2081,,Gefion,germany,cl,,,,,,
2082,,Gazelle,germany,cl,,,,,,
2083,,Niobe,germany,cl,,,,,,
2084,,Nymphe,germany,cl,,,,,,
2085,,Thetis,germany,cl,,,,,,
2086,,Ariadne,germany,cl,,,,,,
2087,,Amazone,germany,cl,,,,,,
2088,,Medusa,germany,cl,,,,,,
2089,,Frauenlob,germany,cl,,,,,,
2090,,Arcona,germany,cl,,,,,,
2091,,Undine,germany,cl,,,,,,
2092,,Bremen,germany,cl,,,,,,
2093,,Hamburg,germany,cl,,,,,,
2094,,Berlin,germany,cl,,,,,,
2095,,Lübeck,germany,cl,,,,,,
2096,,München,germany,cl,,,,,,
2097,,Leipzig,germany,cl,,,,,,
2098,,Danzig,germany,cl,,,,,,
2099,,Königsberg,germany,cl,,,,,,
2100,,Nürnberg,germany,cl,,,,,,
2101,,Stuttgart,germany,cl,,,,,,
2102,,Stettin,germany,cl,,,,,,
2103,,Dresden,germany,cl,,,,,,
2104,,Emden,germany,cl,,,,,,
2105,,Kolberg,germany,cl,,,,,,
2106,,Mainz,germany,cl,,,,,,
2107,,Cöln,germany,cl,,,,,,
2108,,Augsburg,germany,cl,,,,,,
2109,,Magdeburg,germany,cl,,,,,,
2110,,Breslau,germany,cl,,,,,,
2111,,Strassburg,germany,cl,,,,,,
2112,,Stralsund,germany,cl,,,,,,
2113,,Karlsruhe,germany,cl,,,,,,
2114,,Rostock,germany,cl,,,,,,
2115,,Graudenz,germany,cl,,,,,,
2116,,Regensburg,germany,cl,,,,,,
2117,,Pillau,germany,cl,,,,,,
2118,,Elbing,germany,cl,,,,,,
2119,,Wiesbaden,germany,cl,,,,,,
2120,,Frankfurt,germany,cl,,,,,,
2121,,Brummer,germany,cl,,,,,,
2122,,Bremse,germany,cl,,,,,,
2123,,Cöln,germany,cl,,,,,,
2124,,Karlsruhe,germany,cl,,,,,,
2125,,Köln,germany,cl,,,,,,
2126,,Z,germany,dd,,,,,,
2127,,H,germany,dd,,,,,,
2128,,V,germany,dd,,,,,,
2129,,S,germany,tb,,,,,,
2130,,T,germany,tb,,,,,,
##,,,###,,,,,,,
2132,,Ammiraglio di Saint Bon,italy,bb,,,,,,
2133,,Emanuele Filiberto,italy,bb,,,,,,
2134,,Regina Margherita,italy,bb,,,,,,
2135,,Benedetto Brin,italy,bb,,,,,,
2136,,Regina Elena,italy,bb,,,,,,
2137,,Vittorio Emanuele,italy,bb,,,,,,
2138,,Roma,italy,bb,,,,,,
2139,,Napoli,italy,bb,,,,,,
2140,,Dante Alighieri,italy,bb,,,,,,
2141,,Conte di Cavour,italy,bb,,,,,,
2142,,Giulio Cesare,italy,bb,,,,,,
2143,,Leonardo da Vinci,italy,bb,,,,,,
2144,,Andrea Doria,italy,bb,,,,,,
2145,,Caio Duilio,italy,bb,,,,,,
2146,,Francesco Caracciolo,italy,bb,,,,,,
2147,,Cristoforo Colombo,italy,bb,,,,,,
2148,,Marcantonio Colonna,italy,bb,,,,,,
2149,,Francesco Morosini,italy,bb,,,,,,
2150,,Littorio,italy,bb,,,,,,
2151,,Vittorio Veneto,italy,bb,,,,,,
2152,,Impero,italy,bb,,,,,,
2153,,Terribile,italy,bb,,,,,,
2154,,Formidabile,italy,bb,,,,,,
2155,,Principe di Carignano,italy,bb,,,,,,
2156,,Messina,italy,bb,,,,,,
2157,,Conte Verde,italy,bb,,,,,,
2158,,Re d'Italia,italy,bb,,,,,,
2159,,Re di Portogallo,italy,bb,,,,,,
2160,,Regina Maria Pia,italy,bb,,,,,,
2161,,San Martino,italy,bb,,,,,,
2162,,Castelfidardo,italy,bb,,,,,,
2163,,Ancona,italy,bb,,,,,,
2164,,Venezia,italy,bb,,,,,,
2165,,Affondatore,italy,bb,,,,,,
2166,,Principe Amedeo,italy,bb,,,,,,
2167,,Palestro,italy,bb,,,,,,
2168,,Enrico Dandolo,italy,bb,,,,,,
2169,,Italia,italy,bb,,,,,,
2170,,Lepanto,italy,bb,,,,,,
2171,,Ruggiero di Lauria,italy,bb,,,,,,
2172,,Re Umberto,italy,bb,,,,,,
2173,,Sicilia,italy,bb,,,,,,
2174,,Sardegna,italy,bb,,,,,,
2175,,San Michele,italy,bb,,,,,,
2176,,Carlo Alberto,italy,bb,,,,,,
2177,,Des Geneys,italy,bb,,,,,,
2178,,Euridice,italy,bb,,,,,,
2179,,San Giovanni,italy,bb,,,,,,
2180,,Aquila,italy,bb,,,,,,
2181,,Aurora,italy,bb,,,,,,
2182,,Eridano,italy,bb,,,,,,
2183,,Daino,italy,bb,,,,,,
2184,,Colombo,italy,bb,,,,,,
2185,,Governolo,italy,bb,,,,,,
2186,,Costituzione,italy,bb,,,,,,
2187,,Staffetta,italy,bb,,,,,,
2188,,L'Azzardoso,italy,bb,,,,,,
2189,,Monzambano,italy,bb,,,,,,
2190,,Tripoli,italy,bb,,,,,,
2191,,Malfatano,italy,bb,,,,,,
2192,,Authion,italy,bb,,,,,,
2193,,Vinzaglio,italy,bb,,,,,,
2194,,Gulnara,italy,bb,,,,,,
2195,,Ichnusa,italy,bb,,,,,,
2196,,Venice,italy,bb,,,,,,
2197,,San Giorgio grande,italy,bb,,,,,,
2198,,Madonna della Vigna,italy,bb,,,,,,
2199,,Aquila d'Oro,italy,bb,,,,,,
2200,,Giove Fulminante,italy,bb,,,,,,
2201,,Costanza Guerriera,italy,bb,,,,,,
2202,,Drago Volante,italy,bb,,,,,,
2203,,Fama Volante,italy,bb,,,,,,
2204,,Madonna della Salute,italy,bb,,,,,,
2205,,Venezia Trionfante,italy,bb,,,,,,
2206,,Venere Armata,italy,bb,,,,,,
2207,,Ercole Vittorioso,italy,bb,,,,,,
2208,,San Marco Grande,italy,bb,,,,,,
2209,,San Antonio di Padova,italy,bb,,,,,,
2210,,Pace ed Abbondanza,italy,bb,,,,,,
2211,,San Giovanni Battista Piccolo,italy,bb,,,,,,
2212,,San Vittorio,italy,bb,,,,,,
2213,,San Giovanni Battista Grande,italy,bb,,,,,,
2214,,San Andrea,italy,bb,,,,,,
2215,,San Nicolo,italy,bb,,,,,,
2216,,San Iseppo,italy,bb,,,,,,
2217,,San Giuseppe,italy,bb,,,,,,
2218,,Redentore del Mundo,italy,bb,,,,,,
2219,,San Domenico,italy,bb,,,,,,
2220,,Vittoria,italy,bb,,,,,,
2221,,Sacra Lega,italy,bb,,,,,,
2222,,Valor Coronato,italy,bb,,,,,,
2223,,Monton d'Oro,italy,bb,,,,,,
2224,,Abbondanza e Ricchezza,italy,bb,,,,,,
2225,,Nettuno,italy,bb,,,,,,
2226,,Leon Coronato,italy,bb,,,,,,
2227,,San Lorenzo Giustinian,italy,bb,,,,,,
2228,,Stella Maris,italy,bb,,,,,,
2229,,Rosa,italy,bb,,,,,,
2230,,Fenice,italy,bb,,,,,,
2231,,Fede Guerriera,italy,bb,,,,,,
2232,,Iride,italy,bb,,,,,,
2233,,San Sebastiano,italy,bb,,,,,,
2234,,Tigre,italy,bb,,,,,,
2235,,Giove,italy,bb,,,,,,
2236,,Sole d'Oro,italy,bb,,,,,,
2237,,Rizzo d'Oro,italy,bb,,,,,,
2238,,Amazzone Guerriera,italy,bb,,,,,,
2239,,Aquila Volante/Aquilla Valiera,italy,bb,,,,,,
2240,,Grand Alessandro,italy,bb,,,,,,
2241,,Corona,italy,bb,,,,,,
2242,,Croce Rossa,italy,bb,,,,,,
2243,,Terror,italy,bb,,,,,,
2244,,Regina del Mar,italy,bb,,,,,,
2245,,Costanza,italy,bb,,,,,,
2246,,Aquileta,italy,bb,,,,,,
2247,,San Francesco,italy,bb,,,,,,
2248,,San Pietro Apostolo,italy,bb,,,,,,
2249,,Scudo della Fede,italy,bb,,,,,,
2250,,Santissimo Crocefisso,italy,bb,,,,,,
2251,,Madonna dell' Arsenal,italy,bb,,,,,,
2252,,Leone Trionfante,italy,bb,,,,,,
2253,,Gloria Veneta,italy,bb,,,,,,
2254,,San Pio V,italy,bb,,,,,,
2255,,San Gaetano,italy,bb,,,,,,
2256,,Fortuna,italy,bb,,,,,,
2257,,San Pietro Alcantar,italy,bb,,,,,,
2258,,Idra,italy,bb,,,,,,
2259,,San Zaccaria,italy,bb,,,,,,
2260,,San Spiridon,italy,bb,,,,,,
2261,,Falcon,italy,bb,,,,,,
2262,,Ercole,italy,bb,,,,,,
2263,,Corriera,italy,bb,,,,,,
2264,,Concordia,italy,bb,,,,,,
2265,,Diligenza,italy,bb,,,,,,
2266,,Forza,italy,bb,,,,,,
2267,,Sirena,italy,bb,,,,,,
2268,,Galatea,italy,bb,,,,,,
2269,,Fama,italy,bb,,,,,,
2270,,Eolo,italy,bb,,,,,,
2271,,San Giorgio,italy,bb,,,,,,
2272,,Minerva,italy,bb,,,,,,
2273,,Vulcano,italy,bb,,,,,,
2274,,Medea,italy,bb,,,,,,
2275,,Gloria,italy,bb,,,,,,
2276,,Laharpe,italy,bb,,,,,,
2277,,Stengal,italy,bb,,,,,,
2278,,Beyrand,italy,bb,,,,,,
2279,,Lepanto,italy,bc,,,,,,
2280,,Marchesa,italy,bc,,,,,,
2281,,Fortuna,italy,bc,,,,,,
2282,,Capitana,italy,bc,,,,,,
2283,,Padrona,italy,bc,,,,,,
2284,,Doria,italy,bc,,,,,,
2285,,Perla,italy,bc,,,,,,
2286,,Temperanza,italy,bc,,,,,,
2287,,Vittoria,italy,bc,,,,,,
2288,,Donzella,italy,bc,,,,,,
2289,,Monarca,italy,bc,,,,,,
2290,,Negrona,italy,bc,,,,,,
2291,,Bastarda,italy,bc,,,,,,
2292,,Furia,italy,bc,,,,,,
2293,,Diana,italy,bc,,,,,,
2294,,Baccana,italy,bc,,,,,,
2295,,San Bartolomeo,italy,bc,,,,,,
2296,,San Filippo la Reale,italy,bc,,,,,,
2297,,San Carlo la Partenope,italy,bc,,,,,,
2298,,Regina,italy,bc,,,,,,
2299,,Concezione,italy,bc,,,,,,
2300,,Santa Amalia,italy,bc,,,,,,
2301,,San Gennaro,italy,bc,,,,,,
2302,,San Pasquale,italy,bc,,,,,,
2303,,San Ferdinando,italy,bc,,,,,,
2304,,San Gabriele,italy,bc,,,,,,
2305,,San Luigi,italy,bc,,,,,,
2306,,San Antonio,italy,bc,,,,,,
2307,,Patrona,italy,bc,,,,,,
2308,,San Giovanni,italy,bc,,,,,,
2309,,San Gioacchino,italy,bc,,,,,,
2310,,Partenope,italy,bc,,,,,,
2311,,Tancredi,italy,bc,,,,,,
2312,,Guiscardo,italy,bc,,,,,,
2313,,Archimede,italy,bc,,,,,,
2314,,Sannita,italy,bc,,,,,,
2315,,Ruggiero,italy,bc,,,,,,
2316,,Aretusa,italy,bc,,,,,,
2317,,Minerva,italy,bc,,,,,,
2318,,Sibilla,italy,bc,,,,,,
2319,,Cerere,italy,bc,,,,,,
2320,,Aurora,italy,bc,,,,,,
2321,,Fama,italy,bc,,,,,,
2322,,Stabia,italy,bc,,,,,,
2323,,Flora,italy,bc,,,,,,
2324,,Galatea,italy,bc,,,,,,
2325,,Capri,italy,bc,,,,,,
2326,,Gioacchino,italy,bc,,,,,,
2327,,Carolina,italy,bc,,,,,,
2328,,Vesuvio,italy,bc,,,,,,
2329,,Regina Isabella,italy,bc,,,,,,
2330,,Francesco I,italy,bc,,,,,,
2331,,Principe Carlo,italy,bc,,,,,,
2332,,Marco Polo,italy,ca,,,,,,
2333,,Vettor Pisani,italy,ca,,,,,,
2334,,Carlo Alberto,italy,ca,,,,,,
2335,,Giuseppe Garibaldi,italy,ca,,,,,,
2336,,Varese,italy,ca,,,,,,
2337,,Francesco Ferruccio,italy,ca,,,,,,
2338,,Pisa,italy,ca,,,,,,
2339,,Amalfi,italy,ca,,,,,,
2340,,San Giorgio,italy,ca,,,,,,
2341,,San Marco,italy,ca,,,,,,
2342,,Trento,italy,ca,,,,,,
2343,,Trieste,italy,ca,,,,,,
2344,,Zara,italy,ca,,,,,,
2345,,Pola,italy,ca,,,,,,
2346,,Fiume,italy,ca,,,,,,
2347,,Gorizia,italy,ca,,,,,,
2348,,Bolzano,italy,ca,,,,,,
2349,,Andrea Doria,italy,ca,,,,,,
2350,,Vittorio Veneto,italy,ca,,,,,,
2351,,Monarca,italy,ca,,,,,,
2352,,Farnese,italy,ca,,,,,,
2353,,Urania,italy,ca,,,,,,
2354,,Regina,italy,ca,,,,,,
2355,,Partenope,italy,ca,,,,,,
2356,,Etna,italy,ca,,,,,,
2357,,Generoso,italy,ca,,,,,,
2358,,Intrepido,italy,ca,,,,,,
2359,,Veloce,italy,ca,,,,,,
2360,,Valoroso,italy,ca,,,,,,
2361,,Zeffiro,italy,ca,,,,,,
2362,,Sannita,italy,ca,,,,,,
2363,,Torquato Tasso,italy,ca,,,,,,
2364,,Carlo III,italy,ca,,,,,,
2365,,Fulminante,italy,ca,,,,,,
2366,,Stromboli,italy,ca,,,,,,
2367,,Ettore Fieramosca,italy,ca,,,,,,
2368,,Ferdinando II,italy,ca,,,,,,
2369,,Sirena,italy,ca,,,,,,
2370,,Aquila,italy,ca,,,,,,
2371,,Maria Teresa,italy,ca,,,,,,
2372,,Peloro,italy,ca,,,,,,
2373,,Delfino,italy,ca,,,,,,
2374,,Ercole,italy,ca,,,,,,
2375,,Archimede,italy,ca,,,,,,
2376,,Ruggiero,italy,ca,,,,,,
2377,,Roberto,italy,ca,,,,,,
2378,,Guiscardo,italy,ca,,,,,,
2379,,Palinuro,italy,ca,,,,,,
2380,,Miseno,italy,ca,,,,,,
2381,,Borbone,italy,ca,,,,,,
2382,,Gaeta,italy,ca,,,,,,
2383,,Capitana,italy,ca,,,,,,
2384,,Padrona,italy,ca,,,,,,
2385,,Suprema,italy,ca,,,,,,
2386,,Serena,italy,ca,,,,,,
2387,,Pace,italy,ca,,,,,,
2388,,Vittoria,italy,ca,,,,,,
2389,,Grifona,italy,ca,,,,,,
2390,,Santa Maria,italy,ca,,,,,,
2391,,San Giovanni,italy,ca,,,,,,
2392,,San Bonaventura,italy,ca,,,,,,
2393,,San Pietro,italy,ca,,,,,,
2394,,Roma,italy,ca,,,,,,
2395,,Immacolata Concezione,italy,ca,,,,,,
2396,,Giovanni Bausan,italy,cl,,,,,,
2397,,Etna,italy,cl,,,,,,
2398,,Vesuvio,italy,cl,,,,,,
2399,,Stromboli,italy,cl,,,,,,
2400,,Ettore Fieramosca,italy,cl,,,,,,
2401,,Dogali,italy,cl,,,,,,
2402,,Piemonte,italy,cl,,,,,,
2403,,Regioni,italy,cl,,,,,,
2404,,Umbria,italy,cl,,,,,,
2405,,Lombardia,italy,cl,,,,,,
2406,,Etruria,italy,cl,,,,,,
2407,,Liguria,italy,cl,,,,,,
2408,,Elba,italy,cl,,,,,,
2409,,Puglia,italy,cl,,,,,,
2410,,Calabria,italy,cl,,,,,,
2411,,Libia,italy,cl,,,,,,
2412,,Quarto,italy,cl,,,,,,
2413,,Nino Bixio,italy,cl,,,,,,
2414,,Marsala,italy,cl,,,,,,
2415,,Campania,italy,cl,,,,,,
2416,,Basilicata,italy,cl,,,,,,
2417,,Pietro Micca,italy,cl,,,,,,
2418,,Tripoli,italy,cl,,,,,,
2419,,Goito,italy,cl,,,,,,
2420,,Monzambano,italy,cl,,,,,,
2421,,Montebello,italy,cl,,,,,,
2422,,Confienza,italy,cl,,,,,,
2423,,Folgore,italy,cl,,,,,,
2424,,Saetta,italy,cl,,,,,,
2425,,Partenope,italy,cl,,,,,,
2426,,Minerva,italy,cl,,,,,,
2427,,Euridice,italy,cl,,,,,,
2428,,Urania,italy,cl,,,,,,
2429,,Iride,italy,cl,,,,,,
2430,,Aretusa,italy,cl,,,,,,
2431,,Caprera,italy,cl,,,,,,
2432,,Calatafimi,italy,cl,,,,,,
2433,,Agordat,italy,cl,,,,,,
2434,,Coatit,italy,cl,,,,,,
2435,,Aquila,italy,cl,,,,,,
2436,,Sparviero,italy,cl,,,,,,
2437,,Nibbio,italy,cl,,,,,,
2438,,Falco,italy,cl,,,,,,
2439,,Taranto,italy,cl,,,,,,
2440,,Bari,italy,cl,,,,,,
2441,,Brindisi,italy,cl,,,,,,
2442,,Venezia,italy,cl,,,,,,
2443,,Ancona,italy,cl,,,,,,
2444,,Armando Diaz,italy,cl,,,,,,
2445,,Giussano,italy,cl,,,,,,
2446,,Alberico da Barbiano,italy,cl,,,,,,
2447,,Alberto di Giussano,italy,cl,,,,,,
2448,,Bartolomeo Colleoni,italy,cl,,,,,,
2449,,Giovanni dalle Bande Nere,italy,cl,,,,,,
2450,,Luigi Cadorna,italy,cl,,,,,,
2451,,Raimondo Montecuccoli,italy,cl,,,,,,
2452,,Muzio Attendolo,italy,cl,,,,,,
2453,,Duca d'Aosta,italy,cl,,,,,,
2454,,Emanuele Filiberto,italy,cl,,,,,,
2455,,Eugenio di Savoia,italy,cl,,,,,,
2456,,Duca degli Abruzzi,italy,cl,,,,,,
2457,,Giuseppe Garibaldi,italy,cl,,,,,,
2458,,San Giorgio,italy,cl,,,,,,
2459,,Pompeo Magno,italy,cl,,,,,,
2460,,Capitani Romani,italy,cl,,,,,,
2461,,Attilio Regolo,italy,cl,,,,,,
2462,,Scipione Africano,italy,cl,,,,,,
2463,,Ulpio Traiano,italy,cl,,,,,,
2464,,Ottaviano Augusto,italy,cl,,,,,,
2465,,Cornelio Silla,italy,cl,,,,,,
2466,,Claudio Druso,italy,cl,,,,,,
2467,,Caio Mario,italy,cl,,,,,,
2468,,Paolo Emilio,italy,cl,,,,,,
2469,,Vipsania Agrippa,italy,cl,,,,,,
2470,,Giulio Germanico,italy,cl,,,,,,
2471,,Claudio Tiberio,italy,cl,,,,,,
2472,,Cattaro,italy,cl,,,,,,
2473,,Fulmine,italy,dd,,,,,,
2474,,Lampo,italy,dd,,,,,,
2475,,Freccia,italy,dd,,,,,,
2476,,Dardo,italy,dd,,,,,,
2477,,Strale,italy,dd,,,,,,
2478,,Euro,italy,dd,,,,,,
2479,,Ostro,italy,dd,,,,,,
2480,,Nembo,italy,dd,,,,,,
2481,,Turbine,italy,dd,,,,,,
2482,,Aquilone,italy,dd,,,,,,
2483,,Borea,italy,dd,,,,,,
2484,,Zeffiro,italy,dd,,,,,,
2485,,Espero,italy,dd,,,,,,
2486,,Soldato,italy,dd,,,,,,
2487,,Artigliere,italy,dd,,,,,,
2488,,Bersagliere,italy,dd,,,,,,
2489,,Corazziere,italy,dd,,,,,,
2490,,Garibaldino,italy,dd,,,,,,
2491,,Granatiere,italy,dd,,,,,,
2492,,Lanciere,italy,dd,,,,,,
2493,,Alpino,italy,dd,,,,,,
2494,,Carabiniere,italy,dd,,,,,,
2495,,Fuciliere,italy,dd,,,,,,
2496,,Pontiere,italy,dd,,,,,,
2497,,Ascaro,italy,dd,,,,,,
2498,,Impetuoso,italy,dd,,,,,,
2499,,Impavido,italy,dd,,,,,,
2500,,Insidioso,italy,dd,,,,,,
2501,,Irrequieto,italy,dd,,,,,,
2502,,Indomito,italy,dd,,,,,,
2503,,Intrepido,italy,dd,,,,,,
2504,,Ardito,italy,dd,,,,,,
2505,,Ardente,italy,dd,,,,,,
2506,,Audace,italy,dd,,,,,,
2507,,Animoso,italy,dd,,,,,,
2508,,Rosolino Pilo,italy,dd,,,,,,
2509,,Giuseppe Cesare Abba,italy,dd,,,,,,
2510,,Pilade Bronzetti,italy,dd,,,,,,
2511,,Giuseppe Missori,italy,dd,,,,,,
2512,,Antonio Mosto,italy,dd,,,,,,
2513,,Ippolito Nievo,italy,dd,,,,,,
2514,,Francesco Nullo,italy,dd,,,,,,
2515,,Simone Schiaffino,italy,dd,,,,,,
2516,,Alessandro Poerio,italy,dd,,,,,,
2517,,Cesare Rossarol,italy,dd,,,,,,
2518,,Guglielmo Pepe,italy,dd,,,,,,
2519,,Aquila,italy,dd,,,,,,
2520,,Falco,italy,dd,,,,,,
2521,,Nibbio,italy,dd,,,,,,
2522,,Sparviero,italy,dd,,,,,,
2523,,Carlo Mirabello,italy,dd,,,,,,
2524,,Carlo Alberto Racchia,italy,dd,,,,,,
2525,,Augusto Riboty,italy,dd,,,,,,
2526,,La Masa,italy,dd,,,,,,
2527,,Giuseppe La Masa,italy,dd,,,,,,
2528,,Angelo Bassini,italy,dd,,,,,,
2529,,Agostino Bertani,italy,dd,,,,,,
2530,,Benedetto Cairoli,italy,dd,,,,,,
2531,,Giacinto Carini,italy,dd,,,,,,
2532,,Nicola Fabrizi,italy,dd,,,,,,
2533,,Giuseppe La Farina,italy,dd,,,,,,
2534,,Giacomo Medici,italy,dd,,,,,,
2535,,Sirtori,italy,dd,,,,,,
2536,,Giuseppe Sirtori,italy,dd,,,,,,
2537,,Giovanni Acerbi,italy,dd,,,,,,
2538,,Vincenzo Giordano Orsini,italy,dd,,,,,,
2539,,Francesco Stocco,italy,dd,,,,,,
2540,,Palestro,italy,dd,,,,,,
2541,,Confienza,italy,dd,,,,,,
2542,,San Martino,italy,dd,,,,,,
2543,,Solferino,italy,dd,,,,,,
2544,,Generale Antonio Cantore,italy,dd,,,,,,
2545,,Generale Antonio Cascino,italy,dd,,,,,,
2546,,Generale Antonio Chinotto,italy,dd,,,,,,
2547,,Generale Carlo Montanari,italy,dd,,,,,,
2548,,Generale Marcello Prestinari,italy,dd,,,,,,
2549,,Delfino,italy,ss,,,,,,
2550,,Glauco,italy,ss,,,,,,
2551,,Narvalo,italy,ss,,,,,,
2552,,Otaria,italy,ss,,,,,,
2553,,Squalo,italy,ss,,,,,,
2554,,Tricheco,italy,ss,,,,,,
2555,,Foca,italy,ss,,,,,,
2556,,Medusa,italy,ss,,,,,,
2557,,Argo,italy,ss,,,,,,
2558,,Fisalia,italy,ss,,,,,,
2559,,Jalea,italy,ss,,,,,,
2560,,Jantina,italy,ss,,,,,,
2561,,Salpa,italy,ss,,,,,,
2562,,Velella,italy,ss,,,,,,
2563,,Zoea,italy,ss,,,,,,
2564,,Atropo,italy,ss,,,,,,
2565,,Nautilus,italy,ss,,,,,,
2566,,Nereide,italy,ss,,,,,,
2567,,Pullino,italy,ss,,,,,,
2568,,Giacinto Pullino,italy,ss,,,,,,
2569,,Galileo Ferraris,italy,ss,,,,,,
2570,,Alfa,italy,ss,,,,,,
2571,,Beta,italy,ss,,,,,,
2572,,Argonauta,italy,ss,,,,,,
2573,,Balilla,italy,ss,,,,,,
2574,,Pacinotti,italy,ss,,,,,,
2575,,Guglielmotti,italy,ss,,,,,,
2576,,Pietro Micca,italy,ss,,,,,,
2577,,Angelo Emo,italy,ss,,,,,,
2578,,Luigi Galvani,italy,ss,,,,,,
2579,,Lorenzo Marcello,italy,ss,,,,,,
2580,,Lazzaro Mocenigo,italy,ss,,,,,,
2581,,Torricelli,italy,ss,,,,,,
2582,,Andrea Provana,italy,ss,,,,,,
2583,,Agostino Barbarigo,italy,ss,,,,,,
2584,,Giacomo Nani,italy,ss,,,,,,
2585,,Sebastiano Veniero,italy,ss,,,,,,
2586,,Pier Capponi,italy,ss,,,,,,
2587,,Giovanni Da Procida,italy,ss,,,,,,
2588,,Goffredo Mameli,italy,ss,,,,,,
2589,,Masaniello,italy,ss,,,,,,
2590,,Tito Speri,italy,ss,,,,,,
2591,,Antonio Sciesa,italy,ss,,,,,,
2592,,Domenico Millelire,italy,ss,,,,,,
2593,,Enrico Toti,italy,ss,,,,,,
2594,,Giovanni Bausan,italy,ss,,,,,,
2595,,Marcantonio Colonna,italy,ss,,,,,,
2596,,Des Geneys,italy,ss,,,,,,
2597,,Vettor Pisani,italy,ss,,,,,,
2598,,Fratelli Bandiera,italy,ss,,,,,,
2599,,Luciano Manara,italy,ss,,,,,,
2600,,Ciro Menotti,italy,ss,,,,,,
2601,,Santorre Santarosa,italy,ss,,,,,,
2602,,Ettore Fieramosca,italy,ss,,,,,,
2603,,Marcantonio Bragadin,italy,ss,,,,,,
2604,,Filippo Corridoni,italy,ss,,,,,,
2605,,Squalo,italy,ss,,,,,,
2606,,Luigi Settembrini,italy,ss,,,,,,
2607,,Ruggiero Settimo,italy,ss,,,,,,
2608,,Serpente - former Nautilus,italy,ss,,,,,,
2609,,Ametista,italy,ss,,,,,,
2610,,Anfitrite,italy,ss,,,,,,
2611,,Diamante,italy,ss,,,,,,
2612,,Galatea,italy,ss,,,,,,
2613,,Naiade,italy,ss,,,,,,
2614,,Ondina,italy,ss,,,,,,
2615,,Rubino,italy,ss,,,,,,
2616,,Sirena,italy,ss,,,,,,
2617,,Smeraldo,italy,ss,,,,,,
2618,,Topazio,italy,ss,,,,,,
2619,,Zaffiro,italy,ss,,,,,,
2620,,Archimede,italy,ss,,,,,,
2621,,Evangelista Torricelli,italy,ss,,,,,,
2622,,Galileo Galilei,italy,ss,,,,,,
2623,,Pietro Calvi,italy,ss,,,,,,
2624,,Giuseppe Finzi,italy,ss,,,,,,
2625,,Enrico Tazzoli,italy,ss,,,,,,
2626,,Ambra,italy,ss,,,,,,
2627,,Berillo,italy,ss,,,,,,
2628,,Corallo,italy,ss,,,,,,
2629,,Diaspro,italy,ss,,,,,,
2630,,Gemma,italy,ss,,,,,,
2631,,Iride,italy,ss,,,,,,
2632,,Malachite,italy,ss,,,,,,
2633,,Onice,italy,ss,,,,,,
2634,,Perla,italy,ss,,,,,,
2635,,Turchese,italy,ss,,,,,,
2636,,Adua,italy,ss,,,,,,
2637,,Alagi,italy,ss,,,,,,
2638,,Aradam,italy,ss,,,,,,
2639,,Ascianghi,italy,ss,,,,,,
2640,,Axum,italy,ss,,,,,,
2641,,Beilul,italy,ss,,,,,,
2642,,Dagabur,italy,ss,,,,,,
2643,,Dessiè,italy,ss,,,,,,
2644,,Durbo,italy,ss,,,,,,
2645,,Gondar,italy,ss,,,,,,
2646,,Lafolè,italy,ss,,,,,,
2647,,Macallé,italy,ss,,,,,,
2648,,Neghelli,italy,ss,,,,,,
2649,,Scirè,italy,ss,,,,,,
2650,,Tembien,italy,ss,,,,,,
2651,,Uarsciek,italy,ss,,,,,,
2652,,Uebi Scebeli,italy,ss,,,,,,
2653,,Enrico Dandolo,italy,ss,,,,,,
2654,,Francesco Morosini,italy,ss,,,,,,
2655,,Comandante Cappellini,italy,ss,,,,,,
2656,,Comandante Faà di Bruno,italy,ss,,,,,,
2657,,Brin,italy,ss,,,,,,
2658,,Galvani,italy,ss,,,,,,
2659,,Console Generale Liuzzi,italy,ss,,,,,,
2660,,Alpino Bagnolini,italy,ss,,,,,,
2661,,Capitano Raffaele Tarantini,italy,ss,,,,,,
2662,,Reginaldo Giuliani,italy,ss,,,,,,
2663,,Marconi,italy,ss,,,,,,
2664,,Alessandro Malaspina,italy,ss,,,,,,
2665,,Leonardo da Vinci,italy,ss,,,,,,
2666,,Luigi Torelli,italy,ss,,,,,,
2667,,Maggiore Baracca,italy,ss,,,,,,
2668,,Michele Bianchi,italy,ss,,,,,,
2669,,Guglielmo Marconi,italy,ss,,,,,,
2670,,Cagni,italy,ss,,,,,,
2671,,Ammiraglio Cagni,italy,ss,,,,,,
2672,,Ammiraglio Caracciolo,italy,ss,,,,,,
2673,,Ammiraglio Millo,italy,ss,,,,,,
2674,,Ammiraglio Saint-Bon,italy,ss,,,,,,
2675,,Acciaio,italy,ss,,,,,,
2676,,Alabastro,italy,ss,,,,,,
2677,,Argento,italy,ss,,,,,,
2678,,Asteria,italy,ss,,,,,,
2679,,Avorio,italy,ss,,,,,,
2680,,Bronzo,italy,ss,,,,,,
2681,,Cobalto,italy,ss,,,,,,
2682,,Giada,italy,ss,,,,,,
2683,,Granito,italy,ss,,,,,,
2684,,Nichelio,italy,ss,,,,,,
2685,,Platino,italy,ss,,,,,,
2686,,Porfido,italy,ss,,,,,,
2687,,Volframio,italy,ss,,,,,,
2688,,Gorgo,italy,ss,,,,,,
2689,,Flutto,italy,ss,,,,,,
2690,,Marea,italy,ss,,,,,,
2691,,Vortice,italy,ss,,,,,,
2692,,Nautilo,italy,ss,,,,,,
2693,,Murena,italy,ss,,,,,,
2694,,Grongo,italy,ss,,,,,,
2695,,Sparide,italy,ss,,,,,,
2696,,Spigola,italy,ss,,,,,,
2697,,Cernia,italy,ss,,,,,,
2698,,Dentice,italy,ss,,,,,,
2699,,Alluminio,italy,ss,,,,,,
2700,,Amianto,italy,ss,,,,,,
2701,,Antimonio,italy,ss,,,,,,
2702,,Bario,italy,ss,,,,,,
2703,,Cadmio,italy,ss,,,,,,
2704,,Cromo,italy,ss,,,,,,
2705,,Ferro,italy,ss,,,,,,
2706,,Fosforo,italy,ss,,,,,,
2707,,Iridio,italy,ss,,,,,,
2708,,Litio,italy,ss,,,,,,
2709,,Magnesio,italy,ss,,,,,,
2710,,Manganese,italy,ss,,,,,,
2711,,Mercurio,italy,ss,,,,,,
2712,,Oro,italy,ss,,,,,,
2713,,Ottone,italy,ss,,,,,,
2714,,Piombo,italy,ss,,,,,,
2715,,Potassio,italy,ss,,,,,,
2716,,Rame,italy,ss,,,,,,
2717,,Rutenio,italy,ss,,,,,,
2718,,Silicio,italy,ss,,,,,,
2719,,Sodio,italy,ss,,,,,,
2720,,Vanadio,italy,ss,,,,,,
2721,,Zinco,italy,ss,,,,,,
2722,,Zolfo,italy,ss,,,,,,
2723,,Remo,italy,ss,,,,,,
2724,,Romolo,italy,ss,,,,,,
2725,,Alfredo Cappellini,italy,ss,,,,,,
2726,,Primo Longobardo,italy,ss,,,,,,
2727,,Gianfranco Gazzana Priaroggia,italy,ss,,,,,,
2728,,Livio Piomarta,italy,ss,,,,,,
2729,,Romeo Romei,italy,ss,,,,,,
2730,,Attilio Bagnolini,italy,ss,,,,,,
2731,,Nazario Sauro,italy,ss,,,,,,
2732,,Carlo Fecia di Cossato,italy,ss,,,,,,
2733,,Salvatore Pelosi,italy,ss,,,,,,
2734,,Giuliano Prini,italy,ss,,,,,,
2735,,Salvatore Todaro,italy,ss,,,,,,
2736,,Pietro Venuti,italy,ss,,,,,,
2737,,Spica,italy,tb,,,,,,
2738,,Ariete,italy,tb,,,,,,
2739,,Alabarda,italy,tb,,,,,,
2740,,Arturo,italy,tb,,,,,,
2741,,Auriga,italy,tb,,,,,,
2742,,Balestra,italy,tb,,,,,,
2743,,Daga,italy,tb,,,,,,
2744,,Dragone,italy,tb,,,,,,
2745,,Eridano,italy,tb,,,,,,
2746,,Fionda,italy,tb,,,,,,
2747,,Gladio,italy,tb,,,,,,
2748,,Lancia,italy,tb,,,,,,
2749,,Pugnale,italy,tb,,,,,,
2750,,Rigel,italy,tb,,,,,,
2751,,Spada,italy,tb,,,,,,
2752,,Stella Polare,italy,tb,,,,,,
2753,,Airone,italy,tb,,,,,,
2754,,Alcione,italy,tb,,,,,,
2755,,Aldebaran,italy,tb,,,,,,
2756,,Altair,italy,tb,,,,,,
2757,,Andromeda,italy,tb,,,,,,
2758,,Antares,italy,tb,,,,,,
2759,,Aretusa,italy,tb,,,,,,
2760,,Ariel,italy,tb,,,,,,
2761,,Astore,italy,tb,,,,,,
2762,,Calipso,italy,tb,,,,,,
2763,,Calliope,italy,tb,,,,,,
2764,,Canopo,italy,tb,,,,,,
2765,,Cassiopea,italy,tb,,,,,,
2766,,Castore,italy,tb,,,,,,
2767,,Centauro,italy,tb,,,,,,
2768,,Cigno,italy,tb,,,,,,
2769,,Circe,italy,tb,,,,,,
2770,,Climene,italy,tb,,,,,,
2771,,Clio,italy,tb,,,,,,
2772,,Libra,italy,tb,,,,,,
2773,,Lince,italy,tb,,,,,,
2774,,Lira,italy,tb,,,,,,
2775,,Lupo,italy,tb,,,,,,
2776,,Pallade,italy,tb,,,,,,
2777,,Partenope,italy,tb,,,,,,
2778,,Perseo,italy,tb,,,,,,
2779,,Pleiadi,italy,tb,,,,,,
2780,,Polluce,italy,tb,,,,,,
2781,,Sagittario,italy,tb,,,,,,
2782,,Sirio,italy,tb,,,,,,
2783,,Vega,italy,tb,,,,,,
##,,,###,,,,,,,
2785,,Fuji,japan,bb,,,,,,
2786,,Yashima,japan,bb,,,,,,
2787,,Shikishima,japan,bb,,,,,,
2788,,Hatsuse,japan,bb,,,,,,
2789,,Asahi,japan,bb,,,,,,
2790,,Mikasa,japan,bb,,,,,,
2791,,Tango,japan,bb,,,,,,
2792,,Sagami,japan,bb,,,,,,
2793,,Suwo,japan,bb,,,,,,
2794,,Hizen,japan,bb,,,,,,
2795,,Iwami,japan,bb,,,,,,
2796,,Katori,japan,bb,,,,,,
2797,,Kashima,japan,bb,,,,,,
2798,,Satsuma,japan,bb,,,,,,
2799,,Aki,japan,bb,,,,,,
2800,,Kawachi,japan,bb,,,,,,
2801,,Settsu,japan,bb,,,,,,
2802,,Fusō,japan,bb,,,,,,
2803,,Yamashiro,japan,bb,,,,,,
2804,,Ise,japan,bb,,,,,,
2805,,Hyūga,japan,bb,,,,,,
2806,,Nagato,japan,bb,,,,,,
2807,,Mutsu,japan,bb,,,,,,
2808,,Tosa,japan,bb,,,,,,
2809,,Kaga,japan,bb,,,,,,
2810,,Kii,japan,bb,,,,,,
2811,,Owari,japan,bb,,,,,,
2812,,Yamato,japan,bb,,,,,,
2813,,Musashi,japan,bb,,,,,,
2814,,Shinano,japan,bb,,,,,,
2815,,Shohei,japan,bb,,,,,,
2816,,Hou-Ou,japan,bb,,,,,,
2817,,Kankō,japan,bb,,,,,,
2818,,Kanrin,japan,bb,,,,,,
2819,,Chōyō,japan,bb,,,,,,
2820,,Kaiyō,japan,bb,,,,,,
2821,,Hōshō,japan,bb,,,,,,
2822,,Akagi,japan,bb,,,,,,
2823,,Ryūjō,japan,bb,,,,,,
2824,,Shin'yō,japan,bb,,,,,,
2825,,Sōryū,japan,bb,,,,,,
2826,,Hiryū,japan,bb,,,,,,
2827,,Shōkaku,japan,bb,,,,,,
2828,,Zuikaku,japan,bb,,,,,,
2829,,Zuihō,japan,bb,,,,,,
2830,,Shōhō,japan,bb,,,,,,
2831,,Hiyō,japan,bb,,,,,,
2832,,Jun'yō,japan,bb,,,,,,
2833,,Unyō,japan,bb,,,,,,
2834,,Chūyō,japan,bb,,,,,,
2835,,Taiyō,japan,bb,,,,,,
2836,,Akitsu,japan,bb,,,,,,
2837,,Nigitsu,japan,bb,,,,,,
2838,,Ryūhō,japan,bb,,,,,,
2839,,Taihō,japan,bb,,,,,,
2840,,Chitose,japan,bb,,,,,,
2841,,Chiyoda,japan,bb,,,,,,
2842,,Unryū,japan,bb,,,,,,
2843,,Amagi,japan,bb,,,,,,
2844,,Katsuragi,japan,bb,,,,,,
2845,,Kasagi,japan,bb,,,,,,
2846,,Aso,japan,bb,,,,,,
2847,,Ikoma,japan,bb,,,,,,
2848,,Shimane,japan,bb,,,,,,
2849,,Otakisan,japan,bb,,,,,,
2850,,Yamashio,japan,bb,,,,,,
2851,,Chigusa,japan,bb,,,,,,
2852,,Kumano,japan,bb,,,,,,
2853,,Kaiten,japan,bb,,,,,,
2854,,Banryū,japan,bb,,,,,,
2855,,Chogei,japan,bb,,,,,,
2856,,Shinsoku,japan,bb,,,,,,
2857,,Mikaho,japan,bb,,,,,,
2858,,Yoshun,japan,bb,,,,,,
2859,,Kasuga,japan,bb,,,,,,
2860,,Chiyodagata,japan,bb,,,,,,
2861,,Teibo,japan,bb,,,,,,
2862,,Unyo,japan,bb,,,,,,
2863,,Nisshin,japan,bb,,,,,,
2864,,Takao,japan,bb,,,,,,
2865,,Moshun,japan,bb,,,,,,
2866,,Kōtetsu,japan,bb,,,,,,
2867,,Kongō,japan,bc,,,,,,
2868,,Hiei,japan,bc,,,,,,
2869,,Kirishima,japan,bc,,,,,,
2870,,Haruna,japan,bc,,,,,,
2871,,Amagi,japan,bc,,,,,,
2872,,Akagi,japan,bc,,,,,,
2873,,Atago,japan,bc,,,,,,
2874,,Takao,japan,bc,,,,,,
2875,,Tsukushi,japan,bc,,,,,,
2876,,Kaimon,japan,bc,,,,,,
2877,,Tenryū,japan,bc,,,,,,
2878,,Katsuragi,japan,bc,,,,,,
2879,,Heien,japan,bc,,,,,,
2880,,Maya,japan,bc,,,,,,
2881,,Chōkai,japan,bc,,,,,,
2882,,Ōshima,japan,bc,,,,,,
2883,,Banjo,japan,bc,,,,,,
2884,,Uji,japan,bc,,,,,,
2885,,Wakamiya,japan,bc,,,,,,
2886,,Notoro,japan,bc,,,,,,
2887,,Akitsushima,japan,bc,,,,,,
2888,,Kamoi,japan,bc,,,,,,
2889,,Chitose,japan,bc,,,,,,
2890,,Mizuho,japan,bc,,,,,,
2891,,Nisshin,japan,bc,,,,,,
2892,,Kamikawa Maru,japan,bc,,,,,,
2893,,Fuji,japan,bc,,,,,,
2894,,Kita,japan,bc,,,,,,
2895,,Okuhotaka,japan,bc,,,,,,
2896,,Aino,japan,bc,,,,,,
2897,,Yari,japan,bc,,,,,,
2898,,Warusawa,japan,bc,,,,,,
2899,,Akaishi,japan,bc,,,,,,
2900,,Karasawa,japan,bc,,,,,,
2901,,Kitahotaka,japan,bc,,,,,,
2902,,Obami,japan,bc,,,,,,
2903,,Maehotaka,japan,bc,,,,,,
2904,,Naka,japan,bc,,,,,,
2905,,Arakawa-Naka,japan,bc,,,,,,
2906,,Ontake,japan,bc,,,,,,
2907,,Nishinōtori,japan,bc,,,,,,
2908,,Shiomi,japan,bc,,,,,,
2909,,Minami,japan,bc,,,,,,
2910,,Senjō,japan,bc,,,,,,
2911,,Norikura,japan,bc,,,,,,
2912,,Tate,japan,bc,,,,,,
2913,,Hijiri,japan,bc,,,,,,
2914,,Asama,japan,ca,,,,,,
2915,,Aso,japan,ca,,,,,,
2916,,Azuma,japan,ca,,,,,,
2917,,Iwate,japan,ca,,,,,,
2918,,Izumo,japan,ca,,,,,,
2919,,Kasuga,japan,ca,,,,,,
2920,,Nisshin,japan,ca,,,,,,
2921,,Tokiwa,japan,ca,,,,,,
2922,,Yakumo,japan,ca,,,,,,
2923,,Ashigara,japan,ca,,,,,,
2924,,Aoba,japan,ca,,,,,,
2925,,Atago,japan,ca,,,,,,
2926,,Chikuma,japan,ca,,,,,,
2927,,Chōkai,japan,ca,,,,,,
2928,,Furutaka,japan,ca,,,,,,
2929,,Haguro,japan,ca,,,,,,
2930,,Kako,japan,ca,,,,,,
2931,,Kinugasa,japan,ca,,,,,,
2932,,Kumano,japan,ca,,,,,,
2933,,Maya,japan,ca,,,,,,
2934,,Mikuma,japan,ca,,,,,,
2935,,Mogami,japan,ca,,,,,,
2936,,Myōkō,japan,ca,,,,,,
2937,,Nachi,japan,ca,,,,,,
2938,,Suzuya,japan,ca,,,,,,
2939,,Takao,japan,ca,,,,,,
2940,,Tone,japan,ca,,,,,,
2941,,Tsurugi,japan,ca,,,,,,
2942,,Suisho,japan,ca,,,,,,
2943,,Kaikoma,japan,ca,,,,,,
2944,,Kisokoma,japan,ca,,,,,,
2945,,Shirouma,japan,ca,,,,,,
2946,,Yakushi,japan,ca,,,,,,
2947,,Washiba,japan,ca,,,,,,
2948,,Aka,japan,ca,,,,,,
2949,,Kasa,japan,ca,,,,,,
2950,,Kashimayari,japan,ca,,,,,,
2951,,Utsugi,japan,ca,,,,,,
2952,,Jōnen,japan,ca,,,,,,
2953,,Sannosawa,japan,ca,,,,,,
2954,,Minamikoma,japan,ca,,,,,,
2955,,Kannon,japan,ca,,,,,,
2956,,Kurobegorō,japan,ca,,,,,,
2957,,Yoko,japan,ca,,,,,,
2958,,Goryu,japan,ca,,,,,,
2959,,Akanagi,japan,ca,,,,,,
2960,,Jizō,japan,ca,,,,,,
2961,,Tsubakuro,japan,ca,,,,,,
2962,,Yatsugatake,japan,ca,,,,,,
2963,,Haku,japan,ca,,,,,,
2964,,Nokogiri,japan,ca,,,,,,
2965,,Tengu,japan,ca,,,,,,
2966,,Neishi,japan,ca,,,,,,
2967,,Kinpu,japan,ca,,,,,,
2968,,Yumiori,japan,ca,,,,,,
2969,,Tekari,japan,ca,,,,,,
2970,,Nikko-Shirane,japan,ca,,,,,,
2971,,Tateshina,japan,ca,,,,,,
2972,,Abukuma,japan,cl,,,,,,
2973,,Agano,japan,cl,,,,,,
2974,,Akashi,japan,cl,,,,,,
2975,,Akitsushima,japan,cl,,,,,,
2976,,Chihaya,japan,cl,,,,,,
2977,,Chikuma,japan,cl,,,,,,
2978,,Chishima,japan,cl,,,,,,
2979,,Chitose,japan,cl,,,,,,
2980,,Chiyoda,japan,cl,,,,,,
2981,,Hashidate,japan,cl,,,,,,
2982,,Hirado,japan,cl,,,,,,
2983,,Ioshima,japan,cl,,,,,,
2984,,Isuzu,japan,cl,,,,,,
2985,,Itsukushima,japan,cl,,,,,,
2986,,Izumi,japan,cl,,,,,,
2987,,Jintsu,japan,cl,,,,,,
2988,,Kasagi,japan,cl,,,,,,
2989,,Kashii,japan,cl,,,,,,
2990,,Kashima,japan,cl,,,,,,
2991,,Kashiwara,japan,cl,,,,,,
2992,,Katori,japan,cl,,,,,,
2993,,Kinu,japan,cl,,,,,,
2994,,Kiso,japan,cl,,,,,,
2995,,Kitakami,japan,cl,,,,,,
2996,,Kuma,japan,cl,,,,,,
2997,,Matsushima,japan,cl,,,,,,
2998,,Miyako,japan,cl,,,,,,
2999,,Mogami,japan,cl,,,,,,
3000,,Nagara,japan,cl,,,,,,
3001,,Naka,japan,cl,,,,,,
3002,,Naniwa,japan,cl,,,,,,
3003,,Natori,japan,cl,,,,,,
3004,,Niitaka,japan,cl,,,,,,
3005,,Niyodo,japan,cl,,,,,,
3006,,Noshiro,japan,cl,,,,,,
3007,,Ōi,japan,cl,,,,,,
3008,,Otowa,japan,cl,,,,,,
3009,,Ōyodo,japan,cl,,,,,,
3010,,Saien,japan,cl,,,,,,
3011,,Sakawa,japan,cl,,,,,,
3012,,Sendai,japan,cl,,,,,,
3013,,Soya,japan,cl,,,,,,
3014,,Suma,japan,cl,,,,,,
3015,,Suzuya,japan,cl,,,,,,
3016,,Takachiho,japan,cl,,,,,,
3017,,Takasago,japan,cl,,,,,,
3018,,Tama,japan,cl,,,,,,
3019,,Tatsuta,japan,cl,,,,,,
3020,,Tenryū,japan,cl,,,,,,
3021,,Tone,japan,cl,,,,,,
3022,,Tsugaru,japan,cl,,,,,,
3023,,Tsushima,japan,cl,,,,,,
3024,,Unebi,japan,cl,,,,,,
3025,,Yaeyama,japan,cl,,,,,,
3026,,Yahagi,japan,cl,,,,,,
3027,,Yasoshima,japan,cl,,,,,,
3028,,Yodo,japan,cl,,,,,,
3029,,Yoshino,japan,cl,,,,,,
3030,,Yūbari,japan,cl,,,,,,
3031,,Yura,japan,cl,,,,,,
3032,,Minekaze,japan,dd,,,,,,
3033,,Akikaze,japan,dd,,,,,,
3034,,Hakaze,japan,dd,,,,,,
3035,,Hokaze,japan,dd,,,,,,
3036,,Namikaze,japan,dd,,,,,,
3037,,Nadakaze,japan,dd,,,,,,
3038,,Nokaze,japan,dd,,,,,,
3039,,Numakaze,japan,dd,,,,,,
3040,,Okikaze,japan,dd,,,,,,
3041,,Sawakaze,japan,dd,,,,,,
3042,,Shimakaze,japan,dd,,,,,,
3043,,Shiokaze,japan,dd,,,,,,
3044,,Tachikaze,japan,dd,,,,,,
3045,,Yakaze,japan,dd,,,,,,
3046,,Yūkaze,japan,dd,,,,,,
3047,,Kamikaze,japan,dd,,,,,,
3048,,Asakaze,japan,dd,,,,,,
3049,,Asanagi,japan,dd,,,,,,
3050,,Harukaze,japan,dd,,,,,,
3051,,Hatakaze,japan,dd,,,,,,
3052,,Hayate,japan,dd,,,,,,
3053,,Matsukaze,japan,dd,,,,,,
3054,,Oite,japan,dd,,,,,,
3055,,Yūnagi,japan,dd,,,,,,
3056,,Fumizuki,japan,dd,,,,,,
3057,,Kikuzuki,japan,dd,,,,,,
3058,,Kisaragi,japan,dd,,,,,,
3059,,Mikazuki,japan,dd,,,,,,
3060,,Minazuki,japan,dd,,,,,,
3061,,Mochizuki,japan,dd,,,,,,
3062,,Mutsuki,japan,dd,,,,,,
3063,,Nagatsuki,japan,dd,,,,,,
3064,,Satsuki,japan,dd,,,,,,
3065,,Uzuki,japan,dd,,,,,,
3066,,Yayoi,japan,dd,,,,,,
3067,,Yūzuki,japan,dd,,,,,,
3068,,Akebono,japan,dd,,,,,,
3069,,Amagiri,japan,dd,,,,,,
3070,,Asagiri,japan,dd,,,,,,
3071,,Ayanami,japan,dd,,,,,,
3072,,Fubuki,japan,dd,,,,,,
3073,,Hatsuyuki,japan,dd,,,,,,
3074,,Isonami,japan,dd,,,,,,
3075,,Miyuki,japan,dd,,,,,,
3076,,Murakumo,japan,dd,,,,,,
3077,,Oboro,japan,dd,,,,,,
3078,,Sagiri,japan,dd,,,,,,
3079,,Sazanami,japan,dd,,,,,,
3080,,Shikinami,japan,dd,,,,,,
3081,,Shinonome,japan,dd,,,,,,
3082,,Shirakumo,japan,dd,,,,,,
3083,,Shirayuki,japan,dd,,,,,,
3084,,Uranami,japan,dd,,,,,,
3085,,Ushio,japan,dd,,,,,,
3086,,Usugumo,japan,dd,,,,,,
3087,,Yūgiri,japan,dd,,,,,,
3088,,Akatsuki,japan,dd,,,,,,
3089,,Hibiki,japan,dd,,,,,,
3090,,Ikazuchi,japan,dd,,,,,,
3091,,Inazuma,japan,dd,,,,,,
3092,,Ariake,japan,dd,,,,,,
3093,,Hatsuharu,japan,dd,,,,,,
3094,,Hatsushimo,japan,dd,,,,,,
3095,,Nenohi,japan,dd,,,,,,
3096,,Wakaba,japan,dd,,,,,,
3097,,Yūgure,japan,dd,,,,,,
3098,,Harusame,japan,dd,,,,,,
3099,,Kawakaze,japan,dd,,,,,,
3100,,Murasame,japan,dd,,,,,,
3101,,Samidare,japan,dd,,,,,,
3102,,Shigure,japan,dd,,,,,,
3103,,Shiratsuyu,japan,dd,,,,,,
3104,,Suzukaze,japan,dd,,,,,,
3105,,Umikaze,japan,dd,,,,,,
3106,,Yamakaze,japan,dd,,,,,,
3107,,Yūdachi,japan,dd,,,,,,
3108,,Arare,japan,dd,,,,,,
3109,,Arashio,japan,dd,,,,,,
3110,,Asagumo,japan,dd,,,,,,
3111,,Asashio,japan,dd,,,,,,
3112,,Kasumi,japan,dd,,,,,,
3113,,Michishio,japan,dd,,,,,,
3114,,Minegumo,japan,dd,,,,,,
3115,,Natsugumo,japan,dd,,,,,,
3116,,Ōshio,japan,dd,,,,,,
3117,,Yamagumo,japan,dd,,,,,,
3118,,Akigumo,japan,dd,,,,,,
3119,,Amatsukaze,japan,dd,,,,,,
3120,,Arashi,japan,dd,,,,,,
3121,,Hagikaze,japan,dd,,,,,,
3122,,Hamakaze,japan,dd,,,,,,
3123,,Hatsukaze,japan,dd,,,,,,
3124,,Hayashio,japan,dd,,,,,,
3125,,Isokaze,japan,dd,,,,,,
3126,,Kagerō,japan,dd,,,,,,
3127,,Kuroshio,japan,dd,,,,,,
3128,,Maikaze,japan,dd,,,,,,
3129,,Natsushio,japan,dd,,,,,,
3130,,Nowaki,japan,dd,,,,,,
3131,,Oyashio,japan,dd,,,,,,
3132,,Shiranui,japan,dd,,,,,,
3133,,Tanikaze,japan,dd,,,,,,
3134,,Tokitsukaze,japan,dd,,,,,,
3135,,Urakaze,japan,dd,,,,,,
3136,,Yukikaze,japan,dd,,,,,,
3137,,Akishimo,japan,dd,,,,,,
3138,,Asashimo,japan,dd,,,,,,
3139,,Fujinami,japan,dd,,,,,,
3140,,Hamanami,japan,dd,,,,,,
3141,,Hayanami,japan,dd,,,,,,
3142,,Hayashimo,japan,dd,,,,,,
3143,,Kazagumo,japan,dd,,,,,,
3144,,Kishinami,japan,dd,,,,,,
3145,,Kiyonami,japan,dd,,,,,,
3146,,Kiyoshimo,japan,dd,,,,,,
3147,,Makigumo,japan,dd,,,,,,
3148,,Makinami,japan,dd,,,,,,
3149,,Naganami,japan,dd,,,,,,
3150,,Okinami,japan,dd,,,,,,
3151,,Ōnami,japan,dd,,,,,,
3152,,Suzunami,japan,dd,,,,,,
3153,,Takanami,japan,dd,,,,,,
3154,,Tamanami,japan,dd,,,,,,
3155,,Yūgumo,japan,dd,,,,,,
3156,,Akizuki,japan,dd,,,,,,
3157,,Fuyutsuki,japan,dd,,,,,,
3158,,Hanazuki,japan,dd,,,,,,
3159,,Hatsuzuki,japan,dd,,,,,,
3160,,Michizuki,japan,dd,,,,,,
3161,,Natsuzuki,japan,dd,,,,,,
3162,,Niizuki,japan,dd,,,,,,
3163,,Shimotsuki,japan,dd,,,,,,
3164,,Suzutsuki,japan,dd,,,,,,
3165,,Teruzuki,japan,dd,,,,,,
3166,,Wakatsuki,japan,dd,,,,,,
3167,,Yoizuki,japan,dd,,,,,,
3168,,Enoki,japan,dd,,,,,,
3169,,Hagi,japan,dd,,,,,,
3170,,Hatsuume,japan,dd,,,,,,
3171,,Hatsuzakura,japan,dd,,,,,,
3172,,Hinoki,japan,dd,,,,,,
3173,,Kaba,japan,dd,,,,,,
3174,,Kaede,japan,dd,,,,,,
3175,,Kaki,japan,dd,,,,,,
3176,,Kashi,japan,dd,,,,,,
3177,,Kaya,japan,dd,,,,,,
3178,,Keyaki,japan,dd,,,,,,
3179,,Kiri,japan,dd,,,,,,
3180,,Kusunoki,japan,dd,,,,,,
3181,,Kuwa,japan,dd,,,,,,
3182,,Maki,japan,dd,,,,,,
3183,,Matsu,japan,dd,,,,,,
3184,,Momi,japan,dd,,,,,,
3185,,Momo,japan,dd,,,,,,
3186,,Nara,japan,dd,,,,,,
3187,,Nashi,japan,dd,,,,,,
3188,,Nire,japan,dd,,,,,,
3189,,Odake,japan,dd,,,,,,
3190,,Sakura,japan,dd,,,,,,
3191,,Shii,japan,dd,,,,,,
3192,,Sugi,japan,dd,,,,,,
3193,,Sumire,japan,dd,,,,,,
3194,,Tachibana,japan,dd,,,,,,
3195,,Take,japan,dd,,,,,,
3196,,Tsubaki,japan,dd,,,,,,
3197,,Tsuta,japan,dd,,,,,,
3198,,Ume,japan,dd,,,,,,
3199,,Yanagi,japan,dd,,,,,,
3200,,Azusa,japan,dd,,,,,,
3201,,Hishi,japan,dd,,,,,,
3202,,Kagi,japan,dd,,,,,,
3203,,Katsura,japan,dd,,,,,,
3204,,Kuzu,japan,dd,,,,,,
3205,,Sakaki,japan,dd,,,,,,
3206,,Tochi,japan,dd,,,,,,
3207,,Wakazakura,japan,dd,,,,,,
3208,,Yadake,japan,dd,,,,,,
3209,,Yaezakura,japan,dd,,,,,,
3210,,Aoi,japan,dd,,,,,,
3211,,Ashi,japan,dd,,,,,,
3212,,Fuji,japan,dd,,,,,,
3213,,Hasu,japan,dd,,,,,,
3214,,Kiku,japan,dd,,,,,,
3215,,Kuri,japan,dd,,,,,,
3216,,Susuki,japan,dd,,,,,,
3217,,Tade,japan,dd,,,,,,
3218,,Tsuga,japan,dd,,,,,,
3219,,Warabi,japan,dd,,,,,,
3220,,Yomogi,japan,dd,,,,,,
3221,,Asagao,japan,dd,,,,,,
3222,,Fuyo,japan,dd,,,,,,
3223,,Karukaya,japan,dd,,,,,,
3224,,Kuretaka,japan,dd,,,,,,
3225,,Sanae,japan,dd,,,,,,
3226,,Wakatake,japan,dd,,,,,,
3227,,Sumida,japan,tb,,,,,,
3228,,Fushimi,japan,tb,,,,,,
3229,,Ataka,japan,tb,,,,,,
3230,,Okitsu,japan,tb,,,,,,
3231,,Karatsu,japan,tb,,,,,,
3232,,Katada,japan,tb,,,,,,
3233,,Hozu,japan,tb,,,,,,
3234,,Katata,japan,tb,,,,,,
3235,,Futami,japan,tb,,,,,,
3236,,Atami,japan,tb,,,,,,
3237,,Seta,japan,tb,,,,,,
3238,,Kotaka,japan,tb,,,,,,
3239,,Toba,japan,tb,,,,,,
3240,,Hira,japan,tb,,,,,,
3241,,Tatara,japan,tb,,,,,,
3242,,Suma,japan,tb,,,,,,
3243,,Kozakura,japan,tb,,,,,,
3244,,Chidori,japan,tb,,,,,,
3245,,Hatsukari,japan,tb,,,,,,
3246,,Manazuru,japan,tb,,,,,,
3247,,Tomozuru,japan,tb,,,,,,
3248,,Hato,japan,tb,,,,,,
3249,,Hayabusa,japan,tb,,,,,,
3250,,Hiyodori,japan,tb,,,,,,
3251,,Kari,japan,tb,,,,,,
3252,,Kasasagi,japan,tb,,,,,,
3253,,Kiji,japan,tb,,,,,,
3254,,Ōtori,japan,tb,,,,,,
3255,,Sagi,japan,tb,,,,,,
3256,,Shimushu,japan,tb,,,,,,
3257,,Etorofu,japan,tb,,,,,,
3258,,Okinawa,japan,tb,,,,,,
3259,,Itsukushima,japan,tb,,,,,,
3260,,Shirataka,japan,tb,,,,,,
3261,,Asadori,japan,tb,,,,,,
3262,,Tsubame,japan,tb,,,,,,
3263,,Okinoshima,japan,tb,,,,,,
3264,,Yaeyama,japan,tb,,,,,,
3265,,Sokuten,japan,tb,,,,,,
3266,,Shirakami,japan,tb,,,,,,
3267,,Komahashi,japan,tb,,,,,,
3268,,Yodohashi,japan,tb,,,,,,
3269,,Hayase,japan,tb,,,,,,
3270,,Hitonose,japan,tb,,,,,,
3271,,Tategami,japan,tb,,,,,,
3272,,Hashima,japan,tb,,,,,,
##,,,###,,,,,,,
3274,,Petr Velikiy,russia,bb,,,,,,
3275,,Chesma,russia,bb,,,,,,
3276,,Sinop,russia,bb,,,,,,
3277,,Georgii Pobedonosets,russia,bb,,,,,,
3278,,Dvenadsat Apostolov,russia,bb,,,,,,
3279,,Navarin,russia,bb,,,,,,
3280,,Tri Sviatitelia,russia,bb,,,,,,
3281,,Sissoi Veliky,russia,bb,,,,,,
3282,,Poltava,russia,bb,,,,,,
3283,,Petropavlovsk,russia,bb,,,,,,
3284,,Sevastopol,russia,bb,,,,,,
3285,,Rostislav,russia,bb,,,,,,
3286,,Peresvet,russia,bb,,,,,,
3287,,Oslyabya,russia,bb,,,,,,
3288,,Pobeda,russia,bb,,,,,,
3289,,Knyaz Potemkin-Tavricheskiy,russia,bb,,,,,,
3290,,Panteleimon,russia,bb,,,,,,
3291,,Retvizan,russia,bb,,,,,,
3292,,Admiral Ushakov,russia,bb,,,,,,
3293,,Admiral Seniavin,russia,bb,,,,,,
3294,,General-Admiral Apraksin,russia,bb,,,,,,
3295,,Tsesarevich,russia,bb,,,,,,
3296,,Borodino,russia,bb,,,,,,
3297,,Oryol,russia,bb,,,,,,
3298,,Knyaz Suvorov,russia,bb,,,,,,
3299,,Slava,russia,bb,,,,,,
3300,,Imperator Aleksandr I,russia,bb,,,,,,
3301,,Imperator Aleksandr II,russia,bb,,,,,,
3302,,Imperator Aleksandr III,russia,bb,,,,,,
3303,,Imperator Nikolai I,russia,bb,,,,,,
3304,,Imperator Pavel I,russia,bb,,,,,,
3305,,Imperatritsa Mariya,russia,bb,,,,,,
3306,,Imperatritsa Ekaterina Velikaya,russia,bb,,,,,,
3307,,Velikii Knyaz Mikhail,russia,bb,,,,,,
3308,,Velikii Knyaz Konstantin,russia,bb,,,,,,
3309,,Evstafi,russia,bb,,,,,,
3310,,Ioann Zlatoust,russia,bb,,,,,,
3311,,Andrei Pervozvanny,russia,bb,,,,,,
3312,,Gangut,russia,bb,,,,,,
3313,,Apostol Piotr,russia,bb,,,,,,
3314,,Apostol Pavel,russia,bb,,,,,,
3315,,Sviatoi Aleksandr,russia,bb,,,,,,
3316,,Sviatoi Sergii,russia,bb,,,,,,
3317,,Sviatoi Iakov,russia,bb,,,,,,
3318,,Sviatoi Nikolai,russia,bb,,,,,,
3319,,Sviataya Troitsa,russia,bb,,,,,,
3320,,Arkhangel Gavriil,russia,bb,,,,,,
3321,,Arkhangel Uriil,russia,bb,,,,,,
3322,,Rozhdestvo Christovo,russia,bb,,,,,,
3323,,Ne Tron Menia,russia,bb,,,,,,
3324,,Bozhiye Predvideniy,russia,bb,,,,,,
3325,,Blagoye Nachalo,russia,bb,,,,,,
3326,,Vyborg,russia,bb,,,,,,
3327,,Riga,russia,bb,,,,,,
3328,,Revel,russia,bb,,,,,,
3329,,Azov,russia,bb,,,,,,
3330,,Voronezh,russia,bb,,,,,,
3331,,Moskva,russia,bb,,,,,,
3332,,Narva,russia,bb,,,,,,
3333,,Varna,russia,bb,,,,,,
3334,,Smolensk,russia,bb,,,,,,
3335,,Sila,russia,bb,,,,,,
3336,,Volya,russia,bb,,,,,,
3337,,Kinburn,russia,bc,,,,,,
3338,,Kronshtadt,russia,bc,,,,,,
3339,,Saint Petersburg,russia,bc,,,,,,
3340,,Yekaterinburg,russia,bc,,,,,,
3341,,Nizhny Novgorod,russia,bc,,,,,,
3342,,Kazan,russia,bc,,,,,,
3343,,Omsk,russia,bc,,,,,,
3344,,Samara,russia,bc,,,,,,
3345,,Rostov,russia,bc,,,,,,
3346,,Perm,russia,bc,,,,,,
3347,,Krasnodar,russia,bc,,,,,,
3348,,Saratov,russia,bc,,,,,,
3349,,Tolyatti,russia,bc,,,,,,
3350,,Izhevsk,russia,bc,,,,,,
3351,,Barnaul,russia,bc,,,,,,
3352,,Irkutsk,russia,bc,,,,,,
3353,,Khabarovsk,russia,bc,,,,,,
3354,,Yaroslavl,russia,bc,,,,,,
3355,,Vladivostok,russia,bc,,,,,,
3356,,Makhachkala,russia,bc,,,,,,
3357,,Tomsk,russia,bc,,,,,,
3358,,Orenburg,russia,bc,,,,,,
3359,,Ryazan,russia,bc,,,,,,
3360,,Astrakhan,russia,bc,,,,,,
3361,,Penza,russia,bc,,,,,,
3362,,Lipetsk,russia,bc,,,,,,
3363,,Tula,russia,bc,,,,,,
3364,,Kursk,russia,bc,,,,,,
3365,,Stavropol,russia,bc,,,,,,
3366,,Tver,russia,bc,,,,,,
3367,,Romanov-na-Murmane,russia,bc,,,,,,
3368,,Bryansk,russia,bc,,,,,,
3369,,Belgorod,russia,bc,,,,,,
3370,,Vladimir,russia,bc,,,,,,
3371,,Arkhangelsk,russia,bc,,,,,,
3372,,Kaluga,russia,bc,,,,,,
3373,,Minin,russia,ca,,,,,,
3374,,Vladimir Monomakh,russia,ca,,,,,,
3375,,Dmitrii Donskoi,russia,ca,,,,,,
3376,,Aleksandr Nevskii,russia,ca,,,,,,
3377,,Kniaz Dovmont,russia,ca,,,,,,
3378,,Kniaz Vladimir,russia,ca,,,,,,
3379,,Graf Orlov,russia,ca,,,,,,
3380,,Alexandr Menshikov,russia,ca,,,,,,
3381,,Sviatoslav,russia,ca,,,,,,
3382,,Admiral Nakhimov,russia,ca,,,,,,
3383,,Pamiat Azova,russia,ca,,,,,,
3384,,Rurik,russia,ca,,,,,,
3385,,Rossia,russia,ca,,,,,,
3386,,Gromoboi,russia,ca,,,,,,
3387,,Bayan,russia,ca,,,,,,
3388,,Gleb,russia,ca,,,,,,
3389,,Boris,russia,ca,,,,,,
3390,,Viktor,russia,ca,,,,,,
3391,,Evropa,russia,ca,,,,,,
3392,,Aziya,russia,ca,,,,,,
3393,,Amerika,russia,ca,,,,,,
3394,,Afrika,russia,ca,,,,,,
3395,,Admiral Makarov,russia,ca,,,,,,
3396,,Pallada,russia,ca,,,,,,
3397,,Shtandart,russia,ca,,,,,,
3398,,Kronshlot,russia,ca,,,,,,
3399,,Triumf,russia,ca,,,,,,
3400,,Derpt,russia,ca,,,,,,
3401,,Ivan-Gorod,russia,ca,,,,,,
3402,,Olifant,russia,ca,,,,,,
3403,,Arkhangel Rafail,russia,ca,,,,,,
3404,,Arkhangel Mikhail,russia,ca,,,,,,
3405,,Sviataya Ekaterina,russia,ca,,,,,,
3406,,Sviataya Natal'ya,russia,ca,,,,,,
3407,,Sviatoi Isaakii,russia,ca,,,,,,
3408,,Ioann Bogoslov,russia,ca,,,,,,
3409,,Neptun,russia,ca,,,,,,
3410,,Isaak-Viktoriya,russia,ca,,,,,,
3411,,Novaya Nadezhda,russia,ca,,,,,,
3412,,Severnaya Zvezda,russia,ca,,,,,,
3413,,Severnyi Oryol,russia,ca,,,,,,
3414,,Slava Rossii,russia,ca,,,,,,
3415,,Derbent,russia,ca,,,,,,
3416,,Blagopoluchiye,russia,ca,,,,,,
3417,,Deris,russia,ca,,,,,,
3418,,Vitiaz,russia,cl,,,,,,
3419,,Rynda,russia,cl,,,,,,
3420,,Admiral Kornilov,russia,cl,,,,,,
3421,,Diana,russia,cl,,,,,,
3422,,Aurora,russia,cl,,,,,,
3423,,Varyag,russia,cl,,,,,,
3424,,Askold,russia,cl,,,,,,
3425,,Bogatyr,russia,cl,,,,,,
3426,,Kagul,russia,cl,,,,,,
3427,,Ochakov,russia,cl,,,,,,
3428,,Pamiat Merkuria,russia,cl,,,,,,
3429,,Oleg,russia,cl,,,,,,
3430,,Novik,russia,cl,,,,,,
3431,,Boyarin,russia,cl,,,,,,
3432,,Zhemchug,russia,cl,,,,,,
3433,,Izumrud,russia,cl,,,,,,
3434,,Prut,russia,cl,,,,,,
3435,,Muraviev-Amurski,russia,cl,,,,,,
3436,,Admiral Nevel‘skoi,russia,cl,,,,,,
3437,,Svetlana,russia,cl,,,,,,
3438,,Almaz,russia,cl,,,,,,
3439,,Leytenant Ilyin,russia,cl,,,,,,
3440,,Kapitan Saken,russia,cl,,,,,,
3441,,Kazarskii,russia,cl,,,,,,
3442,,Voyevoda,russia,cl,,,,,,
3443,,Posadnik,russia,cl,,,,,,
3444,,Vsadnik,russia,cl,,,,,,
3445,,Gaidamak,russia,cl,,,,,,
3446,,Griden,russia,cl,,,,,,
3447,,Abrek,russia,cl,,,,,,
3448,,Kavkaz,russia,cl,,,,,,
3449,,Kuban,russia,cl,,,,,,
3450,,Don,russia,cl,,,,,,
3451,,Ural,russia,cl,,,,,,
3452,,Terek,russia,cl,,,,,,
3453,,Dnepr,russia,cl,,,,,,
3454,,Volga,russia,cl,,,,,,
3455,,Rion,russia,cl,,,,,,
3456,,Rus,russia,cl,,,,,,
3457,,Leitenant Dadymov,russia,cl,,,,,,
3458,,Profintern,russia,cl,,,,,,
3459,,Admiral Butakov,russia,cl,,,,,,
3460,,Admiral Spiridov,russia,cl,,,,,,
3461,,Admiral Greig,russia,cl,,,,,,
3462,,Admiral Lazarev,russia,cl,,,,,,
3463,,General Kornilov,russia,cl,,,,,,
3464,,Admiral Istomin,russia,cl,,,,,,
3465,,Kerch,russia,cl,,,,,,
3466,,Mikhail Kutuzov,russia,cl,,,,,,
3467,,Tallin,russia,cl,,,,,,
3468,,Dmitrii Pozharskii,russia,cl,,,,,,
3469,,Sokol,russia,dd,,,,,,
3470,,Yastreb,russia,dd,,,,,,
3471,,Korshun,russia,dd,,,,,,
3472,,Nyrok,russia,dd,,,,,,
3473,,Voron,russia,dd,,,,,,
3474,,Gagara,russia,dd,,,,,,
3475,,Filin,russia,dd,,,,,,
3476,,Sova,russia,dd,,,,,,
3477,,Albatros,russia,dd,,,,,,
3478,,Berkut,russia,dd,,,,,,
3479,,Krechet,russia,dd,,,,,,
3480,,Lebed,russia,dd,,,,,,
3481,,Pelikan,russia,dd,,,,,,
3482,,Pavlin,russia,dd,,,,,,
3483,,Fazan,russia,dd,,,,,,
3484,,Kondor,russia,dd,,,,,,
3485,,Bekas,russia,dd,,,,,,
3486,,Smelyi,russia,dd,,,,,,
3487,,Skoryi,russia,dd,,,,,,
3488,,Statnyi,russia,dd,,,,,,
3489,,Steregushchiy,russia,dd,,,,,,
3490,,Strashnyi,russia,dd,,,,,,
3491,,Storozhevoy,russia,dd,,,,,,
3492,,Sil‘nyi,russia,dd,,,,,,
3493,,Stroynyi,russia,dd,,,,,,
3494,,Razyashchiy,russia,dd,,,,,,
3495,,Rastoropnyi,russia,dd,,,,,,
3496,,Leitenant Burakov,russia,dd,,,,,,
3497,,Buinyi,russia,dd,,,,,,
3498,,Boikiy,russia,dd,,,,,,
3499,,Burnyi,russia,dd,,,,,,
3500,,Bravyi,russia,dd,,,,,,
3501,,Blestyashchiy,russia,dd,,,,,,
3502,,Bedovyi,russia,dd,,,,,,
3503,,Bodryi,russia,dd,,,,,,
3504,,Bezuprechnyi,russia,dd,,,,,,
3505,,Vidnyi,russia,dd,,,,,,
3506,,Groznyi,russia,dd,,,,,,
3507,,Gromkiy,russia,dd,,,,,,
3508,,Gromiashchiy,russia,dd,,,,,,
3509,,Zavetnyi,russia,dd,,,,,,
3510,,Zavidnyi,russia,dd,,,,,,
3511,,Zhivoy,russia,dd,,,,,,
3512,,Rybets,russia,dd,,,,,,
3513,,Zhutkiy,russia,dd,,,,,,
3514,,Zharkiy,russia,dd,,,,,,
3515,,Zhivuchiy,russia,dd,,,,,,
3516,,Leitenant Pushchin,russia,dd,,,,,,
3517,,Zadornyi,russia,dd,,,,,,
3518,,Zvonkiy,russia,dd,,,,,,
3519,,Zorkiy,russia,dd,,,,,,
3520,,Metkiy,russia,dd,,,,,,
3521,,Molodetskiy,russia,dd,,,,,,
3522,,Moshchnyi,russia,dd,,,,,,
3523,,Iskusnyi,russia,dd,,,,,,
3524,,Ispolnitelnyi,russia,dd,,,,,,
3525,,Krepkiy,russia,dd,,,,,,
3526,,Liogkiy,russia,dd,,,,,,
3527,,Lovkiy,russia,dd,,,,,,
3528,,Letuchiy,russia,dd,,,,,,
3529,,Likhoy,russia,dd,,,,,,
3530,,Tviordyi,russia,dd,,,,,,
3531,,Tochnyi,russia,dd,,,,,,
3532,,Trevozhnyi,russia,dd,,,,,,
3533,,Inzhener-Leitenant Maleev,russia,dd,,,,,,
3534,,Kapitan Yurasovskiy,russia,dd,,,,,,
3535,,Leitenant Sergeev,russia,dd,,,,,,
3536,,Inzhener-mekhanik Zverev,russia,dd,,,,,,
3537,,Inzhener-mekhanik Dmitriev,russia,dd,,,,,,
3538,,Bditelnyi,russia,dd,,,,,,
3539,,Boevoi,russia,dd,,,,,,
3540,,Vnimatelnyi,russia,dd,,,,,,
3541,,Vynoslivyi,russia,dd,,,,,,
3542,,Vnushitelnyi,russia,dd,,,,,,
3543,,Del‘nyi,russia,dd,,,,,,
3544,,Deyatel‘nyi,russia,dd,,,,,,
3545,,Dostoinyi,russia,dd,,,,,,
3546,,Emir Bukharskiy,russia,dd,,,,,,
3547,,Finn,russia,dd,,,,,,
3548,,Moskvityanin,russia,dd,,,,,,
3549,,Dobrovolets,russia,dd,,,,,,
3550,,Vsadnik,russia,dd,,,,,,
3551,,Sladkov,russia,dd,,,,,,
3552,,Gaidamak,russia,dd,,,,,,
3553,,Amurets,russia,dd,,,,,,
3554,,Zhelezniakov,russia,dd,,,,,,
3555,,Ussuriets,russia,dd,,,,,,
3556,,Roshal,russia,dd,,,,,,
3557,,Okhotnik,russia,dd,,,,,,
3558,,General Kondratenko,russia,dd,,,,,,
3559,,Sibirskiy strelok,russia,dd,,,,,,
3560,,Pogranichnik,russia,dd,,,,,,
3561,,Voiskovoy,russia,dd,,,,,,
3562,,Trukhmenets,russia,dd,,,,,,
3563,,Kazanets,russia,dd,,,,,,
3564,,Donskoy Kazak,russia,dd,,,,,,
3565,,Zabaykalets,russia,dd,,,,,,
3566,,Leitenant Shestakov,russia,dd,,,,,,
3567,,Kapitan Saken,russia,dd,,,,,,
3568,,Kapitan-leitenant Baranov,russia,dd,,,,,,
3569,,Leytenant Zatsarenni,russia,dd,,,,,,
3570,,Derzky,russia,dd,,,,,,
3571,,Bespokoiny,russia,dd,,,,,,
3572,,Gnevnyi,russia,dd,,,,,,
3573,,Derzkiy,russia,dd,,,,,,
3574,,Pronzitelnyi,russia,dd,,,,,,
3575,,Pospeshnyi,russia,dd,,,,,,
3576,,Shchastlivyi,russia,dd,,,,,,
3577,,Bystryi,russia,dd,,,,,,
3578,,Pylkiy,russia,dd,,,,,,
3579,,Pobeditel,russia,dd,,,,,,
3580,,Zabiyaka,russia,dd,,,,,,
3581,,Grom,russia,dd,,,,,,
3582,,Orfey,russia,dd,,,,,,
3583,,Letun,russia,dd,,,,,,
3584,,Desna,russia,dd,,,,,,
3585,,Azard,russia,dd,,,,,,
3586,,Samson,russia,dd,,,,,,
3587,,Gavril,russia,dd,,,,,,
3588,,Leitenant Ilyin,russia,dd,,,,,,
3589,,Kapitan Izylmetyev,russia,dd,,,,,,
3590,,Gavriil,russia,dd,,,,,,
3591,,Kapitan Belli,russia,dd,,,,,,
3592,,Miklukho-Maklay,russia,dd,,,,,,
3593,,Kapitan Kern,russia,dd,,,,,,
3594,,Konstantin,russia,dd,,,,,,
3595,,Dzhigit,russia,dd,,,,,,
3596,,Vladimir,russia,dd,,,,,,
3597,,Kapitan Konon Zotov,russia,dd,,,,,,
3598,,Kapitan Crown,russia,dd,,,,,,
3599,,Leitenant Dubasov,russia,dd,,,,,,
3600,,Mikhail,russia,dd,,,,,,
3601,,Mecheslav,russia,dd,,,,,,
3602,,Leitenant Lombard,russia,dd,,,,,,
3603,,Almirante Guise,russia,dd,,,,,,
3604,,Avtroil,russia,dd,,,,,,
3605,,Izyaslav,russia,dd,,,,,,
3606,,Vsevolod,russia,dd,,,,,,
3607,,Vysheslav,russia,dd,,,,,,
3608,,Rodislav,russia,dd,,,,,,
3609,,Boleslav,russia,dd,,,,,,
3610,,Gromonosets,russia,dd,,,,,,
3611,,Pryamislav,russia,dd,,,,,,
3612,,Bryachislav,russia,dd,,,,,,
3613,,Fiodor Stratilat,russia,dd,,,,,,
3614,,Fidonisy,russia,dd,,,,,,
3615,,Gadzhibey,russia,dd,,,,,,
3616,,Kaliakriya,russia,dd,,,,,,
3617,,Zante,russia,dd,,,,,,
3618,,Gogland,russia,dd,,,,,,
3619,,Kulm,russia,dd,,,,,,
3620,,Delfin,russia,ss,,,,,,
3621,,Kasatka,russia,ss,,,,,,
3622,,Ugor,russia,ss,,,,,,
3623,,Forel,russia,ss,,,,,,
3624,,Osetr,russia,ss,,,,,,
3625,,Bychok,russia,ss,,,,,,
3626,,Kefal,russia,ss,,,,,,
3627,,Paltus,russia,ss,,,,,,
3628,,Plotva,russia,ss,,,,,,
3629,,Sig,russia,ss,,,,,,
3630,,Keta,russia,ss,,,,,,
3631,,Makrel,russia,ss,,,,,,
3632,,Nalim,russia,ss,,,,,,
3633,,Okun,russia,ss,,,,,,
3634,,Skat,russia,ss,,,,,,
3635,,Som,russia,ss,,,,,,
3636,,Beluga,russia,ss,,,,,,
3637,,Losos,russia,ss,,,,,,
3638,,Peskar,russia,ss,,,,,,
3639,,Schuka,russia,ss,,,,,,
3640,,Sterlya,russia,ss,,,,,,
3641,,Sudak,russia,ss,,,,,,
3642,,Minoga,russia,ss,,,,,,
3643,,Akula,russia,ss,,,,,,
3644,,Karp,russia,ss,,,,,,
3645,,Kaiman,russia,ss,,,,,,
3646,,Morzh,russia,ss,,,,,,
3647,,Narval,russia,ss,,,,,,
3648,,Krab,russia,ss,,,,,,
3649,,Golland,russia,ss,,,,,,
3650,,Bars,russia,ss,,,,,,
3651,,Kambala,russia,ss,,,,,,
3652,,Karas,russia,ss,,,,,,
3653,,Alligator,russia,ss,,,,,,
3654,,Krokodil,russia,ss,,,,,,
3655,,Drakon,russia,ss,,,,,,
3656,,Vzryv,russia,tb,,,,,,
3657,,Batum,russia,tb,,,,,,
3658,,Sukhum,russia,tb,,,,,,
3659,,Poti,russia,tb,,,,,,
3660,,Gagry,russia,tb,,,,,,
3661,,Gelendjik,russia,tb,,,,,,
3662,,Kotlin,russia,tb,,,,,,
3663,,Sveaborg,russia,tb,,,,,,
3664,,Vyborg,russia,tb,,,,,,
3665,,Abo,russia,tb,,,,,,
3666,,Yalta,russia,tb,,,,,,
3667,,Yanchikhe,russia,tb,,,,,,
3668,,Adler,russia,tb,,,,,,
3669,,Anakriya,russia,tb,,,,,,
3670,,Nargen,russia,tb,,,,,,
3671,,Biorke,russia,tb,,,,,,
3672,,Borgo,russia,tb,,,,,,
3673,,Anara,russia,tb,,,,,,
3674,,Dago,russia,tb,,,,,,
3675,,Pernov,russia,tb,,,,,,
3676,,Tosna,russia,tb,,,,,,
3677,,Aspe,russia,tb,,,,,,
3678,,Sestroretsk,russia,tb,,,,,,
3679,,Ussuri,russia,tb,,,,,,
3680,,Lastochka,russia,tb,,,,,,
3681,,Podvizhnyy,russia,tb,,,,,,
3682,,Poryvistyy,russia,tb,,,,,,
3683,,Primernyy,russia,tb,,,,,,
3684,,Porazhayushchiy,russia,tb,,,,,,
3685,,Prozorlivyy,russia,tb,,,,,,
3686,,Pronzitelnyy,russia,tb,,,,,,
3687,,Vnimatelnyy,russia,tb,,,,,,
3688,,Lyotnyy,russia,tb,,,,,,
3689,,Drakon,russia,tb,,,,,,
3690,,Vorona,russia,tb,,,,,,
3691,,Oryol,russia,tb,,,,,,
3692,,Kefal,russia,tb,,,,,,
3693,,Chizhik,russia,tb,,,,,,
3694,,Galka,russia,tb,,,,,,
3695,,Kasatka,russia,tb,,,,,,
3696,,Podorozhnik,russia,tb,,,,,,
3697,,Selezen,russia,tb,,,,,,
3698,,Mech,russia,tb,,,,,,
3699,,Samopal,russia,tb,,,,,,
3700,,Shchuka,russia,tb,,,,,,
3701,,Skumbriya,russia,tb,,,,,,
3702,,Sirena,russia,tb,,,,,,
3703,,Skorpion,russia,tb,,,,,,
3704,,Nerpa,russia,ss,,,,,,
3705,,Tyulen,russia,ss,,,,,,
3706,,Kit,russia,ss,,,,,,
3707,,Kashalot,russia,ss,,,,,,
3708,,Edinorog,russia,ss,,,,,,
3709,,Gepard,russia,ss,,,,,,
3710,,Kuguar,russia,ss,,,,,,
3711,,Leopard,russia,ss,,,,,,
3712,,Lvitsa,russia,ss,,,,,,
3713,,Pantera,russia,ss,,,,,,
3714,,Tigr,russia,ss,,,,,,
3715,,Tur,russia,ss,,,,,,
3716,,Vepr,russia,ss,,,,,,
3717,,Volk,russia,ss,,,,,,
3718,,Yaguar,russia,ss,,,,,,
3719,,Yaz,russia,ss,,,,,,
3720,,Zmeya,russia,ss,,,,,,
3721,,Erzh,russia,ss,,,,,,
3722,,Burevestnik,russia,ss,,,,,,
3723,,Lebed,russia,ss,,,,,,
3724,,Orlan,russia,ss,,,,,,
3725,,Utka,russia,ss,,,,,,
3726,,Dekabrist,russia,ss,,,,,,
3727,,Pravda,russia,ss,,,,,,
3728,,Malyutka,russia,ss,,,,,,
3729,,Zvezda,russia,ss,,,,,,
3730,,Iskra,russia,ss,,,,,,
##,,,###,,,,,,,
3732,,Alejandro I,spain,bb,,,,,,
3733,,Alfonso XIII,spain,bb,,,,,,
3734,,Algeciras,spain,bb,,,,,,
3735,,Almudena,spain,bb,,,,,,
3736,,América,spain,bb,,,,,,
3737,,Andalucía,spain,bb,,,,,,
3738,,Ángel de la Guarda,spain,bb,,,,,,
3739,,Aquiles,spain,bb,,,,,,
3740,,Aquilón,spain,bb,,,,,,
3741,,Argonauta,spain,bb,,,,,,
3742,,Arrogante,spain,bb,,,,,,
3743,,Astuto,spain,bb,,,,,,
3744,,Atlante,spain,bb,,,,,,
3745,,Ave de Gracia,spain,bb,,,,,,
3746,,Bahama,spain,bb,,,,,,
3747,,Begoña,spain,bb,,,,,,
3748,,Bizarro,spain,bb,,,,,,
3749,,Brillante,spain,bb,,,,,,
3750,,Buen Consejo,spain,bb,,,,,,
3751,,Cambi,spain,bb,,,,,,
3752,,Campeón,spain,bb,,,,,,
3753,,Carmen,spain,bb,,,,,,
3754,,Castilla,spain,bb,,,,,,
3755,,Catalán,spain,bb,,,,,,
3756,,Censeur,spain,bb,,,,,,
3757,,Concepción,spain,bb,,,,,,
3758,,Conde de Regla,spain,bb,,,,,,
3759,,Conde de Tolosa,spain,bb,,,,,,
3760,,Conquistador,spain,bb,,,,,,
3761,,Constante,spain,bb,,,,,,
3762,,Contento,spain,bb,,,,,,
3763,,Dichoso,spain,bb,,,,,,
3764,,Diligente,spain,bb,,,,,,
3765,,Dragón,spain,bb,,,,,,
3766,,Emprendedor,spain,bb,,,,,,
3767,,Eolo,spain,bb,,,,,,
3768,,España,spain,bb,,,,,,
3769,,Esperanza,spain,bb,,,,,,
3770,,Estrella del Mar,spain,bb,,,,,,
3771,,Europa,spain,bb,,,,,,
3772,,Fama Volante,spain,bb,,,,,,
3773,,Fénix,spain,bb,,,,,,
3774,,Fernando VII,spain,bb,,,,,,
3775,,Firme,spain,bb,,,,,,
3776,,Fuerte,spain,bb,,,,,,
3777,,Galga,spain,bb,,,,,,
3778,,Galicia,spain,bb,,,,,,
3779,,Gallardo,spain,bb,,,,,,
3780,,Gallo Indiano,spain,bb,,,,,,
3781,,Genovés,spain,bb,,,,,,
3782,,Glorioso,spain,bb,,,,,,
3783,,Guadalupe,spain,bb,,,,,,
3784,,Guerrero,spain,bb,,,,,,
3785,,Guipúzcoa,spain,bb,,,,,,
3786,,Guipuzcoano,spain,bb,,,,,,
3787,,Halcón,spain,bb,,,,,,
3788,,Hector,spain,bb,,,,,,
3789,,Hércules,spain,bb,,,,,,
3790,,Hermione,spain,bb,,,,,,
3791,,Héroe,spain,bb,,,,,,
3792,,Incendio,spain,bb,,,,,,
3793,,Infanta,spain,bb,,,,,,
3794,,Infante,spain,bb,,,,,,
3795,,Intrépido,spain,bb,,,,,,
3796,,Invencible,spain,bb,,,,,,
3797,,Jaime I,spain,bb,,,,,,
3798,,Lanfranco,spain,bb,,,,,,
3799,,Las Vinas,spain,bb,,,,,,
3800,,Le Ferme,spain,bb,,,,,,
3801,,León,spain,bb,,,,,,
3802,,Magnánimo,spain,bb,,,,,,
3803,,Mejicano,spain,bb,,,,,,
3804,,Miño,spain,bb,,,,,,
3805,,Monarca,spain,bb,,,,,,
3806,,Montañés,spain,bb,,,,,,
3807,,Neptuno,spain,bb,,,,,,
3808,,Nueva España,spain,bb,,,,,,
3809,,Numancia I,spain,bb,,,,,,
3810,,Oriente,spain,bb,,,,,,
3811,,Paloma Indiana,spain,bb,,,,,,
3812,,Pelayo,spain,bb,,,,,,
3813,,Pembroke,spain,bb,,,,,,
3814,,Peruano,spain,bb,,,,,,
3815,,Plutón,spain,bb,,,,,,
3816,,Poder,spain,bb,,,,,,
3817,,Poderoso,spain,bb,,,,,,
3818,,Potencia,spain,bb,,,,,,
3819,,Princesa,spain,bb,,,,,,
3820,,Príncipe,spain,bb,,,,,,
3821,,Príncipe de Asturias,spain,bb,,,,,,
3822,,Purísima Concepcion,spain,bb,,,,,,
3823,,Rayo,spain,bb,,,,,,
3824,,Real Carlos,spain,bb,,,,,,
3825,,Real Familia,spain,bb,,,,,,
3826,,Real Felipe,spain,bb,,,,,,
3827,,Real Mazi,spain,bb,,,,,,
3828,,Reina,spain,bb,,,,,,
3829,,Reina Luisa,spain,bb,,,,,,
3830,,Reina Victoria Eugenia,spain,bb,,,,,,
3831,,Retiro,spain,bb,,,,,,
3832,,Rey Don Francisco de Asís,spain,bb,,,,,,
3833,,Rosa,spain,bb,,,,,,
3834,,Rubí,spain,bb,,,,,,
3835,,Salvador del Mundo,spain,bb,,,,,,
3836,,San Agustín,spain,bb,,,,,,
3837,,San Alejandro,spain,bb,,,,,,
3838,,San Antonio,spain,bb,,,,,,
3839,,San Carlos,spain,bb,,,,,,
3840,,San Cristobal,spain,bb,,,,,,
3841,,San Dámaso,spain,bb,,,,,,
3842,,San Dionisio,spain,bb,,,,,,
3843,,San Esteban,spain,bb,,,,,,
3844,,San Eugenio,spain,bb,,,,,,
3845,,San Felipe,spain,bb,,,,,,
3846,,San Felipe Apostol,spain,bb,,,,,,
3847,,San Fermín,spain,bb,,,,,,
3848,,San Fernando,spain,bb,,,,,,
3849,,San Foit,spain,bb,,,,,,
3850,,San Francisco,spain,bb,,,,,,
3851,,San Francisco de Asís,spain,bb,,,,,,
3852,,San Francisco de Paula,spain,bb,,,,,,
3853,,San Francisco Javier,spain,bb,,,,,,
3854,,San Fulgencio,spain,bb,,,,,,
3855,,San Gabriel 74,spain,bb,,,,,,
3856,,San Genaro,spain,bb,,,,,,
3857,,San Hermenegildo,spain,bb,,,,,,
3858,,San Ignacio,spain,bb,,,,,,
3859,,San Ildefons,spain,bb,,,,,,
3860,,San Isidoro,spain,bb,,,,,,
3861,,San Isidro,spain,bb,,,,,,
3862,,San Joaquín,spain,bb,,,,,,
3863,,San José,spain,bb,,,,,,
3864,,San Joseph,spain,bb,,,,,,
3865,,San Juan,spain,bb,,,,,,
3866,,San Juan Bautista,spain,bb,,,,,,
3867,,San Juan de Dios,spain,bb,,,,,,
3868,,San Juan de Sahagún,spain,bb,,,,,,
3869,,San Juan Nepomuceno,spain,bb,,,,,,
3870,,San Julián,spain,bb,,,,,,
3871,,San Justo,spain,bb,,,,,,
3872,,San Lorenzo,spain,bb,,,,,,
3873,,San Luis,spain,bb,,,,,,
3874,,San Luis Gonzaga,spain,bb,,,,,,
3875,,San Miguel,spain,bb,,,,,,
3876,,San Nicolás,spain,bb,,,,,,
3877,,San Pablo,spain,bb,,,,,,
3878,,San Pascual,spain,bb,,,,,,
3879,,San Pastor,spain,bb,,,,,,
3880,,San Pedro,spain,bb,,,,,,
3881,,San Pedro Alcántara,spain,bb,,,,,,
3882,,San Pedro Apóstol,spain,bb,,,,,,
3883,,San Rafael,spain,bb,,,,,,
3884,,San Ramón,spain,bb,,,,,,
3885,,San Sebastián,spain,bb,,,,,,
3886,,San Telmo,spain,bb,,,,,,
3887,,San Vicente,spain,bb,,,,,,
3888,,Santa Ana,spain,bb,,,,,,
3889,,Santa Barbara,spain,bb,,,,,,
3890,,Santa Isabel,spain,bb,,,,,,
3891,,Santa Rosa,spain,bb,,,,,,
3892,,Santa Rosa Palermo,spain,bb,,,,,,
3893,,Santa Teresa,spain,bb,,,,,,
3894,,Santiago,spain,bb,,,,,,
3895,,Santiago el Mayor,spain,bb,,,,,,
3896,,Santísima Trinidad,spain,bb,,,,,,
3897,,Santo Cristo de Burgos,spain,bb,,,,,,
3898,,Santo Domingo,spain,bb,,,,,,
3899,,Santo Tomas,spain,bb,,,,,,
3900,,Septentrión,spain,bb,,,,,,
3901,,Serio,spain,bb,,,,,,
3902,,Soberano,spain,bb,,,,,,
3903,,Soberbio,spain,bb,,,,,,
3904,,Terrible,spain,bb,,,,,,
3905,,Tigre,spain,bb,,,,,,
3906,,Tridente,spain,bb,,,,,,
3907,,Triunfante,spain,bb,,,,,,
3908,,Triunfo,spain,bb,,,,,,
3909,,Velasco,spain,bb,,,,,,
3910,,Vencedor,spain,bb,,,,,,
3911,,Victoria,spain,bb,,,,,,
3912,,Victorioso,spain,bb,,,,,,
3913,,Águila,spain,bc,,,,,,
3914,,Águila de Nantes,spain,bc,,,,,,
3915,,Águila Volante,spain,bc,,,,,,
3916,,Andalucia,spain,bc,,,,,,
3917,,Andalucia Baja,spain,bc,,,,,,
3918,,Anfítrite,spain,bc,,,,,,
3919,,Aretusa,spain,bc,,,,,,
3920,,Astrea Santa Bárbara,spain,bc,,,,,,
3921,,Astrolabio,spain,bc,,,,,,
3922,,Atocha,spain,bc,,,,,,
3923,,Aurora,spain,bc,,,,,,
3924,,Bailén,spain,bc,,,,,,
3925,,Burlandín,spain,bc,,,,,,
3926,,Ceres,spain,bc,,,,,,
3927,,Colón,spain,bc,,,,,,
3928,,Conde de Tolosa,spain,bc,,,,,,
3929,,Cornelia,spain,bc,,,,,,
3930,,Cortes,spain,bc,,,,,,
3931,,Diana,spain,bc,,,,,,
3932,,Dorada,spain,bc,,,,,,
3933,,El Burlando,spain,bc,,,,,,
3934,,El Chico,spain,bc,,,,,,
3935,,El Jardín de Tritón,spain,bc,,,,,,
3936,,El Real Jorge,spain,bc,,,,,,
3937,,El Selerais,spain,bc,,,,,,
3938,,Esmeralda,spain,bc,,,,,,
3939,,Esperanza,spain,bc,,,,,,
3940,,Estrella,spain,bc,,,,,,
3941,,Fama,spain,bc,,,,,,
3942,,Felipillo,spain,bc,,,,,,
3943,,Fenix,spain,bc,,,,,,
3944,,Fernandillo,spain,bc,,,,,,
3945,,Fidela,spain,bc,,,,,,
3946,,Flecha,spain,bc,,,,,,
3947,,Flora,spain,bc,,,,,,
3948,,Gaton,spain,bc,,,,,,
3949,,Gloria,spain,bc,,,,,,
3950,,Gusana,spain,bc,,,,,,
3951,,Hermiona,spain,bc,,,,,,
3952,,Hermione,spain,bc,,,,,,
3953,,Héroe,spain,bc,,,,,,
3954,,Iberia,spain,bc,,,,,,
3955,,Ifigenia,spain,bc,,,,,,
3956,,Iris,spain,bc,,,,,,
3957,,Isabel II,spain,bc,,,,,,
3958,,Juno,spain,bc,,,,,,
3959,,Júpiter,spain,bc,,,,,,
3960,,La Divina Pastora,spain,bc,,,,,,
3961,,La Flora,spain,bc,,,,,,
3962,,La Galga,spain,bc,,,,,,
3963,,La Griega,spain,bc,,,,,,
3964,,La Paloma,spain,bc,,,,,,
3965,,La Señora Sara,spain,bc,,,,,,
3966,,Lealtad,spain,bc,,,,,,
3967,,Ligera,spain,bc,,,,,,
3968,,Mahonesa,spain,bc,,,,,,
3969,,María Isabel,spain,bc,,,,,,
3970,,Medea,spain,bc,,,,,,
3971,,Mercurio,spain,bc,,,,,,
3972,,Minerva,spain,bc,,,,,,
3973,,Aránzazu,spain,bc,,,,,,
3974,,Pilar,spain,bc,,,,,,
3975,,Rosario,spain,bc,,,,,,
3976,,Palas,spain,bc,,,,,,
3977,,Pena,spain,bc,,,,,,
3978,,Peregrina,spain,bc,,,,,,
3979,,Perla,spain,bc,,,,,,
3980,,Perla de España,spain,bc,,,,,,
3981,,Pingue Pintado,spain,bc,,,,,,
3982,,Pingue Volante,spain,bc,,,,,,
3983,,Preciosa,spain,bc,,,,,,
3984,,Principe de Asturias,spain,bc,,,,,,
3985,,Pronta,spain,bc,,,,,,
3986,,Proserpina,spain,bc,,,,,,
3987,,Providencia,spain,bc,,,,,,
3988,,Prueba,spain,bc,,,,,,
3989,,Rebeca,spain,bc,,,,,,
3990,,Reina María Cristina,spain,bc,,,,,,
3991,,San Andrés,spain,bc,,,,,,
3992,,San Antonio de Padua,spain,bc,,,,,,
3993,,San Cayetano,spain,bc,,,,,,
3994,,San Esteban Apedreado,spain,bc,,,,,,
3995,,San Felipe,spain,bc,,,,,,
3996,,San Fernando el Chico,spain,bc,,,,,,
3997,,San Fernando el Pequeño,spain,bc,,,,,,
3998,,San Francisco,spain,bc,,,,,,
3999,,San Francisco Javier,spain,bc,,,,,,
4000,,San Jorge,spain,bc,,,,,,
4001,,Sán Jose,spain,bc,,,,,,
4002,,San Juanico,spain,bc,,,,,,
4003,,San Marcos,spain,bc,,,,,,
4004,,San Miguel,spain,bc,,,,,,
4005,,Santa Águeda,spain,bc,,,,,,
4006,,Santa Ana,spain,bc,,,,,,
4007,,Santa Balbina,spain,bc,,,,,,
4008,,Santa Bárbara,spain,bc,,,,,,
4009,,Santa Bárbara La Chata,spain,bc,,,,,,
4010,,Santa Bibiana,spain,bc,,,,,,
4011,,Santa Brígida,spain,bc,,,,,,
4012,,Santa Casilda,spain,bc,,,,,,
4013,,Santa Catalina,spain,bc,,,,,,
4014,,Santa Cecilia,spain,bc,,,,,,
4015,,Santa Clara,spain,bc,,,,,,
4016,,Santa Cristina,spain,bc,,,,,,
4017,,Santa Dorotea,spain,bc,,,,,,
4018,,Santa Elena,spain,bc,,,,,,
4019,,Santa Escolástica,spain,bc,,,,,,
4020,,Santa Florentina,spain,bc,,,,,,
4021,,Santa Genoveva,spain,bc,,,,,,
4022,,Santa Gertrudis,spain,bc,,,,,,
4023,,Santa Isabel,spain,bc,,,,,,
4024,,Santa Leocadia,spain,bc,,,,,,
4025,,Santa Lucía,spain,bc,,,,,,
4026,,Santa Margarita,spain,bc,,,,,,
4027,,Santa María de la Cabeza,spain,bc,,,,,,
4028,,Santa María Magdalena,spain,bc,,,,,,
4029,,Santa Marta,spain,bc,,,,,,
4030,,Santa Matilde,spain,bc,,,,,,
4031,,Santa Mónica,spain,bc,,,,,,
4032,,Santa Paula,spain,bc,,,,,,
4033,,Santa Perpetua,spain,bc,,,,,,
4034,,Santa Petronila,spain,bc,,,,,,
4035,,Santa Quiteria,spain,bc,,,,,,
4036,,Santa Rita,spain,bc,,,,,,
4037,,Santa Rosa,spain,bc,,,,,,
4038,,Santa Rosalía,spain,bc,,,,,,
4039,,Santa Rufina,spain,bc,,,,,,
4040,,Santa Sabina,spain,bc,,,,,,
4041,,Santa Susana,spain,bc,,,,,,
4042,,Santa Tecla,spain,bc,,,,,,
4043,,Santa Teresa,spain,bc,,,,,,
4044,,Santa Yrene,spain,bc,,,,,,
4045,,Santiago Neptuno,spain,bc,,,,,,
4046,,Soledad,spain,bc,,,,,,
4047,,Sorpresa,spain,bc,,,,,,
4048,,Tetis,spain,bc,,,,,,
4049,,Tetis Guadalupe,spain,bc,,,,,,
4050,,Tigre,spain,bc,,,,,,
4051,,Tolosilla,spain,bc,,,,,,
4052,,Triunfo San Gristóbal,spain,bc,,,,,,
4053,,Unicornio,spain,bc,,,,,,
4054,,Venganza,spain,bc,,,,,,
4055,,Ventura,spain,bc,,,,,,
4056,,Venturera,spain,bc,,,,,,
4057,,Victoria,spain,bc,,,,,,
4058,,Villa de Bilbao,spain,bc,,,,,,
4059,,Viva,spain,bc,,,,,,
4060,,Volante,spain,bc,,,,,,
4061,,Ynfante,spain,bc,,,,,,
4062,,Infanta Maria Teresa,spain,ca,,,,,,
4063,,Vizcaya,spain,ca,,,,,,
4064,,Alfonso XII,spain,ca,,,,,,
4065,,Almirante Cervera,spain,ca,,,,,,
4066,,Almirante Oquendo,spain,ca,,,,,,
4067,,Aragon,spain,ca,,,,,,
4068,,Baleares,spain,ca,,,,,,
4069,,Begoña,spain,ca,,,,,,
4070,,Blas de Lezo,spain,ca,,,,,,
4071,,Buenaventura,spain,ca,,,,,,
4072,,Canarias,spain,ca,,,,,,
4073,,Cardenal Cisneros,spain,ca,,,,,,
4074,,Caridad Inglesa,spain,ca,,,,,,
4075,,Cataluña,spain,ca,,,,,,
4076,,Celedon,spain,ca,,,,,,
4077,,Concepcion de Zubelzu,spain,ca,,,,,,
4078,,Cristóbal Colón,spain,ca,,,,,,
4079,,Emperador Carlos V,spain,ca,,,,,,
4080,,Encoronada,spain,ca,,,,,,
4081,,Isla de Cuba,spain,ca,,,,,,
4082,,Isla de Luzon,spain,ca,,,,,,
4083,,La Concepción,spain,ca,,,,,,
4084,,La Juliana,spain,ca,,,,,,
4085,,La Lavia,spain,ca,,,,,,
4086,,Magdalena,spain,ca,,,,,,
4087,,Manuela,spain,ca,,,,,,
4088,,Maria Juan,spain,ca,,,,,,
4089,,Navarra,spain,ca,,,,,,
4090,,Nuestra Señora,spain,ca,,,,,,
4091,,Nuestra Senora del Pilar,spain,ca,,,,,,
4092,,Princesa de Asturias,spain,ca,,,,,,
4093,,Purificatión,spain,ca,,,,,,
4094,,Rapido,spain,ca,,,,,,
4095,,Reina Regente,spain,ca,,,,,,
4096,,Reina Victoria Eugenia,spain,ca,,,,,,
4097,,Republica,spain,ca,,,,,,
4098,,San Agustín,spain,ca,,,,,,
4099,,San Ambrosio,spain,ca,,,,,,
4100,,San Cristobal,spain,ca,,,,,,
4101,,San Esteban,spain,ca,,,,,,
4102,,San Felipe,spain,ca,,,,,,
4103,,San Francisco,spain,ca,,,,,,
4104,,San Gerónimo,spain,ca,,,,,,
4105,,San Juan,spain,ca,,,,,,
4106,,San Juan Baptista,spain,ca,,,,,,
4107,,San Juan de Gargoriu,spain,ca,,,,,,
4108,,San Juan el Menor,spain,ca,,,,,,
4109,,San Martin,spain,ca,,,,,,
4110,,San Pedro,spain,ca,,,,,,
4111,,San Salvador,spain,ca,,,,,,
4112,,San Tomás de Aquino,spain,ca,,,,,,
4113,,Santa Ana,spain,ca,,,,,,
4114,,Santa Barbara,spain,ca,,,,,,
4115,,Santa Clara,spain,ca,,,,,,
4116,,Santa Cruz,spain,ca,,,,,,
4117,,Santa Maria de Gracia,spain,ca,,,,,,
4118,,Santa Maria de la Rosa,spain,ca,,,,,,
4119,,Santiago,spain,ca,,,,,,
4120,,Santiago el Mayor,spain,ca,,,,,,
4121,,Santo Cristo de Burgos,spain,ca,,,,,,
4122,,Trinidad,spain,ca,,,,,,
4123,,Trinidad Valencera,spain,ca,,,,,,
4124,,Velasco,spain,ca,,,,,,
4125,,Virgen,spain,ca,,,,,,
4126,,África,spain,cl,,,,,,
4127,,Alerta,spain,cl,,,,,,
4128,,Alfonso XII,spain,cl,,,,,,
4129,,Almansa,spain,cl,,,,,,
4130,,Almirante Cervera,spain,cl,,,,,,
4131,,Andalucía,spain,cl,,,,,,
4132,,Andaluza,spain,cl,,,,,,
4133,,Animosa,spain,cl,,,,,,
4134,,Antonio Ulloa,spain,cl,,,,,,
4135,,Aragon,spain,cl,,,,,,
4136,,Asturias,spain,cl,,,,,,
4137,,Berenguela,spain,cl,,,,,,
4138,,Blanca,spain,cl,,,,,,
4139,,Blas de Lezo,spain,cl,,,,,,
4140,,Blasco de Garay,spain,cl,,,,,,
4141,,Buenaventura,spain,cl,,,,,,
4142,,Caridad,spain,cl,,,,,,
4143,,Carmén,spain,cl,,,,,,
4144,,Castilla,spain,cl,,,,,,
4145,,Céres,spain,cl,,,,,,
4146,,Churruca,spain,cl,,,,,,
4147,,Circe,spain,cl,,,,,,
4148,,Clase Conde de Venadito,spain,cl,,,,,,
4149,,Colón,spain,cl,,,,,,
4150,,Concordia,spain,cl,,,,,,
4151,,Conde de Regla,spain,cl,,,,,,
4152,,Conde del Venadito,spain,cl,,,,,,
4153,,Congreso,spain,cl,,,,,,
4154,,Constancia,spain,cl,,,,,,
4155,,Consuelo,spain,cl,,,,,,
4156,,Covadonga,spain,cl,,,,,,
4157,,Cristobal Colon,spain,cl,,,,,,
4158,,Diana,spain,cl,,,,,,
4159,,Don Álvaro de Bazán,spain,cl,,,,,,
4160,,Don Antonio de Ulloa,spain,cl,,,,,,
4161,,Don Juan de Austria,spain,cl,,,,,,
4162,,Doña María de Molina,spain,cl,,,,,,
4163,,Edetana,spain,cl,,,,,,
4164,,Elcano,spain,cl,,,,,,
4165,,Extremadura,spain,cl,,,,,,
4166,,Favorita,spain,cl,,,,,,
4167,,Fernado el Católico,spain,cl,,,,,,
4168,,Ferrolano,spain,cl,,,,,,
4169,,Francisco de Asís,spain,cl,,,,,,
4170,,Gaditano,spain,cl,,,,,,
4171,,Galicia,spain,cl,,,,,,
4172,,General Lezo,spain,cl,,,,,,
4173,,General Liniers,spain,cl,,,,,,
4174,,Gerona,spain,cl,,,,,,
4175,,Gravina,spain,cl,,,,,,
4176,,Guadalquivir,spain,cl,,,,,,
4177,,Guadiana,spain,cl,,,,,,
4178,,Hernán Cortés,spain,cl,,,,,,
4179,,Huelva,spain,cl,,,,,,
4180,,Infanta Isabel,spain,cl,,,,,,
4181,,Isabel Francisca,spain,cl,,,,,,
4182,,Isabel II,spain,cl,,,,,,
4183,,Isabel la Católica,spain,cl,,,,,,
4184,,Isla de Luzón,spain,cl,,,,,,
4185,,Jorge Juan,spain,cl,,,,,,
4186,,Lealtad,spain,cl,,,,,,
4187,,León,spain,cl,,,,,,
4188,,Lepanto,spain,cl,,,,,,
4189,,Libertad,spain,cl,,,,,,
4190,,Ligera,spain,cl,,,,,,
4191,,Magallanes,spain,cl,,,,,,
4192,,Mendez Nuñez,spain,cl,,,,,,
4193,,Miguel de Cervantes,spain,cl,,,,,,
4194,,Narváez,spain,cl,,,,,,
4195,,Navarra,spain,cl,,,,,,
4196,,Navas de Tolosa,spain,cl,,,,,,
4197,,Neptuno,spain,cl,,,,,,
4198,,Pampero,spain,cl,,,,,,
4199,,Península,spain,cl,,,,,,
4200,,Petronila,spain,cl,,,,,,
4201,,Piles,spain,cl,,,,,,
4202,,Pizarro,spain,cl,,,,,,
4203,,Principe Alfonso,spain,cl,,,,,,
4204,,Prosperidad,spain,cl,,,,,,
4205,,Reina Cristina,spain,cl,,,,,,
4206,,Reina de Castilla,spain,cl,,,,,,
4207,,Reina Mercedes,spain,cl,,,,,,
4208,,Reina Regente,spain,cl,,,,,,
4209,,Resolución,spain,cl,,,,,,
4210,,Rio de la Plata,spain,cl,,,,,,
4211,,Santa Filomena,spain,cl,,,,,,
4212,,Santa Lucía,spain,cl,,,,,,
4213,,Santa Rosalía,spain,cl,,,,,,
4214,,Santa Teresa,spain,cl,,,,,,
4215,,Satélite,spain,cl,,,,,,
4216,,Sirena,spain,cl,,,,,,
4217,,Tornado,spain,cl,,,,,,
4218,,Triunfo,spain,cl,,,,,,
4219,,Valiente,spain,cl,,,,,,
4220,,Vasco Nuñes de Balboa,spain,cl,,,,,,
4221,,Velasco,spain,cl,,,,,,
4222,,Vencedora,spain,cl,,,,,,
4223,,Victoria de las Tunas,spain,cl,,,,,,
4224,,Vigilante,spain,cl,,,,,,
4225,,Villa de Madrid,spain,cl,,,,,,
4226,,Vulcano,spain,cl,,,,,,
4227,,Destructor,spain,dd,,,,,,
4228,,Furor,spain,dd,,,,,,
4229,,Pluton,spain,dd,,,,,,
4230,,Terror,spain,dd,,,,,,
4231,,Audaz,spain,dd,,,,,,
4232,,Osado,spain,dd,,,,,,
4233,,Proserpina,spain,dd,,,,,,
4234,,Bustamante,spain,dd,,,,,,
4235,,Villamil,spain,dd,,,,,,
4236,,Cadarso,spain,dd,,,,,,
4237,,Alsedo,spain,dd,,,,,,
4238,,Velasco,spain,dd,,,,,,
4239,,Lazaga,spain,dd,,,,,,
4240,,Churruca,spain,dd,,,,,,
4241,,Sanchez Barcáiztegui,spain,dd,,,,,,
4242,,José Luis Díez,spain,dd,,,,,,
4243,,Almirante Ferrándiz,spain,dd,,,,,,
4244,,Alcalá Galiano,spain,dd,,,,,,
4245,,Almirante Valdés,spain,dd,,,,,,
4246,,Almirante Antequera,spain,dd,,,,,,
4247,,Almirante Miranda,spain,dd,,,,,,
4248,,Ciscar,spain,dd,,,,,,
4249,,Escaño,spain,dd,,,,,,
4250,,Gravina,spain,dd,,,,,,
4251,,Jorge Juan,spain,dd,,,,,,
4252,,Ulloa,spain,dd,,,,,,
4253,,Liniers,spain,dd,,,,,,
4254,,Álava,spain,dd,,,,,,
4255,,Alessandro Poerio,spain,dd,,,,,,
4256,,Huesca,spain,dd,,,,,,
4257,,Teruel,spain,dd,,,,,,
4258,,Aquila,spain,dd,,,,,,
4259,,Mărăşti,spain,dd,,,,,,
4260,,Ceuta,spain,dd,,,,,,
4261,,Melilla,spain,dd,,,,,,
4262,,Meteoro,spain,dd,,,,,,
4263,,Rayo,spain,dd,,,,,,
4264,,Ariete,spain,dd,,,,,,
4265,,Temerario,spain,dd,,,,,,
4266,,Intrépido,spain,dd,,,,,,
4267,,Relámpago,spain,dd,,,,,,
4268,,Fletcher,spain,dd,,,,,,
4269,,Lepanto,spain,dd,,,,,,
4270,,Converse,spain,dd,,,,,,
4271,,Oquendo,spain,dd,,,,,,
4272,,Roger de Lauria,spain,dd,,,,,,
4273,,Marqués de la Ensenada,spain,dd,,,,,,
4274,,Gearing,spain,dd,,,,,,
4275,,Méndez Núñez,spain,dd,,,,,,
4276,,Lángara,spain,dd,,,,,,
4277,,Blas de Lezo,spain,dd,,,,,,
4278,,Pronta,spain,dd,,,,,,
4279,,Zaragoza,spain,dd,,,,,,
4280,,Viva,spain,dd,,,,,,
4281,,Ligera,spain,dd,,,,,,
4282,,Manatí,spain,dd,,,,,,
4283,,Diligente,spain,dd,,,,,,
4284,,Atrevida,spain,dd,,,,,,
4285,,Tarifa,spain,dd,,,,,,
4286,,Caridad,spain,dd,,,,,,
4287,,Lealtad,spain,dd,,,,,,
4288,,Lista,spain,dd,,,,,,
4289,,Otálora,spain,dd,,,,,,
4290,,Basco,spain,dd,,,,,,
4291,,Gardoqui,spain,dd,,,,,,
4292,,Urdaneta,spain,dd,,,,,,
4293,,Lince,spain,dd,,,,,,
4294,,Cóndor,spain,dd,,,,,,
4295,,Cuervo,spain,dd,,,,,,
4296,,Águila,spain,dd,,,,,,
4297,,Perla,spain,dd,,,,,,
4298,,Rubí,spain,dd,,,,,,
4299,,Diamante,spain,dd,,,,,,
4300,,Estrella,spain,dd,,,,,,
4301,,Flecha,spain,dd,,,,,,
4302,,Satélite,spain,dd,,,,,,
4303,,Vigía,spain,dd,,,,,,
4304,,Alerta,spain,dd,,,,,,
4305,,Ardilla,spain,dd,,,,,,
4306,,Cometa,spain,dd,,,,,,
4307,,Fradera,spain,dd,,,,,,
4308,,Gaviota,spain,dd,,,,,,
4309,,Golondrina,spain,dd,,,,,,
4310,,Almendares,spain,dd,,,,,,
4311,,Baracoa,spain,dd,,,,,,
4312,,Cauto,spain,dd,,,,,,
4313,,Guantánamo,spain,dd,,,,,,
4314,,Yumurí,spain,dd,,,,,,
4315,,Mayarí,spain,dd,,,,,,
4316,,Lanao,spain,dd,,,,,,
4317,,General Blanco,spain,dd,,,,,,
4318,,Corcuera,spain,dd,,,,,,
4319,,Almonte,spain,dd,,,,,,
4320,,Oceanía,spain,dd,,,,,,
4321,,Bidasoa,spain,dd,,,,,,
4322,,Nervión,spain,dd,,,,,,
4323,,Lérez,spain,dd,,,,,,
4324,,Tambre,spain,dd,,,,,,
4325,,Guadalete,spain,dd,,,,,,
4326,,Segura,spain,dd,,,,,,
4327,,Ter,spain,dd,,,,,,
4328,,Guadiaro,spain,dd,,,,,,
4329,,Tinto,spain,dd,,,,,,
4330,,Eume,spain,dd,,,,,,
4331,,Almanzora,spain,dd,,,,,,
4332,,Navia,spain,dd,,,,,,
4333,,Eo,spain,dd,,,,,,
4334,,Guadalhorce,spain,dd,,,,,,
4335,,Nalón,spain,dd,,,,,,
4336,,Llobregat,spain,dd,,,,,,
4337,,Júcar,spain,dd,,,,,,
4338,,Ulla,spain,dd,,,,,,
4339,,Miño,spain,dd,,,,,,
4340,,Ebro,spain,dd,,,,,,
4341,,Turia,spain,dd,,,,,,
4342,,Duero,spain,dd,,,,,,
4343,,Sil,spain,dd,,,,,,
4344,,Tajo,spain,dd,,,,,,
4345,,Genil,spain,dd,,,,,,
4346,,Odiel,spain,dd,,,,,,
4347,,Aggressive,spain,dd,,,,,,
4348,,Guadalmedina,spain,dd,,,,,,
4349,,Guadalquivir,spain,dd,,,,,,
4350,,Guadiana,spain,dd,,,,,,
4351,,Peral,spain,ss,,,,,,
4352,,Narciso Monturiol,spain,ss,,,,,,
4353,,Cosme García,spain,ss,,,,,,
4354,,General Mola,spain,ss,,,,,,
4355,,Foca,spain,ss,,,,,,
4356,,Tiburón,spain,ss,,,,,,
4357,,Balao,spain,ss,,,,,,
4358,,Tonina,spain,ss,,,,,,
4359,,Marsopa,spain,ss,,,,,,
4360,,Narval,spain,ss,,,,,,
4361,,Galerna,spain,ss,,,,,,
4362,,Siroco,spain,ss,,,,,,
4363,,Mistral,spain,ss,,,,,,
4364,,Tramontana,spain,ss,,,,,,
4365,,Temerario,spain,tb,,,,,,
4366,,Nueva España,spain,tb,,,,,,
4367,,Martín Alonso Pinzón,spain,tb,,,,,,
4368,,Galicia,spain,tb,,,,,,
4369,,Marqués de Molins,spain,tb,,,,,,
4370,,Vicente Yañez Pinzón,spain,tb,,,,,,
4371,,Filipinas,spain,tb,,,,,,
4372,,Cástor,spain,tb,,,,,,
4373,,Pólux,spain,tb,,,,,,
4374,,Rigel,spain,tb,,,,,,
4375,,Julian Ordoñez,spain,tb,,,,,,
4376,,Acevedo,spain,tb,,,,,,
4377,,Retamosa,spain,tb,,,,,,
4378,,Orión,spain,tb,,,,,,
4379,,Barceló,spain,tb,,,,,,
4380,,Habana,spain,tb,,,,,,
4381,,Azor,spain,tb,,,,,,
4382,,Halcón,spain,tb,,,,,,
4383,,Ariete,spain,tb,,,,,,
4384,,Rayo,spain,tb,,,,,,
4385,,Ejército,spain,tb,,,,,,
4386,,Badajoz,spain,tb,,,,,,
4387,,Falange,spain,tb,,,,,,
4388,,Oviedo,spain,tb,,,,,,
4389,,Requeté,spain,tb,,,,,,
4390,,Toledo,spain,tb,,,,,,
4391,,Sicilia,spain,tb,,,,,,
4392,,Nápoles,spain,tb,,,,,,
4393,,Cándido Pérez,spain,tb,,,,,,
4394,,Javier Quiroga,spain,tb,,,,,,
4395,,Delfín,spain,tb,,,,,,
4396,,Dorado,spain,tb,,,,,,
4397,,Gaviota,spain,tb,,,,,,
4398,,Castle,spain,tb,,,,,,
4399,,Kert,spain,tb,,,,,,
4400,,Lucus,spain,tb,,,,,,
4401,,Martin,spain,tb,,,,,,
4402,,Muluya,spain,tb,,,,,,
4403,,Ras,spain,tb,,,,,,
4404,,Targa,spain,tb,,,,,,
4405,,Arcíla,spain,tb,,,,,,
4406,,Xauen,spain,tb,,,,,,
4407,,Brisquard,spain,tb,,,,,,
4408,,Alcázar,spain,tb,,,,,,
4409,,Larache,spain,tb,,,,,,
4410,,Tetuán,spain,tb,,,,,,
4411,,Suboficiales,spain,tb,,,,,,
4412,,Condestable Zaragoza,spain,tb,,,,,,
4413,,Contramaestre Castelló,spain,tb,,,,,,
4414,,Maquinista Macias,spain,tb,,,,,,
4415,,Torpedista Hernández,spain,tb,,,,,,
4416,,Marinero Cante,spain,tb,,,,,,
4417,,Fogonero Bañobre,spain,tb,,,,,,
4418,,Marinero Jarana,spain,tb,,,,,,
4419,,Pegaso,spain,tb,,,,,,
4420,,Procyon,spain,tb,,,,,,
4421,,Cies,spain,tb,,,,,,
4422,,Salvora,spain,tb,,,,,,
4423,,Centinela,spain,tb,,,,,,
4424,,Serviola,spain,tb,,,,,,
4425,,Lazaga,spain,tb,,,,,,
4426,,Alsedo,spain,tb,,,,,,
4427,,Cadarso,spain,tb,,,,,,
4428,,Villaamil,spain,tb,,,,,,
4429,,Bonifaz,spain,tb,,,,,,
4430,,Recalde,spain,tb,,,,,,
4431,,Laya,spain,tb,,,,,,
4432,,Ordóñez,spain,tb,,,,,,
4433,,Candido Perez,spain,tb,,,,,,
4434,,Anaga,spain,tb,,,,,,
4435,,Marola,spain,tb,,,,,,
4436,,Mouro,spain,tb,,,,,,
4437,,Izaro,spain,tb,,,,,,
4438,,Deva,spain,tb,,,,,,
4439,,Bergantín,spain,tb,,,,,,
4440,,Grosa,spain,tb,,,,,,
4441,,Conejera,spain,tb,,,,,,
4442,,Dragonera,spain,tb,,,,,,
4443,,Espalmador,spain,tb,,,,,,
4444,,Alcanada,spain,tb,,,,,,
4445,,Cormorán,spain,tb,,,,,,
4446,,Chilreu,spain,tb,,,,,,
4447,,Marte,spain,tb,,,,,,
4448,,Neptuno,spain,tb,,,,,,
4449,,Júpiter,spain,tb,,,,,,
4450,,Vulcano,spain,tb,,,,,,
4451,,Eolo,spain,tb,,,,,,
4452,,Tritón,spain,tb,,,,,,
4453,,A,spain,ss,,,,,,
4454,,B,spain,ss,,,,,,
4455,,C,spain,ss,,,,,,
4456,,D,spain,ss,,,,,,
##,,,###,,,,,,,
4458,,Alabama,usa,bb,,,,,,
4459,,Arizona,usa,bb,,,,,,
4460,,Arkansas,usa,bb,,,,,,
4461,,Bainbridge,usa,bb,,,,,,
4462,,Belknap,usa,bb,,,,,,
4463,,California,usa,bb,,,,,,
4464,,Colorado,usa,bb,,,,,,
4465,,Connecticut,usa,bb,,,,,,
4466,,Delaware,usa,bb,,,,,,
4467,,Florida,usa,bb,,,,,,
4468,,Georgia,usa,bb,,,,,,
4469,,Idaho,usa,bb,,,,,,
4470,,Illinois,usa,bb,,,,,,
4471,,Indiana,usa,bb,,,,,,
4472,,Iowa,usa,bb,,,,,,
4473,,Kansas,usa,bb,,,,,,
4474,,Kearsarge,usa,bb,,,,,,
4475,,Kentucky,usa,bb,,,,,,
4476,,Long Beach,usa,bb,,,,,,
4477,,Louisiana,usa,bb,,,,,,
4478,,Maine,usa,bb,,,,,,
4479,,Maryland,usa,bb,,,,,,
4480,,Massachusetts,usa,bb,,,,,,
4481,,Michigan,usa,bb,,,,,,
4482,,Minnesota,usa,bb,,,,,,
4483,,Mississippi,usa,bb,,,,,,
4484,,Missouri,usa,bb,,,,,,
4485,,Montana,usa,bb,,,,,,
4486,,Nebraska,usa,bb,,,,,,
4487,,Nevada,usa,bb,,,,,,
4488,,New Hampshire,usa,bb,,,,,,
4489,,New Jersey,usa,bb,,,,,,
4490,,New Mexico,usa,bb,,,,,,
4491,,New York,usa,bb,,,,,,
4492,,North Carolina,usa,bb,,,,,,
4493,,North Dakota,usa,bb,,,,,,
4494,,Ohio,usa,bb,,,,,,
4495,,Oklahoma,usa,bb,,,,,,
4496,,Oregon,usa,bb,,,,,,
4497,,Pennsylvania,usa,bb,,,,,,
4498,,Rhode Island,usa,bb,,,,,,
4499,,South Carolina,usa,bb,,,,,,
4500,,South Dakota,usa,bb,,,,,,
4501,,Tennessee,usa,bb,,,,,,
4502,,Texas,usa,bb,,,,,,
4503,,Truxtun,usa,bb,,,,,,
4504,,Utah,usa,bb,,,,,,
4505,,Vermont,usa,bb,,,,,,
4506,,Virginia,usa,bb,,,,,,
4507,,Washington,usa,bb,,,,,,
4508,,West Virginia,usa,bb,,,,,,
4509,,Wisconsin,usa,bb,,,,,,
4510,,Wyoming,usa,bb,,,,,,
4511,,Alaska,usa,bc,,,,,,
4512,,America,usa,bc,,,,,,
4513,,Chesapeake,usa,bc,,,,,,
4514,,Chippewa,usa,bc,,,,,,
4515,,Alaska,usa,bc,,,,,,
4516,,Mariana Islands,usa,bc,,,,,,
4517,,Constellation,usa,bc,,,,,,
4518,,Constitution,usa,bc,,,,,,
4519,,Famous,usa,bc,,,,,,
4520,,Franklin,usa,bc,,,,,,
4521,,Guam,usa,bc,,,,,,
4522,,Hawaii,usa,bc,,,,,,
4523,,Virgin Islands,usa,bc,,,,,,
4524,,Independence,usa,bc,,,,,,
4525,,Legend,usa,bc,,,,,,
4526,,Lexington,usa,bc,,,,,,
4527,,President,usa,bc,,,,,,
4528,,Philippines,usa,bc,,,,,,
4529,,Puerto Rico,usa,bc,,,,,,
4530,,Ranger,usa,bc,,,,,,
4531,,Reliance,usa,bc,,,,,,
4532,,Samoa,usa,bc,,,,,,
4533,,Saratoga,usa,bc,,,,,,
4534,,Sentinel,usa,bc,,,,,,
4535,,United States,usa,bc,,,,,,
4536,,Rizal,usa,bc,,,,,,
4537,,Hornet,usa,bc,,,,,,
4538,,Congress,usa,bc,,,,,,
4539,,Allegheny,usa,bc,,,,,,
4540,,Alliance,usa,bc,,,,,,
4541,,Carondelet,usa,bc,,,,,,
4542,,Essex,usa,bc,,,,,,
4543,,Guerriere,usa,bc,,,,,,
4544,,Java,usa,bc,,,,,,
4545,,Brandywine,usa,bc,,,,,,
4546,,Columbia,usa,bc,,,,,,
4547,,Cumberland,usa,bc,,,,,,
4548,,Potomac,usa,bc,,,,,,
4549,,Raritan,usa,bc,,,,,,
4550,,Sabine,usa,bc,,,,,,
4551,,Santee,usa,bc,,,,,,
4552,,Savannah,usa,bc,,,,,,
4553,,St. Lawrence,usa,bc,,,,,,
4554,,St. Lawrence,usa,bc,,,,,,
4555,,Yorktown,usa,bc,,,,,,
4556,,Wasp,usa,bc,,,,,,
4557,,Intrepid,usa,bc,,,,,,
4558,,Ticonderoga,usa,bc,,,,,,
4559,,Bunker Hill,usa,bc,,,,,,
4560,,Bonhomme Richard,usa,bc,,,,,,
4561,,Albany,usa,ca,,,,,,
4562,,Baltimore,usa,ca,,,,,,
4563,,Boston,usa,ca,,,,,,
4564,,Bremerton,usa,ca,,,,,,
4565,,Bridgeport,usa,ca,,,,,,
4566,,Brooklyn,usa,ca,,,,,,
4567,,Cambridge,usa,ca,,,,,,
4568,,Canberra,usa,ca,,,,,,
4569,,Charleston,usa,ca,,,,,,
4570,,Charlotte,usa,ca,,,,,,
4571,,Chicago,usa,ca,,,,,,
4572,,Columbus,usa,ca,,,,,,
4573,,Dallas,usa,ca,,,,,,
4574,,Des Moines,usa,ca,,,,,,
4575,,Fall River,usa,ca,,,,,,
4576,,Frederick,usa,ca,,,,,,
4577,,Helena,usa,ca,,,,,,
4578,,Huntington,usa,ca,,,,,,
4579,,Huron,usa,ca,,,,,,
4580,,Los Angeles,usa,ca,,,,,,
4581,,Macon,usa,ca,,,,,,
4582,,St Charles,usa,ca,,,,,,
4583,,Minneapolis,usa,ca,,,,,,
4584,,Missoula,usa,ca,,,,,,
4585,,Norfolk,usa,ca,,,,,,
4586,,Northampton,usa,ca,,,,,,
4587,,Olympia,usa,ca,,,,,,
4588,,Oregon,usa,ca,,,,,,
4589,,Pittsburgh,usa,ca,,,,,,
4590,,Pueblo,usa,ca,,,,,,
4591,,Quincy,usa,ca,,,,,,
4592,,Rochester,usa,ca,,,,,,
4593,,Salem,usa,ca,,,,,,
4594,,San Diego,usa,ca,,,,,,
4595,,Saratoga,usa,ca,,,,,,
4596,,Scranton,usa,ca,,,,,,
4597,,Seattle,usa,ca,,,,,,
4598,,St. Louis,usa,ca,,,,,,
4599,,St. Paul,usa,ca,,,,,,
4600,,Toledo,usa,ca,,,,,,
4601,,Tulsa,usa,ca,,,,,,
4602,,Alexandria,usa,ca,,,,,,
4603,,Annapolis,usa,ca,,,,,,
4604,,Cairo,usa,ca,,,,,,
4605,,Chillicothe,usa,ca,,,,,,
4606,,Compton,usa,ca,,,,,,
4607,,Covington,usa,ca,,,,,,
4608,,Eastland,usa,ca,,,,,,
4609,,Eastport,usa,ca,,,,,,
4610,,Glasgow,usa,ca,,,,,,
4611,,Gloucester,usa,ca,,,,,,
4612,,Green Bay,usa,ca,,,,,,
4613,,Vesuvius,usa,ca,,,,,,
4614,,Pensacola ,usa,ca,,,,,,
4615,,Salt Lake City ,usa,ca,,,,,,
4616,,Chester,usa,ca,,,,,,
4617,,Louisville,usa,ca,,,,,,
4618,,Houston,usa,ca,,,,,,
4619,,Augusta,usa,ca,,,,,,
4620,,New Orleans,usa,ca,,,,,,
4621,,Portland,usa,ca,,,,,,
4622,,Astoria,usa,ca,,,,,,
4623,,Indianapolis,usa,ca,,,,,,
4624,,Tuscaloosa,usa,ca,,,,,,
4625,,San Francisco,usa,ca,,,,,,
4626,,Oregon City,usa,ca,,,,,,
4627,,Philadelphia,usa,ca,,,,,,
4628,,Nashville,usa,ca,,,,,,
4629,,Wichita,usa,ca,,,,,,
4630,,Kansas City,usa,ca,,,,,,
4631,,Worcester,usa,ca,,,,,,
4632,,Roanoke,usa,ca,,,,,,
4633,,Vallejo,usa,ca,,,,,,
4634,,Gary,usa,ca,,,,,,
4635,,Newport News,usa,ca,,,,,,
4636,,Long Beach,usa,ca,,,,,,
4637,,Prinz Eugen,usa,ca,,,,,,
4638,,Wright,usa,ca,,,,,,
4639,,Saipan,usa,ca,,,,,,
4640,,Maumelle,usa,ca,,,,,,
4641,,Hartford,usa,cl,,,,,,
4642,,Amsterdam,usa,cl,,,,,,
4643,,Anniston,usa,cl,,,,,,
4644,,Atlanta,usa,cl,,,,,,
4645,,Biloxi,usa,cl,,,,,,
4646,,Birmingham,usa,cl,,,,,,
4647,,Boise,usa,cl,,,,,,
4648,,Buffalo,usa,cl,,,,,,
4649,,Cabot,usa,cl,,,,,,
4650,,Chattanooga,usa,cl,,,,,,
4651,,Cheyenne,usa,cl,,,,,,
4652,,Cincinnati,usa,cl,,,,,,
4653,,Cleveland,usa,cl,,,,,,
4654,,Concord,usa,cl,,,,,,
4655,,Dayton,usa,cl,,,,,,
4656,,Denver,usa,cl,,,,,,
4657,,Detroit,usa,cl,,,,,,
4658,,Duluth,usa,cl,,,,,,
4659,,Fargo,usa,cl,,,,,,
4660,,Flint,usa,cl,,,,,,
4661,,Fresno,usa,cl,,,,,,
4662,,Galveston,usa,cl,,,,,,
4663,,Honolulu,usa,cl,,,,,,
4664,,Juneau,usa,cl,,,,,,
4665,,Little Rock,usa,cl,,,,,,
4666,,Manchester,usa,cl,,,,,,
4667,,Marblehead,usa,cl,,,,,,
4668,,Memphis,usa,cl,,,,,,
4669,,Miami,usa,cl,,,,,,
4670,,Milwaukee,usa,cl,,,,,,
4671,,Mobile,usa,cl,,,,,,
4672,,Monterey,usa,cl,,,,,,
4673,,Montgomery,usa,cl,,,,,,
4674,,Montpelier,usa,cl,,,,,,
4675,,New Haven,usa,cl,,,,,,
4676,,Newark,usa,cl,,,,,,
4677,,Oakland,usa,cl,,,,,,
4678,,Oklahoma,usa,cl,,,,,,
4679,,Omaha,usa,cl,,,,,,
4680,,Pasadena,usa,cl,,,,,,
4681,,Phoenix,usa,cl,,,,,,
4682,,Portsmouth,usa,cl,,,,,,
4683,,Princeton,usa,cl,,,,,,
4684,,Providence,usa,cl,,,,,,
4685,,Raleigh,usa,cl,,,,,,
4686,,Reno,usa,cl,,,,,,
4687,,Richmond,usa,cl,,,,,,
4688,,San Diego,usa,cl,,,,,,
4689,,San Juan,usa,cl,,,,,,
4690,,Santa Fe,usa,cl,,,,,,
4691,,Spokane,usa,cl,,,,,,
4692,,Springfield,usa,cl,,,,,,
4693,,Tacoma,usa,cl,,,,,,
4694,,Tallahassee,usa,cl,,,,,,
4695,,Topeka,usa,cl,,,,,,
4696,,Trenton,usa,cl,,,,,,
4697,,Tucson,usa,cl,,,,,,
4698,,Vicksburg,usa,cl,,,,,,
4699,,Wilkes-Barre,usa,cl,,,,,,
4700,,Wilmington,usa,cl,,,,,,
4701,,Youngstown,usa,cl,,,,,,
4702,,Norwood,usa,ca,,,,,,
4703,,Milford,usa,ca,,,,,,
4704,,Milford,usa,ca,,,,,,
4705,,Frankfurt,usa,ca,,,,,,
4706,,Erie,usa,ca,,,,,,
4707,,Vincennes ,usa,ca,,,,,,
4708,,Metamora,usa,ca,,,,,,
4709,,Vandegrift,usa,ca,,,,,,
4710,,Chosin,usa,ca,,,,,,
4711,,Valley Forge,usa,ca,,,,,,
4712,,Mobile Bay,usa,ca,,,,,,
4713,,Antietam,usa,ca,,,,,,
4714,,Leyte Gulf,usa,ca,,,,,,
4715,,San Jacinto,usa,ca,,,,,,
4716,,Lake Champlain,usa,ca,,,,,,
4717,,Philippine Sea,usa,ca,,,,,,
4718,,Normandy,usa,ca,,,,,,
4719,,Cowpens,usa,ca,,,,,,
4720,,Gettysburg,usa,ca,,,,,,
4721,,Aaron Ward,usa,dd,,,,,,
4722,,Aaron,usa,tb,,,,,,
4723,,Abbot,usa,dd,,,,,,
4724,,Abel P. Upshur,usa,dd,,,,,,
4725,,Abeona,usa,tb,,,,,,
4726,,Abner Read,usa,dd,,,,,,
4727,,Adams,usa,dd,,,,,,
4728,,Adela,usa,tb,,,,,,
4729,,Adolph Hugel,usa,tb,,,,,,
4730,,Advance,usa,tb,,,,,,
4731,,Agassiz,usa,tb,,,,,,
4732,,Agerholm,usa,dd,,,,,,
4733,,Albatross,usa,tb,,,,,,
4734,,Albay,usa,tb,,,,,,
4735,,Albert W. Grant,usa,dd,,,,,,
4736,,Alden,usa,dd,,,,,,
4737,,Alert,usa,tb,,,,,,
4738,,Alfred A. Cunningham,usa,dd,,,,,,
4739,,Alfred Robb,usa,tb,,,,,,
4740,,Allen M. Sumner,usa,dd,,,,,,
4741,,Allen,usa,dd,,,,,,
4742,,Amanda,usa,tb,,,,,,
4743,,Ambush,usa,tb,,,,,,
4744,,Ammen,usa,dd,,,,,,
4745,,Anacostia,usa,tb,,,,,,
4746,,Anderson,usa,dd,,,,,,
4747,,Anemone,usa,tb,,,,,,
4748,,Annie,usa,tb,,,,,,
4749,,Antelope,usa,tb,,,,,,
4750,,Anthony,usa,dd,,,,,,
4751,,Antona,usa,tb,,,,,,
4752,,Argosy,usa,tb,,,,,,
4753,,Ariel,usa,tb,,,,,,
4754,,Aries,usa,tb,,,,,,
4755,,Arleigh Burke,usa,dd,,,,,,
4756,,Arletta,usa,tb,,,,,,
4757,,Arnold J. Isbell,usa,dd,,,,,,
4758,,Arthur W. Radford,usa,dd,,,,,,
4759,,Arthur,usa,tb,,,,,,
4760,,Asheville,usa,tb,,,,,,
4761,,Aster,usa,tb,,,,,,
4762,,Aulick,usa,dd,,,,,,
4763,,Ault,usa,dd,,,,,,
4764,,Avenger,usa,tb,,,,,,
4765,,Aylwin,usa,dd,,,,,,
4766,,Azalea,usa,tb,,,,,,
4767,,Babbitt,usa,dd,,,,,,
4768,,Bache,usa,dd,,,,,,
4769,,Badger,usa,dd,,,,,,
4770,,Bagley,usa,dd,,,,,,
4771,,Bailey,usa,dd,,,,,,
4772,,Bainbridge,usa,dd,,,,,,
4773,,Balch,usa,dd,,,,,,
4774,,Baldwin,usa,dd,,,,,,
4775,,Ballard,usa,dd,,,,,,
4776,,Bancroft,usa,dd,,,,,,
4777,,Banshee,usa,tb,,,,,,
4778,,Barataria,usa,tb,,,,,,
4779,,Barker,usa,dd,,,,,,
4780,,Barney,usa,dd,,,,,,
4781,,Barry,usa,dd,,,,,,
4782,,Barton,usa,dd,,,,,,
4783,,Basilone,usa,dd,,,,,,
4784,,Bat,usa,tb,,,,,,
4785,,Bausell,usa,dd,,,,,,
4786,,Beale,usa,dd,,,,,,
4787,,Bearss,usa,dd,,,,,,
4788,,Beatty,usa,dd,,,,,,
4789,,Belknap,usa,dd,,,,,,
4790,,Bell,usa,dd,,,,,,
4791,,Belle Italia,usa,tb,,,,,,
4792,,Benfold,usa,dd,,,,,,
4793,,Benham,usa,dd,,,,,,
4794,,Benjamin Stoddert,usa,dd,,,,,,
4795,,Benner,usa,dd,,,,,,
4796,,Bennett,usa,dd,,,,,,
4797,,Bennion,usa,dd,,,,,,
4798,,Benson,usa,dd,,,,,,
4799,,Benton,usa,tb,,,,,,
4800,,Berkeley,usa,dd,,,,,,
4801,,Bernadou,usa,dd,,,,,,
4802,,Biddle,usa,dd,,,,,,
4803,,Bienville,usa,tb,,,,,,
4804,,Bigelow,usa,dd,,,,,,
4805,,Billingsley,usa,dd,,,,,,
4806,,Black Hawk,usa,tb,,,,,,
4807,,Black,usa,dd,,,,,,
4808,,Blakeley,usa,dd,,,,,,
4809,,Blakely,usa,tb,,,,,,
4810,,Blandy,usa,dd,,,,,,
4811,,Bloomer,usa,tb,,,,,,
4812,,Blue,usa,dd,,,,,,
4813,,Boggs,usa,dd,,,,,,
4814,,Bordelon,usa,dd,,,,,,
4815,,Borie,usa,dd,,,,,,
4816,,Boyd,usa,dd,,,,,,
4817,,Boyle,usa,dd,,,,,,
4818,,Bradford,usa,dd,,,,,,
4819,,Braine,usa,dd,,,,,,
4820,,Branch,usa,dd,,,,,,
4821,,Braziliera,usa,tb,,,,,,
4822,,Breaker,usa,tb,,,,,,
4823,,Breck,usa,dd,,,,,,
4824,,Breckinridge,usa,dd,,,,,,
4825,,Breese,usa,dd,,,,,,
4826,,Brilliant,usa,tb,,,,,,
4827,,Brinkley Bass,usa,dd,,,,,,
4828,,Briscoe,usa,dd,,,,,,
4829,,Bristol,usa,dd,,,,,,
4830,,Britannia,usa,tb,,,,,,
4831,,Brooks,usa,dd,,,,,,
4832,,Broome,usa,dd,,,,,,
4833,,Brown,usa,dd,,,,,,
4834,,Brownson,usa,dd,,,,,,
4835,,Bruce,usa,dd,,,,,,
4836,,Brush,usa,dd,,,,,,
4837,,Bryant,usa,dd,,,,,,
4838,,Buchanan,usa,dd,,,,,,
4839,,Buck,usa,dd,,,,,,
4840,,Buckingham,usa,tb,,,,,,
4841,,Bulkeley,usa,dd,,,,,,
4842,,Bullard,usa,dd,,,,,,
4843,,Bulmer,usa,dd,,,,,,
4844,,Burns,usa,dd,,,,,,
4845,,Burrows,usa,dd,,,,,,
4846,,Bush,usa,dd,,,,,,
4847,,Butler,usa,dd,,,,,,
4848,,C. P. Williams,usa,tb,,,,,,
4849,,Cactus,usa,tb,,,,,,
4850,,Caldwell,usa,dd,,,,,,
4851,,Calhoun,usa,tb,,,,,,
4852,,Callaghan,usa,dd,,,,,,
4853,,Callao,usa,tb,,,,,,
4854,,Calypso,usa,tb,,,,,,
4855,,Camelia,usa,tb,,,,,,
4856,,Canandaigua,usa,tb,,,,,,
4857,,Caperton,usa,dd,,,,,,
4858,,Capps,usa,dd,,,,,,
4859,,Carmick,usa,dd,,,,,,
4860,,Carnation,usa,tb,,,,,,
4861,,Carney,usa,dd,,,,,,
4862,,Caron,usa,dd,,,,,,
4863,,Carpenter,usa,dd,,,,,,
4864,,Carrabasset,usa,tb,,,,,,
4865,,Case,usa,dd,,,,,,
4866,,Cassin Young,usa,dd,,,,,,
4867,,Cassin,usa,dd,,,,,,
4868,,Castine,usa,tb,,,,,,
4869,,Ceres,usa,tb,,,,,,
4870,,Chafee,usa,dd,,,,,,
4871,,Champion,usa,tb,,,,,,
4872,,Champlin,usa,dd,,,,,,
4873,,Chandler,usa,dd,,,,,,
4874,,Charles Ausburne,usa,dd,,,,,,
4875,,Charles F. Adams,usa,dd,,,,,,
4876,,Charles F. Hughes,usa,dd,,,,,,
4877,,Charles H. Roan,usa,dd,,,,,,
4878,,Charles J. Badger,usa,dd,,,,,,
4879,,Charles P. Cecil,usa,dd,,,,,,
4880,,Charles R. Ware,usa,dd,,,,,,
4881,,Charles S. Sperry,usa,dd,,,,,,
4882,,Charrette,usa,dd,,,,,,
4883,,Chase,usa,dd,,,,,,
4884,,Chauncey,usa,dd,,,,,,
4885,,Cherokee,usa,tb,,,,,,
4886,,Chevalier,usa,dd,,,,,,
4887,,Chew,usa,dd,,,,,,
4888,,Childs,usa,dd,,,,,,
4889,,Choctaw,usa,tb,,,,,,
4890,,Chung-Hoon,usa,dd,,,,,,
4891,,Cimarron,usa,tb,,,,,,
4892,,City,usa,tb,,,,,,
4893,,Clarence K. Bronson,usa,dd,,,,,,
4894,,Clark,usa,dd,,,,,,
4895,,Claxton,usa,dd,,,,,,
4896,,Clemson,usa,dd,,,,,,
4897,,Clifton,usa,tb,,,,,,
4898,,Clover,usa,tb,,,,,,
4899,,Clyde,usa,tb,,,,,,
4900,,Cochrane,usa,dd,,,,,,
4901,,Coghlan,usa,dd,,,,,,
4902,,Cogswell,usa,dd,,,,,,
4903,,Cohasset,usa,tb,,,,,,
4904,,Colahan,usa,dd,,,,,,
4905,,Cole,usa,dd,,,,,,
4906,,Colhoun,usa,dd,,,,,,
4907,,Collett,usa,dd,,,,,,
4908,,Collier,usa,tb,,,,,,
4909,,Colossus,usa,tb,,,,,,
4910,,Commodore,usa,tb,,,,,,
4911,,Comte de Grasse,usa,dd,,,,,,
4912,,Cone,usa,dd,,,,,,
4913,,Conemaugh,usa,tb,,,,,,
4914,,Conner,usa,dd,,,,,,
4915,,Conolly,usa,dd,,,,,,
4916,,Converse,usa,dd,,,,,,
4917,,Conway,usa,dd,,,,,,
4918,,Cony,usa,dd,,,,,,
4919,,Conyngham,usa,dd,,,,,,
4920,,Coontz,usa,dd,,,,,,
4921,,Cooper,usa,dd,,,,,,
4922,,Cornubia,usa,tb,,,,,,
4923,,Corry,usa,dd,,,,,,
4924,,Corwin,usa,tb,,,,,,
4925,,Corypheus,usa,tb,,,,,,
4926,,Cotten,usa,dd,,,,,,
4927,,Courier,usa,tb,,,,,,
4928,,Cowell,usa,dd,,,,,,
4929,,Cowie,usa,dd,,,,,,
4930,,Cowslip,usa,tb,,,,,,
4931,,Crane,usa,dd,,,,,,
4932,,Craven,usa,dd,,,,,,
4933,,Cricket,usa,tb,,,,,,
4934,,Crocus,usa,tb,,,,,,
4935,,Crosby,usa,dd,,,,,,
4936,,Crowninshield,usa,dd,,,,,,
4937,,Crusader,usa,tb,,,,,,
4938,,Cummings,usa,dd,,,,,,
4939,,Curlew,usa,tb,,,,,,
4940,,Currituck,usa,tb,,,,,,
4941,,Curtis Wilbur,usa,dd,,,,,,
4942,,Cushing,usa,dd,,,,,,
4943,,Cyclone,usa,tb,,,,,,
4944,,Cymophane,usa,tb,,,,,,
4945,,Dacotah,usa,tb,,,,,,
4946,,Dahlgren,usa,dd,,,,,,
4947,,Dale,usa,dd,,,,,,
4948,,Daly,usa,dd,,,,,,
4949,,Damato,usa,dd,,,,,,
4950,,Daniel Inouye,usa,dd,,,,,,
4951,,Dart,usa,tb,,,,,,
4952,,Dashiell,usa,dd,,,,,,
4953,,David R. Ray,usa,dd,,,,,,
4954,,David W. Taylor,usa,dd,,,,,,
4955,,Davis,usa,dd,,,,,,
4956,,Davison,usa,dd,,,,,,
4957,,De Haven,usa,dd,,,,,,
4958,,Decatur,usa,dd,,,,,,
4959,,Delaware,usa,tb,,,,,,
4960,,Delbert D. Black,usa,dd,,,,,,
4961,,DeLong,usa,dd,,,,,,
4962,,Delphy,usa,dd,,,,,,
4963,,Dennis J. Buckley,usa,dd,,,,,,
4964,,Dent,usa,dd,,,,,,
4965,,Dewey,usa,dd,,,,,,
4966,,Deyo,usa,dd,,,,,,
4967,,Diana,usa,tb,,,,,,
4968,,Dickerson,usa,dd,,,,,,
4969,,Dolphin,usa,tb,,,,,,
4970,,Donald Cook,usa,dd,,,,,,
4971,,Doran,usa,dd,,,,,,
4972,,Dorothea,usa,tb,,,,,,
4973,,Dorsey,usa,dd,,,,,,
4974,,Dortch,usa,dd,,,,,,
4975,,Douglas H. Fox,usa,dd,,,,,,
4976,,Douglas,usa,tb,,,,,,
4977,,Downes,usa,dd,,,,,,
4978,,Doyen,usa,dd,,,,,,
4979,,Doyle,usa,dd,,,,,,
4980,,Dragon,usa,tb,,,,,,
4981,,Drayton,usa,dd,,,,,,
4982,,Drexler,usa,dd,,,,,,
4983,,Du Pont,usa,dd,,,,,,
4984,,Duncan,usa,dd,,,,,,
4985,,Dunlap,usa,dd,,,,,,
4986,,Dyer,usa,dd,,,,,,
4987,,Dyess,usa,dd,,,,,,
4988,,Dyson,usa,dd,,,,,,
4989,,E. B. Hale,usa,tb,,,,,,
4990,,Eagle,usa,tb,,,,,,
4991,,Earle,usa,dd,,,,,,
4992,,Eaton,usa,dd,,,,,,
4993,,Eberle,usa,dd,,,,,,
4994,,Edison,usa,dd,,,,,,
4995,,Edsall,usa,dd,,,,,,
4996,,Edson,usa,dd,,,,,,
4997,,Edwards,usa,dd,,,,,,
4998,,Elcano,usa,tb,,,,,,
4999,,Elfin,usa,tb,,,,,,
5000,,Elk,usa,tb,,,,,,
5001,,Ella,usa,tb,,,,,,
5002,,Ellen,usa,tb,,,,,,
5003,,Ellet,usa,dd,,,,,,
5004,,Elliot,usa,dd,,,,,,
5005,,Ellis,usa,dd,,,,,,
5006,,Ellyson,usa,dd,,,,,,
5007,,Emma,usa,tb,,,,,,
5008,,Emmons,usa,dd,,,,,,
5009,,Endicott,usa,dd,,,,,,
5010,,England,usa,dd,,,,,,
5011,,English,usa,dd,,,,,,
5012,,Eolus,usa,tb,,,,,,
5013,,Epperson,usa,dd,,,,,,
5014,,Erben,usa,dd,,,,,,
5015,,Ericsson,usa,dd,,,,,,
5016,,Ernest G. Small,usa,dd,,,,,,
5017,,Estrella,usa,tb,,,,,,
5018,,Ethan Allen,usa,tb,,,,,,
5019,,Eugene A. Greene,usa,dd,,,,,,
5020,,Eureka,usa,cl,,,,,,
5021,,Evans,usa,dd,,,,,,
5022,,Everett F. Larson,usa,dd,,,,,,
5023,,Eversole,usa,dd,,,,,,
5024,,Exchange,usa,tb,,,,,,
5025,,Fairfax,usa,dd,,,,,,
5026,,Fairy,usa,tb,,,,,,
5027,,Falcon,usa,tb,,,,,,
5028,,Fanning,usa,dd,,,,,,
5029,,Farenholt,usa,dd,,,,,,
5030,,Farquhar,usa,dd,,,,,,
5031,,Farragut,usa,dd,,,,,,
5032,,Farragut,usa,tb,,,,,,
5033,,Fawn,usa,tb,,,,,,
5034,,Fechteler,usa,dd,,,,,,
5035,,Fern,usa,tb,,,,,,
5036,,Fernandina,usa,tb,,,,,,
5037,,Fife,usa,dd,,,,,,
5038,,Fiske,usa,dd,,,,,,
5039,,Fitch,usa,dd,,,,,,
5040,,Fitzgerald,usa,dd,,,,,,
5041,,Flag,usa,tb,,,,,,
5042,,Flagstaff,usa,tb,,,,,,
5043,,Flambeau,usa,tb,,,,,,
5044,,Fletcher,usa,dd,,,,,,
5045,,Floyd B. Parks,usa,dd,,,,,,
5046,,Flusser,usa,dd,,,,,,
5047,,Foote,usa,dd,,,,,,
5048,,Foote,usa,tb,,,,,,
5049,,Ford,usa,dd,,,,,,
5050,,Forest Rose,usa,tb,,,,,,
5051,,Forrest Royal,usa,dd,,,,,,
5052,,Forrest Sherman,usa,dd,,,,,,
5053,,Forrest,usa,dd,,,,,,
5054,,Fort Henry,usa,tb,,,,,,
5055,,Fort Hindman,usa,tb,,,,,,
5056,,Fort Morgan,usa,tb,,,,,,
5057,,Forward,usa,tb,,,,,,
5058,,Fox,usa,dd,,,,,,
5059,,Frank E. Evans,usa,dd,,,,,,
5060,,Frank Knox,usa,dd,,,,,,
5061,,Frankford,usa,dd,,,,,,
5062,,Franks,usa,dd,,,,,,
5063,,Frazier,usa,dd,,,,,,
5064,,Fred T. Berry,usa,dd,,,,,,
5065,,Fuchsia,usa,tb,,,,,,
5066,,Fullam,usa,dd,,,,,,
5067,,Fuller,usa,dd,,,,,,
5068,,Fulton,usa,tb,,,,,,
5069,,Furse,usa,dd,,,,,,
5070,,Gainard,usa,dd,,,,,,
5071,,Galatea,usa,tb,,,,,,
5072,,Gamage,usa,tb,,,,,,
5073,,Gamble,usa,dd,,,,,,
5074,,Gansevoort,usa,dd,,,,,,
5075,,Gatling,usa,dd,,,,,,
5076,,Gazelle,usa,tb,,,,,,
5077,,Gearing,usa,dd,,,,,,
5078,,Genesee,usa,tb,,,,,,
5079,,George E. Badger,usa,dd,,,,,,
5080,,George K. MacKenzie,usa,dd,,,,,,
5081,,Geranium,usa,tb,,,,,,
5082,,Gertrude,usa,tb,,,,,,
5083,,Gherardi,usa,dd,,,,,,
5084,,Gillespie,usa,dd,,,,,,
5085,,Gillis,usa,dd,,,,,,
5086,,Gilmer,usa,dd,,,,,,
5087,,Glaucus,usa,tb,,,,,,
5088,,Gleaves,usa,dd,,,,,,
5089,,Glennon,usa,dd,,,,,,
5090,,Glide,usa,tb,,,,,,
5091,,Goff,usa,dd,,,,,,
5092,,Goldsborough,usa,dd,,,,,,
5093,,Gonzalez,usa,dd,,,,,,
5094,,Goodrich,usa,dd,,,,,,
5095,,Graham,usa,dd,,,,,,
5096,,Grand Gulf,usa,tb,,,,,,
5097,,Granite,usa,tb,,,,,,
5098,,Gravely,usa,dd,,,,,,
5099,,Grayson,usa,dd,,,,,,
5100,,Greene,usa,dd,,,,,,
5101,,Greer,usa,dd,,,,,,
5102,,Gregory,usa,dd,,,,,,
5103,,Gridley,usa,dd,,,,,,
5104,,Grosbeak,usa,tb,,,,,,
5105,,Guest,usa,dd,,,,,,
5106,,Gurke,usa,dd,,,,,,
5107,,Gwin,usa,dd,,,,,,
5108,,Gwin,usa,tb,,,,,,
5109,,Gyatt,usa,dd,,,,,,
5110,,Haggard,usa,dd,,,,,,
5111,,Hailey,usa,dd,,,,,,
5112,,Hale,usa,dd,,,,,,
5113,,Hall,usa,dd,,,,,,
5114,,Halligan,usa,dd,,,,,,
5115,,Halsey Powell,usa,dd,,,,,,
5116,,Halsey,usa,dd,,,,,,
5117,,Hambleton,usa,dd,,,,,,
5118,,Hamilton,usa,dd,,,,,,
5119,,Hammann,usa,dd,,,,,,
5120,,Hamner,usa,dd,,,,,,
5121,,Hank,usa,dd,,,,,,
5122,,Hanson,usa,dd,,,,,,
5123,,Haraden,usa,dd,,,,,,
5124,,Harcourt,usa,tb,,,,,,
5125,,Harding,usa,dd,,,,,,
5126,,Harlan R. Dickson,usa,dd,,,,,,
5127,,Harold J. Ellison,usa,dd,,,,,,
5128,,Harrison,usa,dd,,,,,,
5129,,Harry E. Hubbard,usa,dd,,,,,,
5130,,Harry E. Yarnell,usa,dd,,,,,,
5131,,Harry F. Bauer,usa,dd,,,,,,
5132,,Harry W. Hill,usa,dd,,,,,,
5133,,Hart,usa,dd,,,,,,
5134,,Harvest Moon,usa,tb,,,,,,
5135,,Harwood,usa,dd,,,,,,
5136,,Hastings,usa,tb,,,,,,
5137,,Hatfield,usa,dd,,,,,,
5138,,Hatteras,usa,tb,,,,,,
5139,,Hawkins,usa,dd,,,,,,
5140,,Hayler,usa,dd,,,,,,
5141,,Haynsworth,usa,dd,,,,,,
5142,,Hazelwood,usa,dd,,,,,,
5143,,Healy,usa,dd,,,,,,
5144,,Heermann,usa,dd,,,,,,
5145,,Heliotrope,usa,tb,,,,,,
5146,,Helm,usa,dd,,,,,,
5147,,Henderson,usa,dd,,,,,,
5148,,Henley,usa,dd,,,,,,
5149,,Henry A. Wiley,usa,dd,,,,,,
5150,,Henry B. Wilson,usa,dd,,,,,,
5151,,Henry W. Tucker,usa,dd,,,,,,
5152,,Henshaw,usa,dd,,,,,,
5153,,Herbert J. Thomas,usa,dd,,,,,,
5154,,Herbert,usa,dd,,,,,,
5155,,Herndon,usa,dd,,,,,,
5156,,Hetzel,usa,tb,,,,,,
5157,,Hewitt,usa,dd,,,,,,
5158,,Heywood L. Edwards,usa,dd,,,,,,
5159,,Hibiscus,usa,tb,,,,,,
5160,,Hickox,usa,dd,,,,,,
5161,,Higbee,usa,dd,,,,,,
5162,,Higgins,usa,dd,,,,,,
5163,,Hilary P. Jones,usa,dd,,,,,,
5164,,Hilo,usa,tb,,,,,,
5165,,Hobby,usa,dd,,,,,,
5166,,Hobson,usa,dd,,,,,,
5167,,Hoel,usa,dd,,,,,,
5168,,Hogan,usa,dd,,,,,,
5169,,Holder,usa,dd,,,,,,
5170,,Hollister,usa,dd,,,,,,
5171,,Home,usa,tb,,,,,,
5172,,Honduras,usa,tb,,,,,,
5173,,Honeysuckle,usa,tb,,,,,,
5174,,Hope,usa,tb,,,,,,
5175,,Hopewell,usa,dd,,,,,,
5176,,Hopkins,usa,dd,,,,,,
5177,,Hopper,usa,dd,,,,,,
5178,,Horne,usa,dd,,,,,,
5179,,Hovey,usa,dd,,,,,,
5180,,Howard,usa,dd,,,,,,
5181,,Howorth,usa,dd,,,,,,
5182,,Howquah,usa,tb,,,,,,
5183,,Hudson,usa,dd,,,,,,
5184,,Hugh Purvis,usa,dd,,,,,,
5185,,Hugh W. Hadley,usa,dd,,,,,,
5186,,Hughes,usa,dd,,,,,,
5187,,Hulbert,usa,dd,,,,,,
5188,,Hull,usa,dd,,,,,,
5189,,Humphreys,usa,dd,,,,,,
5190,,Hunchback,usa,tb,,,,,,
5191,,Hunt,usa,dd,,,,,,
5192,,Huntress,usa,tb,,,,,,
5193,,Hutchins,usa,dd,,,,,,
5194,,Hyman,usa,dd,,,,,,
5195,,Ingersoll,usa,dd,,,,,,
5196,,Ingraham,usa,dd,,,,,,
5197,,Irwin,usa,dd,,,,,,
5198,,Isherwood,usa,dd,,,,,,
5199,,Island,usa,tb,,,,,,
5200,,Israel,usa,dd,,,,,,
5201,,Izard,usa,dd,,,,,,
5202,,J. Fred Talbott,usa,dd,,,,,,
5203,,J. William Ditter,usa,dd,,,,,,
5204,,Jacob Jones,usa,dd,,,,,,
5205,,James C. Owens,usa,dd,,,,,,
5206,,James E. Kyes,usa,dd,,,,,,
5207,,James E. Williams,usa,dd,,,,,,
5208,,James K. Paulding,usa,dd,,,,,,
5209,,Jarvis,usa,dd,,,,,,
5210,,Jeffers,usa,dd,,,,,,
5211,,Jenkins,usa,dd,,,,,,
5212,,John A. Bole,usa,dd,,,,,,
5213,,John Basilone,usa,dd,,,,,,
5214,,John D. Edwards,usa,dd,,,,,,
5215,,John D. Henley,usa,dd,,,,,,
5216,,John Francis Burnes,usa,dd,,,,,,
5217,,John Hancock,usa,dd,,,,,,
5218,,John Hood,usa,dd,,,,,,
5219,,John King,usa,dd,,,,,,
5220,,John Paul Jones,usa,dd,,,,,,
5221,,John R. Craig,usa,dd,,,,,,
5222,,John R. Pierce,usa,dd,,,,,,
5223,,John Rodgers,usa,dd,,,,,,
5224,,John S. McCain,usa,dd,,,,,,
5225,,John W. Thomason,usa,dd,,,,,,
5226,,John W. Weeks,usa,dd,,,,,,
5227,,John Young,usa,dd,,,,,,
5228,,Johnston,usa,dd,,,,,,
5229,,Jonas Ingram,usa,dd,,,,,,
5230,,Joseph P. Kennedy Jr.,usa,dd,,,,,,
5231,,Joseph Strauss,usa,dd,,,,,,
5232,,Josephus Daniels,usa,dd,,,,,,
5233,,Jouett,usa,dd,,,,,,
5234,,Kalk,usa,dd,,,,,,
5235,,Kane,usa,dd,,,,,,
5236,,Kearny,usa,dd,,,,,,
5237,,Kendrick,usa,dd,,,,,,
5238,,Kennedy,usa,dd,,,,,,
5239,,Kenneth D. Bailey,usa,dd,,,,,,
5240,,Kennison,usa,dd,,,,,,
5241,,Keppler,usa,dd,,,,,,
5242,,Kidd,usa,dd,,,,,,
5243,,Kidder,usa,dd,,,,,,
5244,,Killen,usa,dd,,,,,,
5245,,Kilty,usa,dd,,,,,,
5246,,Kimberly,usa,dd,,,,,,
5247,,King,usa,dd,,,,,,
5248,,Kinkaid,usa,dd,,,,,,
5249,,Knapp,usa,dd,,,,,,
5250,,Knight,usa,dd,,,,,,
5251,,La Vallette,usa,dd,,,,,,
5252,,Laboon,usa,dd,,,,,,
5253,,Laffey,usa,dd,,,,,,
5254,,Lamberton,usa,dd,,,,,,
5255,,Lamson,usa,dd,,,,,,
5256,,Lang,usa,dd,,,,,,
5257,,Lansdale,usa,dd,,,,,,
5258,,Lansdowne,usa,dd,,,,,,
5259,,Lardner,usa,dd,,,,,,
5260,,Lassen,usa,dd,,,,,,
5261,,Laub,usa,dd,,,,,,
5262,,Lawrence,usa,dd,,,,,,
5263,,Laws,usa,dd,,,,,,
5264,,Lea,usa,dd,,,,,,
5265,,Leahy,usa,dd,,,,,,
5266,,Leary,usa,dd,,,,,,
5267,,Leftwich,usa,dd,,,,,,
5268,,Lenah H. Sutcliffe Higbee,usa,dd,,,,,,
5269,,Leonard F. Mason,usa,dd,,,,,,
5270,,Leutze,usa,dd,,,,,,
5271,,Lewis Hancock,usa,dd,,,,,,
5272,,Lindsey,usa,dd,,,,,,
5273,,Litchfield,usa,dd,,,,,,
5274,,Little,usa,dd,,,,,,
5275,,Livermore,usa,dd,,,,,,
5276,,Lloyd Thomas,usa,dd,,,,,,
5277,,Lofberg,usa,dd,,,,,,
5278,,Long,usa,dd,,,,,,
5279,,Longshaw,usa,dd,,,,,,
5280,,Lowry,usa,dd,,,,,,
5281,,Luce,usa,dd,,,,,,
5282,,Ludlow,usa,dd,,,,,,
5283,,Lyman K. Swenson,usa,dd,,,,,,
5284,,Lynde McCormick,usa,dd,,,,,,
5285,,Macdonough,usa,dd,,,,,,
5286,,MacKenzie,usa,dd,,,,,,
5287,,MacKenzie,usa,tb,,,,,,
5288,,MacLeish,usa,dd,,,,,,
5289,,Macomb,usa,dd,,,,,,
5290,,Maddox,usa,dd,,,,,,
5291,,Madison,usa,dd,,,,,,
5292,,Mahan,usa,dd,,,,,,
5293,,Manley,usa,dd,,,,,,
5294,,Manley,usa,tb,,,,,,
5295,,Mannert L. Abele,usa,dd,,,,,,
5296,,Mansfield,usa,dd,,,,,,
5297,,Marcus,usa,dd,,,,,,
5298,,Marshall,usa,dd,,,,,,
5299,,Mason,usa,dd,,,,,,
5300,,Massey,usa,dd,,,,,,
5301,,Maury,usa,dd,,,,,,
5302,,Mayo,usa,dd,,,,,,
5303,,Mayrant,usa,dd,,,,,,
5304,,McCaffery,usa,dd,,,,,,
5305,,McCall,usa,dd,,,,,,
5306,,McCalla,usa,dd,,,,,,
5307,,McCampbell,usa,dd,,,,,,
5308,,McCawley,usa,dd,,,,,,
5309,,McCook,usa,dd,,,,,,
5310,,McCord,usa,dd,,,,,,
5311,,McCormick,usa,dd,,,,,,
5312,,McDermut,usa,dd,,,,,,
5313,,McDougal,usa,dd,,,,,,
5314,,McFarland,usa,dd,,,,,,
5315,,McFaul,usa,dd,,,,,,
5316,,McGowan,usa,dd,,,,,,
5317,,McKean,usa,dd,,,,,,
5318,,McKee,usa,dd,,,,,,
5319,,McLanahan,usa,dd,,,,,,
5320,,McNair,usa,dd,,,,,,
5321,,Meade,usa,dd,,,,,,
5322,,Melvin,usa,dd,,,,,,
5323,,Meredith,usa,dd,,,,,,
5324,,Merrill,usa,dd,,,,,,
5325,,Mertz,usa,dd,,,,,,
5326,,Mervine,usa,dd,,,,,,
5327,,Metcalf,usa,dd,,,,,,
5328,,Meyer,usa,dd,,,,,,
5329,,Milius,usa,dd,,,,,,
5330,,Miller,usa,dd,,,,,,
5331,,Mitscher,usa,dd,,,,,,
5332,,Moale,usa,dd,,,,,,
5333,,Moffett,usa,dd,,,,,,
5334,,Momsen,usa,dd,,,,,,
5335,,Monaghan,usa,dd,,,,,,
5336,,Monssen,usa,dd,,,,,,
5337,,Moody,usa,dd,,,,,,
5338,,Moosbrugger,usa,dd,,,,,,
5339,,Morris,usa,dd,,,,,,
5340,,Morrison,usa,dd,,,,,,
5341,,Morton,usa,dd,,,,,,
5342,,Mugford,usa,dd,,,,,,
5343,,Mullany,usa,dd,,,,,,
5344,,Harper,usa,dd,,,,,,
5345,,Baker,usa,dd,,,,,,
5346,,Mullinnix,usa,dd,,,,,,
5347,,Murphy,usa,dd,,,,,,
5348,,Murray,usa,dd,,,,,,
5349,,Mustin,usa,dd,,,,,,
5350,,Myles C. Fox,usa,dd,,,,,,
5351,,Nelson,usa,dd,,,,,,
5352,,New,usa,dd,,,,,,
5353,,Newcomb,usa,dd,,,,,,
5354,,Newman K. Perry,usa,dd,,,,,,
5355,,Niblack,usa,dd,,,,,,
5356,,Nicholas,usa,dd,,,,,,
5357,,Nicholson,usa,dd,,,,,,
5358,,Nields,usa,dd,,,,,,
5359,,Nitze,usa,dd,,,,,,
5360,,Noa,usa,dd,,,,,,
5361,,Norman Scott,usa,dd,,,,,,
5362,,Norris,usa,dd,,,,,,
5363,,O'Bannon,usa,dd,,,,,,
5364,,O'Brien,usa,dd,,,,,,
5365,,O'Hare,usa,dd,,,,,,
5366,,O'Kane,usa,dd,,,,,,
5367,,Oldendorf,usa,dd,,,,,,
5368,,Ordronaux,usa,dd,,,,,,
5369,,Orleck,usa,dd,,,,,,
5370,,Osborne,usa,dd,,,,,,
5371,,Oscar Austin,usa,dd,,,,,,
5372,,Osmond Ingram,usa,dd,,,,,,
5373,,Overton,usa,dd,,,,,,
5374,,Owen,usa,dd,,,,,,
5375,,Ozbourn,usa,dd,,,,,,
5376,,Palmer,usa,dd,,,,,,
5377,,Parker,usa,dd,,,,,,
5378,,Parrott,usa,dd,,,,,,
5379,,Parsons,usa,dd,,,,,,
5380,,Patterson,usa,dd,,,,,,
5381,,Paul F. Foster,usa,dd,,,,,,
5382,,Paul Hamilton,usa,dd,,,,,,
5383,,Paul Ignatius,usa,dd,,,,,,
5384,,Paul Jones,usa,dd,,,,,,
5385,,Paulding,usa,dd,,,,,,
5386,,Peary,usa,dd,,,,,,
5387,,Percival,usa,dd,,,,,,
5388,,Perkins,usa,dd,,,,,,
5389,,Perry,usa,dd,,,,,,
5390,,Peterson,usa,dd,,,,,,
5391,,Phelps,usa,dd,,,,,,
5392,,Philip,usa,dd,,,,,,
5393,,Picking,usa,dd,,,,,,
5394,,Pillsbury,usa,dd,,,,,,
5395,,Pinckney,usa,dd,,,,,,
5396,,Plunkett,usa,dd,,,,,,
5397,,Polar,usa,tb,,,,,,
5398,,Pope,usa,dd,,,,,,
5399,,Porter,usa,dd,,,,,,
5400,,Porterfield,usa,dd,,,,,,
5401,,Power,usa,dd,,,,,,
5402,,Preble,usa,dd,,,,,,
5403,,Preston,usa,dd,,,,,,
5404,,Prichett,usa,dd,,,,,,
5405,,Pringle,usa,dd,,,,,,
5406,,Pruitt,usa,dd,,,,,,
5407,,Purdy,usa,dd,,,,,,
5408,,Putnam,usa,dd,,,,,,
5409,,Quick,usa,dd,,,,,,
5410,,Radford,usa,dd,,,,,,
5411,,Ralph Talbot,usa,dd,,,,,,
5412,,Ramage,usa,dd,,,,,,
5413,,Ramsay,usa,dd,,,,,,
5414,,Rathburne,usa,dd,,,,,,
5415,,Reeves,usa,dd,,,,,,
5416,,Reid,usa,dd,,,,,,
5417,,Remey,usa,dd,,,,,,
5418,,Renshaw,usa,dd,,,,,,
5419,,Reuben James,usa,dd,,,,,,
5420,,Rhind,usa,dd,,,,,,
5421,,Rich,usa,dd,,,,,,
5422,,Richard B. Anderson,usa,dd,,,,,,
5423,,Richard E. Byrd,usa,dd,,,,,,
5424,,Richard E. Kraus,usa,dd,,,,,,
5425,,Richard P. Leary,usa,dd,,,,,,
5426,,Richard S. Edwards,usa,dd,,,,,,
5427,,Richmond K. Turner,usa,dd,,,,,,
5428,,Rickets,usa,dd,,,,,,
5429,,Ringgold,usa,dd,,,,,,
5430,,Robert A. Owens,usa,dd,,,,,,
5431,,Robert H. McCard,usa,dd,,,,,,
5432,,Robert H. Smith,usa,dd,,,,,,
5433,,Robert K. Huntington,usa,dd,,,,,,
5434,,Robert L. Wilson,usa,dd,,,,,,
5435,,Robert Smith,usa,dd,,,,,,
5436,,Robinson,usa,dd,,,,,,
5437,,Rodgers,usa,dd,,,,,,
5438,,Rodman,usa,dd,,,,,,
5439,,Roe,usa,dd,,,,,,
5440,,Rogers,usa,dd,,,,,,
5441,,Rooks,usa,dd,,,,,,
5442,,Roosevelt,usa,dd,,,,,,
5443,,Roper,usa,dd,,,,,,
5444,,Ross,usa,dd,,,,,,
5445,,Rowan,usa,dd,,,,,,
5446,,Rowe,usa,dd,,,,,,
5447,,Rupertus,usa,dd,,,,,,
5448,,Russell,usa,dd,,,,,,
5449,,S P Lee,usa,dd,,,,,,
5450,,Sampson,usa,dd,,,,,,
5451,,Samuel B. Roberts,usa,dd,,,,,,
5452,,Samuel N. Moore,usa,dd,,,,,,
5453,,Sands,usa,dd,,,,,,
5454,,Sarsfield,usa,dd,,,,,,
5455,,Satterlee,usa,dd,,,,,,
5456,,Saufley,usa,dd,,,,,,
5457,,Schenck,usa,dd,,,,,,
5458,,Schley,usa,dd,,,,,,
5459,,Schroeder,usa,dd,,,,,,
5460,,Scott,usa,dd,,,,,,
5461,,Seaman,usa,dd,,,,,,
5462,,Selfridge,usa,dd,,,,,,
5463,,Sellers,usa,dd,,,,,,
5464,,Semmes,usa,dd,,,,,,
5465,,Seymour D. Owens,usa,dd,,,,,,
5466,,Shah Jehan,usa,dd,,,,,,
5467,,Shannon,usa,dd,,,,,,
5468,,Sharkey,usa,dd,,,,,,
5469,,Shaw,usa,dd,,,,,,
5470,,Shea,usa,dd,,,,,,
5471,,Shelton,usa,dd,,,,,,
5472,,Shields,usa,dd,,,,,,
5473,,Shirk,usa,dd,,,,,,
5474,,Shoup,usa,dd,,,,,,
5475,,Shubrick,usa,dd,,,,,,
5476,,Shubrick,usa,tb,,,,,,
5477,,Sicard,usa,dd,,,,,,
5478,,Sigourney,usa,dd,,,,,,
5479,,Sigsbee,usa,dd,,,,,,
5480,,Simpson,usa,dd,,,,,,
5481,,Sims,usa,dd,,,,,,
5482,,Sinclair,usa,dd,,,,,,
5483,,Sloat,usa,dd,,,,,,
5484,,Smalley,usa,dd,,,,,,
5485,,Smith Thompson,usa,dd,,,,,,
5486,,Smith,usa,dd,,,,,,
5487,,Soley,usa,dd,,,,,,
5488,,Somers,usa,dd,,,,,,
5489,,South Carolina,usa,dd,,,,,,
5490,,Southard,usa,dd,,,,,,
5491,,Southerland,usa,dd,,,,,,
5492,,Spence,usa,dd,,,,,,
5493,,Sproston,usa,dd,,,,,,
5494,,Spruance,usa,dd,,,,,,
5495,,Stack,usa,dd,,,,,,
5496,,Stanly,usa,dd,,,,,,
5497,,Stansbury,usa,dd,,,,,,
5498,,Steinaker,usa,dd,,,,,,
5499,,Stembel,usa,dd,,,,,,
5500,,Stephen Potter,usa,dd,,,,,,
5501,,Sterett,usa,dd,,,,,,
5502,,Stethem,usa,dd,,,,,,
5503,,Stevens,usa,dd,,,,,,
5504,,Stevenson,usa,dd,,,,,,
5505,,Stewart,usa,dd,,,,,,
5506,,Stickell,usa,dd,,,,,,
5507,,Stockdale,usa,dd,,,,,,
5508,,Stockham,usa,dd,,,,,,
5509,,Stockton,usa,dd,,,,,,
5510,,Stoddard,usa,dd,,,,,,
5511,,Stoddert,usa,dd,,,,,,
5512,,Stormes,usa,dd,,,,,,
5513,,Stout,usa,dd,,,,,,
5514,,Stribling,usa,dd,,,,,,
5515,,Stringham,usa,dd,,,,,,
5516,,Strong,usa,dd,,,,,,
5517,,Stump,usa,dd,,,,,,
5518,,Sturtevant,usa,dd,,,,,,
5519,,Sumner,usa,dd,,,,,,
5520,,Swanson,usa,dd,,,,,,
5521,,Swasey,usa,dd,,,,,,
5522,,Talbot,usa,dd,,,,,,
5523,,Tarbell,usa,dd,,,,,,
5524,,Tattnall,usa,dd,,,,,,
5525,,Taussig,usa,dd,,,,,,
5526,,Taylor,usa,dd,,,,,,
5527,,Terry,usa,dd,,,,,,
5528,,Teruzuki,usa,dd,,,,,,
5529,,Thatcher,usa,dd,,,,,,
5530,,The Sullivans,usa,dd,,,,,,
5531,,Theodore E Chandler,usa,dd,,,,,,
5532,,Thomas E Fraser,usa,dd,,,,,,
5533,,Thomas,usa,dd,,,,,,
5534,,Thompson,usa,dd,,,,,,
5535,,Thorn,usa,dd,,,,,,
5536,,Thornton,usa,dd,,,,,,
5537,,Tillman,usa,dd,,,,,,
5538,,Timmerman,usa,dd,,,,,,
5539,,Tingey,usa,dd,,,,,,
5540,,Tolman,usa,dd,,,,,,
5541,,Toucey,usa,dd,,,,,,
5542,,Towers,usa,dd,,,,,,
5543,,Tracy,usa,dd,,,,,,
5544,,Trathen,usa,dd,,,,,,
5545,,Trever,usa,dd,,,,,,
5546,,Trippe,usa,dd,,,,,,
5547,,Truxtun,usa,dd,,,,,,
5548,,Tucker,usa,dd,,,,,,
5549,,Turner Joy,usa,dd,,,,,,
5550,,Turner,usa,dd,,,,,,
5551,,Twiggs,usa,dd,,,,,,
5552,,Twining,usa,dd,,,,,,
5553,,Uhlmann,usa,dd,,,,,,
5554,,Upshur,usa,dd,,,,,,
5555,,Van Valkenburgh,usa,dd,,,,,,
5556,,Vesole,usa,dd,,,,,,
5557,,Vogelgesang,usa,dd,,,,,,
5558,,Waddell,usa,dd,,,,,,
5559,,Wadleigh,usa,dd,,,,,,
5560,,Wadsworth,usa,dd,,,,,,
5561,,Wainwright,usa,dd,,,,,,
5562,,Waldron,usa,dd,,,,,,
5563,,Walke,usa,dd,,,,,,
5564,,Walker,usa,dd,,,,,,
5565,,Wallace L. Lind,usa,dd,,,,,,
5566,,Waller,usa,dd,,,,,,
5567,,Ward,usa,dd,,,,,,
5568,,Warrington,usa,dd,,,,,,
5569,,Wasmuth,usa,dd,,,,,,
5570,,Waters,usa,dd,,,,,,
5571,,Watts,usa,dd,,,,,,
5572,,Wayne E. Meyer,usa,dd,,,,,,
5573,,Wedderburn,usa,dd,,,,,,
5574,,Welborn C. Wood,usa,dd,,,,,,
5575,,Welles,usa,dd,,,,,,
5576,,Whipple,usa,dd,,,,,,
5577,,Wickes,usa,dd,,,,,,
5578,,Wiley,usa,dd,,,,,,
5579,,Wilkes,usa,dd,,,,,,
5580,,Wilkinson,usa,dd,,,,,,
5581,,Willard Keith,usa,dd,,,,,,
5582,,William B. Preston,usa,dd,,,,,,
5583,,William C. Lawe,usa,dd,,,,,,
5584,,William D. Porter,usa,dd,,,,,,
5585,,William H. Standley,usa,dd,,,,,,
5586,,William Jones,usa,dd,,,,,,
5587,,William M. Wood,usa,dd,,,,,,
5588,,William R. Rush,usa,dd,,,,,,
5589,,William V. Pratt,usa,dd,,,,,,
5590,,Williams,usa,dd,,,,,,
5591,,Williamson,usa,dd,,,,,,
5592,,Willis A. Lee,usa,dd,,,,,,
5593,,Wilson,usa,dd,,,,,,
5594,,Wiltsie,usa,dd,,,,,,
5595,,Winslow,usa,dd,,,,,,
5596,,Winston Churchill,usa,dd,,,,,,
5597,,Witek,usa,dd,,,,,,
5598,,Wood,usa,dd,,,,,,
5599,,Woodbury,usa,dd,,,,,,
5600,,Woodworth,usa,dd,,,,,,
5601,,Woolsey,usa,dd,,,,,,
5602,,Worden,usa,dd,,,,,,
5603,,Wren,usa,dd,,,,,,
5604,,Yarborough,usa,dd,,,,,,
5605,,Yarnall,usa,dd,,,,,,
5606,,Young,usa,dd,,,,,,
5607,,Zane,usa,dd,,,,,,
5608,,Zeilin,usa,dd,,,,,,
5609,,Zellars,usa,dd,,,,,,
5610,,Zumwalt,usa,dd,,,,,,
5611,,A,usa,ss,,,,,,
5612,,B,usa,ss,,,,,,
5613,,C,usa,ss,,,,,,
5614,,D,usa,ss,,,,,,
5615,,E,usa,ss,,,,,,
5616,,F,usa,ss,,,,,,
5617,,G,usa,ss,,,,,,
5618,,H,usa,ss,,,,,,
5619,,K,usa,ss,,,,,,
5620,,L,usa,ss,,,,,,
5621,,M,usa,ss,,,,,,
5622,,N,usa,ss,,,,,,
5623,,O,usa,ss,,,,,,
5624,,R,usa,ss,,,,,,
##,,,###,,,,,,,
5626,,Monarch,china,bb,,,,,,
5627,,Dingyuan,china,bb,,,,,,
5628,,Zhenyuan,china,bb,,,,,,
5629,,Kangxi,china,bb,,,,,,
5630,,Haise,china,bb,,,,,,
5631,,Hife,china,bb,,,,,,
5632,,Minggadari,china,bb,,,,,,
5633,,Sarhuda,china,bb,,,,,,
5634,,Hsing-chu,china,bb,,,,,,
5635,,Hoyu,china,bb,,,,,,
5636,,Byeon-Geup,china,bb,,,,,,
5637,,Shin-Ryu,china,bb,,,,,,
5638,,Koxinga,china,bb,,,,,,
5639,,Zhixin,china,bb,,,,,,
5640,,Jingzhong,china,bb,,,,,,
5641,,Sangui,china,bb,,,,,,
5642,,Shifan,china,bb,,,,,,
5643,,Shi-Lang,china,bb,,,,,,
5644,,Sun-Sike,china,bb,,,,,,
5645,,Yongzheng,china,bb,,,,,,
5646,,Zhongqi,china,bb,,,,,,
5647,,Yue-Fei,china,bb,,,,,,
5648,,Gengyao,china,bb,,,,,,
5649,,Agui,china,bb,,,,,,
5650,,Qianlong,china,bb,,,,,,
5651,,Fuquan,china,bb,,,,,,
5652,,Yun-Ti,china,bb,,,,,,
5653,,Nyan,china,bb,,,,,,
5654,,Erentei,china,bb,,,,,,
5655,,Khangchenné,china,bb,,,,,,
5656,,Bandi,china,bb,,,,,,
5657,,Zhaohui,china,bb,,,,,,
5658,,Zao,china,bb,,,,,,
5659,,Shiyi,china,bb,,,,,,
5660,,Shiheng,china,bb,,,,,,
5661,,Weisheng,china,bb,,,,,,
5662,,Chaolong,china,bb,,,,,,
5663,,Hualong,china,bb,,,,,,
5664,,Dajing,china,bb,,,,,,
5665,,Yidong,china,bb,,,,,,
5666,,Thong,china,bb,,,,,,
5667,,Nghia,china,bb,,,,,,
5668,,Yang-Yingju,china,bb,,,,,,
5669,,Ming-Rui,china,bb,,,,,,
5670,,Aligui,china,bb,,,,,,
5671,,Fuheng,china,bb,,,,,,
5672,,Arigun,china,bb,,,,,,
5673,,Pak,china,bb,,,,,,
5674,,Daoguang,china,bb,,,,,,
5675,,Chang Ling,china,bb,,,,,,
5676,,Zhang Mingtang,china,bb,,,,,,
5677,,Eldemboo,china,bb,,,,,,
5678,,Zexu,china,bb,,,,,,
5679,,Qishan,china,bb,,,,,,
5680,,Tianpei,china,bb,,,,,,
5681,,Huacheng,china,bb,,,,,,
5682,,Yunfei,china,bb,,,,,,
5683,,Yishan,china,bb,,,,,,
5684,,Yijing,china,bb,,,,,,
5685,,Fang,china,bb,,,,,,
5686,,Wuhan,china,bb,,,,,,
5687,,Chengdu,china,bb,,,,,,
5688,,Tianjin,china,bb,,,,,,
5689,,Xi'an,china,bb,,,,,,
5690,,Jinan,china,bb,,,,,,
5691,,Shenzhen,china,bb,,,,,,
5692,,Nanjing,china,bb,,,,,,
5693,,Shenyang,china,bb,,,,,,
5694,,Harbin,china,bb,,,,,,
5695,,Shantou,china,bb,,,,,,
5696,,Suzhou,china,bb,,,,,,
5697,,Dongguan,china,bb,,,,,,
5698,,Wenzhou,china,bb,,,,,,
5699,,Qingdao,china,bb,,,,,,
5700,,Quanzhou,china,bb,,,,,,
5701,,Changsha,china,bb,,,,,,
5702,,Foshan,china,bb,,,,,,
5703,,Zhengzhou,china,bb,,,,,,
5704,,Fuzhou,china,bb,,,,,,
5705,,Nanchang,china,bb,,,,,,
5706,,Bengbu,china,bb,,,,,,
5707,,Qidong,china,bb,,,,,,
5708,,Mudanjiang,china,bb,,,,,,
5709,,Danyang,china,bb,,,,,,
5710,,Wuchuan,china,bb,,,,,,
5711,,Feicheng,china,bb,,,,,,
5712,,Xianyang,china,bb,,,,,,
5713,,Linfen,china,bb,,,,,,
5714,,Xinyi,china,bb,,,,,,
5715,,Weihai,china,bb,,,,,,
5716,,Haimen,china,bb,,,,,,
5717,,Xinxiang,china,bb,,,,,,
5718,,Zaozhuang,china,bc,,,,,,
5719,,Kaifeng,china,bc,,,,,,
5720,,Shaoxing,china,bc,,,,,,
5721,,Jiamusi,china,bc,,,,,,
5722,,Suihua,china,bc,,,,,,
5723,,Langfang,china,bc,,,,,,
5724,,Jiaozuo,china,bc,,,,,,
5725,,Rizhao,china,bc,,,,,,
5726,,Zhoushan,china,bc,,,,,,
5727,,Yibin,china,bc,,,,,,
5728,,Kashgar,china,bc,,,,,,
5729,,Dandong,china,bc,,,,,,
5730,,Dalian,china,bc,,,,,,
5731,,Taiyuan,china,bc,,,,,,
5732,,Shijiazhuang,china,bc,,,,,,
5733,,Kunming,china,bc,,,,,,
5734,,Wuxi,china,bc,,,,,,
5735,,Xiamen,china,bc,,,,,,
5736,,Changchun,china,bc,,,,,,
5737,,Ningbo,china,bc,,,,,,
5738,,Zibo,china,bc,,,,,,
5739,,Hefei,china,bc,,,,,,
5740,,Changzhou,china,bc,,,,,,
5741,,Taizhou,china,bc,,,,,,
5742,,Tangshan,china,bc,,,,,,
5743,,Nantong,china,bc,,,,,,
5744,,Nanning,china,bc,,,,,,
5745,,Zhongshan,china,bc,,,,,,
5746,,Guiyang,china,bc,,,,,,
5747,,Ürümqi,china,bc,,,,,,
5748,,Huai'an,china,bc,,,,,,
5749,,Xuzhou,china,bc,,,,,,
5750,,Linyi,china,bc,,,,,,
5751,,Lanzhou,china,bc,,,,,,
5752,,Yangzhou,china,bc,,,,,,
5753,,Huizhou,china,bc,,,,,,
5754,,Anshan,china,bc,,,,,,
5755,,Guangzhou,china,bc,,,,,,
5756,,Shanghai,china,bc,,,,,,
5757,,Chongqing,china,bc,,,,,,
5758,,Beijing,china,bc,,,,,,
5759,,Hangzhou,china,bc,,,,,,
5760,,Enjue,china,bc,,,,,,
5761,,Chaofa,china,bc,,,,,,
5762,,Yongfu,china,bc,,,,,,
5763,,Pu-yun,china,bc,,,,,,
5764,,Changxi,china,bc,,,,,,
5765,,Hailing,china,bc,,,,,,
5766,,Xianfeng,china,bc,,,,,,
5767,,Cixi,china,bc,,,,,,
5768,,Guofan,china,bc,,,,,,
5769,,Rinchen,china,bc,,,,,,
5770,,Guanwen,china,bc,,,,,,
5771,,Hongzhang,china,bc,,,,,,
5772,,Zongtang,china,bc,,,,,,
5773,,Guoliang,china,bc,,,,,,
5774,,Chun,china,bc,,,,,,
5775,,Gough,china,bc,,,,,,
5776,,Jianying,china,bc,,,,,,
5777,,Rong,china,bc,,,,,,
5778,,Chyun,china,bc,,,,,,
5779,,Xubin,china,bc,,,,,,
5780,,Youliang,china,bc,,,,,,
5781,,Guoquan,china,bc,,,,,,
5782,,Wen-Flag,china,bc,,,,,,
5783,,Xueqi,china,bc,,,,,,
5784,,Yisheng,china,bc,,,,,,
5785,,Dingxin,china,bc,,,,,,
5786,,Songlin,china,bc,,,,,,
5787,,Mingchuan,china,bc,,,,,,
5788,,Chao,china,bc,,,,,,
5789,,Shengbo,china,bc,,,,,,
5790,,Shusheng,china,bc,,,,,,
5791,,Wing,china,bc,,,,,,
5792,,Yuying,china,bc,,,,,,
5793,,Rulong,china,bc,,,,,,
5794,,Xuegong,china,bc,,,,,,
5795,,Zeng Guofan,china,bc,,,,,,
5796,,Gong,china,bc,,,,,,
5797,,Mingchen,china,bc,,,,,,
5798,,Ting-siang,china,bc,,,,,,
5799,,Tauketok,china,bc,,,,,,
5800,,Jintang,china,bc,,,,,,
5801,,Anliang,china,bc,,,,,,
5802,,Wei,china,bc,,,,,,
5803,,Decai,china,bc,,,,,,
5804,,Peilun,china,bc,,,,,,
5805,,Debang,china,bc,,,,,,
5806,,Zicai,china,bc,,,,,,
5807,,Jingsong,china,bc,,,,,,
5808,,Kaihua,china,bc,,,,,,
5809,,Xiaochi,china,bc,,,,,,
5810,,Yuanchun,china,bc,,,,,,
5811,,Jia,china,bc,,,,,,
5812,,Zonghan,china,bc,,,,,,
5813,,Yousheng,china,bc,,,,,,
5814,,Gang,china,bc,,,,,,
5815,,Panzhihua,china,ca,,,,,,
5816,,Anqing,china,ca,,,,,,
5817,,Huludao,china,ca,,,,,,
5818,,Shaoyang,china,ca,,,,,,
5819,,Binzhou,china,ca,,,,,,
5820,,Zhangzhou,china,ca,,,,,,
5821,,Fuxin,china,ca,,,,,,
5822,,Dezhou,china,ca,,,,,,
5823,,Yangjiang,china,ca,,,,,,
5824,,Tieling,china,ca,,,,,,
5825,,Liaoyang,china,ca,,,,,,
5826,,Puyang,china,ca,,,,,,
5827,,Huaibei,china,ca,,,,,,
5828,,Haikou,china,ca,,,,,,
5829,,Yiwu,china,ca,,,,,,
5830,,Baotou,china,ca,,,,,,
5831,,Liuzhou,china,ca,,,,,,
5832,,Anyang,china,ca,,,,,,
5833,,Hohhot,china,ca,,,,,,
5834,,Jilin,china,ca,,,,,,
5835,,Putian,china,ca,,,,,,
5836,,Huainan,china,ca,,,,,,
5837,,Xiangtan,china,ca,,,,,,
5838,,Yantai,china,ca,,,,,,
5839,,Nanchong,china,ca,,,,,,
5840,,Luoyang,china,ca,,,,,,
5841,,Jiangmen,china,ca,,,,,,
5842,,Nanyang,china,ca,,,,,,
5843,,Baoding,china,ca,,,,,,
5844,,Fuyang,china,ca,,,,,,
5845,,Tai'an,china,ca,,,,,,
5846,,Lu'an,china,ca,,,,,,
5847,,Datong,china,ca,,,,,,
5848,,Yancheng,china,ca,,,,,,
5849,,Zhanjiang,china,ca,,,,,,
5850,,Tengzhou,china,ca,,,,,,
5851,,Huangshi,china,ca,,,,,,
5852,,Chaoyong,china,ca,,,,,,
5853,,Yangwei,china,ca,,,,,,
5854,,Jiyuan,china,ca,,,,,,
5855,,Jingyuan,china,ca,,,,,,
5856,,Laiyuan,china,ca,,,,,,
5857,,Zhiyuan,china,ca,,,,,,
5858,,Jingyuen,china,ca,,,,,,
5859,,Pingyuan,china,ca,,,,,,
5860,,Anhui,china,ca,,,,,,
5861,,Fujian,china,ca,,,,,,
5862,,Gansu,china,ca,,,,,,
5863,,Guangdong,china,ca,,,,,,
5864,,Guangxi,china,ca,,,,,,
5865,,Guizhou,china,ca,,,,,,
5866,,Henan,china,ca,,,,,,
5867,,Hubei,china,ca,,,,,,
5868,,Hunan,china,ca,,,,,,
5869,,Jiangsu,china,ca,,,,,,
5870,,Jiangxi,china,ca,,,,,,
5871,,Shaanxi,china,ca,,,,,,
5872,,Shandong,china,ca,,,,,,
5873,,Shanxi,china,ca,,,,,,
5874,,Sichuan,china,ca,,,,,,
5875,,Yunnan,china,ca,,,,,,
5876,,Zhejiang,china,ca,,,,,,
5877,,Zhili,china,ca,,,,,,
5878,,Xinjiang,china,ca,,,,,,
5879,,Fengtian,china,ca,,,,,,
5880,,Jilin,china,ca,,,,,,
5881,,Heilongjiang,china,ca,,,,,,
5882,,Andong,china,ca,,,,,,
5883,,Hejiang,china,ca,,,,,,
5884,,Hexi,china,ca,,,,,,
5885,,Liaobei,china,ca,,,,,,
5886,,Liaoning,china,ca,,,,,,
5887,,Nenjiang,china,ca,,,,,,
5888,,Ningxia,china,ca,,,,,,
5889,,Qahar,china,ca,,,,,,
5890,,Qinghai,china,ca,,,,,,
5891,,Rehe,china,ca,,,,,,
5892,,Yulin,china,cl,,,,,,
5893,,Jingjiang,china,cl,,,,,,
5894,,Jiujiang,china,cl,,,,,,
5895,,Taizhou,china,cl,,,,,,
5896,,Chuzhou,china,cl,,,,,,
5897,,Cangzhou,china,cl,,,,,,
5898,,Aksu,china,cl,,,,,,
5899,,Beihai,china,cl,,,,,,
5900,,Zhoukou,china,cl,,,,,,
5901,,Hegang,china,cl,,,,,,
5902,,Chaozhou,china,cl,,,,,,
5903,,Lishui,china,cl,,,,,,
5904,,Lhasa,china,cl,,,,,,
5905,,Karamay,china,cl,,,,,,
5906,,Altay,china,cl,,,,,,
5907,,Jiangyin,china,cl,,,,,,
5908,,Zhuhai,china,cl,,,,,,
5909,,Qiqihar,china,cl,,,,,,
5910,,Weifang,china,cl,,,,,,
5911,,Yinchuan,china,cl,,,,,,
5912,,Changshu,china,cl,,,,,,
5913,,Dengzhou,china,cl,,,,,,
5914,,Cixi,china,cl,,,,,,
5915,,Changde,china,cl,,,,,,
5916,,Pizhou,china,cl,,,,,,
5917,,Baoji,china,cl,,,,,,
5918,,Suqian,china,cl,,,,,,
5919,,Daqing,china,cl,,,,,,
5920,,Bozhou,china,cl,,,,,,
5921,,Handan,china,cl,,,,,,
5922,,Panjin,china,cl,,,,,,
5923,,Wenling,china,cl,,,,,,
5924,,Ma'anshan,china,cl,,,,,,
5925,,Zigong,china,cl,,,,,,
5926,,Fushun,china,cl,,,,,,
5927,,Mianyang,china,cl,,,,,,
5928,,Yingkou,china,cl,,,,,,
5929,,Yichang,china,cl,,,,,,
5930,,Heze,china,cl,,,,,,
5931,,Chifeng,china,cl,,,,,,
5932,,Tianshui,china,cl,,,,,,
5933,,Ganzhou,china,cl,,,,,,
5934,,Huazhou,china,cl,,,,,,
5935,,Qujing,china,cl,,,,,,
5936,,Dingzhou,china,cl,,,,,,
5937,,Wuhu,china,cl,,,,,,
5938,,Zhuji,china,cl,,,,,,
5939,,Xingtai,china,cl,,,,,,
5940,,Jingzhou,china,cl,,,,,,
5941,,Shouguang,china,cl,,,,,,
5942,,Yuzhou,china,cl,,,,,,
5943,,Bazhong,china,cl,,,,,,
5944,,Zoucheng,china,cl,,,,,,
5945,,Jining,china,cl,,,,,,
5946,,Zunyi,china,cl,,,,,,
5947,,Jinzhou,china,cl,,,,,,
5948,,Guigang,china,cl,,,,,,
5949,,Zhucheng,china,cl,,,,,,
5950,,Jinhua,china,cl,,,,,,
5951,,Hengyang,china,cl,,,,,,
5952,,Taixing,china,cl,,,,,,
5953,,Zhangqiu,china,cl,,,,,,
5954,,Zhuzhou,china,cl,,,,,,
5955,,Lianyungang,china,cl,,,,,,
5956,,Ezhou,china,cl,,,,,,
5957,,Pingdingshan,china,cl,,,,,,
5958,,Qinhuangdao,china,cl,,,,,,
5959,,Linhai,china,cl,,,,,,
5960,,Benxi,china,cl,,,,,,
5961,,Wuwei,china,cl,,,,,,
5962,,Hezhou,china,cl,,,,,,
5963,,Zaoyang,china,cl,,,,,,
5964,,Xiangcheng,china,cl,,,,,,
5965,,Dongying,china,cl,,,,,,
5966,,Yueyang,china,cl,,,,,,
5967,,Laiwu,china,cl,,,,,,
5968,,Songjiang,china,cl,,,,,,
5969,,Suiyuan,china,cl,,,,,,
5970,,Xing'an,china,cl,,,,,,
5971,,Xikang,china,cl,,,,,,
5972,,Guilin,china,dd,,,,,,
5973,,Xiangyang,china,dd,,,,,,
5974,,Haicheng,china,dd,,,,,,
5975,,Rugao,china,dd,,,,,,
5976,,Xuchang,china,dd,,,,,,
5977,,Neijiang,china,dd,,,,,,
5978,,Zhangjiagang,china,dd,,,,,,
5979,,Yixing,china,dd,,,,,,
5980,,Fuqing,china,dd,,,,,,
5981,,Zhaoqing,china,dd,,,,,,
5982,,Xinyang,china,dd,,,,,,
5983,,Liaocheng,china,dd,,,,,,
5984,,Maoming,china,dd,,,,,,
5985,,Jiaxing,china,dd,,,,,,
5986,,Zhenjiang,china,dd,,,,,,
5987,,Zhenbei,china,dd,,,,,,
5988,,Zhenbian,china,dd,,,,,,
5989,,Zhendong,china,dd,,,,,,
5990,,Zhennan,china,dd,,,,,,
5991,,Zhenxi,china,dd,,,,,,
5992,,Zhenzhong,china,dd,,,,,,
5993,,Bagongli,china,dd,,,,,,
5994,,Bijin,china,dd,,,,,,
5995,,Chalukou,china,dd,,,,,,
5996,,Changfulu,china,dd,,,,,,
5997,,Chaoyouchang,china,dd,,,,,,
5998,,Chengde,china,dd,,,,,,
5999,,Cuiyun,china,dd,,,,,,
6000,,Dadukou,china,dd,,,,,,
6001,,Dalongshan,china,dd,,,,,,
6002,,Dashancun,china,dd,,,,,,
6003,,Datian,china,dd,,,,,,
6004,,Daxigou,china,dd,,,,,,
6005,,Dayancun,china,dd,,,,,,
6006,,Dazhulin,china,dd,,,,,,
6007,,Donglingjing,china,dd,,,,,,
6008,,Ertang,china,dd,,,,,,
6009,,Foshan,china,dd,,,,,,
6010,,Fotuguan,china,dd,,,,,,
6011,,Fuxin,china,dd,,,,,,
6012,,Gantang,china,dd,,,,,,
6013,,Gaocheng,china,dd,,,,,,
6014,,Gongmao,china,dd,,,,,,
6015,,Goubangzi,china,dd,,,,,,
6016,,Guanyinqiao,china,dd,,,,,,
6017,,Hami,china,dd,,,,,,
6018,,Hangzhou,china,dd,,,,,,
6019,,Hongguang,china,dd,,,,,,
6020,,Hongqihegou,china,dd,,,,,,
6021,,Hongtudi,china,dd,,,,,,
6022,,Huanggutun,china,dd,,,,,,
6023,,Huanghuayuan,china,dd,,,,,,
6024,,Huangnibang,china,dd,,,,,,
6025,,Huaxinjie,china,dd,,,,,,
6026,,Huixing,china,dd,,,,,,
6027,,Huludao,china,dd,,,,,,
6028,,Huolu,china,dd,,,,,,
6029,,Jiayuguan,china,dd,,,,,,
6030,,Jiazhoulu,china,dd,,,,,,
6031,,Jingxing,china,dd,,,,,,
6032,,Jintonglu,china,dd,,,,,,
6033,,Jinyu,china,dd,,,,,,
6034,,Jinzhou,china,dd,,,,,,
6035,,Jiugongli,china,dd,,,,,,
6036,,Jiuquhe,china,dd,,,,,,
6037,,Kangzhuang,china,dd,,,,,,
6038,,Kazuo,china,dd,,,,,,
6039,,Lanzhou,china,dd,,,,,,
6040,,Laofa,china,dd,,,,,,
6041,,Liaozhong,china,dd,,,,,,
6042,,Lijia,china,dd,,,,,,
6043,,Linjiangmen,china,dd,,,,,,
6044,,Liugongli,china,dd,,,,,,
6045,,Liziba,china,dd,,,,,,
6046,,Longhua,china,dd,,,,,,
6047,,Longtousi,china,dd,,,,,,
6048,,Luan,china,dd,,,,,,
6049,,Manshuiwan,china,dd,,,,,,
6050,,Mawangchang,china,dd,,,,,,
6051,,Nanping,china,dd,,,,,,
6052,,Niuheliang,china,dd,,,,,,
6053,,Niujiaotuo,china,dd,,,,,,
6054,,Chongqingbei,china,dd,,,,,,
6055,,Panjin,china,dd,,,,,,
6056,,Ping'an,china,dd,,,,,,
6057,,Pinggu,china,dd,,,,,,
6058,,Pingquan,china,dd,,,,,,
6059,,Qilong,china,dd,,,,,,
6060,,Ranjiaba,china,dd,,,,,,
6061,,Sanmenxia,china,dd,,,,,,
6062,,Shangyuanmen,china,dd,,,,,,
6063,,Shiziping,china,dd,,,,,,
6064,,Shuanglong,china,dd,,,,,,
6065,,Sigongli,china,dd,,,,,,
6066,,Tai'an,china,dd,,,,,,
6067,,Tangjiayuanzi,china,dd,,,,,,
6068,,Tangshan,china,dd,,,,,,
6069,,Jiangbei,china,dd,,,,,,
6070,,Tongjiayuanzi,china,dd,,,,,,
6071,,Tongyuanju,china,dd,,,,,,
6072,,Ürümqi,china,dd,,,,,,
6073,,Wugongli,china,dd,,,,,,
6074,,Wulidian,china,dd,,,,,,
6075,,Xiachengzi,china,dd,,,,,,
6076,,Xiejiawan,china,dd,,,,,,
6077,,Xingcheng,china,dd,,,,,,
6078,,Xinji,china,dd,,,,,,
6079,,Xinlitun,china,dd,,,,,,
6080,,Xinlong,china,dd,,,,,,
6081,,Xinmin,china,dd,,,,,,
6082,,Xinshancun,china,dd,,,,,,
6083,,Xuchang,china,dd,,,,,,
6084,,Xuetangwan,china,dd,,,,,,
6085,,Yangjiaping,china,dd,,,,,,
6086,,Yangquan,china,dd,,,,,,
6087,,Yichun,china,dd,,,,,,
6088,,Yuanjiagang,china,dd,,,,,,
6089,,Yuanyang,china,dd,,,,,,
6090,,Yudong,china,dd,,,,,,
6091,,Chongqing,china,dd,,,,,,
6092,,Yuhulu,china,dd,,,,,,
6093,,Zengjiayan,china,dd,,,,,,
6094,,Zhangye,china,dd,,,,,,
6095,,Zhengjiayuanzi,china,dd,,,,,,
6096,,Zhengzhou,china,dd,,,,,,
##,,,###,,,,,,,
6098,,São João Baptista,portugal,bb,,,,,,
6099,,São Paulo,portugal,bb,,,,,,
6100,,Águia,portugal,bb,,,,,,
6101,,Garça,portugal,bb,,,,,,
6102,,Cinco Chagas,portugal,bb,,,,,,
6103,,São Martinho,portugal,bb,,,,,,
6104,,São Mateus,portugal,bb,,,,,,
6105,,São Cristóvão,portugal,bb,,,,,,
6106,,São Filipe,portugal,bb,,,,,,
6107,,São Luís,portugal,bb,,,,,,
6108,,São Marcos,portugal,bb,,,,,,
6109,,Santiago,portugal,bb,,,,,,
6110,,São Bernardo,portugal,bb,,,,,,
6111,,São Tomé,portugal,bb,,,,,,
6112,,Santo Alberto,portugal,bb,,,,,,
6113,,Santo António,portugal,bb,,,,,,
6114,,Santo André,portugal,bb,,,,,,
6115,,Misericórdia,portugal,bb,,,,,,
6116,,São Simão,portugal,bb,,,,,,
6117,,São Pedro,portugal,bb,,,,,,
6118,,Bom Jesus,portugal,bb,,,,,,
6119,,Santa Teresa,portugal,bb,,,,,,
6120,,São Sebastião,portugal,bb,,,,,,
6121,,Sacramento,portugal,bb,,,,,,
6122,,São Pedro da Ribeira,portugal,bb,,,,,,
6123,,Padre Eterno,portugal,bb,,,,,,
6124,,Vasco da Gama,portugal,bb,,,,,,
6125,,Rainha Dona Amélia,portugal,bb,,,,,,
6126,,São Gabriel,portugal,bb,,,,,,
6127,,São Rafael,portugal,bb,,,,,,
6128,,Lisbon,portugal,bc,,,,,,
6129,,Rio de Janeiro ,portugal,bc,,,,,,
6130,,reconquista,portugal,bc,,,,,,
6131,,Algarve,portugal,bc,,,,,,
6132,,Ceuta,portugal,bc,,,,,,
6133,,Pernambuco,portugal,bc,,,,,,
6134,,Porto Seguro,portugal,bc,,,,,,
6135,,Tristan de Cunha,portugal,bc,,,,,,
6136,,St Helena,portugal,bc,,,,,,
6137,,San Jorge da Minha,portugal,bc,,,,,,
6138,,Cap Verde,portugal,bc,,,,,,
6139,,Azores,portugal,bc,,,,,,
6140,,Matatane,portugal,bc,,,,,,
6141,,Sofala,portugal,bc,,,,,,
6142,,Sena,portugal,bc,,,,,,
6143,,Mozambique,portugal,bc,,,,,,
6144,,Mombasa,portugal,bc,,,,,,
6145,,Malindi,portugal,bc,,,,,,
6146,,Brava,portugal,bc,,,,,,
6147,,Colombo,portugal,bc,,,,,,
6148,,Ternate,portugal,bc,,,,,,
6149,,Massova,portugal,bc,,,,,,
6150,,Goa,portugal,bc,,,,,,
6151,,Aveiro,portugal,bc,,,,,,
6152,,Beja,portugal,bc,,,,,,
6153,,Braga,portugal,bc,,,,,,
6154,,Bragança,portugal,bc,,,,,,
6155,,Castelo Branco,portugal,bc,,,,,,
6156,,Coimbra,portugal,bc,,,,,,
6157,,Évora,portugal,bc,,,,,,
6158,,Faro,portugal,ca,,,,,,
6159,,Guarda,portugal,ca,,,,,,
6160,,Leiria,portugal,ca,,,,,,
6161,,Portalegre,portugal,ca,,,,,,
6162,,Porto,portugal,ca,,,,,,
6163,,Santarém,portugal,ca,,,,,,
6164,,Imperio,portugal,ca,,,,,,
6165,,Lisboa,portugal,ca,,,,,,
6166,,Timor,portugal,ca,,,,,,
6167,,Goa,portugal,ca,,,,,,
6168,,Macau,portugal,ca,,,,,,
6169,,Moçambique,portugal,ca,,,,,,
6170,,Angola,portugal,ca,,,,,,
6171,,Guiné Bissau,portugal,ca,,,,,,
6172,,Açores,portugal,ca,,,,,,
6173,,Madeira,portugal,ca,,,,,,
6174,,Afonso Albuquerque,portugal,ca,,,,,,
6175,,Dom Carlos I ,portugal,ca,,,,,,
6176,,Pedro Alvares Cabral,portugal,ca,,,,,,
6177,,Gil Eanes,portugal,ca,,,,,,
6178,,Bartolomeu Dias,portugal,ca,,,,,,
6179,,Fernão de Magalhães,portugal,ca,,,,,,
6180,,Diogo Cão,portugal,ca,,,,,,
6181,,Tristão Vaz Teixeira,portugal,ca,,,,,,
6182,,Gaspar Corte Real,portugal,ca,,,,,,
6183,,Sagres,portugal,ca,,,,,,
6184,,Infante D. Henrique,portugal,ca,,,,,,
6185,,Adamastor,portugal,ca,,,,,,
6186,,Luanda,portugal,ca,,,,,,
6187,,Duque da Terceira,portugal,ca,,,,,,
6188,,Duque de Palmela,portugal,ca,,,,,,
6189,,Carlos I,portugal,ca,,,,,,
6190,,Manuel II,portugal,ca,,,,,,
6191,,Princesa da Beira,portugal,ca,,,,,,
6192,,Calipso,portugal,ca,,,,,,
6193,,Real Voador,portugal,ca,,,,,,
6194,,Botafogo,portugal,ca,,,,,,
6195,,Flor do mar,portugal,ca,,,,,,
6196,,Esmeralda,portugal,ca,,,,,,
6197,,Estefânia,portugal,ca,,,,,,
6198,,Setúbal,portugal,cl,,,,,,
6199,,Viana do Castelo,portugal,cl,,,,,,
6200,,Vila Real,portugal,cl,,,,,,
6201,,Angra do Heroísmo,portugal,cl,,,,,,
6202,,Horta,portugal,cl,,,,,,
6203,,Ponta Delgada,portugal,cl,,,,,,
6204,,Funchal,portugal,cl,,,,,,
6205,,Lamego,portugal,cl,,,,,,
6206,,Corte-Real,portugal,cl,,,,,,
6207,,Dom Francisco de Almeida,portugal,cl,,,,,,
6208,,António Enes,portugal,cl,,,,,,
6209,,João Roby,portugal,cl,,,,,,
6210,,Figueira da Foz ,portugal,cl,,,,,,
6211,,Sines,portugal,cl,,,,,,
6212,,Tejo,portugal,cl,,,,,,
6213,,Douro,portugal,cl,,,,,,
6214,,Mondego,portugal,cl,,,,,,
6215,,Guadiana,portugal,cl,,,,,,
6216,,Zaire,portugal,cl,,,,,,
6217,,Argos,portugal,cl,,,,,,
6218,,Dragão,portugal,cl,,,,,,
6219,,Escorpião,portugal,cl,,,,,,
6220,,Cassiopeia,portugal,cl,,,,,,
6221,,Hidra,portugal,cl,,,,,,
6222,,Centauro,portugal,cl,,,,,,
6223,,Oríon,portugal,cl,,,,,,
6224,,Pégaso,portugal,cl,,,,,,
6225,,Sagitário,portugal,cl,,,,,,
6226,,Rio Minho,portugal,cl,,,,,,
6227,,Almirante Gago Coutinho,portugal,cl,,,,,,
6228,,Andrómeda,portugal,cl,,,,,,
6229,,Auriga,portugal,cl,,,,,,
6230,,Creoula,portugal,cl,,,,,,
6231,,Carvalho Araújo,portugal,cl,,,,,,
6232,,República,portugal,cl,,,,,,
6233,,Gonçalo Velho,portugal,cl,,,,,,
6234,,Gonçalves Zarco,portugal,cl,,,,,,
6235,,Afonso de Albuquerque,portugal,cl,,,,,,
6236,,Pedro Nunes,portugal,cl,,,,,,
6237,,João de Lisboa,portugal,cl,,,,,,
6238,,Bengo,portugal,dd,,,,,,
6239,,Almeida Carvalho,portugal,dd,,,,,,
6240,,Cacheu,portugal,dd,,,,,,
6241,,João Coutinho,portugal,dd,,,,,,
6242,,Jacinto Cândido,portugal,dd,,,,,,
6243,,General Pereira d'Eça,portugal,dd,,,,,,
6244,,Augusto Castilho,portugal,dd,,,,,,
6245,,Honório Barreto,portugal,dd,,,,,,
6246,,Baptista de Andrade,portugal,dd,,,,,,
6247,,Afonso Cerqueira,portugal,dd,,,,,,
6248,,Oliveira e Carmo,portugal,dd,,,,,,
6249,,Liz,portugal,dd,,,,,,
6250,,Tamega,portugal,dd,,,,,,
6251,,Vouga,portugal,dd,,,,,,
6252,,Lima,portugal,dd,,,,,,
6253,,Albufeira,portugal,dd,,,,,,
6254,,Dão,portugal,dd,,,,,,
6255,,Nuno Tristão,portugal,dd,,,,,,
6256,,Diogo Gomes,portugal,dd,,,,,,
6257,,Pêro Escobar,portugal,dd,,,,,,
6258,,Pacheco Pereira,portugal,dd,,,,,,
6259,,Dom Francisco de Almeida,portugal,dd,,,,,,
6260,,Almirante Pereira da Silva,portugal,dd,,,,,,
6261,,Almirante Magalhães Correia,portugal,dd,,,,,,
6262,,Comandante João Belo,portugal,dd,,,,,,
6263,,Comandante Roberto Ivens,portugal,dd,,,,,,
6264,,Comandante Hermenegildo Capelo,portugal,dd,,,,,,
6265,,Comandante Sacadura Cabral,portugal,dd,,,,,,
6266,,Cacine ,portugal,dd,,,,,,
6267,,Cunene,portugal,dd,,,,,,
6268,,Mandovi,portugal,dd,,,,,,
6269,,Rovuma,portugal,dd,,,,,,
6270,,Cuanza,portugal,dd,,,,,,
6271,,Geba,portugal,dd,,,,,,
6272,,Zambeze,portugal,dd,,,,,,
6273,,Limpopo,portugal,dd,,,,,,
6274,,Save,portugal,dd,,,,,,
6275,,Pátria,portugal,dd,,,,,,
6276,,Espadarte,portugal,dd,,,,,,
6277,,Foca,portugal,dd,,,,,,
6278,,Golfinho,portugal,dd,,,,,,
6279,,Delfim,portugal,dd,,,,,,
6280,,Narval,portugal,dd,,,,,,
6281,,Nautilo,portugal,dd,,,,,,
6282,,Neptuno,portugal,dd,,,,,,
6283,,Albacora,portugal,dd,,,,,,
6284,,Barracuda,portugal,dd,,,,,,
6285,,Cachalote,portugal,dd,,,,,,
6286,,Arpão,portugal,dd,,,,,,
6287,,Tridente,portugal,dd,,,,,,
6288,,Sado,portugal,dd,,,,,,
6289,,Cávado,portugal,dd,,,,,,
6290,,Zêzere,portugal,dd,,,,,,
6291,,Flor de la mar ,portugal,dd,,,,,,
6292,,Esmeralda ,portugal,dd,,,,,,
6293,,Lobo Soares,portugal,dd,,,,,,
6294,,Relíquias,portugal,dd,,,,,,
6295,,Santo Amaro,portugal,dd,,,,,,
6296,,São Carlos,portugal,dd,,,,,,
6297,,Santa Isabel,portugal,dd,,,,,,
6298,,Santa Luzia,portugal,dd,,,,,,
6299,,Assunção,portugal,dd,,,,,,
6300,,Pérola,portugal,dd,,,,,,
6301,,Tritão,portugal,dd,,,,,,
6302,,Rainha de Portugal,portugal,dd,,,,,,
6303,,Medusa,portugal,dd,,,,,,
6304,,Belém,portugal,dd,,,,,,
6305,,Príncipe Regente Terese,portugal,dd,,,,,,
6306,,Active,portugal,dd,,,,,,
6307,,Princesa de Abiena,portugal,dd,,,,,,
6308,,Andorinha,portugal,dd,,,,,,
6309,,Vénus,portugal,dd,,,,,,
6310,,Ulisses,portugal,dd,,,,,,
6311,,Real Fonsor,portugal,dd,,,,,,
6312,,BoaVentura,portugal,dd,,,,,,
6313,,Serpente,portugal,dd,,,,,,
6314,,Diligente,portugal,dd,,,,,,
6315,,Gaivota,portugal,dd,,,,,,
6316,,Real Fonza,portugal,dd,,,,,,
6317,,Fereta,portugal,dd,,,,,,
6318,,Benjamim,portugal,dd,,,,,,
6319,,Garra,portugal,dd,,,,,,
6320,,Sirene,portugal,dd,,,,,,
6321,,Escudo,portugal,dd,,,,,,
6322,,Rastreamento,portugal,dd,,,,,,
6323,,Panane,portugal,dd,,,,,,
6324,,Montevideo,portugal,dd,,,,,,
6325,,Resoluta,portugal,dd,,,,,,
6326,,Hábil,portugal,dd,,,,,,
6327,,Hábil,portugal,dd,,,,,,
6328,,Aquiles,portugal,dd,,,,,,
6329,,Amedrontar,portugal,dd,,,,,,
6330,,Incansável,portugal,dd,,,,,,
6331,,Afiada,portugal,dd,,,,,,
6332,,Atenta,portugal,dd,,,,,,
6333,,Caniçal ,portugal,dd,,,,,,
6334,,Praia da Vitória,portugal,dd,,,,,,
6335,,Protetora,portugal,dd,,,,,,
6336,,Defesa,portugal,dd,,,,,,
6337,,Baluarte,portugal,dd,,,,,,
##,,,###,,,,,,,
6584,,Evertsen,netherlands,bb,,,,,,
6585,,Piet Hein,netherlands,bb,,,,,,
6586,,Kortenaer,netherlands,bb,,,,,,
6587,,Koningin Regentes,netherlands,bb,,,,,,
6588,,De Ruyter,netherlands,bb,,,,,,
6589,,Hertog Hendrik,netherlands,bb,,,,,,
6590,,Marten Harpertszoon Tromp,netherlands,bb,,,,,,
6591,,Jacob van Heemskerck,netherlands,bb,,,,,,
6592,,Soerabaja,netherlands,bb,,,,,,
6593,,Buffel,netherlands,bb,,,,,,
6594,,De Zeven Provinciën,netherlands,bb,,,,,,
6595,,Admiraal Tjerk Hiddes De Vries,netherlands,bb,,,,,,
6596,,Aemilia,netherlands,bb,,,,,,
6597,,Batavier,netherlands,bb,,,,,,
6598,,Beschermer,netherlands,bb,,,,,,
6599,,Brederode,netherlands,bb,,,,,,
6600,,Delft,netherlands,bb,,,,,,
6601,,Eendracht,netherlands,bb,,,,,,
6602,,Gelijkheid,netherlands,bb,,,,,,
6603,,Gouden Leeuw,netherlands,bb,,,,,,
6604,,Hercules,netherlands,bb,,,,,,
6605,,Staaten Generaal,netherlands,bb,,,,,,
6606,,Vrijheid,netherlands,bb,,,,,,
6607,,Wassenaar,netherlands,bb,,,,,,
6608,,Willem de Eerste,netherlands,bb,,,,,,
6609,,Zwanenburg,netherlands,bb,,,,,,
6610,,Oudshoorn,netherlands,bb,,,,,,
6611,,Luipaard,netherlands,bb,,,,,,
6612,,Nairana,netherlands,bb,,,,,,
6613,,Karel Doorman,netherlands,bb,,,,,,
6614,,Guinea,netherlands,bc,,,,,,
6615,,Krokodil,netherlands,bc,,,,,,
6616,,Heiligerlee,netherlands,bc,,,,,,
6617,,Tijger,netherlands,bc,,,,,,
6618,,Bloedhond,netherlands,bc,,,,,,
6619,,Cerberus,netherlands,bc,,,,,,
6620,,Hyena,netherlands,bc,,,,,,
6621,,Adder,netherlands,bc,,,,,,
6622,,Haai,netherlands,bc,,,,,,
6623,,Wesp,netherlands,bc,,,,,,
6624,,Draak,netherlands,bc,,,,,,
6625,,Matador,netherlands,bc,,,,,,
6626,,Reinier Claeszen,netherlands,bc,,,,,,
6627,,Sumatra,netherlands,bc,,,,,,
6628,,Koningin Wilhelmina der Nederlanden,netherlands,bc,,,,,,
6629,,Zeeland,netherlands,bc,,,,,,
6630,,Friesland,netherlands,bc,,,,,,
6631,,Gelderland,netherlands,bc,,,,,,
6632,,Noordbrabant,netherlands,bc,,,,,,
6633,,Utrecht,netherlands,bc,,,,,,
6634,,Java,netherlands,bc,,,,,,
6635,,Celebes,netherlands,bc,,,,,,
6636,,Maagd van Dordrecht,netherlands,bc,,,,,,
6637,,Eenhoorn,netherlands,bc,,,,,,
6638,,Stad Medemblik,netherlands,bc,,,,,,
6639,,Middelburg,netherlands,bc,,,,,,
6640,,Frederik Hendrik,netherlands,bc,,,,,,
6641,,Zutphen,netherlands,bc,,,,,,
6642,,Bommel,netherlands,bc,,,,,,
6643,,Breda,netherlands,bc,,,,,,
6644,,Vergulde Zon,netherlands,ca,,,,,,
6645,,Edam,netherlands,ca,,,,,,
6646,,Groningen,netherlands,ca,,,,,,
6647,,Goes,netherlands,ca,,,,,,
6648,,Graaf Willem,netherlands,ca,,,,,,
6649,,Prinses Roijaal,netherlands,ca,,,,,,
6650,,Prinses Roijaal Maria,netherlands,ca,,,,,,
6651,,Gewapende Ruyter,netherlands,ca,,,,,,
6652,,Maan,netherlands,ca,,,,,,
6653,,Verenigde Provinciën,netherlands,ca,,,,,,
6654,,Vlissingen,netherlands,ca,,,,,,
6655,,Leeuwarden,netherlands,ca,,,,,,
6656,,Holland,netherlands,ca,,,,,,
6657,,Rotterdam,netherlands,ca,,,,,,
6658,,Alkmaar,netherlands,ca,,,,,,
6659,,Noordzee,netherlands,ca,,,,,,
6660,,Noorderhaaks,netherlands,ca,,,,,,
6661,,Linge,netherlands,ca,,,,,,
6662,,Breezand,netherlands,ca,,,,,,
6663,,Pontianak,netherlands,ca,,,,,,
6664,,Riouw,netherlands,ca,,,,,,
6665,,Batavia ,netherlands,ca,,,,,,
6666,,Samarang,netherlands,ca,,,,,,
6667,,Makassar,netherlands,ca,,,,,,
6668,,Haarlemmermeer,netherlands,ca,,,,,,
6669,,Hector,netherlands,ca,,,,,,
6670,,Soembing,netherlands,ca,,,,,,
6671,,Soestdijk,netherlands,ca,,,,,,
6672,,Vulkaan,netherlands,ca,,,,,,
6673,,Van Amstel,netherlands,ca,,,,,,
6674,,Van Ewijk,netherlands,ca,,,,,,
6675,,Van Zijll,netherlands,ca,,,,,,
6676,,De Zeeuw,netherlands,ca,,,,,,
6677,,De Bitter,netherlands,ca,,,,,,
6678,,Soemba,netherlands,ca,,,,,,
6679,,Lynx,netherlands,ca,,,,,,
6680,,Sperwer,netherlands,ca,,,,,,
6681,,Thor,netherlands,ca,,,,,,
6682,,Schorpioen,netherlands,ca,,,,,,
6683,,Stier,netherlands,ca,,,,,,
6684,,Prinses Louijsa,netherlands,cl,,,,,,
6685,,Groot Hollandia,netherlands,cl,,,,,,
6686,,Jaarsveld,netherlands,cl,,,,,,
6687,,Vrede,netherlands,cl,,,,,,
6688,,Huis van Nassau,netherlands,cl,,,,,,
6689,,Groenwald,netherlands,cl,,,,,,
6690,,Prins Hendrik,netherlands,cl,,,,,,
6691,,Westergo,netherlands,cl,,,,,,
6692,,Stad en Lande,netherlands,cl,,,,,,
6693,,Elf Steden,netherlands,cl,,,,,,
6694,,Wapen van Holland,netherlands,cl,,,,,,
6695,,Dordrecht,netherlands,cl,,,,,,
6696,,Ter Veere,netherlands,cl,,,,,,
6697,,Zierikzee,netherlands,cl,,,,,,
6698,,Amsterdam,netherlands,cl,,,,,,
6699,,Burcht van Leiden,netherlands,cl,,,,,,
6700,,Landman,netherlands,cl,,,,,,
6701,,Maarseveen,netherlands,cl,,,,,,
6702,,Oosterwijk,netherlands,cl,,,,,,
6703,,Stavoren,netherlands,cl,,,,,,
6704,,Zuiderhuis,netherlands,cl,,,,,,
6705,,Dom van Utrecht,netherlands,cl,,,,,,
6706,,uis te Kruiningen,netherlands,cl,,,,,,
6707,,Huis te Zwieten,netherlands,cl,,,,,,
6708,,Prins Willem,netherlands,cl,,,,,,
6709,,Doesburg,netherlands,cl,,,,,,
6710,,Duivervoorde,netherlands,cl,,,,,,
6711,,Klein Hollandia,netherlands,cl,,,,,,
6712,,Prins te Paard,netherlands,cl,,,,,,
6713,,Caleb,netherlands,cl,,,,,,
6714,,Hollandsche Tuin,netherlands,cl,,,,,,
6715,,Wapen van Nassau,netherlands,cl,,,,,,
6716,,Drie Helden Davids,netherlands,cl,,,,,,
6717,,Omlandia,netherlands,cl,,,,,,
6718,,Tijdverdrijf,netherlands,cl,,,,,,
6719,,Stad Gouda,netherlands,cl,,,,,,
6720,,Jupiter,netherlands,cl,,,,,,
6721,,Klein Frisia,netherlands,cl,,,,,,
6722,,Brielle,netherlands,cl,,,,,,
6723,,Louisa Hendrika,netherlands,cl,,,,,,
6724,,Walrus,netherlands,dd,,,,,,
6725,,Zeeleeuw,netherlands,dd,,,,,,
6726,,Dolfijn,netherlands,dd,,,,,,
6727,,Bruinvis,netherlands,dd,,,,,,
6728,,Willem van der Zaan,netherlands,dd,,,,,,
6729,,Mercurius,netherlands,dd,,,,,,
6730,,Abraham van der Hulst,netherlands,dd,,,,,,
6731,,Van Nes,netherlands,dd,,,,,,
6732,,Van Galen,netherlands,dd,,,,,,
6733,,Van Speijk,netherlands,dd,,,,,,
6734,,Den Helder,netherlands,dd,,,,,,
6735,,Johan de Witt,netherlands,dd,,,,,,
6736,,Delfzijl,netherlands,dd,,,,,,
6737,,Harlingen,netherlands,dd,,,,,,
6738,,Scheveningen,netherlands,dd,,,,,,
6739,,Maassluis,netherlands,dd,,,,,,
6740,,Makkum,netherlands,dd,,,,,,
6741,,Hellevoetsluis,netherlands,dd,,,,,,
6742,,Schiedam,netherlands,dd,,,,,,
6743,,Urk,netherlands,dd,,,,,,
6744,,Vlaardingen,netherlands,dd,,,,,,
6745,,Willemstad,netherlands,dd,,,,,,
6746,,Pelikaan ,netherlands,dd,,,,,,
6747,,Argus,netherlands,dd,,,,,,
6748,,Nautilus,netherlands,dd,,,,,,
6749,,Hydra,netherlands,dd,,,,,,
6750,,Snellius,netherlands,dd,,,,,,
6751,,Luymes,netherlands,dd,,,,,,
6752,,Zuiderhaaks,netherlands,dd,,,,,,
6753,,Waddenzee,netherlands,dd,,,,,,
6754,,Zuiderzee,netherlands,dd,,,,,,
6755,,Regge,netherlands,dd,,,,,,
6756,,Hunze,netherlands,dd,,,,,,
6757,,Gouwe,netherlands,dd,,,,,,
6758,,Balgzand,netherlands,dd,,,,,,
6759,,Schelde,netherlands,dd,,,,,,
6760,,Wierbalg,netherlands,dd,,,,,,
6761,,Malzwin,netherlands,dd,,,,,,
6762,,Zuidwal,netherlands,dd,,,,,,
6763,,Westwal,netherlands,dd,,,,,,
6764,,Bolder,netherlands,dd,,,,,,
6765,,Beting,netherlands,dd,,,,,,
6766,,Bakspier,netherlands,dd,,,,,,
6767,,Trica,netherlands,dd,,,,,,
6768,,Plyca,netherlands,dd,,,,,,
6769,,Visarend,netherlands,dd,,,,,,
6770,,Zeearend,netherlands,dd,,,,,,
6771,,Jaguar,netherlands,dd,,,,,,
6772,,Panter,netherlands,dd,,,,,,
6773,,Poema,netherlands,dd,,,,,,
6774,,koningin Potema,netherlands,dd,,,,,,
6775,,Arie Visser,netherlands,dd,,,,,,
6776,,Zeemanshoop,netherlands,dd,,,,,,
6777,,Koopmansdank,netherlands,dd,,,,,,
6778,,Anna Margaretha,netherlands,dd,,,,,,
6779,,Jeanine Parqui,netherlands,dd,,,,,,
6780,,Antoinette,netherlands,dd,,,,,,
6781,,Jan van Engelenburg,netherlands,dd,,,,,,
6782,,Graaf van Bylandt,netherlands,dd,,,,,,
6783,,Jan en Titia Visser,netherlands,dd,,,,,,
6784,,Orka,netherlands,dd,,,,,,
6785,,Zwaardvis,netherlands,dd,,,,,,
6786,,Barracuda,netherlands,dd,,,,,,
6787,,Tijgerhaai,netherlands,dd,,,,,,
6788,,IJmuiden,netherlands,dd,,,,,,
6789,,Alliantie,netherlands,dd,,,,,,
6790,,Amalia,netherlands,dd,,,,,,
6791,,Amazone,netherlands,dd,,,,,,
6792,,Ambuscade,netherlands,dd,,,,,,
6793,,Amphitrite,netherlands,dd,,,,,,
6794,,Argo,netherlands,dd,,,,,,
6795,,Beken Vliet,netherlands,dd,,,,,,
6796,,Burgvlied,netherlands,dd,,,,,,
6797,,Furie,netherlands,dd,,,,,,
6798,,Gorinchem,netherlands,dd,,,,,,
6799,,Gouderak,netherlands,dd,,,,,,
6800,,Hilverbeek,netherlands,dd,,,,,,
6801,,Hof St Jans Kerke,netherlands,dd,,,,,,
6802,,Prinses Marie,netherlands,dd,,,,,,
6803,,Leyderdorp,netherlands,dd,,,,,,
6804,,Maarsen,netherlands,dd,,,,,,
6805,,Meervlied,netherlands,dd,,,,,,
6806,,Noordwijk,netherlands,dd,,,,,,
6807,,Oud Teilingen,netherlands,dd,,,,,,
6808,,Pallas,netherlands,dd,,,,,,
6809,,Prinses Frederika Louise Wilhelmina,netherlands,dd,,,,,,
6810,,Prins Friso,netherlands,dd,,,,,,
6811,,Rossum,netherlands,dd,,,,,,
6812,,Statenland,netherlands,dd,,,,,,
6813,,Thulen,netherlands,dd,,,,,,
6814,,Wageningen,netherlands,dd,,,,,,
6815,,Westerdijkshorn,netherlands,dd,,,,,,
6816,,Vredenhof,netherlands,dd,,,,,,
6817,,Zeerijp,netherlands,dd,,,,,,
6818,,Vogelstruis,netherlands,dd,,,,,,
6819,,Witte Lam,netherlands,dd,,,,,,
6820,,Groote Liefde,netherlands,dd,,,,,,
6821,,Pacificatie,netherlands,dd,,,,,,
6822,,Olifant,netherlands,dd,,,,,,
6823,,Voorzichtigheid,netherlands,dd,,,,,,
6824,,Geloof,netherlands,dd,,,,,,
##,,,###,,,,,,,
7621,,Adrias,greece,bb,,,,,,
7622,,Aetos,greece,bb,,,,,,
7623,,Aigaion,greece,bb,,,,,,
7624,,Aliakmon,greece,bb,,,,,,
7625,,Apostolis,greece,bb,,,,,,
7626,,Aspis,greece,bb,,,,,,
7627,,Chios,greece,bb,,,,,,
7628,,Doxa,greece,bb,,,,,,
7629,,Elli,greece,bb,,,,,,
7630,,Hydra,greece,bb,,,,,,
7631,,Ierax,greece,bb,,,,,,
7632,,Kanaris,greece,bb,,,,,,
7633,,Katsonis,greece,bb,,,,,,
7634,,Kimon,greece,bb,,,,,,
7635,,Kos,greece,bb,,,,,,
7636,,Kountouriotis,greece,bb,,,,,,
7637,,Kriezis,greece,bb,,,,,,
7638,,Kriti,greece,bb,,,,,,
7639,,Lemnos,greece,bb,,,,,,
7640,,Leon,greece,bb,,,,,,
7641,,Lonchi,greece,bb,,,,,,
7642,,Lesvos,greece,bb,,,,,,
7643,,Miaoulis,greece,bb,,,,,,
7644,,Nafkratousa,greece,bb,,,,,,
7645,,Navarinon,greece,bb,,,,,,
7646,,Nearchos,greece,bb,,,,,,
7647,,Niki,greece,bb,,,,,,
7648,,Panthir,greece,bb,,,,,,
7649,,Papanikolis,greece,bb,,,,,,
7650,,Pineios,greece,bb,,,,,,
7651,,Poseidon,greece,bb,,,,,,
7652,,Psara,greece,bb,,,,,,
7653,,Rodos,greece,bb,,,,,,
7654,,Sachtouris,greece,bb,,,,,,
7655,,Salamis,greece,bb,,,,,,
7656,,Samos,greece,bb,,,,,,
7657,,Sfendoni,greece,bb,,,,,,
7658,,Spetsai,greece,bb,,,,,,
7659,,Themistoklis,greece,bb,,,,,,
7660,,Thyella,greece,bb,,,,,,
7661,,Tombazis,greece,bc,,,,,,
7662,,Vasilefs Georgios,greece,bc,,,,,,
7663,,Vasilissa Olga,greece,bc,,,,,,
7664,,Velos,greece,bc,,,,,,
7665,,Xifias,greece,bc,,,,,,
7666,,Vasilefs Konstantinos,greece,bc,,,,,,
7667,,Kilkis,greece,bc,,,,,,
7668,,Proteus,greece,bc,,,,,,
7669,,Uranus,greece,bc,,,,,,
7670,,Gaia,greece,bc,,,,,,
7671,,Cronus,greece,bc,,,,,,
7672,,Oceanus,greece,bc,,,,,,
7673,,Hyperion,greece,bc,,,,,,
7674,,Coeus,greece,bc,,,,,,
7675,,Crius,greece,bc,,,,,,
7676,,Lapetus,greece,bc,,,,,,
7677,,Rheas,greece,bc,,,,,,
7678,,Tethys,greece,bc,,,,,,
7679,,Theia,greece,bc,,,,,,
7680,,Phoebe,greece,bc,,,,,,
7681,,Themis,greece,bc,,,,,,
7682,,Nmemosyne,greece,bc,,,,,,
7683,,Aphrodite,greece,bc,,,,,,
7684,,Apollo,greece,bc,,,,,,
7685,,Ares,greece,bc,,,,,,
7686,,Artemis,greece,bc,,,,,,
7687,,Athena,greece,bc,,,,,,
7688,,Demeter,greece,bc,,,,,,
7689,,Dionysus,greece,bc,,,,,,
7690,,Hephaestus,greece,bc,,,,,,
7691,,Hera,greece,bc,,,,,,
7692,,Hermes,greece,bc,,,,,,
7693,,Hestia,greece,bc,,,,,,
7694,,Zeus,greece,bc,,,,,,
7695,,Hades,greece,bc,,,,,,
7696,,Persephone,greece,bc,,,,,,
7697,,plouton,greece,bc,,,,,,
7698,,Helios,greece,bc,,,,,,
7699,,Achelous,greece,bc,,,,,,
7700,,Anemoi,greece,bc,,,,,,
7701,,Asclepius,greece,bc,,,,,,
7702,,Cabeiri,greece,bc,,,,,,
7703,,Castor,greece,bc,,,,,,
7704,,Pollux,greece,bc,,,,,,
7705,,Eileithyia,greece,bc,,,,,,
7706,,Georgios Averof,greece,ca,,,,,,
7707,,Nikiforos Fokas,greece,ca,,,,,,
7708,,Roussen,greece,ca,,,,,,
7709,,Daniolos,greece,ca,,,,,,
7710,,Krystallidis,greece,ca,,,,,,
7711,,Grigoropoulos,greece,ca,,,,,,
7712,,Ritsos,greece,ca,,,,,,
7713,,Karathanasis ,greece,ca,,,,,,
7714,,Vlahakos,greece,ca,,,,,,
7715,,Degiannis,greece,ca,,,,,,
7716,,Argo,greece,ca,,,,,,
7717,,Salaminia,greece,ca,,,,,,
7718,,Paralus,greece,ca,,,,,,
7719,,Syracusia,greece,ca,,,,,,
7720,,Theoris,greece,ca,,,,,,
7721,,Nike,greece,ca,,,,,,
7722,,Demokratia,greece,ca,,,,,,
7723,,Delia,greece,ca,,,,,,
7724,,Thetis,greece,ca,,,,,,
7725,,Eleutheria,greece,ca,,,,,,
7726,,Paralos,greece,ca,,,,,,
7727,,Achilles,greece,ca,,,,,,
7728,,Xenophon,greece,ca,,,,,,
7729,,Hegeso,greece,ca,,,,,,
7730,,Nikeso,greece,ca,,,,,,
7731,,Pandora,greece,ca,,,,,,
7732,,Olympias,greece,ca,,,,,,
7733,,Phosphoros ,greece,ca,,,,,,
7734,,Hebe,greece,ca,,,,,,
7735,,Kytheria,greece,ca,,,,,,
7736,,Asklepias,greece,ca,,,,,,
7737,,Akhilleia,greece,ca,,,,,,
7738,,Amphitrite,greece,ca,,,,,,
7739,,Seiren,greece,ca,,,,,,
7740,,Triaina,greece,ca,,,,,,
7741,,Hephaistia,greece,ca,,,,,,
7742,,Nereis,greece,ca,,,,,,
7743,,Parthenos,greece,ca,,,,,,
7744,,Aianteia,greece,ca,,,,,,
7745,,Tritogenes,greece,ca,,,,,,
7746,,Europe,greece,ca,,,,,,
7747,,Kekropis,greece,cl,,,,,,
7748,,Euia,greece,cl,,,,,,
7749,,Pandia,greece,cl,,,,,,
7750,,Hellas,greece,cl,,,,,,
7751,,Aithiopia,greece,cl,,,,,,
7752,,Delias,greece,cl,,,,,,
7753,,Delphis,greece,cl,,,,,,
7754,,Nemeas,greece,cl,,,,,,
7755,,Doris,greece,cl,,,,,,
7756,,Eleusis,greece,cl,,,,,,
7757,,Pallenis,greece,cl,,,,,,
7758,,Ionike,greece,cl,,,,,,
7759,,Melitta,greece,cl,,,,,,
7760,,Panthera,greece,cl,,,,,,
7761,,Lykaina,greece,cl,,,,,,
7762,,Salpinx,greece,cl,,,,,,
7763,,Sobe,greece,cl,,,,,,
7764,,Sphendone,greece,cl,,,,,,
7765,,Synoris,greece,cl,,,,,,
7766,,Peristera,greece,cl,,,,,,
7767,,Philotimia,greece,cl,,,,,,
7768,,Euphemia,greece,cl,,,,,,
7769,,Euporia,greece,cl,,,,,,
7770,,Pronoia,greece,cl,,,,,,
7771,,Boetheia,greece,cl,,,,,,
7772,,Aktis,greece,cl,,,,,,
7773,,Aura,greece,cl,,,,,,
7774,,Gnome,greece,cl,,,,,,
7775,,Dikaiosyne,greece,cl,,,,,,
7776,,Hegemone,greece,cl,,,,,,
7777,,Homonoia,greece,cl,,,,,,
7778,,Apobasis,greece,cl,,,,,,
7779,,Eudaimonia,greece,cl,,,,,,
7780,,Symmachia,greece,cl,,,,,,
7781,,Epideixis ,greece,cl,,,,,,
7782,,Andreia,greece,cl,,,,,,
7783,,Eukarpia,greece,cl,,,,,,
7784,,Hygieia,greece,cl,,,,,,
7785,,Dynamis,greece,cl,,,,,,
7786,,Charis,greece,cl,,,,,,
7787,,Parrhesia,greece,cl,,,,,,
7788,,Hegemonia,greece,cl,,,,,,
7789,,Eutychia,greece,cl,,,,,,
7790,,Parataxis,greece,cl,,,,,,
7791,,Eunoia,greece,cl,,,,,,
7792,,Strategis,greece,cl,,,,,,
7793,,Eueteria,greece,cl,,,,,,
7794,,Anysis,greece,cl,,,,,,
7795,,Syntaxis,greece,cl,,,,,,
7796,,Okeia,greece,cl,,,,,,
7797,,Takheia,greece,cl,,,,,,
7798,,Delphin,greece,dd,,,,,,
7799,,Nireus,greece,dd,,,,,,
7800,,Glavkos,greece,dd,,,,,,
7801,,Amfitriti,greece,dd,,,,,,
7802,,Pontos,greece,dd,,,,,,
7803,,Okeanos,greece,dd,,,,,,
7804,,Pipinos,greece,dd,,,,,,
7805,,Matrozos,greece,dd,,,,,,
7806,,Ariste,greece,dd,,,,,,
7807,,Potone,greece,dd,,,,,,
7808,,Stilbousa,greece,dd,,,,,,
7809,,Paralia,greece,dd,,,,,,
7810,,Euphrainousa,greece,dd,,,,,,
7811,,Petomene,greece,dd,,,,,,
7812,,Stephanousa,greece,dd,,,,,,
7813,,Kallixena,greece,dd,,,,,,
7814,,Eucharis,greece,dd,,,,,,
7815,,Soizousa,greece,dd,,,,,,
7816,,Nikosa,greece,dd,,,,,,
7817,,Hippia,greece,dd,,,,,,
7818,,Gnoste,greece,dd,,,,,,
7819,,Panoplia,greece,dd,,,,,,
7820,,Ephebos,greece,dd,,,,,,
7821,,Askousa,greece,dd,,,,,,
7822,,Euploia,greece,dd,,,,,,
7823,,Prote,greece,dd,,,,,,
7824,,Phanera,greece,dd,,,,,,
7825,,Hedeia,greece,dd,,,,,,
7826,,Hipparche,greece,dd,,,,,,
7827,,Proplous,greece,dd,,,,,,
7828,,Kouphotate,greece,dd,,,,,,
7829,,Hikane,greece,dd,,,,,,
7830,,Hippegos,greece,dd,,,,,,
7831,,Agreuousa,greece,dd,,,,,,
7832,,Leontis,greece,dd,,,,,,
7833,,Kratiste,greece,dd,,,,,,
7834,,Erythreia,greece,dd,,,,,,
7835,,Leuke,greece,dd,,,,,,
7836,,Ortheia,greece,dd,,,,,,
7837,,Iousa,greece,dd,,,,,,
7838,,Megiste,greece,dd,,,,,,
7839,,Tryphousa,greece,dd,,,,,,
7840,,Nea,greece,dd,,,,,,
7841,,Aglaia,greece,dd,,,,,,
7842,,Prepousa,greece,dd,,,,,,
7843,,Hiera,greece,dd,,,,,,
7844,,Naukratousa,greece,dd,,,,,,
7845,,Epipedosa,greece,dd,,,,,,
7846,,Epione,greece,dd,,,,,,
7847,,Simitzopoulos,greece,dd,,,,,,
7848,,Starakis,greece,dd,,,,,,
7849,,Laskos,greece,dd,,,,,,
7850,,Blessas,greece,dd,,,,,,
7851,,Mykonios,greece,dd,,,,,,
7852,,Troupakis,greece,dd,,,,,,
7853,,Mahitis,greece,dd,,,,,,
7854,,Nikephoros,greece,dd,,,,,,
7855,,Aittitos,greece,dd,,,,,,
7856,,Krataios,greece,dd,,,,,,
7857,,Kasos,greece,dd,,,,,,
7858,,Polemistis,greece,dd,,,,,,
7859,,Armatolos,greece,dd,,,,,,
7860,,Navmahos,greece,dd,,,,,,
7861,,Tolmi,greece,dd,,,,,,
7862,,Hormi ,greece,dd,,,,,,
7863,,Pegasus,greece,dd,,,,,,
7864,,Toxotis,greece,dd,,,,,,
7865,,Diopos Antoniou,greece,dd,,,,,,
7866,,Kelevstis Stamou,greece,dd,,,,,,
7867,,Mantouvalos Ioannis,greece,dd,,,,,,
7868,,Galanis Georgios,greece,dd,,,,,,
7869,,Liaskos Antonios,greece,dd,,,,,,
7870,,Gialopsos Ektoras,greece,dd,,,,,,
7871,,Aiolos ,greece,dd,,,,,,
7872,,Astrapi ,greece,dd,,,,,,
7873,,Esperos ,greece,dd,,,,,,
7874,,Kentauros,greece,dd,,,,,,
7875,,Okyalos,greece,dd,,,,,,
7876,,Agenor,greece,dd,,,,,,
7877,,Prometheus,greece,dd,,,,,,
7878,,Axios,greece,dd,,,,,,
7879,,Atlas,greece,dd,,,,,,
7880,,Heracles ,greece,dd,,,,,,
7881,,Aias,greece,dd,,,,,,
7882,,Perseus,greece,dd,,,,,,
7883,,Kerkini,greece,dd,,,,,,
7884,,Prespa,greece,dd,,,,,,
7885,,Trichonis,greece,dd,,,,,,
7886,,Doirani,greece,dd,,,,,,
7887,,Kallirhoe,greece,dd,,,,,,
7888,,Stymphalia,greece,dd,,,,,,
7889,,Orion,greece,dd,,,,,,
7890,,Ouranos,greece,dd,,,,,,
7891,,Ikaria,greece,dd,,,,,,
7892,,Rhodos,greece,dd,,,,,,
7893,,Ithaca,greece,dd,,,,,,
7894,,Corfu,greece,dd,,,,,,
7895,,Zakynthos,greece,dd,,,,,,
7896,,Folegandros,greece,dd,,,,,,
7897,,Paros,greece,dd,,,,,,
7898,,Sikinos,greece,dd,,,,,,
##,,,###,,,,,,,
7899,,barði,scandinavia,bb,,,,,,
7900,,Berserk,scandinavia,bb,,,,,,
7901,,Björn,scandinavia,bb,,,,,,
7902,,Brämaren,scandinavia,bb,,,,,,
7903,,Churprinds,scandinavia,bb,,,,,,
7904,,Drage,scandinavia,bb,,,,,,
7905,,Eidsvold,scandinavia,bb,,,,,,
7906,,Engel,scandinavia,bb,,,,,,
7907,,Enhörning,scandinavia,bb,,,,,,
7908,,Enighed,scandinavia,bb,,,,,,
7909,,Esbern Snare,scandinavia,bb,,,,,,
7910,,Fenris,scandinavia,bb,,,,,,
7911,,Finska Svan,scandinavia,bb,,,,,,
7912,,Folke,scandinavia,bb,,,,,,
7913,,Förgylta Dufva,scandinavia,bb,,,,,,
7914,,Garmer,scandinavia,bb,,,,,,
7915,,Gerda,scandinavia,bb,,,,,,
7916,,Gustav Vasa,scandinavia,bb,,,,,,
7917,,Gyldenløve,scandinavia,bb,,,,,,
7918,,Haakon Haakonsson,scandinavia,bb,,,,,,
7919,,Harald Fairhair,scandinavia,bb,,,,,,
7920,,Harald Haarfarge,scandinavia,bb,,,,,,
7921,,Hildur,scandinavia,bb,,,,,,
7922,,Hjort,scandinavia,bb,,,,,,
7923,,Iver Huitfeldt,scandinavia,bb,,,,,,
7924,,Járnbarðinn,scandinavia,bb,,,,,,
7925,,Jegermesther,scandinavia,bb,,,,,,
7926,,Knut the Great,scandinavia,bb,,,,,,
7927,,København,scandinavia,bb,,,,,,
7928,,Lindorm,scandinavia,bb,,,,,,
7929,,Loke,scandinavia,bb,,,,,,
7930,,Magnus Barefoot,scandinavia,bb,,,,,,
7931,,Makalös,scandinavia,bb,,,,,,
7932,,Nelleblad,scandinavia,bb,,,,,,
7933,,Norske Løve,scandinavia,bb,,,,,,
7934,,Odin,scandinavia,bb,,,,,,
7935,,Patienta,scandinavia,bb,,,,,,
7936,,Röda Hund,scandinavia,bb,,,,,,
7937,,Sköld,scandinavia,bb,,,,,,
7938,,Skotske,scandinavia,bb,,,,,,
7939,,Slesvig,scandinavia,bb,,,,,,
7940,,Sölve,scandinavia,bb,,,,,,
7941,,Sorte Rytter,scandinavia,bb,,,,,,
7942,,Spes,scandinavia,bb,,,,,,
7943,,Sten Sture,scandinavia,bb,,,,,,
7944,,Stockholms Hjort,scandinavia,bb,,,,,,
7945,,Stord,scandinavia,bb,,,,,,
7946,,Súð,scandinavia,bb,,,,,,
7947,,Svea,scandinavia,bb,,,,,,
7948,,Svenner,scandinavia,bb,,,,,,
7949,,Svenska Hektor,scandinavia,bb,,,,,,
7950,,Thor,scandinavia,bb,,,,,,
7951,,Thordön,scandinavia,bb,,,,,,
7952,,Tirfing,scandinavia,bb,,,,,,
7953,,Tre Løver,scandinavia,bb,,,,,,
7954,,Trefoldighed,scandinavia,bb,,,,,,
7955,,Tyr,scandinavia,bb,,,,,,
7956,,Ula,scandinavia,bb,,,,,,
7957,,Uredd,scandinavia,bb,,,,,,
7958,,Uthaug,scandinavia,bb,,,,,,
7959,,Utsira,scandinavia,bb,,,,,,
7960,,Utstein,scandinavia,bb,,,,,,
7961,,Utvaer,scandinavia,bb,,,,,,
7962,,Valdemar,scandinavia,bb,,,,,,
7963,,Vasa,scandinavia,bb,,,,,,
7964,,Astrid,scandinavia,bc,,,,,,
7965,,Bävern,scandinavia,bc,,,,,,
7966,,Bergen,scandinavia,bc,,,,,,
7967,,Beskjermer,scandinavia,bc,,,,,,
7968,,Bjørgvin,scandinavia,bc,,,,,,
7969,,Bruna Lejon,scandinavia,bc,,,,,,
7970,,Bússa,scandinavia,bc,,,,,,
7971,,Daneborg,scandinavia,bc,,,,,,
7972,,Dannebroge,scandinavia,bc,,,,,,
7973,,Delfinen,scandinavia,bc,,,,,,
7974,,Desideria,scandinavia,bc,,,,,,
7975,,Ditmarsken,scandinavia,bc,,,,,,
7976,,Draken,scandinavia,bc,,,,,,
7977,,Dreki,scandinavia,bc,,,,,,
7978,,Erik Segersäll,scandinavia,bc,,,,,,
7979,,Flyvende Hjort,scandinavia,bc,,,,,,
7980,,Fridtjof Nansen,scandinavia,bc,,,,,,
7981,,Fyen,scandinavia,bc,,,,,,
7982,,Grønland,scandinavia,bc,,,,,,
7983,,Gudrun,scandinavia,bc,,,,,,
7984,,Haffru,scandinavia,bc,,,,,,
7985,,Håkon the Good,scandinavia,bc,,,,,,
7986,,Halland,scandinavia,bc,,,,,,
7987,,Hälsingland,scandinavia,bc,,,,,,
7988,,Hel,scandinavia,bc,,,,,,
7989,,Herluf Trolle,scandinavia,bc,,,,,,
7990,,Hvidbjørnen,scandinavia,bc,,,,,,
7991,,Illern,scandinavia,bc,,,,,,
7992,,Ingrid,scandinavia,bc,,,,,,
7993,,Kjøbenhavn,scandinavia,bc,,,,,,
7994,,Kristsuden,scandinavia,bc,,,,,,
7995,,Laaland,scandinavia,bc,,,,,,
7996,,Lilla Hjort,scandinavia,bc,,,,,,
7997,,Najad,scandinavia,bc,,,,,,
7998,,Nidaros,scandinavia,bc,,,,,,
7999,,Njord,scandinavia,bc,,,,,,
8000,,Nordkaparen,scandinavia,bc,,,,,,
8001,,Norge,scandinavia,bc,,,,,,
8002,,Olfert Fischer,scandinavia,bc,,,,,,
8003,,Øresund,scandinavia,bc,,,,,,
8004,,Ormen Lange,scandinavia,bc,,,,,,
8005,,Ormrinn langi,scandinavia,bc,,,,,,
8006,,Östergötland,scandinavia,bc,,,,,,
8007,,Otto Sverdrup,scandinavia,bc,,,,,,
8008,,Ragnhild,scandinavia,bc,,,,,,
8009,,Roald Amundsen,scandinavia,bc,,,,,,
8010,,Röda Gripen,scandinavia,bc,,,,,,
8011,,Sälen,scandinavia,bc,,,,,,
8012,,Sejeren,scandinavia,bc,,,,,,
8013,,Senja,scandinavia,bc,,,,,,
8014,,Sigurd,scandinavia,bc,,,,,,
8015,,Sjælland,scandinavia,bc,,,,,,
8016,,Sjöbjörnen,scandinavia,bc,,,,,,
8017,,Sjöhästen,scandinavia,bc,,,,,,
8018,,Sjöhunden,scandinavia,bc,,,,,,
8019,,Sjölejonet,scandinavia,bc,,,,,,
8020,,Sjöormen,scandinavia,bc,,,,,,
8021,,Skorpionen,scandinavia,bc,,,,,,
8022,,Södermanland,scandinavia,bc,,,,,,
8023,,Stavanger,scandinavia,bc,,,,,,
8024,,Stormar,scandinavia,bc,,,,,,
8025,,Thor Heyerdahl,scandinavia,bc,,,,,,
8026,,Thrudvang,scandinavia,bc,,,,,,
8027,,Tomler,scandinavia,bc,,,,,,
8028,,Trondheim,scandinavia,bc,,,,,,
8029,,Uppland,scandinavia,bc,,,,,,
8030,,Uttern,scandinavia,bc,,,,,,
8031,,Vaedderen,scandinavia,bc,,,,,,
8032,,Valen,scandinavia,bc,,,,,,
8033,,Vargen,scandinavia,bc,,,,,,
8034,,Västergötland,scandinavia,bc,,,,,,
8035,,Waldemar,scandinavia,bc,,,,,,
8036,,Wenden,scandinavia,bc,,,,,,
8037,,Aegir,scandinavia,ca,,,,,,
8038,,Alfheim,scandinavia,ca,,,,,,
8039,,Allart,scandinavia,ca,,,,,,
8040,,Alsen,scandinavia,ca,,,,,,
8041,,Äpplet,scandinavia,ca,,,,,,
8042,,Äran,scandinavia,ca,,,,,,
8043,,Baldur,scandinavia,ca,,,,,,
8044,,Berserker,scandinavia,ca,,,,,,
8045,,Brynhild,scandinavia,ca,,,,,,
8046,,Claes Horn,scandinavia,ca,,,,,,
8047,,Claes Uggla,scandinavia,ca,,,,,,
8048,,Clas Fleming,scandinavia,ca,,,,,,
8049,,Danmark,scandinavia,ca,,,,,,
8050,,Dristigheten,scandinavia,ca,,,,,,
8051,,Dynekilen,scandinavia,ca,,,,,,
8052,,Egdene,scandinavia,ca,,,,,,
8053,,Einherjar,scandinavia,ca,,,,,,
8054,,Eir,scandinavia,ca,,,,,,
8055,,Ejnar Mikkelsen,scandinavia,ca,,,,,,
8056,,Fenrir,scandinavia,ca,,,,,,
8057,,Firdene,scandinavia,ca,,,,,,
8058,,Forgyldte Fisk,scandinavia,ca,,,,,,
8059,,Fredriksværn,scandinavia,ca,,,,,,
8060,,Freja,scandinavia,ca,,,,,,
8061,,Frey,scandinavia,ca,,,,,,
8062,,Frigg,scandinavia,ca,,,,,,
8063,,Fylgia,scandinavia,ca,,,,,,
8064,,Garm,scandinavia,ca,,,,,,
8065,,Geirskogul,scandinavia,ca,,,,,,
8066,,Glimt,scandinavia,ca,,,,,,
8067,,Gnist,scandinavia,ca,,,,,,
8068,,Gorm,scandinavia,ca,,,,,,
8069,,Göta,scandinavia,ca,,,,,,
8070,,Göta Lejon,scandinavia,ca,,,,,,
8071,,Gotland,scandinavia,ca,,,,,,
8072,,Grenene,scandinavia,ca,,,,,,
8073,,Gripen,scandinavia,ca,,,,,,
8074,,Hålogaland,scandinavia,ca,,,,,,
8075,,Håløygene,scandinavia,ca,,,,,,
8076,,Havfruen,scandinavia,ca,,,,,,
8077,,Havmand,scandinavia,ca,,,,,,
8078,,Heimdall,scandinavia,ca,,,,,,
8079,,Helgoland,scandinavia,ca,,,,,,
8080,,Hemnæs,scandinavia,ca,,,,,,
8081,,Hervor,scandinavia,ca,,,,,,
8082,,Hessa,scandinavia,ca,,,,,,
8083,,Hordene,scandinavia,ca,,,,,,
8084,,Hrym,scandinavia,ca,,,,,,
8085,,Huginn,scandinavia,ca,,,,,,
8086,,Hummer,scandinavia,ca,,,,,,
8087,,Hvide Falk,scandinavia,ca,,,,,,
8088,,Jægare,scandinavia,ca,,,,,,
8089,,Jormungand,scandinavia,ca,,,,,,
8090,,Kalmar Bark,scandinavia,ca,,,,,,
8091,,Knud Rasmussen,scandinavia,ca,,,,,,
8092,,Lauge Koch,scandinavia,ca,,,,,,
8093,,Lindormen,scandinavia,ca,,,,,,
8094,,Loki,scandinavia,ca,,,,,,
8095,,Lolland,scandinavia,ca,,,,,,
8096,,Lougen,scandinavia,ca,,,,,,
8097,,Manligheten,scandinavia,ca,,,,,,
8098,,Memnon,scandinavia,ca,,,,,,
8099,,Midgard,scandinavia,ca,,,,,,
8100,,Mimir,scandinavia,ca,,,,,,
8101,,Mjolnir,scandinavia,ca,,,,,,
8102,,Møre og Romsdal,scandinavia,ca,,,,,,
8103,,Mørene,scandinavia,ca,,,,,,
8104,,Najaden,scandinavia,ca,,,,,,
8105,,Namdølene,scandinavia,ca,,,,,,
8106,,Nordmøringene,scandinavia,ca,,,,,,
8107,,Nymfen,scandinavia,ca,,,,,,
8108,,Oppland,scandinavia,ca,,,,,,
8109,,Peder Skram,scandinavia,ca,,,,,,
8110,,Psilander,scandinavia,ca,,,,,,
8111,,Ranrike,scandinavia,ca,,,,,,
8112,,Röda Lejon,scandinavia,ca,,,,,,
8113,,Rolf Krake,scandinavia,ca,,,,,,
8114,,Romsdølene,scandinavia,ca,,,,,,
8115,,Rota,scandinavia,ca,,,,,,
8116,,Rygene,scandinavia,ca,,,,,,
8117,,Samsøe,scandinavia,ca,,,,,,
8118,,Sejer,scandinavia,ca,,,,,,
8119,,Sif,scandinavia,ca,,,,,,
8120,,Skadi,scandinavia,ca,,,,,,
8121,,Skirnir,scandinavia,ca,,,,,,
8122,,Skotska Pincka,scandinavia,ca,,,,,,
8123,,Skudd,scandinavia,ca,,,,,,
8124,,Spraglede Falk,scandinavia,ca,,,,,,
8125,,Statsraad Erichsen,scandinavia,ca,,,,,,
8126,,Steil,scandinavia,ca,,,,,,
8127,,stórskip,scandinavia,ca,,,,,,
8128,,Surt,scandinavia,ca,,,,,,
8129,,Svenska Morian,scandinavia,ca,,,,,,
8130,,Sverige,scandinavia,ca,,,,,,
8131,,Sygnene,scandinavia,ca,,,,,,
8132,,Tapperheten,scandinavia,ca,,,,,,
8133,,Thrud,scandinavia,ca,,,,,,
8134,,Thule,scandinavia,ca,,,,,,
8135,,Tordenskjold,scandinavia,ca,,,,,,
8136,,Tranheje,scandinavia,ca,,,,,,
8137,,Tre Kroner,scandinavia,ca,,,,,,
8138,,Tre Lejon,scandinavia,ca,,,,,,
8139,,Trønderne,scandinavia,ca,,,,,,
8140,,Ullr,scandinavia,ca,,,,,,
8141,,Valhalla,scandinavia,ca,,,,,,
8142,,Valkyrie,scandinavia,ca,,,,,,
8143,,Vidar,scandinavia,ca,,,,,,
8144,,Viken,scandinavia,ca,,,,,,
8145,,Vikverjene,scandinavia,ca,,,,,,
8146,,Vindhund,scandinavia,ca,,,,,,
8147,,Wasa,scandinavia,ca,,,,,,
8148,,Yggdrasil,scandinavia,ca,,,,,,
8149,,Acanthus,scandinavia,cl,,,,,,
8150,,Æger,scandinavia,cl,,,,,,
8151,,Aggershus,scandinavia,cl,,,,,,
8152,,Alv,scandinavia,cl,,,,,,
8153,,Amarant,scandinavia,cl,,,,,,
8154,,Andvari,scandinavia,cl,,,,,,
8155,,Arendal,scandinavia,cl,,,,,,
8156,,August Naerø,scandinavia,cl,,,,,,
8157,,Axel Thorsen,scandinavia,cl,,,,,,
8158,,Bergholm,scandinavia,cl,,,,,,
8159,,Bjerk,scandinavia,cl,,,,,,
8160,,Blåsel,scandinavia,cl,,,,,,
8161,,Bodø,scandinavia,cl,,,,,,
8162,,Borgersamfundet,scandinavia,cl,,,,,,
8163,,Bork,scandinavia,cl,,,,,,
8164,,Bragi,scandinavia,cl,,,,,,
8165,,Carlskrona,scandinavia,cl,,,,,,
8166,,Dag,scandinavia,cl,,,,,,
8167,,Dagmar,scandinavia,cl,,,,,,
8168,,Dannebrog,scandinavia,cl,,,,,,
8169,,Delling,scandinavia,cl,,,,,,
8170,,Delmenhorst,scandinavia,cl,,,,,,
8171,,Dis,scandinavia,cl,,,,,,
8172,,Egil,scandinavia,cl,,,,,,
8173,,Eglantine,scandinavia,cl,,,,,,
8174,,Elli,scandinavia,cl,,,,,,
8175,,Elven,scandinavia,cl,,,,,,
8176,,Embla,scandinavia,cl,,,,,,
8177,,Erik,scandinavia,cl,,,,,,
8178,,Eskdale,scandinavia,cl,,,,,,
8179,,Fenix,scandinavia,cl,,,,,,
8180,,Flådebatteri,scandinavia,cl,,,,,,
8181,,Forseti,scandinavia,cl,,,,,,
8182,,Freya,scandinavia,cl,,,,,,
8183,,Freydis,scandinavia,cl,,,,,,
8184,,Gävle,scandinavia,cl,,,,,,
8185,,Gefle,scandinavia,cl,,,,,,
8186,,Gisli,scandinavia,cl,,,,,,
8187,,Gjallarhorn,scandinavia,cl,,,,,,
8188,,Glaisdale,scandinavia,cl,,,,,,
8189,,Göteborg,scandinavia,cl,,,,,,
8190,,Gunnar,scandinavia,cl,,,,,,
8191,,Halfdan,scandinavia,cl,,,,,,
8192,,Härnösand,scandinavia,cl,,,,,,
8193,,Hati,scandinavia,cl,,,,,,
8194,,Helga,scandinavia,cl,,,,,,
8195,,Hellen,scandinavia,cl,,,,,,
8196,,Helsingborg,scandinavia,cl,,,,,,
8197,,Heyre,scandinavia,cl,,,,,,
8198,,Hielperen,scandinavia,cl,,,,,,
8199,,Hinnøy,scandinavia,cl,,,,,,
8200,,Hirsholm,scandinavia,cl,,,,,,
8201,,Hitra,scandinavia,cl,,,,,,
8202,,Hod,scandinavia,cl,,,,,,
8203,,Højenhald,scandinavia,cl,,,,,,
8204,,Holsteen,scandinavia,cl,,,,,,
8205,,Honningsvåg,scandinavia,cl,,,,,,
8206,,Hrungnir,scandinavia,cl,,,,,,
8207,,Hvide Ørn,scandinavia,cl,,,,,,
8208,,Indfødsretten,scandinavia,cl,,,,,,
8209,,Ivar,scandinavia,cl,,,,,,
8210,,Jarramas,scandinavia,cl,,,,,,
8211,,jeløy,scandinavia,cl,,,,,,
8212,,Jofur,scandinavia,cl,,,,,,
8213,,Jord,scandinavia,cl,,,,,,
8214,,Jylland,scandinavia,cl,,,,,,
8215,,Kalmar,scandinavia,cl,,,,,,
8216,,Kari,scandinavia,cl,,,,,,
8217,,Karlstad,scandinavia,cl,,,,,,
8218,,Ketil,scandinavia,cl,,,,,,
8219,,Kongens Jagt Krone,scandinavia,cl,,,,,,
8220,,Kronborg,scandinavia,cl,,,,,,
8221,,Lagerbielke,scandinavia,cl,,,,,,
8222,,Langskip,scandinavia,cl,,,,,,
8223,,Leif,scandinavia,cl,,,,,,
8224,,Leopard,scandinavia,cl,,,,,,
8225,,Løvendals Galei,scandinavia,cl,,,,,,
8226,,Malmö,scandinavia,cl,,,,,,
8227,,Malmøya,scandinavia,cl,,,,,,
8228,,Måløy,scandinavia,cl,,,,,,
8229,,Mane,scandinavia,cl,,,,,,
8230,,Mani,scandinavia,cl,,,,,,
8231,,Merkurius,scandinavia,cl,,,,,,
8232,,Modi,scandinavia,cl,,,,,,
8233,,Monikendam,scandinavia,cl,,,,,,
8234,,Montbretia,scandinavia,cl,,,,,,
8235,,Møvik,scandinavia,cl,,,,,,
8236,,Naja,scandinavia,cl,,,,,,
8237,,Najaden,scandinavia,cl,,,,,,
8238,,Nordkapp,scandinavia,cl,,,,,,
8239,,Nordstjernen,scandinavia,cl,,,,,,
8240,,Nordyn,scandinavia,cl,,,,,,
8241,,Nornen,scandinavia,cl,,,,,,
8242,,Nott,scandinavia,cl,,,,,,
8243,,Nyborg,scandinavia,cl,,,,,,
8244,,Nyckeln,scandinavia,cl,,,,,,
8245,,Nyköping,scandinavia,cl,,,,,,
8246,,Oddane,scandinavia,cl,,,,,,
8247,,Oksøy,scandinavia,cl,,,,,,
8248,,Orädd,scandinavia,cl,,,,,,
8249,,Orkla,scandinavia,cl,,,,,,
8250,,Orm,scandinavia,cl,,,,,,
8251,,Ormen,scandinavia,cl,,,,,,
8252,,Ørnen,scandinavia,cl,,,,,,
8253,,Osternes,scandinavia,cl,,,,,,
8254,,Otra,scandinavia,cl,,,,,,
8255,,Pelikan,scandinavia,cl,,,,,,
8256,,Petter B Salen,scandinavia,cl,,,,,,
8257,,Postillion,scandinavia,cl,,,,,,
8258,,Potentilla,scandinavia,cl,,,,,,
8259,,Prøvesteenen,scandinavia,cl,,,,,,
8260,,Raae,scandinavia,cl,,,,,,
8261,,Ragnar,scandinavia,cl,,,,,,
8262,,Ran,scandinavia,cl,,,,,,
8263,,Rauma,scandinavia,cl,,,,,,
8264,,Rendsborg,scandinavia,cl,,,,,,
8265,,Saga,scandinavia,cl,,,,,,
8266,,Saltholm,scandinavia,cl,,,,,,
8267,,Saturnus,scandinavia,cl,,,,,,
8268,,Sigurd Ring,scandinavia,cl,,,,,,
8269,,skeið,scandinavia,cl,,,,,,
8270,,Skjøn Valborg,scandinavia,cl,,,,,,
8271,,Skoll,scandinavia,cl,,,,,,
8272,,Skule,scandinavia,cl,,,,,,
8273,,Sleipner,scandinavia,cl,,,,,,
8274,,Snekkja,scandinavia,cl,,,,,,
8275,,Snotra,scandinavia,cl,,,,,,
8276,,Søehesten,scandinavia,cl,,,,,,
8277,,Sol,scandinavia,cl,,,,,,
8278,,Solen,scandinavia,cl,,,,,,
8279,,Søridder,scandinavia,cl,,,,,,
8280,,Starkad,scandinavia,cl,,,,,,
8281,,Sundsvall,scandinavia,cl,,,,,,
8282,,Svaerdfisken,scandinavia,cl,,,,,,
8283,,Svalan,scandinavia,cl,,,,,,
8284,,Svärdet,scandinavia,cl,,,,,,
8285,,Svein,scandinavia,cl,,,,,,
8286,,Svenska Lejonet,scandinavia,cl,,,,,,
8287,,Svolder,scandinavia,cl,,,,,,
8288,,Tangen,scandinavia,cl,,,,,,
8289,,Tanngnjostr,scandinavia,cl,,,,,,
8290,,Tanngrisnir,scandinavia,cl,,,,,,
8291,,Thorkell,scandinavia,cl,,,,,,
8292,,Thorodd,scandinavia,cl,,,,,,
8293,,Torstein,scandinavia,cl,,,,,,
8294,,Tromøy,scandinavia,cl,,,,,,
8295,,Ulf,scandinavia,cl,,,,,,
8296,,Ulven,scandinavia,cl,,,,,,
8297,,Valkyrian,scandinavia,cl,,,,,,
8298,,Ve,scandinavia,cl,,,,,,
8299,,Vefsna,scandinavia,cl,,,,,,
8300,,Vegeir,scandinavia,cl,,,,,,
8301,,Vestervik,scandinavia,cl,,,,,,
8302,,Vidblain,scandinavia,cl,,,,,,
8303,,Vili,scandinavia,cl,,,,,,
8304,,Visby,scandinavia,cl,,,,,,
8305,,Wagrien,scandinavia,cl,,,,,,
8306,,Wismar,scandinavia,cl,,,,,,
8307,,Wrangels Palats,scandinavia,cl,,,,,,
8308,,Ymer,scandinavia,cl,,,,,,
8309,,Aarösund,scandinavia,dd,,,,,,
8310,,Agder,scandinavia,dd,,,,,,
8311,,Ålesund,scandinavia,dd,,,,,,
8312,,Alssund,scandinavia,dd,,,,,,
8313,,Andenes,scandinavia,dd,,,,,,
8314,,Arholma,scandinavia,dd,,,,,,
8315,,Asvig,scandinavia,dd,,,,,,
8316,,Beskytteren,scandinavia,dd,,,,,,
8317,,Bille,scandinavia,dd,,,,,,
8318,,Blekinge,scandinavia,dd,,,,,,
8319,,Borgsund,scandinavia,dd,,,,,,
8320,,Brage,scandinavia,dd,,,,,,
8321,,Bredal,scandinavia,dd,,,,,,
8322,,Daphne,scandinavia,dd,,,,,,
8323,,Draug,scandinavia,dd,,,,,,
8324,,Drottningholm,scandinavia,dd,,,,,,
8325,,Dryaden,scandinavia,dd,,,,,,
8326,,Dygden,scandinavia,dd,,,,,,
8327,,Egernsund,scandinavia,dd,,,,,,
8328,,Ehrensköld,scandinavia,dd,,,,,,
8329,,Eigun,scandinavia,dd,,,,,,
8330,,Elfsborg,scandinavia,dd,,,,,,
8331,,Enigheten,scandinavia,dd,,,,,,
8332,,Estland,scandinavia,dd,,,,,,
8333,,Fäderneslandet,scandinavia,dd,,,,,,
8334,,Falken,scandinavia,dd,,,,,,
8335,,Falster,scandinavia,dd,,,,,,
8336,,Flyvefisken,scandinavia,dd,,,,,,
8337,,Försiktigheten,scandinavia,dd,,,,,,
8338,,Friheten,scandinavia,dd,,,,,,
8339,,Frøya,scandinavia,dd,,,,,,
8340,,Fylla,scandinavia,dd,,,,,,
8341,,Garsøy,scandinavia,dd,,,,,,
8342,,Glenten,scandinavia,dd,,,,,,
8343,,Glommen,scandinavia,dd,,,,,,
8344,,Gor,scandinavia,dd,,,,,,
8345,,Gotha,scandinavia,dd,,,,,,
8346,,Gribben,scandinavia,dd,,,,,,
8347,,Grönsund,scandinavia,dd,,,,,,
8348,,Guldborgsund,scandinavia,dd,,,,,,
8349,,Gustav den Store,scandinavia,dd,,,,,,
8350,,Gustav IV Adolf,scandinavia,dd,,,,,,
8351,,Haien,scandinavia,dd,,,,,,
8352,,Halmstad,scandinavia,dd,,,,,,
8353,,Haugesund,scandinavia,dd,,,,,,
8354,,Havkatten,scandinavia,dd,,,,,,
8355,,Havmanden,scandinavia,dd,,,,,,
8356,,Hugin,scandinavia,dd,,,,,,
8357,,Hvidbornen,scandinavia,dd,,,,,,
8358,,Ingolf,scandinavia,dd,,,,,,
8359,,Jönköping,scandinavia,dd,,,,,,
8360,,Klas Horn,scandinavia,dd,,,,,,
8361,,Klas Uggla,scandinavia,dd,,,,,,
8362,,Koster,scandinavia,dd,,,,,,
8363,,Krieger,scandinavia,dd,,,,,,
8364,,Kronoberg,scandinavia,dd,,,,,,
8365,,Kronskepp,scandinavia,dd,,,,,,
8366,,Kullen,scandinavia,dd,,,,,,
8367,,Lafjord,scandinavia,dd,,,,,,
8368,,Landsort,scandinavia,dd,,,,,,
8369,,Langeland,scandinavia,dd,,,,,,
8370,,Laugen,scandinavia,dd,,,,,,
8371,,Laxen,scandinavia,dd,,,,,,
8372,,Livland,scandinavia,dd,,,,,,
8373,,Lommen,scandinavia,dd,,,,,,
8374,,Lossen,scandinavia,dd,,,,,,
8375,,Luleå,scandinavia,dd,,,,,,
8376,,Magne,scandinavia,dd,,,,,,
8377,,Makrelen,scandinavia,dd,,,,,,
8378,,Maursund,scandinavia,dd,,,,,,
8379,,Mode,scandinavia,dd,,,,,,
8380,,Moen,scandinavia,dd,,,,,,
8381,,Mosvig,scandinavia,dd,,,,,,
8382,,Munin,scandinavia,dd,,,,,,
8383,,Narhvalen,scandinavia,dd,,,,,,
8384,,Niels Ebbesen,scandinavia,dd,,,,,,
8385,,Nor,scandinavia,dd,,,,,,
8386,,Norby,scandinavia,dd,,,,,,
8387,,Nordenskjöld,scandinavia,dd,,,,,,
8388,,Norrköping,scandinavia,dd,,,,,,
8389,,Nya Riga,scandinavia,dd,,,,,,
8390,,Öland,scandinavia,dd,,,,,,
8391,,Olav Tryggvason,scandinavia,dd,,,,,,
8392,,Ömheten,scandinavia,dd,,,,,,
8393,,Oösund,scandinavia,dd,,,,,,
8394,,Örebro,scandinavia,dd,,,,,,
8395,,Ösel,scandinavia,dd,,,,,,
8396,,Patrioten Georg,scandinavia,dd,,,,,,
8397,,Peter Tordenskjold,scandinavia,dd,,,,,,
8398,,Puke,scandinavia,dd,,,,,,
8399,,Ran,scandinavia,dd,,,,,,
8400,,Rättvisan,scandinavia,dd,,,,,,
8401,,Ravnen,scandinavia,dd,,,,,,
8402,,Reinøysund,scandinavia,dd,,,,,,
8403,,Rodsteen,scandinavia,dd,,,,,,
8404,,Rotsund,scandinavia,dd,,,,,,
8405,,Sadvig,scandinavia,dd,,,,,,
8406,,Sælen,scandinavia,dd,,,,,,
8407,,Saelvig,scandinavia,dd,,,,,,
8408,,Sehested,scandinavia,dd,,,,,,
8409,,Skaden,scandinavia,dd,,,,,,
8410,,Skaftö,scandinavia,dd,,,,,,
8411,,Skåne,scandinavia,dd,,,,,,
8412,,Småland,scandinavia,dd,,,,,,
8413,,Søbjørnen,scandinavia,dd,,,,,,
8414,,Søhesten,scandinavia,dd,,,,,,
8415,,Søhunden,scandinavia,dd,,,,,,
8416,,Søløven,scandinavia,dd,,,,,,
8417,,Søridderen,scandinavia,dd,,,,,,
8418,,Sørøysund,scandinavia,dd,,,,,,
8419,,Søulven,scandinavia,dd,,,,,,
8420,,Spårö,scandinavia,dd,,,,,,
8421,,Sparre,scandinavia,dd,,,,,,
8422,,Springeren,scandinavia,dd,,,,,,
8423,,Stettin,scandinavia,dd,,,,,,
8424,,Støren,scandinavia,dd,,,,,,
8425,,Stralsund,scandinavia,dd,,,,,,
8426,,Sturkö,scandinavia,dd,,,,,,
8427,,Styrsö,scandinavia,dd,,,,,,
8428,,Suenson,scandinavia,dd,,,,,,
8429,,Svalbard,scandinavia,dd,,,,,,
8430,,Svenske Sophia,scandinavia,dd,,,,,,
8431,,Teist,scandinavia,dd,,,,,,
8432,,Thorbjorn Hornklove,scandinavia,dd,,,,,,
8433,,Titran,scandinavia,dd,,,,,,
8434,,Trelleborg,scandinavia,dd,,,,,,
8435,,Troll,scandinavia,dd,,,,,,
8436,,Tromsø,scandinavia,dd,,,,,,
8437,,Tumleren,scandinavia,dd,,,,,,
8438,,Uddevalla,scandinavia,dd,,,,,,
8439,,Ulvön,scandinavia,dd,,,,,,
8440,,Ulvsund,scandinavia,dd,,,,,,
8441,,Vale,scandinavia,dd,,,,,,
8442,,Valkyrien,scandinavia,dd,,,,,,
8443,,Vanadis,scandinavia,dd,,,,,,
8444,,Värmland,scandinavia,dd,,,,,,
8445,,Västmanland,scandinavia,dd,,,,,,
8446,,Västra Götaland,scandinavia,dd,,,,,,
8447,,Ven,scandinavia,dd,,,,,,
8448,,Viben,scandinavia,dd,,,,,,
8449,,Viking,scandinavia,dd,,,,,,
8450,,Vilsund,scandinavia,dd,,,,,,
8451,,Vindhunden,scandinavia,dd,,,,,,
8452,,Vinga,scandinavia,dd,,,,,,
8453,,Vladislaff,scandinavia,dd,,,,,,
8454,,Wachtmeister,scandinavia,dd,,,,,,
8455,,Wale,scandinavia,dd,,,,,,
8456,,Warberg,scandinavia,dd,,,,,,
8457,,Wenden,scandinavia,dd,,,,,,
8458,,Westmanland,scandinavia,dd,,,,,,
8459,,Wrangel,scandinavia,dd,,,,,,
8460,,Wrede,scandinavia,dd,,,,,,
8461,,Aeger,scandinavia,dd,,,,,,
8462,,Åhav,scandinavia,dd,,,,,,
8463,,Alversund,scandinavia,dd,,,,,,
8464,,Barentshav,scandinavia,dd,,,,,,
8465,,Brand,scandinavia,dd,,,,,,
8466,,Delfin,scandinavia,dd,,,,,,
8467,,Einarr Þambarskelfir,scandinavia,dd,,,,,,
8468,,Ellida,scandinavia,dd,,,,,,
8469,,Gyller,scandinavia,dd,,,,,,
8470,,Hai,scandinavia,dd,,,,,,
8471,,Harstad,scandinavia,dd,,,,,,
8472,,Hval,scandinavia,dd,,,,,,
8473,,knórr,scandinavia,dd,,,,,,
8474,,Kongsøy,scandinavia,dd,,,,,,
8475,,Kvalsund,scandinavia,dd,,,,,,
8476,,Laks,scandinavia,dd,,,,,,
8477,,Nysleppen,scandinavia,dd,,,,,,
8478,,Raftsund,scandinavia,dd,,,,,,
8479,,Raider,scandinavia,dd,,,,,,
8480,,Raud,scandinavia,dd,,,,,,
8481,,Sæl,scandinavia,dd,,,,,,
8482,,Sild,scandinavia,dd,,,,,,
8483,,Sjøveien,scandinavia,dd,,,,,,
8484,,Skrei,scandinavia,dd,,,,,,
8485,,Stålbas,scandinavia,dd,,,,,,
8486,,Storm,scandinavia,dd,,,,,,
8487,,Thorsteinson,scandinavia,dd,,,,,,
8488,,Tjeldsund,scandinavia,dd,,,,,,
8489,,Torsteinson,scandinavia,dd,,,,,,
8490,,Trods,scandinavia,dd,,,,,,
8491,,Uller,scandinavia,dd,,,,,,
8492,,Narwhal,scandinavia,ss,,,,,,
###,,,END,,,,,,,
